obra,nivel,idioma,embedder,janela_palavras,janela_idx,palavra_ini,n_sentencas,eps,H_obs,H_ref,delta_H,z_H,H_norm_obs,H_norm_ref,delta_H_norm,n_barras_obs,n_barras_ref,n_H1_obs,n_H1_ref,dB_obs_ref,dB_base,delta_dB,C_obs,C_ref,delta_T,Cpers_obs,Cpers_ref,delta_Tpers,beta_obs,n_barras,degenerado
memorias_braz_cubas,intermediario,pt,sbert,150,0,0,6,0.409423291683197,1.787148195442303,1.7917594692280547,0.004611273785751768,-0.613013548995007,0.9974263990982346,0.9999999999999999,0.0025736009017652828,6,6.0,0,0.0,0.0982585845819327,2.026760480914604e-308,0.0982585845819327,5.0,6.0,-1.0,2.3582811655172495,2.456539750099182,-0.0982585845819326,"[5, 0, 0]",6,0
memorias_braz_cubas,intermediario,pt,sbert,150,1,152,9,0.409423291683197,2.1972245773362196,2.1972245773362196,0.0,0.0,1.0,1.0,0.0,9,9.0,0,0.0,1.665376020529423e-308,1.665376020529423e-308,0.0,9.0,9.0,0.0,3.684809625148773,3.684809625148773,0.0,"[9, 0, 0]",9,0
memorias_braz_cubas,intermediario,pt,sbert,150,2,324,5,0.409423291683197,1.601873550640683,1.6094379124341005,0.007564361793417573,-6.36567946389269,0.9952999977601018,1.0000000000000002,0.004700002239898415,5,5.0,0,0.0,0.11495752365804307,1.6222304695591237e-308,0.11495752365804307,4.0,5.0,-1.0,1.932158934757942,2.047116458415985,-0.11495752365804313,"[4, 0, 0]",5,0
memorias_braz_cubas,intermediario,pt,sbert,150,3,474,8,0.409423291683197,2.0772961126661365,2.0794415416798357,0.002145429013699296,-0.9832974292978038,0.9989682667337856,1.0,0.0010317332662144185,8,8.0,0,0.0,0.07713245194147367,1.586138013387513e-308,0.07713245194147367,6.0,8.0,-2.0,3.1779705598146784,3.275386333465576,-0.09741577365089782,"[6, 0, 0]",8,0
memorias_braz_cubas,intermediario,pt,sbert,150,4,631,10,0.409423291683197,2.3019399026739844,2.3025850929940455,0.0006451903200610509,-0.9667906990855796,0.9997197974042199,0.9999999999999998,0.00028020259577987705,10,10.0,0,0.0,0.04766816334557178,0.0029076359727159273,0.04476052737285585,9.0,10.0,-1.0,4.046564753486399,4.09423291683197,-0.04766816334557156,"[9, 0, 0]",10,0
memorias_braz_cubas,intermediario,pt,sbert,150,5,785,5,0.409423291683197,1.609428314288813,1.6094379124341005,9.59814528744829e-06,-0.00807718060245815,0.9999940363370261,1.0000000000000002,5.963662974117767e-06,5,5.0,0,0.0,0.004469870865687842,1.6222304695591237e-308,0.004469870865687842,4.0,5.0,-1.0,2.0426465875502973,2.047116458415985,-0.004469870865687842,"[4, 0, 0]",5,0
memorias_braz_cubas,intermediario,pt,sbert,150,6,939,8,0.409423291683197,2.078304575836611,2.0794415416798357,0.0011369658432247576,-0.5210965190195801,0.9994532350054398,1.0,0.0005467649945601893,8,8.0,0,0.0,0.05694126558164736,1.586138013387513e-308,0.05694126558164736,7.0,8.0,-1.0,3.2184450678839287,3.275386333465576,-0.05694126558164747,"[7, 0, 0]",8,0
memorias_braz_cubas,intermediario,pt,sbert,150,7,1089,7,0.409423291683197,1.9459027532441275,1.945910149055313,7.395811185473278e-06,-0.002967807307068169,0.9999961993048911,0.9999999999999999,3.800695108746588e-06,7,7.0,0,0.0,0.004486966970944195,2.0241850211726825e-308,0.004486966970944195,6.0,7.0,-1.0,2.861476074811435,2.865963041782379,-0.004486966970944195,"[6, 0, 0]",7,0
memorias_braz_cubas,intermediario,pt,sbert,150,8,1246,9,0.409423291683197,2.1932941772618713,2.1972245773362196,0.003930400074348306,-1.1666036612314414,0.9982111978379956,1.0,0.0017888021620043881,9,9.0,0,0.0,0.09620738664961076,1.665376020529423e-308,0.09620738664961076,7.0,9.0,-2.0,3.5262377795050277,3.684809625148773,-0.1585718456437455,"[7, 0, 0]",9,0
memorias_braz_cubas,intermediario,pt,sbert,150,9,1422,5,0.409423291683197,1.607784976860171,1.6094379124341005,0.001652935573929426,-1.391004069537817,0.9989729733833415,1.0000000000000002,0.001027026616658766,5,5.0,0,0.0,0.056385490365391144,1.6222304695591237e-308,0.056385490365391144,4.0,5.0,-1.0,1.990730968050594,2.047116458415985,-0.05638549036539109,"[4, 0, 0]",5,0
memorias_braz_cubas,intermediario,pt,sbert,150,10,1592,9,0.409423291683197,2.1972245773362196,2.1972245773362196,0.0,0.0,1.0,1.0,0.0,9,9.0,0,0.0,1.665376020529423e-308,1.665376020529423e-308,0.0,9.0,9.0,0.0,3.684809625148773,3.684809625148773,0.0,"[9, 0, 0]",9,0
memorias_braz_cubas,intermediario,pt,sbert,150,11,1766,7,0.409423291683197,1.945910149055313,1.945910149055313,0.0,0.0,0.9999999999999999,0.9999999999999999,0.0,7,7.0,0,0.0,2.0241850211726825e-308,2.0241850211726825e-308,0.0,7.0,7.0,0.0,2.865963041782379,2.865963041782379,0.0,"[7, 0, 0]",7,0
memorias_braz_cubas,intermediario,pt,sbert,150,12,1943,8,0.409423291683197,1.9676690823627025,2.0794415416798357,0.1117724593171332,-51.22778298002212,0.9462488090784028,1.0,0.05375119092159719,8,8.0,0,0.0,0.2047116458415985,1.586138013387513e-308,0.2047116458415985,7.0,8.0,-1.0,2.8803730116358057,3.275386333465576,-0.39501332182977045,"[7, 0, 0]",8,0
memorias_braz_cubas,intermediario,pt,sbert,150,13,2101,7,0.409423291683197,1.945910149055313,1.945910149055313,0.0,0.0,0.9999999999999999,0.9999999999999999,0.0,7,7.0,0,0.0,2.0241850211726825e-308,2.0241850211726825e-308,0.0,7.0,7.0,0.0,2.865963041782379,2.865963041782379,0.0,"[7, 0, 0]",7,0
memorias_braz_cubas,intermediario,pt,sbert,150,14,2256,10,0.409423291683197,2.3025850929940455,2.3025850929940455,0.0,0.0,0.9999999999999998,0.9999999999999998,0.0,10,10.0,0,0.0,1.6874836619026526e-308,0.0029076359727159273,0.0,10.0,10.0,0.0,4.09423291683197,4.09423291683197,0.0,"[10, 0, 0]",10,0
memorias_braz_cubas,intermediario,pt,sbert,150,15,2436,7,0.409423291683197,1.945910149055313,1.945910149055313,0.0,0.0,0.9999999999999999,0.9999999999999999,0.0,7,7.0,0,0.0,2.0241850211726825e-308,2.0241850211726825e-308,0.0,7.0,7.0,0.0,2.865963041782379,2.865963041782379,0.0,"[7, 0, 0]",7,0
memorias_braz_cubas,intermediario,pt,sbert,150,16,2594,8,0.409423291683197,2.0794415416798357,2.0794415416798357,0.0,0.0,1.0,1.0,0.0,8,8.0,0,0.0,1.586138013387513e-308,1.586138013387513e-308,0.0,8.0,8.0,0.0,3.275386333465576,3.275386333465576,0.0,"[8, 0, 0]",8,0
memorias_braz_cubas,intermediario,pt,sbert,150,17,2748,7,0.409423291683197,1.945910149055313,1.945910149055313,0.0,0.0,0.9999999999999999,0.9999999999999999,0.0,7,7.0,0,0.0,2.0241850211726825e-308,2.0241850211726825e-308,0.0,7.0,7.0,0.0,2.865963041782379,2.865963041782379,0.0,"[7, 0, 0]",7,0
memorias_braz_cubas,intermediario,pt,sbert,150,18,2898,11,0.409423291683197,2.3882882521671744,2.3978952727983707,0.009607020631196228,-13.35532622587507,0.9959935612117101,1.0,0.004006438788289879,11,11.0,0,0.0,0.17489956252049477,1.356087517279619e-308,0.17489956252049477,8.0,11.0,-3.0,4.25629401968564,4.503656208515167,-0.24736218882952699,"[8, 0, 0]",11,0
memorias_braz_cubas,intermediario,pt,sbert,150,19,3054,7,0.409423291683197,1.945910149055313,1.945910149055313,0.0,0.0,0.9999999999999999,0.9999999999999999,0.0,7,7.0,0,0.0,2.0241850211726825e-308,2.0241850211726825e-308,0.0,7.0,7.0,0.0,2.865963041782379,2.865963041782379,0.0,"[7, 0, 0]",7,0
memorias_braz_cubas,intermediario,pt,sbert,150,20,3239,7,0.409423291683197,1.945910149055313,1.945910149055313,0.0,0.0,0.9999999999999999,0.9999999999999999,0.0,7,7.0,0,0.0,2.0241850211726825e-308,2.0241850211726825e-308,0.0,7.0,7.0,0.0,2.865963041782379,2.865963041782379,0.0,"[7, 0, 0]",7,0
memorias_braz_cubas,intermediario,pt,sbert,150,21,3405,6,0.409423291683197,1.7888643649461373,1.7917594692280547,0.0028951042819174155,-0.3848693946675959,0.9983842115352878,0.9999999999999999,0.001615788464712109,6,6.0,0,0.0,0.07901002930068224,2.026760480914604e-308,0.07901002930068224,5.0,6.0,-1.0,2.3775297207985,2.456539750099182,-0.07901002930068213,"[5, 0, 0]",6,0
memorias_braz_cubas,intermediario,pt,sbert,150,22,3590,7,0.409423291683197,1.94346766905323,1.945910149055313,0.002442480002083025,-0.9801237235190459,0.9987448135756581,0.9999999999999999,0.0012551864243417477,7,7.0,0,0.0,0.06796197165556606,2.0241850211726825e-308,0.06796197165556606,4.0,7.0,-3.0,2.713831580096582,2.865963041782379,-0.15213146168579694,"[4, 0, 0]",7,0
memorias_braz_cubas,intermediario,pt,sbert,150,23,3755,7,0.409423291683197,1.945910149055313,1.945910149055313,0.0,0.0,0.9999999999999999,0.9999999999999999,0.0,7,7.0,0,0.0,2.0241850211726825e-308,2.0241850211726825e-308,0.0,7.0,7.0,0.0,2.865963041782379,2.865963041782379,0.0,"[7, 0, 0]",7,0
memorias_braz_cubas,intermediario,pt,sbert,150,24,3941,7,0.409423291683197,1.9449643823506113,1.945910149055313,0.0009457667047017004,-0.37951933420213074,0.9995139720581852,0.9999999999999999,0.0004860279418147373,7,7.0,0,0.0,0.04925820310602358,2.0241850211726825e-308,0.04925820310602358,6.0,7.0,-1.0,2.8167048386763556,2.865963041782379,-0.04925820310602358,"[6, 0, 0]",7,0
memorias_braz_cubas,intermediario,pt,sbert,150,25,4094,5,0.409423291683197,1.6094379124341005,1.6094379124341005,0.0,0.0,1.0000000000000002,1.0000000000000002,0.0,5,5.0,0,0.0,1.6222304695591237e-308,1.6222304695591237e-308,0.0,5.0,5.0,0.0,2.047116458415985,2.047116458415985,0.0,"[5, 0, 0]",5,0
memorias_braz_cubas,intermediario,pt,sbert,150,26,4247,9,0.409423291683197,2.1972213333799875,2.1972245773362196,3.2439562320796256e-06,-0.0009628564893221793,0.999998523611894,1.0,1.4763881059920436e-06,9,9.0,0,0.0,0.0033118833564860783,1.665376020529423e-308,0.0033118833564860783,8.0,9.0,-1.0,3.6814977417922874,3.684809625148773,-0.003311883356485801,"[8, 0, 0]",9,0
memorias_braz_cubas,intermediario,pt,sbert,150,27,4408,11,0.409423291683197,2.38012395616541,2.3978952727983707,0.0177713166329605,-24.7050298118236,0.992588785325799,1.0,0.007411214674201028,11,11.0,0,0.0,0.18986457456766226,1.356087517279619e-308,0.18986457456766226,7.0,11.0,-4.0,4.04921188302692,4.503656208515167,-0.45444432548824754,"[7, 0, 0]",11,0
memorias_braz_cubas,intermediario,pt,sbert,150,28,4564,5,0.409423291683197,1.6094379124341005,1.6094379124341005,0.0,0.0,1.0000000000000002,1.0000000000000002,0.0,5,5.0,0,0.0,1.6222304695591237e-308,1.6222304695591237e-308,0.0,5.0,5.0,0.0,2.047116458415985,2.047116458415985,0.0,"[5, 0, 0]",5,0
memorias_braz_cubas,intermediario,pt,sbert,150,29,4718,4,0.409423291683197,1.370252715321571,1.3862943611198906,0.01604164579831968,0.0,0.9884283985795335,1.0,0.011571601420466537,4,4.0,0,0.0,0.12446466418578017,2.0929216562421227e-308,0.12446466418578017,2.0,4.0,-2.0,1.389482039086841,1.637693166732788,-0.2482111276459471,"[2, 0, 0]",4,0
memorias_braz_cubas,intermediario,pt,sbert,150,30,4879,5,0.409423291683197,1.6094379124341005,1.6094379124341005,0.0,0.0,1.0000000000000002,1.0000000000000002,0.0,5,5.0,0,0.0,1.6222304695591237e-308,1.6222304695591237e-308,0.0,5.0,5.0,0.0,2.047116458415985,2.047116458415985,0.0,"[5, 0, 0]",5,0
memorias_braz_cubas,intermediario,pt,sbert,150,31,5037,5,0.409423291683197,1.6094379124341005,1.6094379124341005,0.0,0.0,1.0000000000000002,1.0000000000000002,0.0,5,5.0,0,0.0,1.6222304695591237e-308,1.6222304695591237e-308,0.0,5.0,5.0,0.0,2.047116458415985,2.047116458415985,0.0,"[5, 0, 0]",5,0
memorias_braz_cubas,intermediario,pt,sbert,150,32,5207,5,0.409423291683197,1.6094379124341005,1.6094379124341005,0.0,0.0,1.0000000000000002,1.0000000000000002,0.0,5,5.0,0,0.0,1.6222304695591237e-308,1.6222304695591237e-308,0.0,5.0,5.0,0.0,2.047116458415985,2.047116458415985,0.0,"[5, 0, 0]",5,0
memorias_braz_cubas,intermediario,pt,sbert,150,33,5363,7,0.409423291683197,1.9428355116551472,1.945910149055313,0.0030746374001657806,-1.2337972284527912,0.9984199489366666,0.9999999999999999,0.0015800510633332543,7,7.0,0,0.0,0.08652602609801568,2.0241850211726825e-308,0.08652602609801568,6.0,7.0,-1.0,2.7794370156843637,2.865963041782379,-0.08652602609801541,"[6, 0, 0]",7,0
memorias_braz_cubas,intermediario,pt,sbert,150,34,5524,7,0.409423291683197,1.945910149055313,1.945910149055313,0.0,0.0,0.9999999999999999,0.9999999999999999,0.0,7,7.0,0,0.0,2.0241850211726825e-308,2.0241850211726825e-308,0.0,7.0,7.0,0.0,2.865963041782379,2.865963041782379,0.0,"[7, 0, 0]",7,0
memorias_braz_cubas,intermediario,pt,sbert,150,35,5689,9,0.409423291683197,2.1972245773362196,2.1972245773362196,0.0,0.0,1.0,1.0,0.0,9,9.0,0,0.0,1.665376020529423e-308,1.665376020529423e-308,0.0,9.0,9.0,0.0,3.684809625148773,3.684809625148773,0.0,"[9, 0, 0]",9,0
memorias_braz_cubas,intermediario,pt,sbert,150,36,5839,7,0.409423291683197,1.9457842665028355,1.945910149055313,0.00012588255247747426,-0.050514426302397955,0.9999353091649484,0.9999999999999999,6.469083505145079e-05,7,7.0,0,0.0,0.018345831365746523,2.0241850211726825e-308,0.018345831365746523,6.0,7.0,-1.0,2.8476172104166326,2.865963041782379,-0.018345831365746523,"[6, 0, 0]",7,0
memorias_braz_cubas,intermediario,pt,sbert,150,37,5991,6,0.409423291683197,1.7917594692280547,1.7917594692280547,0.0,0.0,0.9999999999999999,0.9999999999999999,0.0,6,6.0,0,0.0,2.026760480914604e-308,2.026760480914604e-308,0.0,6.0,6.0,0.0,2.456539750099182,2.456539750099182,0.0,"[6, 0, 0]",6,0
memorias_braz_cubas,intermediario,pt,sbert,150,38,6149,5,0.409423291683197,1.6087636058096084,1.6094379124341005,0.0006743066244920826,-0.567453005173717,0.9995810297375982,1.0000000000000002,0.0004189702624020075,5,5.0,0,0.0,0.03666844886652004,1.6222304695591237e-308,0.03666844886652004,3.0,5.0,-2.0,2.010016154418188,2.047116458415985,-0.03710030399779729,"[3, 0, 0]",5,0
memorias_braz_cubas,intermediario,pt,sbert,150,39,6313,9,0.409423291683197,2.1949789196074736,2.1972245773362196,0.0022456577287459645,-0.6665460204231523,0.9989779571228589,1.0,0.0010220428771411383,9,9.0,0,0.0,0.08217529681085284,1.665376020529423e-308,0.08217529681085284,7.0,9.0,-2.0,3.578578123233002,3.684809625148773,-0.10623150191577135,"[7, 0, 0]",9,0
memorias_braz_cubas,intermediario,pt,sbert,150,40,6477,5,0.409423291683197,1.6094379124341005,1.6094379124341005,0.0,0.0,1.0000000000000002,1.0000000000000002,0.0,5,5.0,0,0.0,1.6222304695591237e-308,1.6222304695591237e-308,0.0,5.0,5.0,0.0,2.047116458415985,2.047116458415985,0.0,"[5, 0, 0]",5,0
memorias_braz_cubas,intermediario,pt,sbert,150,41,6671,5,0.409423291683197,1.6094379124341005,1.6094379124341005,0.0,0.0,1.0000000000000002,1.0000000000000002,0.0,5,5.0,0,0.0,1.6222304695591237e-308,1.6222304695591237e-308,0.0,5.0,5.0,0.0,2.047116458415985,2.047116458415985,0.0,"[5, 0, 0]",5,0
memorias_braz_cubas,intermediario,pt,sbert,150,42,6852,6,0.409423291683197,1.7916224634573656,1.7917594692280547,0.00013700577068909148,-0.0182132741678499,0.9999235356234795,0.9999999999999999,7.646437652042426e-05,6,6.0,0,0.0,0.017962710422858186,2.026760480914604e-308,0.017962710422858186,5.0,6.0,-1.0,2.438577039676324,2.456539750099182,-0.01796271042285813,"[5, 0, 0]",6,0
memorias_braz_cubas,intermediario,pt,sbert,150,43,7012,10,0.409423291683197,2.3025850929940455,2.3025850929940455,0.0,0.0,0.9999999999999998,0.9999999999999998,0.0,10,10.0,0,0.0,1.6874836619026526e-308,0.0029076359727159273,0.0,10.0,10.0,0.0,4.09423291683197,4.09423291683197,0.0,"[10, 0, 0]",10,0
memorias_braz_cubas,intermediario,pt,sbert,150,44,7202,8,0.409423291683197,2.0794122930834833,2.0794415416798357,2.924859635244914e-05,-0.01340527671635347,0.9999859343983631,1.0,1.4065601636858993e-05,8,8.0,0,0.0,0.00941390409438686,1.586138013387513e-308,0.00941390409438686,7.0,8.0,-1.0,3.2659724293711894,3.275386333465576,-0.009413904094386805,"[7, 0, 0]",8,0
memorias_braz_cubas,intermediario,pt,sbert,150,45,7373,7,0.409423291683197,1.945910149055313,1.945910149055313,0.0,0.0,0.9999999999999999,0.9999999999999999,0.0,7,7.0,0,0.0,2.0241850211726825e-308,2.0241850211726825e-308,0.0,7.0,7.0,0.0,2.865963041782379,2.865963041782379,0.0,"[7, 0, 0]",7,0
memorias_braz_cubas,intermediario,pt,sbert,150,46,7527,6,0.409423291683197,1.7917540583269598,1.7917594692280547,5.410901094959897e-06,-0.0007193144102029454,0.9999969801185996,0.9999999999999999,3.0198814002790897e-06,6,6.0,0,0.0,0.0036051554986242795,2.026760480914604e-308,0.0036051554986242795,5.0,6.0,-1.0,2.452934594600558,2.456539750099182,-0.0036051554986240575,"[5, 0, 0]",6,0
memorias_braz_cubas,intermediario,pt,sbert,150,47,7689,6,0.409423291683197,1.7869401995397896,1.7917594692280547,0.004819269688265182,-0.6406641098379001,0.9973103143747628,0.9999999999999999,0.0026896856252370815,6,6.0,0,0.0,0.10029164197190232,2.026760480914604e-308,0.10029164197190232,5.0,6.0,-1.0,2.35624810812728,2.456539750099182,-0.10029164197190221,"[5, 0, 0]",6,0
memorias_braz_cubas,intermediario,pt,sbert,150,48,7855,6,0.409423291683197,1.7917594692280547,1.7917594692280547,0.0,0.0,0.9999999999999999,0.9999999999999999,0.0,6,6.0,0,0.0,2.026760480914604e-308,2.026760480914604e-308,0.0,6.0,6.0,0.0,2.456539750099182,2.456539750099182,0.0,"[6, 0, 0]",6,0
memorias_braz_cubas,intermediario,pt,sbert,150,49,8055,9,0.409423291683197,2.1966577479720506,2.1972245773362196,0.0005668293641689637,-0.16824374084682625,0.9997420248389647,1.0,0.0002579751610353176,9,9.0,0,0.0,0.04274489408559329,1.665376020529423e-308,0.04274489408559329,8.0,9.0,-1.0,3.64206473106318,3.684809625148773,-0.04274489408559301,"[8, 0, 0]",9,0
memorias_braz_cubas,intermediario,pt,sbert,150,50,8210,7,0.409423291683197,1.945910149055313,1.945910149055313,0.0,0.0,0.9999999999999999,0.9999999999999999,0.0,7,7.0,0,0.0,2.0241850211726825e-308,2.0241850211726825e-308,0.0,7.0,7.0,0.0,2.865963041782379,2.865963041782379,0.0,"[7, 0, 0]",7,0
memorias_braz_cubas,intermediario,pt,sbert,150,51,8362,6,0.409423291683197,1.790406398442759,1.7917594692280547,0.0013530707852957846,-0.17987453416852503,0.9992448368162502,0.9999999999999999,0.0007551631837496853,6,6.0,0,0.0,0.05498427386624588,2.026760480914604e-308,0.05498427386624588,5.0,6.0,-1.0,2.4015554762329363,2.456539750099182,-0.054984273866245825,"[5, 0, 0]",6,0
memorias_braz_cubas,intermediario,pt,sbert,150,52,8514,8,0.409423291683197,2.0794415416798357,2.0794415416798357,0.0,0.0,1.0,1.0,0.0,8,8.0,0,0.0,1.586138013387513e-308,1.586138013387513e-308,0.0,8.0,8.0,0.0,3.275386333465576,3.275386333465576,0.0,"[8, 0, 0]",8,0
memorias_braz_cubas,intermediario,pt,sbert,150,53,8674,10,0.409423291683197,2.3025850929940455,2.3025850929940455,0.0,0.0,0.9999999999999998,0.9999999999999998,0.0,10,10.0,0,0.0,1.6874836619026526e-308,0.0029076359727159273,0.0,10.0,10.0,0.0,4.09423291683197,4.09423291683197,0.0,"[10, 0, 0]",10,0
memorias_braz_cubas,intermediario,pt,sbert,150,54,8829,11,0.409423291683197,2.3978952727983707,2.3978952727983707,0.0,0.0,1.0,1.0,0.0,11,11.0,0,0.0,1.356087517279619e-308,1.356087517279619e-308,0.0,11.0,11.0,0.0,4.503656208515167,4.503656208515167,0.0,"[11, 0, 0]",11,0
memorias_braz_cubas,intermediario,pt,sbert,150,55,9003,8,0.409423291683197,2.0792673952363856,2.0794415416798357,0.00017414644345015162,-0.07981515541762418,0.9999162532632153,1.0,8.374673678468447e-05,8,8.0,0,0.0,0.0227801548023448,1.586138013387513e-308,0.0227801548023448,7.0,8.0,-1.0,3.2526061786632314,3.275386333465576,-0.022780154802344743,"[7, 0, 0]",8,0
memorias_braz_cubas,intermediario,pt,sbert,150,56,9210,6,0.409423291683197,1.7917570053533771,1.7917594692280547,2.463874677616218e-06,-0.0003275425903079859,0.9999986248853598,0.9999999999999999,1.3751146400453607e-06,6,6.0,0,0.0,0.002434695502355033,2.026760480914604e-308,0.002434695502355033,5.0,6.0,-1.0,2.454105054596827,2.456539750099182,-0.0024346955023553107,"[5, 0, 0]",6,0
memorias_braz_cubas,intermediario,pt,sbert,150,57,9382,7,0.409423291683197,1.945910149055313,1.945910149055313,0.0,0.0,0.9999999999999999,0.9999999999999999,0.0,7,7.0,0,0.0,2.0241850211726825e-308,2.0241850211726825e-308,0.0,7.0,7.0,0.0,2.865963041782379,2.865963041782379,0.0,"[7, 0, 0]",7,0
memorias_braz_cubas,intermediario,pt,sbert,150,58,9558,12,0.409423291683197,2.484906649788001,2.484906649788001,0.0,0.0,1.0000000000000002,1.0000000000000002,0.0,12,12.0,0,0.0,2.124098469265886e-308,0.029164384255309067,0.0,12.0,12.0,0.0,4.913079500198364,4.913079500198364,0.0,"[12, 0, 0]",12,0
memorias_braz_cubas,intermediario,pt,sbert,150,59,9754,8,0.409423291683197,2.07890127652402,2.0794415416798357,0.0005402651558159555,-0.24761543516977227,0.9997401873796464,1.0,0.0002598126203535722,8,8.0,0,0.0,0.039873514910877206,1.586138013387513e-308,0.039873514910877206,6.0,8.0,-2.0,3.226256239484185,3.275386333465576,-0.04913009398139101,"[6, 0, 0]",8,0
memorias_braz_cubas,intermediario,pt,sbert,150,60,9951,8,0.409423291683197,2.0794087406286015,2.0794415416798357,3.28010512342658e-05,-0.015033445129608811,0.9999842260286828,1.0,1.577397131724556e-05,8,8.0,0,0.0,0.00996581858609813,1.586138013387513e-308,0.00996581858609813,7.0,8.0,-1.0,3.265420514879478,3.275386333465576,-0.00996581858609824,"[7, 0, 0]",8,0
memorias_braz_cubas,intermediario,pt,sbert,150,61,10117,8,0.409423291683197,2.0794415416798357,2.0794415416798357,0.0,0.0,1.0,1.0,0.0,8,8.0,0,0.0,1.586138013387513e-308,1.586138013387513e-308,0.0,8.0,8.0,0.0,3.275386333465576,3.275386333465576,0.0,"[8, 0, 0]",8,0
memorias_braz_cubas,intermediario,pt,sbert,150,62,10292,5,0.409423291683197,1.6094379124341005,1.6094379124341005,0.0,0.0,1.0000000000000002,1.0000000000000002,0.0,5,5.0,0,0.0,1.6222304695591237e-308,1.6222304695591237e-308,0.0,5.0,5.0,0.0,2.047116458415985,2.047116458415985,0.0,"[5, 0, 0]",5,0
memorias_braz_cubas,intermediario,pt,sbert,150,63,10446,8,0.409423291683197,2.0782891302329274,2.0794415416798357,0.0011524114469083635,-0.5281755798037235,0.9994458072401605,1.0,0.000554192759839478,8,8.0,0,0.0,0.05731270140954403,1.586138013387513e-308,0.05731270140954403,7.0,8.0,-1.0,3.218073632056032,3.275386333465576,-0.05731270140954425,"[7, 0, 0]",8,0
memorias_braz_cubas,intermediario,pt,sbert,150,64,10621,6,0.409423291683197,1.7909065024461939,1.7917594692280547,0.0008529667818608644,-0.11339170442210779,0.9995239501749481,0.9999999999999999,0.00047604982505178306,6,6.0,0,0.0,0.0440038986716319,2.026760480914604e-308,0.0440038986716319,5.0,6.0,-1.0,2.4125358514275503,2.456539750099182,-0.04400389867163179,"[5, 0, 0]",6,0
memorias_braz_cubas,intermediario,pt,sbert,150,65,10792,8,0.409423291683197,2.0752680744871004,2.0794415416798357,0.0041734671927353695,-1.912792050294606,0.9979929865259093,1.0,0.002007013474090713,8,8.0,0,0.0,0.10553095163713094,1.586138013387513e-308,0.10553095163713094,7.0,8.0,-1.0,3.1698553818284454,3.275386333465576,-0.10553095163713078,"[7, 0, 0]",8,0
memorias_braz_cubas,intermediario,pt,sbert,150,66,10976,7,0.409423291683197,1.945910149055313,1.945910149055313,0.0,0.0,0.9999999999999999,0.9999999999999999,0.0,7,7.0,0,0.0,2.0241850211726825e-308,2.0241850211726825e-308,0.0,7.0,7.0,0.0,2.865963041782379,2.865963041782379,0.0,"[7, 0, 0]",7,0
memorias_braz_cubas,intermediario,pt,sbert,150,67,11143,11,0.409423291683197,2.3927774951216665,2.3978952727983707,0.005117777676704183,-7.114546022930185,0.9978657209367064,1.0,0.0021342790632935538,11,11.0,0,0.0,0.11883395501432648,1.356087517279619e-308,0.11883395501432648,7.0,11.0,-4.0,4.2453457208296195,4.503656208515167,-0.25831048768554776,"[7, 0, 0]",11,0
memorias_braz_cubas,intermediario,pt,sbert,150,68,11293,10,0.409423291683197,2.282110220843738,2.3025850929940455,0.020474872150307633,-30.68073922437443,0.9911078760074467,0.9999999999999998,0.008892123992553125,10,10.0,0,0.0,0.2047116458415985,0.0029076359727159273,0.20180400986888258,8.0,10.0,-2.0,3.801378083295308,4.09423291683197,-0.2928548335366621,"[8, 0, 0]",10,0
memorias_braz_cubas,intermediario,pt,sbert,150,69,11460,7,0.409423291683197,1.930610443173272,1.945910149055313,0.015299705882040993,-6.139499478015597,0.9921375065084743,0.9999999999999999,0.007862493491525568,7,7.0,0,0.0,0.18008636895565244,2.0241850211726825e-308,0.18008636895565244,5.0,7.0,-2.0,2.678794644948801,2.865963041782379,-0.18716839683357822,"[5, 0, 0]",7,0
memorias_braz_cubas,intermediario,pt,sbert,150,70,11614,9,0.409423291683197,2.1956697594830477,2.1972245773362196,0.0015548178531719081,-0.46149403769261593,0.9992923718998916,1.0,0.0007076281001083817,9,9.0,0,0.0,0.06595578822776743,1.665376020529423e-308,0.06595578822776743,7.0,9.0,-2.0,3.5871619851991148,3.684809625148773,-0.09764763994965842,"[7, 0, 0]",9,0
memorias_braz_cubas,intermediario,pt,sbert,150,71,11773,5,0.409423291683197,1.6076161943542924,1.6094379124341005,0.0018217180798081323,-1.5330405507213811,0.9988681029160965,1.0000000000000002,0.0011318970839037101,5,5.0,0,0.0,0.05495834722140397,1.6222304695591237e-308,0.05495834722140397,3.0,5.0,-2.0,1.9538420585797918,2.047116458415985,-0.09327439983619334,"[3, 0, 0]",5,0
memorias_braz_cubas,intermediario,pt,sbert,150,72,11936,6,0.409423291683197,1.7859683690800878,1.7917594692280547,0.00579110014796691,-0.7698573147532058,0.9967679254679971,0.9999999999999999,0.0032320745320028044,6,6.0,0,0.0,0.10917698665934611,2.026760480914604e-308,0.10917698665934611,5.0,6.0,-1.0,2.347362763439836,2.456539750099182,-0.10917698665934594,"[5, 0, 0]",6,0
memorias_braz_cubas,intermediario,pt,sbert,150,73,12087,9,0.409423291683197,2.194594792381745,2.1972245773362196,0.0026297849544745233,-0.7805609347923761,0.9988031332884221,1.0,0.0011968667115779263,9,9.0,0,0.0,0.06981342357514869,1.665376020529423e-308,0.06981342357514869,7.0,9.0,-2.0,3.5496132547114483,3.684809625148773,-0.1351963704373249,"[7, 0, 0]",9,0
memorias_braz_cubas,intermediario,pt,sbert,150,74,12260,4,0.409423291683197,1.3844177130649666,1.3862943611198906,0.001876648054923935,0.0,0.9986462845788336,1.0,0.0013537154211663571,4,4.0,0,0.0,0.055289355386080985,2.0929216562421227e-308,0.055289355386080985,3.0,4.0,-1.0,1.5824038113467072,1.637693166732788,-0.05528935538608093,"[3, 0, 0]",4,0
memorias_braz_cubas,intermediario,pt,sbert,150,75,12411,9,0.409423291683197,2.1905955630243112,2.1972245773362196,0.006629014311908321,-1.9675941940618198,0.9969830055697152,1.0,0.003016994430284803,9,9.0,0,0.0,0.13669524543524436,1.665376020529423e-308,0.13669524543524436,7.0,9.0,-2.0,3.51487176945935,3.684809625148773,-0.16993785568942332,"[7, 0, 0]",9,0
memorias_braz_cubas,intermediario,pt,sbert,150,76,12570,4,0.409423291683197,1.3862943611198906,1.3862943611198906,0.0,0.0,1.0,1.0,0.0,4,4.0,0,0.0,2.0929216562421227e-308,2.0929216562421227e-308,0.0,4.0,4.0,0.0,1.637693166732788,1.637693166732788,0.0,"[4, 0, 0]",4,0
memorias_braz_cubas,intermediario,pt,sbert,150,77,12739,11,0.409423291683197,2.3978952727983707,2.3978952727983707,0.0,0.0,1.0,1.0,0.0,11,11.0,0,0.0,1.356087517279619e-308,1.356087517279619e-308,0.0,11.0,11.0,0.0,4.503656208515167,4.503656208515167,0.0,"[11, 0, 0]",11,0
memorias_braz_cubas,intermediario,pt,sbert,150,78,12909,12,0.409423291683197,2.4823514384846534,2.484906649788001,0.002555211303347349,-1.3580263800264285,0.9989717073260821,1.0000000000000002,0.0010282926739181297,12,12.0,0,0.0,0.09989995226708953,0.029164384255309067,0.07073556801178046,11.0,12.0,-1.0,4.8131795479312744,4.913079500198364,-0.09989995226708981,"[11, 0, 0]",12,0
memorias_braz_cubas,intermediario,pt,sbert,150,79,13093,5,0.409423291683197,1.6094379124341005,1.6094379124341005,0.0,0.0,1.0000000000000002,1.0000000000000002,0.0,5,5.0,0,0.0,1.6222304695591237e-308,1.6222304695591237e-308,0.0,5.0,5.0,0.0,2.047116458415985,2.047116458415985,0.0,"[5, 0, 0]",5,0
memorias_braz_cubas,intermediario,pt,sbert,150,80,13250,6,0.409423291683197,1.7851329277165788,1.7917594692280547,0.006626541511475903,-0.8809192249794673,0.9963016567651622,0.9999999999999999,0.003698343234837642,6,6.0,0,0.0,0.1124160545120293,2.026760480914604e-308,0.1124160545120293,4.0,6.0,-2.0,2.288415771823569,2.456539750099182,-0.16812397827561298,"[4, 0, 0]",6,0
memorias_braz_cubas,intermediario,pt,sbert,150,81,13410,6,0.409423291683197,1.7912348878203221,1.7917594692280547,0.0005245814077325939,-0.0697368071018859,0.9997072255418531,0.9999999999999999,0.0002927744581467939,6,6.0,0,0.0,0.03473770438187562,2.026760480914604e-308,0.03473770438187562,5.0,6.0,-1.0,2.4218020457173064,2.456539750099182,-0.034737704381875734,"[5, 0, 0]",6,0
memorias_braz_cubas,intermediario,pt,sbert,150,82,13565,5,0.409423291683197,1.609171587442094,1.6094379124341005,0.00026632499200651694,-0.22412195220653458,0.9998345229785202,1.0000000000000002,0.00016547702148006493,5,5.0,0,0.0,0.023218790695684555,1.6222304695591237e-308,0.023218790695684555,4.0,5.0,-1.0,2.0238976677203007,2.047116458415985,-0.023218790695684444,"[4, 0, 0]",5,0
memorias_braz_cubas,intermediario,pt,sbert,150,83,13732,12,0.409423291683197,2.484232141624628,2.484906649788001,0.0006745081633727779,-0.358483025729982,0.9997285579466617,1.0000000000000002,0.0002714420533385109,12,12.0,0,0.0,0.05281447083478108,0.029164384255309067,0.023650086579472013,11.0,12.0,-1.0,4.860265029363584,4.913079500198364,-0.052814470834780636,"[11, 0, 0]",12,0
memorias_braz_cubas,intermediario,pt,sbert,150,84,13892,6,0.409423291683197,1.791712721256609,1.7917594692280547,4.6747971445659786e-05,-0.006214582177438252,0.9999739094603664,0.9999999999999999,2.609053963353869e-05,6,6.0,0,0.0,0.010546481764346083,2.026760480914604e-308,0.010546481764346083,5.0,6.0,-1.0,2.4459932683348358,2.456539750099182,-0.01054648176434636,"[5, 0, 0]",6,0
memorias_braz_cubas,intermediario,pt,sbert,150,85,14042,11,0.409423291683197,2.3902098102105103,2.3978952727983707,0.007685462587860403,-10.684047010821624,0.996794913157783,1.0,0.0032050868422169865,11,11.0,0,0.0,0.15972809745708527,1.356087517279619e-308,0.15972809745708527,10.0,11.0,-1.0,4.343928111058082,4.503656208515167,-0.15972809745708538,"[10, 0, 0]",11,0
memorias_braz_cubas,intermediario,pt,sbert,150,86,14233,5,0.409423291683197,1.606202374842172,1.6094379124341005,0.0032355375919284057,-2.72281995045692,0.9979896474620541,1.0000000000000002,0.002010352537946125,5,5.0,0,0.0,0.07683688887768508,1.6222304695591237e-308,0.07683688887768508,3.0,5.0,-2.0,1.932154201101766,2.047116458415985,-0.11496225731421905,"[3, 0, 0]",5,0
memorias_braz_cubas,intermediario,pt,sbert,150,87,14416,6,0.409423291683197,1.7916970441539886,1.7917594692280547,6.24250740661747e-05,-0.008298664962775195,0.9999651599028003,0.9999999999999999,3.484009719956216e-05,6,6.0,0,0.0,0.012173616281878796,2.026760480914604e-308,0.012173616281878796,5.0,6.0,-1.0,2.4443661338173035,2.456539750099182,-0.01217361628187863,"[5, 0, 0]",6,0
memorias_braz_cubas,intermediario,pt,sbert,150,88,14580,7,0.409423291683197,1.9446237289828536,1.945910149055313,0.0012864200724593822,-0.51621746354248,0.9993389108571719,0.9999999999999999,0.0006610891428280308,7,7.0,0,0.0,0.05672942342373105,2.0241850211726825e-308,0.05672942342373105,5.0,7.0,-2.0,2.7891329894851156,2.865963041782379,-0.07683005229726358,"[5, 0, 0]",7,0
memorias_braz_cubas,intermediario,pt,sbert,150,89,14745,6,0.409423291683197,1.785564545295725,1.7917594692280547,0.006194923932329788,-0.8235408440170239,0.99654254712269,0.9999999999999999,0.003457452877309919,6,6.0,0,0.0,0.11261283336757599,2.026760480914604e-308,0.11261283336757599,5.0,6.0,-1.0,2.343926916731606,2.456539750099182,-0.11261283336757621,"[5, 0, 0]",6,0
memorias_braz_cubas,intermediario,pt,sbert,150,90,14933,8,0.409423291683197,2.0793188544049057,2.0794415416798357,0.0001226872749300334,-0.05623028367563757,0.9999409998922928,1.0,5.900010770720776e-05,8,8.0,0,0.0,0.019163911012931745,1.586138013387513e-308,0.019163911012931745,7.0,8.0,-1.0,3.2562224224526446,3.275386333465576,-0.019163911012931578,"[7, 0, 0]",8,0
memorias_braz_cubas,intermediario,pt,sbert,150,91,15104,9,0.409423291683197,2.1972245773362196,2.1972245773362196,0.0,0.0,1.0,1.0,0.0,9,9.0,0,0.0,1.665376020529423e-308,1.665376020529423e-308,0.0,9.0,9.0,0.0,3.684809625148773,3.684809625148773,0.0,"[9, 0, 0]",9,0
memorias_braz_cubas,intermediario,pt,sbert,150,92,15265,9,0.409423291683197,2.1972245773362196,2.1972245773362196,0.0,0.0,1.0,1.0,0.0,9,9.0,0,0.0,1.665376020529423e-308,1.665376020529423e-308,0.0,9.0,9.0,0.0,3.684809625148773,3.684809625148773,0.0,"[9, 0, 0]",9,0
memorias_braz_cubas,intermediario,pt,sbert,150,93,15421,11,0.409423291683197,2.3978952727983707,2.3978952727983707,0.0,0.0,1.0,1.0,0.0,11,11.0,0,0.0,1.356087517279619e-308,1.356087517279619e-308,0.0,11.0,11.0,0.0,4.503656208515167,4.503656208515167,0.0,"[11, 0, 0]",11,0
memorias_braz_cubas,intermediario,pt,sbert,150,94,15598,8,0.409423291683197,2.0708621679195818,2.0794415416798357,0.008579373760253972,-3.9321161919483427,0.9958741933407163,1.0,0.004125806659283748,8,8.0,0,0.0,0.14745832364575706,1.586138013387513e-308,0.14745832364575706,6.0,8.0,-2.0,3.1174651349123437,3.275386333465576,-0.1579211985532325,"[6, 0, 0]",8,0
memorias_braz_cubas,intermediario,pt,sbert,150,95,15779,10,0.409423291683197,2.300243489493695,2.3025850929940455,0.0023416035003505087,-3.5087948698159224,0.9989830545209922,0.9999999999999998,0.0010169454790075472,10,10.0,0,0.0,0.08851494344620092,0.0029076359727159273,0.085607307473485,9.0,10.0,-1.0,4.005717973385769,4.09423291683197,-0.08851494344620114,"[9, 0, 0]",10,0
memorias_braz_cubas,intermediario,pt,sbert,150,96,15933,5,0.409423291683197,1.6094379124341005,1.6094379124341005,0.0,0.0,1.0000000000000002,1.0000000000000002,0.0,5,5.0,0,0.0,1.6222304695591237e-308,1.6222304695591237e-308,0.0,5.0,5.0,0.0,2.047116458415985,2.047116458415985,0.0,"[5, 0, 0]",5,0
memorias_braz_cubas,intermediario,pt,sbert,150,97,16091,8,0.409423291683197,2.079424881135318,2.0794415416798357,1.6660544517765885e-05,-0.007635894961061135,0.9999919879716819,1.0,8.012028318127307e-06,8,8.0,0,0.0,0.006821729512710872,1.586138013387513e-308,0.006821729512710872,6.0,8.0,-2.0,3.26535158560105,3.275386333465576,-0.010034747864525961,"[6, 0, 0]",8,0
memorias_braz_cubas,intermediario,pt,sbert,150,98,16260,10,0.409423291683197,2.3025850929940455,2.3025850929940455,0.0,0.0,0.9999999999999998,0.9999999999999998,0.0,10,10.0,0,0.0,1.6874836619026526e-308,0.0029076359727159273,0.0,10.0,10.0,0.0,4.09423291683197,4.09423291683197,0.0,"[10, 0, 0]",10,0
memorias_braz_cubas,intermediario,pt,sbert,150,99,16450,6,0.409423291683197,1.7917594692280547,1.7917594692280547,0.0,0.0,0.9999999999999999,0.9999999999999999,0.0,6,6.0,0,0.0,2.026760480914604e-308,2.026760480914604e-308,0.0,6.0,6.0,0.0,2.456539750099182,2.456539750099182,0.0,"[6, 0, 0]",6,0
memorias_braz_cubas,intermediario,pt,sbert,150,100,16614,8,0.409423291683197,2.0794415416798357,2.0794415416798357,0.0,0.0,1.0,1.0,0.0,8,8.0,0,0.0,1.586138013387513e-308,1.586138013387513e-308,0.0,8.0,8.0,0.0,3.275386333465576,3.275386333465576,0.0,"[8, 0, 0]",8,0
memorias_braz_cubas,intermediario,pt,sbert,150,101,16773,10,0.409423291683197,2.3024268899186997,2.3025850929940455,0.00015820307534575306,-0.23706068900186916,0.999931293277357,0.9999999999999998,6.870672264280842e-05,10,10.0,0,0.0,0.023941653319891065,0.0029076359727159273,0.021034017347175138,9.0,10.0,-1.0,4.070291263512079,4.09423291683197,-0.023941653319891287,"[9, 0, 0]",10,0
memorias_braz_cubas,intermediario,pt,sbert,150,102,16927,10,0.409423291683197,2.3025830241161227,2.3025850929940455,2.0688779227562293e-06,-0.003100127002951549,0.9999991014977342,0.9999999999999998,8.98502265589407e-07,10,10.0,0,0.0,0.002771701636295809,0.0029076359727159273,0.0,9.0,10.0,-1.0,4.091461215195674,4.09423291683197,-0.002771701636295809,"[9, 0, 0]",10,0
memorias_braz_cubas,intermediario,pt,sbert,150,103,17097,8,0.409423291683197,2.0794415416798357,2.0794415416798357,0.0,0.0,1.0,1.0,0.0,8,8.0,0,0.0,1.586138013387513e-308,1.586138013387513e-308,0.0,8.0,8.0,0.0,3.275386333465576,3.275386333465576,0.0,"[8, 0, 0]",8,0
memorias_braz_cubas,intermediario,pt,sbert,150,104,17266,6,0.409423291683197,1.7917594692280547,1.7917594692280547,0.0,0.0,0.9999999999999999,0.9999999999999999,0.0,6,6.0,0,0.0,2.026760480914604e-308,2.026760480914604e-308,0.0,6.0,6.0,0.0,2.456539750099182,2.456539750099182,0.0,"[6, 0, 0]",6,0
memorias_braz_cubas,intermediario,pt,sbert,150,105,17466,8,0.409423291683197,2.0678734541686614,2.0794415416798357,0.01156808751117433,-5.301909612947956,0.9944369258383531,1.0,0.005563074161646919,8,8.0,0,0.0,0.16782196650976866,1.586138013387513e-308,0.16782196650976866,5.0,8.0,-3.0,3.0639009605607916,3.275386333465576,-0.21148537290478453,"[5, 0, 0]",8,0
memorias_braz_cubas,intermediario,pt,sbert,150,106,17650,5,0.409423291683197,1.6094379124341005,1.6094379124341005,0.0,0.0,1.0000000000000002,1.0000000000000002,0.0,5,5.0,0,0.0,1.6222304695591237e-308,1.6222304695591237e-308,0.0,5.0,5.0,0.0,2.047116458415985,2.047116458415985,0.0,"[5, 0, 0]",5,0
memorias_braz_cubas,intermediario,pt,sbert,150,107,17815,10,0.409423291683197,2.3025850929940455,2.3025850929940455,0.0,0.0,0.9999999999999998,0.9999999999999998,0.0,10,10.0,0,0.0,1.6874836619026526e-308,0.0029076359727159273,0.0,10.0,10.0,0.0,4.09423291683197,4.09423291683197,0.0,"[10, 0, 0]",10,0
memorias_braz_cubas,intermediario,pt,sbert,150,108,18007,9,0.409423291683197,2.1971550394698767,2.1972245773362196,6.953786634289472e-05,-0.02063991653147282,0.9999683519531594,1.0,3.164804684063771e-05,9,9.0,0,0.0,0.01522542840629837,1.665376020529423e-308,0.01522542840629837,8.0,9.0,-1.0,3.6695841967424747,3.684809625148773,-0.01522542840629848,"[8, 0, 0]",9,0
memorias_braz_cubas,intermediario,pt,sbert,150,109,18199,12,0.409423291683197,2.4341025397571157,2.484906649788001,0.05080411003088514,-27.00102396436861,0.9795549220992994,1.0000000000000002,0.020445077900700825,12,12.0,0,0.0,0.2047116458415985,0.029164384255309067,0.17554726158628944,10.0,12.0,-2.0,4.49712459899352,4.913079500198364,-0.41595490120484424,"[10, 0, 0]",12,0
memorias_braz_cubas,intermediario,pt,sbert,150,110,18355,14,0.409423291683197,2.6055516961419913,2.639057329615258,0.03350563347326663,-3.0604311141605045,0.9873039387597723,0.9999999999999998,0.012696061240227485,14,14.0,0,0.0,0.2047116458415985,1.631585773013718e-308,0.2047116458415985,9.0,14.0,-5.0,5.051513696937986,5.731926083564758,-0.680412386626772,"[9, 0, 0]",14,0
memorias_braz_cubas,intermediario,pt,sbert,150,111,18517,13,0.409423291683197,2.5598616877917495,2.564949357461537,0.005087669669787687,-0.4446239836906392,0.9980164638904129,1.0000000000000002,0.001983536109587347,13,13.0,0,0.0,0.10475179283894043,0.004446834678819456,0.10030495816012097,8.0,13.0,-5.0,4.9980744548046445,5.322502791881561,-0.32442833707691676,"[8, 0, 0]",13,0
memorias_braz_cubas,intermediario,pt,sbert,150,112,18669,10,0.409423291683197,2.1968672206521687,2.3025850929940455,0.1057178723418768,-158.41380834351608,0.9998373599641398,0.9999999999999998,0.00016264003585997333,9,10.0,0,0.0,0.2047116458415985,0.0029076359727159273,0.20180400986888258,8.0,10.0,-2.0,3.6506882654511545,4.09423291683197,-0.44354465138081567,"[8, 0, 0]",9,0
memorias_braz_cubas,intermediario,pt,sbert,150,113,18827,8,0.409423291683197,2.0663184001311388,2.0794415416798357,0.013123141548696982,-6.014625171352122,0.9936891029222703,1.0,0.0063108970777296935,8,8.0,0,0.0,0.17866437155779924,1.586138013387513e-308,0.17866437155779924,5.0,8.0,-3.0,3.0280095722248523,3.275386333465576,-0.24737676124072383,"[5, 0, 0]",8,0
memorias_braz_cubas,intermediario,pt,sbert,150,114,18989,9,0.409423291683197,2.1972245773362196,2.1972245773362196,0.0,0.0,1.0,1.0,0.0,9,9.0,0,0.0,1.665376020529423e-308,1.665376020529423e-308,0.0,9.0,9.0,0.0,3.684809625148773,3.684809625148773,0.0,"[9, 0, 0]",9,0
memorias_braz_cubas,intermediario,pt,sbert,150,115,19145,7,0.409423291683197,1.9432255125483966,1.945910149055313,0.0026846365069164158,-1.0772968160271716,0.9986203697492302,0.9999999999999999,0.0013796302507697034,7,7.0,0,0.0,0.08116376090915411,2.0241850211726825e-308,0.08116376090915411,6.0,7.0,-1.0,2.784799280873225,2.865963041782379,-0.081163760909154,"[6, 0, 0]",7,0
memorias_braz_cubas,intermediario,pt,sbert,150,116,19301,11,0.409423291683197,2.3972878980410774,2.3978952727983707,0.000607374757293222,-0.8443500161405022,0.9997467050524753,1.0,0.00025329494752468484,11,11.0,0,0.0,0.04828141985893619,1.356087517279619e-308,0.04828141985893619,10.0,11.0,-1.0,4.455374788656231,4.503656208515167,-0.0482814198589363,"[10, 0, 0]",11,0
memorias_braz_cubas,intermediario,pt,sbert,150,117,19464,12,0.409423291683197,2.484906649788001,2.484906649788001,0.0,0.0,1.0000000000000002,1.0000000000000002,0.0,12,12.0,0,0.0,2.124098469265886e-308,0.029164384255309067,0.0,12.0,12.0,0.0,4.913079500198364,4.913079500198364,0.0,"[12, 0, 0]",12,0
memorias_braz_cubas,intermediario,pt,sbert,150,118,19655,11,0.409423291683197,2.3978952727983707,2.3978952727983707,0.0,0.0,1.0,1.0,0.0,11,11.0,0,0.0,1.356087517279619e-308,1.356087517279619e-308,0.0,11.0,11.0,0.0,4.503656208515167,4.503656208515167,0.0,"[11, 0, 0]",11,0
memorias_braz_cubas,intermediario,pt,sbert,150,119,19832,8,0.409423291683197,2.0793823414034898,2.0794415416798357,5.920027634598313e-05,-0.02713279217024877,0.9999715306849655,1.0,2.846931503452943e-05,8,8.0,0,0.0,0.013360337108526688,1.586138013387513e-308,0.013360337108526688,7.0,8.0,-1.0,3.2620259963570497,3.275386333465576,-0.013360337108526465,"[7, 0, 0]",8,0
memorias_braz_cubas,intermediario,pt,sbert,150,120,19989,6,0.409423291683197,1.7917594692280547,1.7917594692280547,0.0,0.0,0.9999999999999999,0.9999999999999999,0.0,6,6.0,0,0.0,2.026760480914604e-308,2.026760480914604e-308,0.0,6.0,6.0,0.0,2.456539750099182,2.456539750099182,0.0,"[6, 0, 0]",6,0
memorias_braz_cubas,intermediario,pt,sbert,150,121,20140,9,0.409423291683197,2.1955530257761584,2.1972245773362196,0.0016715515600611575,-0.49614241120932373,0.9992392441003515,1.0,0.0007607558996485242,9,9.0,0,0.0,0.07247904385286064,1.665376020529423e-308,0.07247904385286064,7.0,9.0,-2.0,3.60431326172556,3.684809625148773,-0.08049636342321298,"[7, 0, 0]",9,0
memorias_braz_cubas,intermediario,pt,sbert,150,122,20291,12,0.409423291683197,2.39027124689628,2.484906649788001,0.09463540289172068,-50.29618233256372,0.9968205342457708,1.0000000000000002,0.003179465754229449,11,12.0,0,0.0,0.2047116458415985,0.029164384255309067,0.17554726158628944,8.0,12.0,-4.0,4.256392797533636,4.913079500198364,-0.6566867026647278,"[8, 0, 0]",11,0
memorias_braz_cubas,intermediario,pt,sbert,150,123,20498,8,0.409423291683197,2.0794415416798357,2.0794415416798357,0.0,0.0,1.0,1.0,0.0,8,8.0,0,0.0,1.586138013387513e-308,1.586138013387513e-308,0.0,8.0,8.0,0.0,3.275386333465576,3.275386333465576,0.0,"[8, 0, 0]",8,0
memorias_braz_cubas,intermediario,pt,sbert,150,124,20656,5,0.409423291683197,1.6026909604329191,1.6094379124341005,0.006746952001181361,-5.677800053821272,0.9958078830198692,1.0000000000000002,0.004192116980131,5,5.0,0,0.0,0.11058395304199897,1.6222304695591237e-308,0.11058395304199897,3.0,5.0,-2.0,1.9266031385291504,2.047116458415985,-0.12051331988683467,"[3, 0, 0]",5,0
memorias_braz_cubas,intermediario,pt,sbert,150,125,20812,9,0.409423291683197,2.1926442863579454,2.1972245773362196,0.004580290978274171,-1.359501354488949,0.9979154197411049,1.0,0.00208458025889513,9,9.0,0,0.0,0.11609555663176119,1.665376020529423e-308,0.11609555663176119,7.0,9.0,-2.0,3.5476436248569914,3.684809625148773,-0.13716600029178183,"[7, 0, 0]",9,0
memorias_braz_cubas,intermediario,pt,sbert,150,126,20982,9,0.409423291683197,2.1972245773362196,2.1972245773362196,0.0,0.0,1.0,1.0,0.0,9,9.0,0,0.0,1.665376020529423e-308,1.665376020529423e-308,0.0,9.0,9.0,0.0,3.684809625148773,3.684809625148773,0.0,"[9, 0, 0]",9,0
memorias_braz_cubas,intermediario,pt,sbert,150,127,21161,10,0.409423291683197,2.3015539605642137,2.3025850929940455,0.0010311324298317714,-1.545108802302769,0.9995521848756124,0.9999999999999998,0.00044781512438740734,10,10.0,0,0.0,0.059814338069570316,0.0029076359727159273,0.05690670209685439,9.0,10.0,-1.0,4.0344185787624,4.09423291683197,-0.05981433806956993,"[9, 0, 0]",10,0
memorias_braz_cubas,intermediario,pt,sbert,150,128,21311,10,0.409423291683197,2.3025850929940455,2.3025850929940455,0.0,0.0,0.9999999999999998,0.9999999999999998,0.0,10,10.0,0,0.0,1.6874836619026526e-308,0.0029076359727159273,0.0,10.0,10.0,0.0,4.09423291683197,4.09423291683197,0.0,"[10, 0, 0]",10,0
memorias_braz_cubas,intermediario,pt,sbert,150,129,21484,10,0.409423291683197,2.29917405085264,2.3025850929940455,0.003411042141405307,-5.111303926859224,0.998518603220448,0.9999999999999998,0.0014813967795517247,10,10.0,0,0.0,0.09631315892959014,0.0029076359727159273,0.09340552295687421,8.0,10.0,-2.0,3.942286393564843,4.09423291683197,-0.1519465232671271,"[8, 0, 0]",10,0
memorias_braz_cubas,intermediario,pt,sbert,150,130,21663,6,0.409423291683197,1.7896745581810598,1.7917594692280547,0.0020849110469949306,-0.27716392034807263,0.998836388989258,0.9999999999999999,0.0011636110107419162,6,6.0,0,0.0,0.0676643118646536,2.026760480914604e-308,0.0676643118646536,4.0,6.0,-2.0,2.364194026880114,2.456539750099182,-0.09234572321906809,"[4, 0, 0]",6,0
memorias_braz_cubas,intermediario,pt,sbert,150,131,21824,7,0.409423291683197,1.941784219537658,1.945910149055313,0.004125929517655003,-1.6556620313666341,0.9978796916601426,0.9999999999999999,0.002120308339857324,7,7.0,0,0.0,0.07841590134760257,2.0241850211726825e-308,0.07841590134760257,5.0,7.0,-2.0,2.712544725008957,2.865963041782379,-0.153418316773422,"[5, 0, 0]",7,0
memorias_braz_cubas,intermediario,pt,sbert,150,132,21974,7,0.409423291683197,1.9451933640471244,1.945910149055313,0.000716785008188614,-0.28763305762557206,0.9996316453724563,0.9999999999999999,0.00036835462754358783,7,7.0,0,0.0,0.04306337366577623,2.0241850211726825e-308,0.04306337366577623,6.0,7.0,-1.0,2.822899668116603,2.865963041782379,-0.04306337366577617,"[6, 0, 0]",7,0
memorias_braz_cubas,intermediario,pt,sbert,150,133,22132,12,0.409423291683197,2.4789359908980577,2.484906649788001,0.005970658889943081,-3.1732453077598937,0.9975972301050214,1.0000000000000002,0.0024027698949787846,12,12.0,0,0.0,0.1479511592817594,0.029164384255309067,0.11878677502645033,11.0,12.0,-1.0,4.765128340916605,4.913079500198364,-0.14795115928175928,"[11, 0, 0]",12,0
memorias_braz_cubas,intermediario,pt,sbert,150,134,22285,9,0.409423291683197,2.1972245773362196,2.1972245773362196,0.0,0.0,1.0,1.0,0.0,9,9.0,0,0.0,1.665376020529423e-308,1.665376020529423e-308,0.0,9.0,9.0,0.0,3.684809625148773,3.684809625148773,0.0,"[9, 0, 0]",9,0
memorias_braz_cubas,intermediario,pt,sbert,150,135,22468,5,0.409423291683197,1.609372783496283,1.6094379124341005,6.512893781751572e-05,-0.054808317382555066,0.9999595331156833,1.0000000000000002,4.046688431691425e-05,5,5.0,0,0.0,0.011582515638859148,1.6222304695591237e-308,0.011582515638859148,4.0,5.0,-1.0,2.0355339427771257,2.047116458415985,-0.01158251563885937,"[4, 0, 0]",5,0
memorias_braz_cubas,intermediario,pt,sbert,150,136,22623,13,0.409423291683197,2.5640198029469228,2.564949357461537,0.0009295545146144057,-0.08123605858293137,0.9996375934238585,1.0000000000000002,0.0003624065761417272,13,13.0,0,0.0,0.06371558543481715,0.004446834678819456,0.05926875075599769,11.0,13.0,-2.0,5.246569423339297,5.322502791881561,-0.07593336854226429,"[11, 0, 0]",13,0
memorias_braz_cubas,intermediario,pt,sbert,150,137,22775,12,0.409423291683197,2.481636670586875,2.484906649788001,0.0032699792011259277,-1.7379063764508937,0.9986840635637542,1.0000000000000002,0.0013159364362460568,12,12.0,0,0.0,0.09594537585322438,0.029164384255309067,0.06678099159791531,9.0,12.0,-3.0,4.737870141506676,4.913079500198364,-0.17520935869168852,"[9, 0, 0]",12,0
memorias_braz_cubas,intermediario,pt,sbert,150,138,22927,9,0.409423291683197,2.192419416628113,2.1972245773362196,0.004805160708106548,-1.426246175667509,0.9978130771166177,1.0,0.002186922883382292,9,9.0,0,0.0,0.1183993642553895,1.665376020529423e-308,0.1183993642553895,8.0,9.0,-1.0,3.5664102608933836,3.684809625148773,-0.11839936425538955,"[8, 0, 0]",9,0
memorias_braz_cubas,intermediario,pt,sbert,150,139,23095,7,0.409423291683197,1.944904233606076,1.945910149055313,0.0010059154492370048,-0.40365595411658706,0.9994830617180729,0.9999999999999999,0.0005169382819270041,7,7.0,0,0.0,0.05100475309087671,2.0241850211726825e-308,0.05100475309087671,5.0,7.0,-2.0,2.800926586890992,2.865963041782379,-0.06503645489138732,"[5, 0, 0]",7,0
memorias_braz_cubas,intermediario,pt,sbert,150,140,23246,10,0.409423291683197,2.297500417119431,2.3025850929940455,0.005084675874614586,-7.619174049258921,0.997791753325388,0.9999999999999998,0.0022082466746117246,10,10.0,0,0.0,0.1271109784000523,0.0029076359727159273,0.12420334242733638,9.0,10.0,-1.0,3.9671219384319176,4.09423291683197,-0.1271109784000526,"[9, 0, 0]",10,0
memorias_braz_cubas,intermediario,pt,sbert,150,141,23399,9,0.409423291683197,2.1972245773362196,2.1972245773362196,0.0,0.0,1.0,1.0,0.0,9,9.0,0,0.0,1.665376020529423e-308,1.665376020529423e-308,0.0,9.0,9.0,0.0,3.684809625148773,3.684809625148773,0.0,"[9, 0, 0]",9,0
memorias_braz_cubas,intermediario,pt,sbert,150,142,23554,8,0.409423291683197,2.0794415416798357,2.0794415416798357,0.0,0.0,1.0,1.0,0.0,8,8.0,0,0.0,1.586138013387513e-308,1.586138013387513e-308,0.0,8.0,8.0,0.0,3.275386333465576,3.275386333465576,0.0,"[8, 0, 0]",8,0
memorias_braz_cubas,intermediario,pt,sbert,150,143,23718,4,0.409423291683197,1.3862943611198906,1.3862943611198906,0.0,0.0,1.0,1.0,0.0,4,4.0,0,0.0,2.0929216562421227e-308,2.0929216562421227e-308,0.0,4.0,4.0,0.0,1.637693166732788,1.637693166732788,0.0,"[4, 0, 0]",4,0
memorias_braz_cubas,intermediario,pt,sbert,150,144,23891,6,0.409423291683197,1.7917594692280547,1.7917594692280547,0.0,0.0,0.9999999999999999,0.9999999999999999,0.0,6,6.0,0,0.0,2.026760480914604e-308,2.026760480914604e-308,0.0,6.0,6.0,0.0,2.456539750099182,2.456539750099182,0.0,"[6, 0, 0]",6,0
memorias_braz_cubas,intermediario,pt,sbert,150,145,24090,8,0.409423291683197,2.079156603879123,2.0794415416798357,0.0002849378007128145,-0.13059327769021695,0.9998629738826499,1.0,0.00013702611735011416,8,8.0,0,0.0,0.02902434803936671,1.586138013387513e-308,0.02902434803936671,7.0,8.0,-1.0,3.2463619854262094,3.275386333465576,-0.02902434803936682,"[7, 0, 0]",8,0
memorias_braz_cubas,intermediario,pt,sbert,150,146,24241,7,0.409423291683197,1.945910149055313,1.945910149055313,0.0,0.0,0.9999999999999999,0.9999999999999999,0.0,7,7.0,0,0.0,2.0241850211726825e-308,2.0241850211726825e-308,0.0,7.0,7.0,0.0,2.865963041782379,2.865963041782379,0.0,"[7, 0, 0]",7,0
memorias_braz_cubas,intermediario,pt,sbert,150,147,24415,7,0.409423291683197,1.945910149055313,1.945910149055313,0.0,0.0,0.9999999999999999,0.9999999999999999,0.0,7,7.0,0,0.0,2.0241850211726825e-308,2.0241850211726825e-308,0.0,7.0,7.0,0.0,2.865963041782379,2.865963041782379,0.0,"[7, 0, 0]",7,0
memorias_braz_cubas,intermediario,pt,sbert,150,148,24571,12,0.409423291683197,2.4652889331152044,2.484906649788001,0.019617716672796437,-10.426291055710902,0.9921052500404915,1.0000000000000002,0.007894749959508673,12,12.0,0,0.0,0.2047116458415985,0.029164384255309067,0.17554726158628944,10.0,12.0,-2.0,4.630745463920917,4.913079500198364,-0.28233403627744735,"[10, 0, 0]",12,0
memorias_braz_cubas,intermediario,pt,sbert,150,149,24722,5,0.409423291683197,1.6094379124341005,1.6094379124341005,0.0,0.0,1.0000000000000002,1.0000000000000002,0.0,5,5.0,0,0.0,1.6222304695591237e-308,1.6222304695591237e-308,0.0,5.0,5.0,0.0,2.047116458415985,2.047116458415985,0.0,"[5, 0, 0]",5,0
memorias_braz_cubas,intermediario,pt,sbert,150,150,24884,8,0.409423291683197,2.0786071721654062,2.0794415416798357,0.0008343695144295005,-0.38240994849246357,0.9995987530797545,1.0,0.00040124692024545716,8,8.0,0,0.0,0.049032376866113,1.586138013387513e-308,0.049032376866113,7.0,8.0,-1.0,3.2263539565994632,3.275386333465576,-0.04903237686611295,"[7, 0, 0]",8,0
memorias_braz_cubas,intermediario,pt,sbert,150,151,25040,6,0.409423291683197,1.7870808640822426,1.7917594692280547,0.004678605145812087,-0.6219644458419414,0.9973888207506848,0.9999999999999999,0.0026111792493150876,6,6.0,0,0.0,0.09892237433806883,2.026760480914604e-308,0.09892237433806883,5.0,6.0,-1.0,2.357617375761113,2.456539750099182,-0.09892237433806894,"[5, 0, 0]",6,0
memorias_braz_cubas,intermediario,pt,sbert,150,152,25197,7,0.409423291683197,1.945909312177607,1.945910149055313,8.368777060230315e-07,-0.00033582411837879573,0.999999569929934,0.9999999999999999,4.3007006589323993e-07,7,7.0,0,0.0,0.001512239038371721,2.0241850211726825e-308,0.001512239038371721,6.0,7.0,-1.0,2.8644508027440074,2.865963041782379,-0.001512239038371721,"[6, 0, 0]",7,0
memorias_braz_cubas,intermediario,pt,sbert,150,153,25382,6,0.409423291683197,1.7756707909600382,1.7917594692280547,0.01608867826801652,-2.1387968318406347,0.9910207376914557,0.9999999999999999,0.008979262308544178,6,6.0,0,0.0,0.17260363901010356,2.026760480914604e-308,0.17260363901010356,5.0,6.0,-1.0,2.2839361110890786,2.456539750099182,-0.17260363901010356,"[5, 0, 0]",6,0
memorias_braz_cubas,intermediario,pt,sbert,150,154,25560,10,0.409423291683197,2.302491815465477,2.3025850929940455,9.327752856824745e-05,-0.13977247371742624,0.999959490084057,0.9999999999999998,4.0509915942732455e-05,10,10.0,0,0.0,0.01844313151986343,0.0029076359727159273,0.015535495547147504,9.0,10.0,-1.0,4.075789785312107,4.09423291683197,-0.018443131519862987,"[9, 0, 0]",10,0
memorias_braz_cubas,intermediario,pt,sbert,150,155,25722,8,0.409423291683197,2.0794415416798357,2.0794415416798357,0.0,0.0,1.0,1.0,0.0,8,8.0,0,0.0,1.586138013387513e-308,1.586138013387513e-308,0.0,8.0,8.0,0.0,3.275386333465576,3.275386333465576,0.0,"[8, 0, 0]",8,0
memorias_braz_cubas,intermediario,pt,sbert,150,156,25872,7,0.409423291683197,1.9454869267578285,1.945910149055313,0.00042322229748448237,-0.16983157026178833,0.9997825067628687,0.9999999999999999,0.0002174932371311611,7,7.0,0,0.0,0.03330766699153226,2.0241850211726825e-308,0.03330766699153226,6.0,7.0,-1.0,2.832655374790847,2.865963041782379,-0.03330766699153198,"[6, 0, 0]",7,0
memorias_braz_cubas,intermediario,pt,sbert,150,157,26052,6,0.409423291683197,1.7873792176529149,1.7917594692280547,0.004380251575139882,-0.5823019166340202,0.9975553350489464,0.9999999999999999,0.0024446649510534435,6,6.0,0,0.0,0.09164627388726776,2.026760480914604e-308,0.09164627388726776,4.0,6.0,-2.0,2.3149316816847025,2.456539750099182,-0.1416080684144796,"[4, 0, 0]",6,0
memorias_braz_cubas,intermediario,pt,sbert,150,158,26212,8,0.409423291683197,2.077585474552259,2.0794415416798357,0.0018560671275769103,-0.8506764957017295,0.9991074203864959,1.0,0.0008925796135040853,8,8.0,0,0.0,0.07202553303781661,1.586138013387513e-308,0.07202553303781661,7.0,8.0,-1.0,3.2033608004277596,3.275386333465576,-0.07202553303781656,"[7, 0, 0]",8,0
memorias_braz_cubas,intermediario,pt,sbert,150,159,26386,9,0.409423291683197,2.188218151559938,2.1972245773362196,0.009006425776281635,-2.6732467653338117,0.9959009989833627,1.0,0.004099001016637294,9,9.0,0,0.0,0.12386931047400096,1.665376020529423e-308,0.12386931047400096,5.0,9.0,-4.0,3.416848286101112,3.684809625148773,-0.2679613390476612,"[5, 0, 0]",9,0
memorias_braz_cubas,intermediario,pt,sbert,150,160,26545,8,0.409423291683197,2.079360873452697,2.0794415416798357,8.066822713859167e-05,-0.036972027442948606,0.9999612067829167,1.0,3.879321708333272e-05,8,8.0,0,0.0,0.015574310270640546,1.586138013387513e-308,0.015574310270640546,7.0,8.0,-1.0,3.259812023194936,3.275386333465576,-0.015574310270640268,"[7, 0, 0]",8,0
memorias_braz_cubas,intermediario,pt,sbert,150,161,26715,12,0.409423291683197,2.4848941400088442,2.484906649788001,1.250977915656648e-05,-0.006648612614020148,0.9999949656945233,1.0000000000000002,5.034305476936396e-06,12,12.0,0,0.0,0.007379877126589884,0.029164384255309067,0.0,11.0,12.0,-1.0,4.905699623071774,4.913079500198364,-0.007379877126590273,"[11, 0, 0]",12,0
memorias_braz_cubas,intermediario,pt,sbert,150,162,26892,6,0.409423291683197,1.7897819422094499,1.7917594692280547,0.0019775270186048743,-0.2628885015793653,0.9988963211566243,0.9999999999999999,0.0011036788433755884,6,6.0,0,0.0,0.06609095395074616,2.026760480914604e-308,0.06609095395074616,4.0,6.0,-2.0,2.366954325246776,2.456539750099182,-0.08958542485240617,"[4, 0, 0]",6,0
memorias_braz_cubas,intermediario,pt,sbert,150,163,27059,8,0.409423291683197,2.0794415416798357,2.0794415416798357,0.0,0.0,1.0,1.0,0.0,8,8.0,0,0.0,1.586138013387513e-308,1.586138013387513e-308,0.0,8.0,8.0,0.0,3.275386333465576,3.275386333465576,0.0,"[8, 0, 0]",8,0
memorias_braz_cubas,intermediario,pt,sbert,150,164,27215,4,0.409423291683197,1.3835250738270761,1.3862943611198906,0.0027692872928144485,0.0,0.9980023814779299,1.0,0.0019976185220701437,4,4.0,0,0.0,0.06650407192269542,2.0929216562421227e-308,0.06650407192269542,3.0,4.0,-1.0,1.5711890948100926,1.637693166732788,-0.06650407192269547,"[3, 0, 0]",4,0
memorias_braz_cubas,intermediario,pt,sbert,150,165,27366,7,0.409423291683197,1.945910149055313,1.945910149055313,0.0,0.0,0.9999999999999999,0.9999999999999999,0.0,7,7.0,0,0.0,2.0241850211726825e-308,2.0241850211726825e-308,0.0,7.0,7.0,0.0,2.865963041782379,2.865963041782379,0.0,"[7, 0, 0]",7,0
memorias_braz_cubas,intermediario,pt,sbert,150,166,27530,8,0.409423291683197,2.07704650458904,2.0794415416798357,0.002395037090795693,-1.0976983155418343,0.9988482306221214,1.0,0.001151769377878642,8,8.0,0,0.0,0.08130412511624946,1.586138013387513e-308,0.08130412511624946,7.0,8.0,-1.0,3.194082208349327,3.275386333465576,-0.08130412511624918,"[7, 0, 0]",8,0
memorias_braz_cubas,intermediario,pt,sbert,150,167,27680,11,0.409423291683197,1.891494148425741,2.3978952727983707,0.5064011243726296,-703.9801908184601,0.788814328082955,1.0,0.21118567191704496,11,11.0,0,0.0,0.2047116458415985,1.356087517279619e-308,0.2047116458415985,2.0,11.0,-9.0,1.8761578447269782,4.503656208515167,-2.627498363788189,"[2, 0, 0]",11,0
memorias_braz_cubas,intermediario,pt,sbert,150,168,27841,8,0.409423291683197,2.0794384832371984,2.0794415416798357,3.058442637371428e-06,-0.0014017517073644055,0.9999985291999914,1.0,1.4708000085628115e-06,8,8.0,0,0.0,0.0030560939088179473,1.586138013387513e-308,0.0030560939088179473,7.0,8.0,-1.0,3.272330239556758,3.275386333465576,-0.003056093908818003,"[7, 0, 0]",8,0
memorias_braz_cubas,intermediario,pt,sbert,150,169,28007,10,0.409423291683197,2.3022708887641614,2.3025850929940455,0.00031420422988404084,-0.4708218918047219,0.9998635428367705,0.9999999999999998,0.00013645716322929768,10,10.0,0,0.0,0.033549191132447365,0.0029076359727159273,0.030641555159731437,9.0,10.0,-1.0,4.060683725699523,4.09423291683197,-0.033549191132447476,"[9, 0, 0]",10,0
memorias_braz_cubas,intermediario,pt,sbert,150,170,28161,10,0.409423291683197,2.302333288841517,2.3025850929940455,0.00025180415252856747,-0.3773179867805674,0.9998906428460363,0.9999999999999998,0.00010935715396342971,10,10.0,0,0.0,0.030095352013448373,0.0029076359727159273,0.027187716040732446,9.0,10.0,-1.0,4.064137564818521,4.09423291683197,-0.030095352013448817,"[9, 0, 0]",10,0
memorias_braz_cubas,intermediario,pt,sbert,150,171,28339,9,0.409423291683197,2.1960382055397702,2.1972245773362196,0.0011863717964493148,-0.3521335373343581,0.999460058926754,1.0,0.0005399410732459531,9,9.0,0,0.0,0.0611270420700159,1.665376020529423e-308,0.0611270420700159,8.0,9.0,-1.0,3.6236825830787573,3.684809625148773,-0.06112704207001585,"[8, 0, 0]",9,0
memorias_braz_cubas,intermediario,pt,sbert,150,172,28509,13,0.409423291683197,2.5649457813538574,2.564949357461537,3.576107679759133e-06,-0.0003125248583105333,0.9999986057784459,1.0000000000000002,1.3942215543183423e-06,13,13.0,0,0.0,0.00392005602637957,0.004446834678819456,0.0,11.0,13.0,-2.0,5.31701062849287,5.322502791881561,-0.005492163388691296,"[11, 0, 0]",13,0
memorias_braz_cubas,intermediario,pt,sbert,150,173,28682,7,0.409423291683197,1.9405186513225412,1.945910149055313,0.0053914977327718105,-2.1635120159355044,0.9972293182522382,0.9999999999999999,0.0027706817477617385,7,7.0,0,0.0,0.11241985407187771,2.0241850211726825e-308,0.11241985407187771,6.0,7.0,-1.0,2.7535431877105014,2.865963041782379,-0.11241985407187771,"[6, 0, 0]",7,0
memorias_braz_cubas,intermediario,pt,sbert,150,174,28849,11,0.409423291683197,2.3978952727983707,2.3978952727983707,0.0,0.0,1.0,1.0,0.0,11,11.0,0,0.0,1.356087517279619e-308,1.356087517279619e-308,0.0,11.0,11.0,0.0,4.503656208515167,4.503656208515167,0.0,"[11, 0, 0]",11,0
memorias_braz_cubas,intermediario,pt,sbert,150,175,29033,12,0.409423291683197,2.4770497040193824,2.484906649788001,0.007856945768618395,-4.175756269645134,0.9968381324226855,1.0000000000000002,0.0031618675773147364,12,12.0,0,0.0,0.16741357178521749,0.029164384255309067,0.13824918752990842,11.0,12.0,-1.0,4.745665928413146,4.913079500198364,-0.1674135717852181,"[11, 0, 0]",12,0
memorias_braz_cubas,intermediario,pt,sbert,150,176,29183,13,0.409423291683197,2.5628084404117937,2.564949357461537,0.002140917049743507,-0.18710001418938277,0.999165318003837,1.0000000000000002,0.0008346819961632113,13,13.0,0,0.0,0.06655555050502221,0.004446834678819456,0.062108715826202754,8.0,13.0,-5.0,5.110926878751654,5.322502791881561,-0.21157591312990753,"[8, 0, 0]",13,0
memorias_braz_cubas,intermediario,pt,sbert,150,177,29338,16,0.409423291683197,2.7436141229753384,2.772588722239781,0.02897459926444279,-9.179776894308809,0.9895496223323609,1.0,0.010450377667639121,16,16.0,0,0.0,0.2047116458415985,0.035298810009620124,0.1694128358319784,12.0,16.0,-4.0,6.018238369867335,6.550772666931152,-0.5325342970638172,"[12, 0, 0]",16,0
memorias_braz_cubas,intermediario,pt,sbert,150,178,29499,5,0.409423291683197,1.6046220399274107,1.6094379124341005,0.0048158725066898,-4.052727983375604,0.9970077301712086,1.0000000000000002,0.0029922698287916383,5,5.0,0,0.0,0.09340816066808838,1.6222304695591237e-308,0.09340816066808838,4.0,5.0,-1.0,1.9537082977478968,2.047116458415985,-0.09340816066808832,"[4, 0, 0]",5,0
memorias_braz_cubas,intermediario,pt,sbert,150,179,29652,16,0.409423291683197,2.7723558950106573,2.772588722239781,0.00023282722912387754,-0.07376467915123783,0.9999160253277898,1.0,8.397467221021859e-05,16,16.0,0,0.0,0.03464039609077452,0.035298810009620124,0.0,13.0,16.0,-3.0,6.502775333253107,6.550772666931152,-0.047997333678045706,"[13, 0, 0]",16,0
memorias_braz_cubas,intermediario,pt,sbert,150,180,29804,10,0.409423291683197,2.3025524900623946,2.3025850929940455,3.2602931650860256e-05,-0.04885412893360205,0.99998584072669,0.9999999999999998,1.4159273309832798e-05,10,10.0,0,0.0,0.010951276967271939,0.0029076359727159273,0.008043640994556012,9.0,10.0,-1.0,4.0832816398646985,4.09423291683197,-0.010951276967271717,"[9, 0, 0]",10,0
memorias_braz_cubas,intermediario,pt,sbert,150,181,29963,9,0.409423291683197,2.194113899722459,2.1972245773362196,0.003110677613760604,-0.9232973296555597,0.9985842696072825,1.0,0.0014157303927174736,9,9.0,0,0.0,0.09669526085990343,1.665376020529423e-308,0.09669526085990343,8.0,9.0,-1.0,3.5881143642888698,3.684809625148773,-0.09669526085990343,"[8, 0, 0]",9,0
memorias_braz_cubas,intermediario,pt,sbert,150,182,30113,12,0.409423291683197,2.484906649788001,2.484906649788001,0.0,0.0,1.0000000000000002,1.0000000000000002,0.0,12,12.0,0,0.0,2.124098469265886e-308,0.029164384255309067,0.0,12.0,12.0,0.0,4.913079500198364,4.913079500198364,0.0,"[12, 0, 0]",12,0
memorias_braz_cubas,intermediario,pt,sbert,150,183,30276,8,0.409423291683197,2.0794415416798357,2.0794415416798357,0.0,0.0,1.0,1.0,0.0,8,8.0,0,0.0,1.586138013387513e-308,1.586138013387513e-308,0.0,8.0,8.0,0.0,3.275386333465576,3.275386333465576,0.0,"[8, 0, 0]",8,0
memorias_braz_cubas,intermediario,pt,sbert,150,184,30435,7,0.409423291683197,1.945910149055313,1.945910149055313,0.0,0.0,0.9999999999999999,0.9999999999999999,0.0,7,7.0,0,0.0,2.0241850211726825e-308,2.0241850211726825e-308,0.0,7.0,7.0,0.0,2.865963041782379,2.865963041782379,0.0,"[7, 0, 0]",7,0
memorias_braz_cubas,intermediario,pt,sbert,150,185,30586,9,0.409423291683197,2.1962648043986457,2.1972245773362196,0.0009597729375738773,-0.2848754838552135,0.9995631885117827,1.0,0.00043681148821728133,9,9.0,0,0.0,0.050157333955614114,1.665376020529423e-308,0.050157333955614114,7.0,9.0,-2.0,3.6045647863960246,3.684809625148773,-0.08024483875274857,"[7, 0, 0]",9,0
memorias_braz_cubas,intermediario,pt,sbert,150,186,30778,6,0.409423291683197,1.7847335580901476,1.7917594692280547,0.0070259111379071815,-0.9340106273628839,0.9960787643327291,0.9999999999999999,0.0039212356672707616,6,6.0,0,0.0,0.10755372934590213,2.026760480914604e-308,0.10755372934590213,4.0,6.0,-2.0,2.273648424992345,2.456539750099182,-0.18289132510683714,"[4, 0, 0]",6,0
memorias_braz_cubas,intermediario,pt,sbert,150,187,30937,7,0.409423291683197,1.9404767264266818,1.945910149055313,0.005433422628631224,-2.1803357299486517,0.997207773117752,0.9999999999999999,0.0027922268822478946,7,7.0,0,0.0,0.11296790890438735,2.0241850211726825e-308,0.11296790890438735,4.0,7.0,-3.0,2.6821115388670216,2.865963041782379,-0.18385150291535757,"[4, 0, 0]",7,0
memorias_braz_cubas,intermediario,pt,sbert,150,188,31091,10,0.409423291683197,2.3025850929940455,2.3025850929940455,0.0,0.0,0.9999999999999998,0.9999999999999998,0.0,10,10.0,0,0.0,1.6874836619026526e-308,0.0029076359727159273,0.0,10.0,10.0,0.0,4.09423291683197,4.09423291683197,0.0,"[10, 0, 0]",10,0
memorias_braz_cubas,intermediario,pt,sbert,150,189,31248,8,0.409423291683197,2.07718732113091,2.0794415416798357,0.002254220548925545,-1.0331589890298034,0.9989159490643317,1.0,0.0010840509356683237,8,8.0,0,0.0,0.07220414052513063,1.586138013387513e-308,0.07220414052513063,6.0,8.0,-2.0,3.1594874279258502,3.275386333465576,-0.11589890553972593,"[6, 0, 0]",8,0
memorias_braz_cubas,intermediario,pt,sbert,150,190,31435,12,0.409423291683197,2.484170664098704,2.484906649788001,0.0007359856892970029,-0.3911566844111588,0.9997038175702256,1.0000000000000002,0.000296182429774583,12,12.0,0,0.0,0.055095222644792274,0.029164384255309067,0.025930838389483207,11.0,12.0,-1.0,4.857984277553572,4.913079500198364,-0.05509522264479205,"[11, 0, 0]",12,0
memorias_braz_cubas,intermediario,pt,sbert,150,191,31592,7,0.409423291683197,1.9458808037287856,1.945910149055313,2.934532652743016e-05,-0.011775756886204958,0.9999849194853412,0.9999999999999999,1.508051465870519e-05,7,7.0,0,0.0,0.008912299861604411,2.0241850211726825e-308,0.008912299861604411,6.0,7.0,-1.0,2.8570507419207747,2.865963041782379,-0.008912299861604467,"[6, 0, 0]",7,0
memorias_braz_cubas,intermediario,pt,sbert,150,192,31744,10,0.409423291683197,2.2991796319012763,2.3025850929940455,0.0034054610927691797,-5.102940958995662,0.998521027039074,0.9999999999999998,0.0014789729609258062,10,10.0,0,0.0,0.10524789798245321,0.0029076359727159273,0.10234026200973728,8.0,10.0,-2.0,3.9655247156958318,4.09423291683197,-0.12870820113613846,"[8, 0, 0]",10,0
memorias_braz_cubas,intermediario,pt,sbert,150,193,31896,17,0.409423291683197,2.824509388962223,2.8331870277532243,0.008677638791001474,-2.8871977931180997,0.9969278857477312,0.9999907114997015,0.003062825751970366,17,17.0,0,0.0,0.1525079385067499,0.04999760184315849,0.10251033666359141,15.0,16.0,-1.0,6.659003049662086,6.947987670926638,-0.28898462126455193,"[15, 0, 0]",17,0
memorias_braz_cubas,intermediario,pt,sbert,150,194,32055,5,0.409423291683197,1.6070776479434163,1.6094379124341005,0.0023602644906841608,-1.9862465080368872,0.9985334852171375,1.0000000000000002,0.001466514782862749,5,5.0,0,0.0,0.06682294676140793,1.6222304695591237e-308,0.06682294676140793,4.0,5.0,-1.0,1.9802935116545772,2.047116458415985,-0.06682294676140788,"[4, 0, 0]",5,0
memorias_braz_cubas,intermediario,pt,sbert,150,195,32213,6,0.409423291683197,1.7917594692280547,1.7917594692280547,0.0,0.0,0.9999999999999999,0.9999999999999999,0.0,6,6.0,0,0.0,2.026760480914604e-308,2.026760480914604e-308,0.0,6.0,6.0,0.0,2.456539750099182,2.456539750099182,0.0,"[6, 0, 0]",6,0
memorias_braz_cubas,intermediario,pt,sbert,150,196,32378,9,0.409423291683197,2.1956014944845306,2.1972245773362196,0.001623082851688995,-0.48175614732459715,0.9992613031601637,1.0,0.0007386968398362947,9,9.0,0,0.0,0.06746081482239108,1.665376020529423e-308,0.06746081482239108,7.0,9.0,-2.0,3.5853763678457757,3.684809625148773,-0.09943325730299746,"[7, 0, 0]",9,0
memorias_braz_cubas,intermediario,pt,sbert,150,197,32550,10,0.409423291683197,2.3021219203770285,2.3025850929940455,0.00046317261701700474,-0.6940447869100009,0.9997988466882606,0.9999999999999998,0.00020115331173919948,10,10.0,0,0.0,0.04056234525527358,0.0029076359727159273,0.03765470928255765,9.0,10.0,-1.0,4.0536705715766965,4.09423291683197,-0.04056234525527369,"[9, 0, 0]",10,0
memorias_braz_cubas,intermediario,pt,sbert,150,198,32706,11,0.409423291683197,2.3025850929940455,2.3978952727983707,0.09531017980432521,-132.49670140190764,0.9999999999999998,1.0,2.220446049250313e-16,10,11.0,0,0.0,0.2047116458415985,1.356087517279619e-308,0.2047116458415985,10.0,11.0,-1.0,4.09423291683197,4.503656208515167,-0.409423291683197,"[10, 0, 0]",10,0
memorias_braz_cubas,intermediario,pt,sbert,150,199,32864,6,0.409423291683197,1.7718487110006005,1.7917594692280547,0.01991075822745425,-2.646896526054658,0.9888875942505649,0.9999999999999999,0.01111240574943495,6,6.0,0,0.0,0.18917709894429197,2.026760480914604e-308,0.18917709894429197,5.0,6.0,-1.0,2.2673626511548903,2.456539750099182,-0.1891770989442918,"[5, 0, 0]",6,0
memorias_braz_cubas,intermediario,pt,sbert,150,200,33036,12,0.409423291683197,2.4761355807689363,2.484906649788001,0.008771069019064548,-4.661588297342855,0.9964702621646522,1.0000000000000002,0.0035297378353480457,12,12.0,0,0.0,0.13678884329565572,0.029164384255309067,0.10762445904034665,9.0,12.0,-3.0,4.580287638384658,4.913079500198364,-0.332791861813706,"[9, 0, 0]",12,0
memorias_braz_cubas,intermediario,pt,sbert,150,201,33186,9,0.409423291683197,2.1970742427875485,2.1972245773362196,0.00015033454867108276,-0.04462162415319543,0.9999315797983411,1.0,6.842020165886975e-05,9,9.0,0,0.0,0.02229150756247522,1.665376020529423e-308,0.02229150756247522,8.0,9.0,-1.0,3.662518117586298,3.684809625148773,-0.02229150756247522,"[8, 0, 0]",9,0
memorias_braz_cubas,intermediario,pt,sbert,150,202,33345,9,0.409423291683197,2.1967998678071745,2.1972245773362196,0.0004247095290450531,-0.12606037099823558,0.9998067063633705,1.0,0.00019329363662945465,9,9.0,0,0.0,0.037129256062740756,1.665376020529423e-308,0.037129256062740756,8.0,9.0,-1.0,3.647680369086032,3.684809625148773,-0.03712925606274098,"[8, 0, 0]",9,0
memorias_braz_cubas,intermediario,pt,sbert,150,203,33508,8,0.409423291683197,2.0794415416798357,2.0794415416798357,0.0,0.0,1.0,1.0,0.0,8,8.0,0,0.0,1.586138013387513e-308,1.586138013387513e-308,0.0,8.0,8.0,0.0,3.275386333465576,3.275386333465576,0.0,"[8, 0, 0]",8,0
memorias_braz_cubas,intermediario,pt,sbert,150,204,33685,12,0.409423291683197,2.3967080707127906,2.484906649788001,0.08819857907521023,-46.875182850073834,0.9995048982751467,1.0000000000000002,0.0004951017248535639,11,12.0,0,0.0,0.2047116458415985,0.029164384255309067,0.17554726158628944,10.0,12.0,-2.0,4.436900709770956,4.913079500198364,-0.47617879042740796,"[10, 0, 0]",11,0
memorias_braz_cubas,intermediario,pt,sbert,150,205,33839,7,0.409423291683197,1.945634466086592,1.945910149055313,0.0002756829687209361,-0.11062666534960797,0.9998583269793546,0.9999999999999999,0.0001416730206452721,7,7.0,0,0.0,0.026995232212338904,2.0241850211726825e-308,0.026995232212338904,6.0,7.0,-1.0,2.83896780957004,2.865963041782379,-0.026995232212339015,"[6, 0, 0]",7,0
memorias_braz_cubas,intermediario,pt,sbert,150,206,34000,11,0.409423291683197,2.3978952727983707,2.3978952727983707,0.0,0.0,1.0,1.0,0.0,11,11.0,0,0.0,1.356087517279619e-308,1.356087517279619e-308,0.0,11.0,11.0,0.0,4.503656208515167,4.503656208515167,0.0,"[11, 0, 0]",11,0
memorias_braz_cubas,intermediario,pt,sbert,150,207,34193,12,0.409423291683197,2.3978952727983707,2.484906649788001,0.08701137698963013,-46.24421673446214,1.0,1.0000000000000002,2.220446049250313e-16,11,12.0,0,0.0,0.2047116458415985,0.029164384255309067,0.17554726158628944,11.0,12.0,-1.0,4.503656208515167,4.913079500198364,-0.409423291683197,"[11, 0, 0]",11,0
memorias_braz_cubas,intermediario,pt,sbert,150,208,34346,9,0.409423291683197,2.1972122396471736,2.1972245773362196,1.2337689045960332e-05,-0.0036620173366292454,0.9999943848757322,1.0,5.615124267777105e-06,9,9.0,0,0.0,0.006073936787987622,1.665376020529423e-308,0.006073936787987622,6.0,9.0,-3.0,3.673488121746577,3.684809625148773,-0.011321503402196065,"[6, 0, 0]",9,0
memorias_braz_cubas,intermediario,pt,sbert,150,209,34510,13,0.409423291683197,2.564949357461537,2.564949357461537,0.0,0.0,1.0000000000000002,1.0000000000000002,0.0,13,13.0,0,0.0,1.7534392111679133e-308,0.004446834678819456,0.0,13.0,13.0,0.0,5.322502791881561,5.322502791881561,0.0,"[13, 0, 0]",13,0
memorias_braz_cubas,intermediario,pt,sbert,150,210,34674,9,0.409423291683197,2.1972245773362196,2.1972245773362196,0.0,0.0,1.0,1.0,0.0,9,9.0,0,0.0,1.665376020529423e-308,1.665376020529423e-308,0.0,9.0,9.0,0.0,3.684809625148773,3.684809625148773,0.0,"[9, 0, 0]",9,0
memorias_braz_cubas,intermediario,pt,sbert,150,211,34826,15,0.409423291683197,2.6381867590132613,2.708037382049917,0.06985062303665579,-17.74680564048605,0.9996701206176055,0.9999952663165963,0.00032514569899078083,14,15.0,0,0.0,0.20057658386979077,0.045615959671612305,0.15496062419817846,12.0,14.0,-2.0,5.645888195140534,6.133074183803901,-0.4871859886633665,"[12, 0, 0]",14,0
memorias_braz_cubas,intermediario,pt,sbert,150,212,35003,12,0.409423291683197,2.4790273324981538,2.484906649788001,0.00587931728984703,-3.124699693406293,0.9976339886690117,1.0000000000000002,0.002366011330988571,12,12.0,0,0.0,0.11251992963808777,0.029164384255309067,0.0833555453827787,10.0,12.0,-2.0,4.693285276650213,4.913079500198364,-0.21979422354815092,"[10, 0, 0]",12,0
memorias_braz_cubas,intermediario,pt,sbert,150,213,35155,10,0.409423291683197,2.3008557864749073,2.3025850929940455,0.001729306519138163,-2.591293462698935,0.9992489717212187,0.9999999999999998,0.0007510282787810407,10,10.0,0,0.0,0.07643881927624102,0.0029076359727159273,0.0735311833035251,8.0,10.0,-2.0,4.00038663135128,4.09423291683197,-0.09384628548068985,"[8, 0, 0]",10,0
memorias_braz_cubas,intermediario,pt,sbert,150,214,35309,9,0.409423291683197,2.1972245773362196,2.1972245773362196,0.0,0.0,1.0,1.0,0.0,9,9.0,0,0.0,1.665376020529423e-308,1.665376020529423e-308,0.0,9.0,9.0,0.0,3.684809625148773,3.684809625148773,0.0,"[9, 0, 0]",9,0
memorias_braz_cubas,intermediario,pt,sbert,150,215,35461,10,0.409423291683197,2.3008891366467865,2.3025850929940455,0.0016959563472589423,-2.5413196255485495,0.9992634555168365,0.9999999999999998,0.0007365444831632928,10,10.0,0,0.0,0.07628000173801774,0.0029076359727159273,0.07337236576530182,8.0,10.0,-2.0,4.008889298516497,4.09423291683197,-0.08534361831547344,"[8, 0, 0]",10,0
memorias_braz_cubas,intermediario,pt,sbert,150,216,35611,9,0.409423291683197,2.1962708550182994,2.1972245773362196,0.0009537223179201249,-0.28307956616050994,0.9995659422674598,1.0,0.0004340577325402384,9,9.0,0,0.0,0.04107087666485193,1.665376020529423e-308,0.04107087666485193,5.0,9.0,-4.0,3.565557793656156,3.684809625148773,-0.1192518314926172,"[5, 0, 0]",9,0
memorias_braz_cubas,intermediario,pt,sbert,150,217,35779,8,0.409423291683197,2.0794415416798357,2.0794415416798357,0.0,0.0,1.0,1.0,0.0,8,8.0,0,0.0,1.586138013387513e-308,1.586138013387513e-308,0.0,8.0,8.0,0.0,3.275386333465576,3.275386333465576,0.0,"[8, 0, 0]",8,0
memorias_braz_cubas,intermediario,pt,sbert,150,218,35938,8,0.409423291683197,2.0375405491921486,2.0794415416798357,0.041900992487687194,-19.20414888355014,0.9798498819765626,1.0,0.020150118023437358,8,8.0,0,0.0,0.2047116458415985,1.586138013387513e-308,0.2047116458415985,5.0,8.0,-3.0,2.8594735020264963,3.275386333465576,-0.41591283143907987,"[5, 0, 0]",8,0
memorias_braz_cubas,intermediario,pt,sbert,150,219,36098,11,0.409423291683197,2.3851273789253664,2.3978952727983707,0.012767893873004255,-17.749455782119096,0.99467537468469,1.0,0.005324625315309972,11,11.0,0,0.0,0.1779252330768918,1.356087517279619e-308,0.1779252330768918,7.0,11.0,-4.0,4.182274261915519,4.503656208515167,-0.32138194659964814,"[7, 0, 0]",11,0
memorias_braz_cubas,intermediario,pt,sbert,150,220,36258,9,0.409423291683197,2.188707401294799,2.1972245773362196,0.008517176041420438,-2.5280298609095917,0.9961236661335064,1.0,0.003876333866493553,9,9.0,0,0.0,0.15449351314826903,1.665376020529423e-308,0.15449351314826903,6.0,9.0,-3.0,3.478440976575607,3.684809625148773,-0.20636864857316617,"[6, 0, 0]",9,0
memorias_braz_cubas,intermediario,pt,sbert,150,221,36447,7,0.409423291683197,1.9414596802900954,1.945910149055313,0.004450468765217597,-1.7858938512701106,0.9977129114787862,0.9999999999999999,0.0022870885212137315,7,7.0,0,0.0,0.07688839803623071,2.0241850211726825e-308,0.07688839803623071,4.0,7.0,-3.0,2.6510751545897584,2.865963041782379,-0.21488788719262075,"[4, 0, 0]",7,0
memorias_braz_cubas,intermediario,pt,sbert,150,222,36625,8,0.409423291683197,2.0794415416798357,2.0794415416798357,0.0,0.0,1.0,1.0,0.0,8,8.0,0,0.0,1.586138013387513e-308,1.586138013387513e-308,0.0,8.0,8.0,0.0,3.275386333465576,3.275386333465576,0.0,"[8, 0, 0]",8,0
memorias_braz_cubas,intermediario,pt,sbert,150,223,36823,7,0.409423291683197,1.9449687724844205,1.945910149055313,0.0009413765708925492,-0.37775765169414605,0.9995162281406725,0.9999999999999999,0.0004837718593273532,7,7.0,0,0.0,0.04737173552248808,2.0241850211726825e-308,0.04737173552248808,5.0,7.0,-2.0,2.795843045102767,2.865963041782379,-0.07011999667961222,"[5, 0, 0]",7,0
memorias_braz_cubas,intermediario,pt,sbert,150,224,36981,8,0.409423291683197,2.0794415416798357,2.0794415416798357,0.0,0.0,1.0,1.0,0.0,8,8.0,0,0.0,1.586138013387513e-308,1.586138013387513e-308,0.0,8.0,8.0,0.0,3.275386333465576,3.275386333465576,0.0,"[8, 0, 0]",8,0
memorias_braz_cubas,intermediario,pt,sbert,150,225,37136,9,0.409423291683197,2.1972245773362196,2.1972245773362196,0.0,0.0,1.0,1.0,0.0,9,9.0,0,0.0,1.665376020529423e-308,1.665376020529423e-308,0.0,9.0,9.0,0.0,3.684809625148773,3.684809625148773,0.0,"[9, 0, 0]",9,0
memorias_braz_cubas,intermediario,pt,sbert,150,226,37289,13,0.409423291683197,2.5625709731653434,2.564949357461537,0.0023783842961937474,-0.20785286175331644,0.9990727363527571,1.0000000000000002,0.0009272636472431595,13,13.0,0,0.0,0.09913663126747274,0.004446834678819456,0.09468979658865329,11.0,13.0,-2.0,5.200006583689107,5.322502791881561,-0.12249620819245433,"[11, 0, 0]",13,0
memorias_braz_cubas,intermediario,pt,sbert,150,227,37461,7,0.409423291683197,1.945910149055313,1.945910149055313,0.0,0.0,0.9999999999999999,0.9999999999999999,0.0,7,7.0,0,0.0,2.0241850211726825e-308,2.0241850211726825e-308,0.0,7.0,7.0,0.0,2.865963041782379,2.865963041782379,0.0,"[7, 0, 0]",7,0
memorias_braz_cubas,intermediario,pt,sbert,150,228,37620,10,0.409423291683197,2.3025850929940455,2.3025850929940455,0.0,0.0,0.9999999999999998,0.9999999999999998,0.0,10,10.0,0,0.0,1.6874836619026526e-308,0.0029076359727159273,0.0,10.0,10.0,0.0,4.09423291683197,4.09423291683197,0.0,"[10, 0, 0]",10,0
memorias_braz_cubas,intermediario,pt,sbert,150,229,37771,10,0.409423291683197,2.295263106176102,2.3025850929940455,0.007321986817943493,-10.97169088610188,0.9968201015283986,0.9999999999999998,0.0031798984716011613,10,10.0,0,0.0,0.11863595906934216,0.0029076359727159273,0.11572832309662623,8.0,10.0,-2.0,3.8680839648820378,4.09423291683197,-0.22614895194993245,"[8, 0, 0]",10,0
memorias_braz_cubas,intermediario,pt,sbert,150,230,37924,10,0.409423291683197,2.3010282007101353,2.3025850929940455,0.001556892283910205,-2.3329379452253156,0.9993238502721798,0.9999999999999998,0.0006761497278199302,10,10.0,0,0.0,0.07323740314616417,0.0029076359727159273,0.07032976717344824,8.0,10.0,-2.0,4.014351196861167,4.09423291683197,-0.07988171997080329,"[8, 0, 0]",10,0
memorias_braz_cubas,intermediario,pt,sbert,150,231,38095,8,0.409423291683197,2.0794415416798357,2.0794415416798357,0.0,0.0,1.0,1.0,0.0,8,8.0,0,0.0,1.586138013387513e-308,1.586138013387513e-308,0.0,8.0,8.0,0.0,3.275386333465576,3.275386333465576,0.0,"[8, 0, 0]",8,0
memorias_braz_cubas,intermediario,pt,sbert,150,232,38265,14,0.409423291683197,2.636738791387887,2.639057329615258,0.0023185382273709365,-0.2117771190948553,0.9991214521180146,0.9999999999999998,0.0008785478819851589,14,14.0,0,0.0,0.09484293475310673,1.631585773013718e-308,0.09484293475310673,12.0,14.0,-2.0,5.590332365227867,5.731926083564758,-0.1415937183368916,"[12, 0, 0]",14,0
memorias_braz_cubas,intermediario,pt,sbert,150,233,38417,9,0.409423291683197,2.1863318807696053,2.1972245773362196,0.01089269656661429,-3.2331211721245423,0.9950425201506621,1.0,0.00495747984933792,9,9.0,0,0.0,0.1714385031759323,1.665376020529423e-308,0.1714385031759323,8.0,9.0,-1.0,3.513371121972841,3.684809625148773,-0.17143850317593223,"[8, 0, 0]",9,0
memorias_braz_cubas,intermediario,pt,sbert,150,234,38589,12,0.409423291683197,2.4848866507545915,2.484906649788001,1.999903340932363e-05,-0.010628950689640645,0.9999919517968973,1.0000000000000002,8.048203102961615e-06,12,12.0,0,0.0,0.00932107736974852,0.029164384255309067,0.0,11.0,12.0,-1.0,4.9037584228286155,4.913079500198364,-0.009321077369748743,"[11, 0, 0]",12,0
memorias_braz_cubas,intermediario,pt,sbert,150,235,38746,8,0.409423291683197,2.0790436751902046,2.0794415416798357,0.0003978664896311379,-0.18235098619435047,0.9998086666628244,1.0,0.00019133333717558099,8,8.0,0,0.0,0.0341846052797366,1.586138013387513e-308,0.0341846052797366,7.0,8.0,-1.0,3.24120172818584,3.275386333465576,-0.034184605279736324,"[7, 0, 0]",8,0
memorias_braz_cubas,intermediario,pt,sbert,150,236,38898,10,0.409423291683197,2.3025850929940455,2.3025850929940455,0.0,0.0,0.9999999999999998,0.9999999999999998,0.0,10,10.0,0,0.0,1.6874836619026526e-308,0.0029076359727159273,0.0,10.0,10.0,0.0,4.09423291683197,4.09423291683197,0.0,"[10, 0, 0]",10,0
memorias_braz_cubas,intermediario,pt,sbert,150,237,39083,5,0.409423291683197,1.6094379124341005,1.6094379124341005,0.0,0.0,1.0000000000000002,1.0000000000000002,0.0,5,5.0,0,0.0,1.6222304695591237e-308,1.6222304695591237e-308,0.0,5.0,5.0,0.0,2.047116458415985,2.047116458415985,0.0,"[5, 0, 0]",5,0
memorias_braz_cubas,intermediario,pt,sbert,150,238,39241,6,0.409423291683197,1.7733033416662805,1.7917594692280547,0.018456127561774283,-2.45352082374856,0.9896994390827882,0.9999999999999999,0.010300560917211654,6,6.0,0,0.0,0.18313721514037945,2.026760480914604e-308,0.18313721514037945,5.0,6.0,-1.0,2.2734025349588025,2.456539750099182,-0.18313721514037962,"[5, 0, 0]",6,0
memorias_braz_cubas,intermediario,pt,sbert,150,239,39406,8,0.409423291683197,2.0794415416798357,2.0794415416798357,0.0,0.0,1.0,1.0,0.0,8,8.0,0,0.0,1.586138013387513e-308,1.586138013387513e-308,0.0,8.0,8.0,0.0,3.275386333465576,3.275386333465576,0.0,"[8, 0, 0]",8,0
memorias_braz_cubas,intermediario,pt,sbert,150,240,39559,7,0.409423291683197,1.945910149055313,1.945910149055313,0.0,0.0,0.9999999999999999,0.9999999999999999,0.0,7,7.0,0,0.0,2.0241850211726825e-308,2.0241850211726825e-308,0.0,7.0,7.0,0.0,2.865963041782379,2.865963041782379,0.0,"[7, 0, 0]",7,0
memorias_braz_cubas,intermediario,pt,sbert,150,241,39715,10,0.409423291683197,2.2867219491081503,2.3025850929940455,0.01586314388589516,-23.770257380316124,0.9931107241447182,0.9999999999999998,0.00688927585528154,10,10.0,0,0.0,0.2047116458415985,0.0029076359727159273,0.20180400986888258,5.0,10.0,-5.0,3.701250349479643,4.09423291683197,-0.3929825673523273,"[5, 0, 0]",10,0
memorias_braz_cubas,intermediario,pt,sbert,150,242,39898,8,0.409423291683197,2.0794415416798357,2.0794415416798357,0.0,0.0,1.0,1.0,0.0,8,8.0,0,0.0,1.586138013387513e-308,1.586138013387513e-308,0.0,8.0,8.0,0.0,3.275386333465576,3.275386333465576,0.0,"[8, 0, 0]",8,0
memorias_braz_cubas,intermediario,pt,sbert,150,243,40079,7,0.409423291683197,1.945520519157282,1.945910149055313,0.00038962989803104087,-0.15635153865204454,0.9997997698412641,0.9999999999999999,0.00020023015873582573,7,7.0,0,0.0,0.031986643095944456,2.0241850211726825e-308,0.031986643095944456,6.0,7.0,-1.0,2.833976398686435,2.865963041782379,-0.031986643095944345,"[6, 0, 0]",7,0
memorias_braz_cubas,intermediario,pt,sbert,150,244,40242,8,0.409423291683197,2.0794415416798357,2.0794415416798357,0.0,0.0,1.0,1.0,0.0,8,8.0,0,0.0,1.586138013387513e-308,1.586138013387513e-308,0.0,8.0,8.0,0.0,3.275386333465576,3.275386333465576,0.0,"[8, 0, 0]",8,0
memorias_braz_cubas,intermediario,pt,sbert,150,245,40403,10,0.409423291683197,2.289678486108834,2.3025850929940455,0.012906606885211502,-19.34001038979577,0.994394731849658,0.9999999999999998,0.005605268150341791,10,10.0,0,0.0,0.19291128352307935,0.0029076359727159273,0.19000364755036342,9.0,10.0,-1.0,3.901321633308891,4.09423291683197,-0.1929112835230793,"[9, 0, 0]",10,0
memorias_braz_cubas,intermediario,pt,sbert,150,246,40564,7,0.409423291683197,1.945910149055313,1.945910149055313,0.0,0.0,0.9999999999999999,0.9999999999999999,0.0,7,7.0,0,0.0,2.0241850211726825e-308,2.0241850211726825e-308,0.0,7.0,7.0,0.0,2.865963041782379,2.865963041782379,0.0,"[7, 0, 0]",7,0
memorias_braz_cubas,intermediario,pt,sbert,150,247,40729,8,0.409423291683197,2.0794415416798357,2.0794415416798357,0.0,0.0,1.0,1.0,0.0,8,8.0,0,0.0,1.586138013387513e-308,1.586138013387513e-308,0.0,8.0,8.0,0.0,3.275386333465576,3.275386333465576,0.0,"[8, 0, 0]",8,0
memorias_braz_cubas,intermediario,pt,sbert,150,248,40880,9,0.409423291683197,2.1953129587593563,2.1972245773362196,0.0019116185768632832,-0.5673980227105796,0.9991299848924953,1.0,0.0008700151075047291,9,9.0,0,0.0,0.0768101944597217,1.665376020529423e-308,0.0768101944597217,8.0,9.0,-1.0,3.6079994306890515,3.684809625148773,-0.0768101944597217,"[8, 0, 0]",9,0
memorias_braz_cubas,intermediario,pt,sbert,150,249,41036,12,0.409423291683197,2.439251729161103,2.484906649788001,0.04565492062689769,-24.264367689716497,0.9816271083540332,1.0000000000000002,0.018372891645967004,12,12.0,0,0.0,0.2047116458415985,0.029164384255309067,0.17554726158628944,10.0,12.0,-2.0,4.495895815375634,4.913079500198364,-0.4171836848227306,"[10, 0, 0]",12,0
memorias_braz_cubas,intermediario,pt,sbert,150,250,41200,7,0.409423291683197,1.945910149055313,1.945910149055313,0.0,0.0,0.9999999999999999,0.9999999999999999,0.0,7,7.0,0,0.0,2.0241850211726825e-308,2.0241850211726825e-308,0.0,7.0,7.0,0.0,2.865963041782379,2.865963041782379,0.0,"[7, 0, 0]",7,0
memorias_braz_cubas,intermediario,pt,sbert,150,251,41360,8,0.409423291683197,2.0794415416798357,2.0794415416798357,0.0,0.0,1.0,1.0,0.0,8,8.0,0,0.0,1.586138013387513e-308,1.586138013387513e-308,0.0,8.0,8.0,0.0,3.275386333465576,3.275386333465576,0.0,"[8, 0, 0]",8,0
memorias_braz_cubas,intermediario,pt,sbert,150,252,41511,7,0.409423291683197,1.945910149055313,1.945910149055313,0.0,0.0,0.9999999999999999,0.9999999999999999,0.0,7,7.0,0,0.0,2.0241850211726825e-308,2.0241850211726825e-308,0.0,7.0,7.0,0.0,2.865963041782379,2.865963041782379,0.0,"[7, 0, 0]",7,0
memorias_braz_cubas,intermediario,pt,sbert,150,253,41664,10,0.409423291683197,2.3025850929940455,2.3025850929940455,0.0,0.0,0.9999999999999998,0.9999999999999998,0.0,10,10.0,0,0.0,1.6874836619026526e-308,0.0029076359727159273,0.0,10.0,10.0,0.0,4.09423291683197,4.09423291683197,0.0,"[10, 0, 0]",10,0
memorias_braz_cubas,intermediario,pt,sbert,150,254,41818,8,0.409423291683197,2.0794415416798357,2.0794415416798357,0.0,0.0,1.0,1.0,0.0,8,8.0,0,0.0,1.586138013387513e-308,1.586138013387513e-308,0.0,8.0,8.0,0.0,3.275386333465576,3.275386333465576,0.0,"[8, 0, 0]",8,0
memorias_braz_cubas,intermediario,pt,sbert,150,255,41979,13,0.409423291683197,2.564949357461537,2.564949357461537,0.0,0.0,1.0000000000000002,1.0000000000000002,0.0,13,13.0,0,0.0,1.7534392111679133e-308,0.004446834678819456,0.0,13.0,13.0,0.0,5.322502791881561,5.322502791881561,0.0,"[13, 0, 0]",13,0
memorias_braz_cubas,intermediario,pt,sbert,150,256,42134,14,0.409423291683197,2.6312287417324187,2.639057329615258,0.007828587882839244,-0.7150694212570955,0.9970335665712949,0.9999999999999998,0.00296643342870484,14,14.0,0,0.0,0.17854665412824267,1.631585773013718e-308,0.17854665412824267,13.0,14.0,-1.0,5.553379429436516,5.731926083564758,-0.1785466541282421,"[13, 0, 0]",14,0
memorias_braz_cubas,intermediario,pt,sbert,150,257,42291,10,0.409423291683197,2.289954418264568,2.3025850929940455,0.01263067472947732,-18.926537599755772,0.994514567662273,0.9999999999999998,0.005485432337726803,10,10.0,0,0.0,0.17156957120683863,0.0029076359727159273,0.1686619352341227,8.0,10.0,-2.0,3.815208661614705,4.09423291683197,-0.27902425521726526,"[8, 0, 0]",10,0
memorias_braz_cubas,intermediario,pt,sbert,150,258,42446,11,0.409423291683197,2.3977009529988274,2.3978952727983707,0.0001943197995433188,-0.27013622793943426,0.9999189623492953,1.0,8.103765070466284e-05,11,11.0,0,0.0,0.0276408257656951,1.356087517279619e-308,0.0276408257656951,10.0,11.0,-1.0,4.476015382749472,4.503656208515167,-0.02764082576569482,"[10, 0, 0]",11,0
memorias_braz_cubas,intermediario,pt,sbert,150,259,42606,11,0.409423291683197,2.397176504077516,2.3978952727983707,0.0007187687208545235,-0.9992058013069778,0.9997002501614611,1.0,0.0002997498385388653,11,11.0,0,0.0,0.05239419419099284,1.356087517279619e-308,0.05239419419099284,10.0,11.0,-1.0,4.451262014324175,4.503656208515167,-0.05239419419099267,"[10, 0, 0]",11,0
memorias_braz_cubas,intermediario,pt,sbert,150,260,42761,12,0.409423291683197,2.480483393408974,2.484906649788001,0.004423256379026963,-2.350842312128827,0.9982199506853089,1.0000000000000002,0.0017800493146913343,12,12.0,0,0.0,0.12920667782167844,0.029164384255309067,0.10004229356636937,9.0,12.0,-3.0,4.7800202826686595,4.913079500198364,-0.13305921752970473,"[9, 0, 0]",12,0
memorias_braz_cubas,intermediario,pt,sbert,150,261,42917,8,0.409423291683197,2.0793962983415883,2.0794415416798357,4.5243338247402676e-05,-0.020736019652690996,0.9999782425534257,1.0,2.1757446574288686e-05,8,8.0,0,0.0,0.011691827587660908,1.586138013387513e-308,0.011691827587660908,7.0,8.0,-1.0,3.263694505877915,3.275386333465576,-0.011691827587660963,"[7, 0, 0]",8,0
memorias_braz_cubas,intermediario,pt,sbert,150,262,43074,6,0.409423291683197,1.7899944916614756,1.7917594692280547,0.0017649775665791179,-0.23463260093736704,0.9990149472644675,0.9999999999999999,0.000985052735532399,6,6.0,0,0.0,0.062455774734406,2.026760480914604e-308,0.062455774734406,5.0,6.0,-1.0,2.3940839753647762,2.456539750099182,-0.06245577473440589,"[5, 0, 0]",6,0
memorias_braz_cubas,intermediario,pt,sbert,150,263,43250,10,0.409423291683197,2.3024164547136414,2.3025850929940455,0.00016863828040403206,-0.25269740716038136,0.9999267613253827,0.9999999999999998,7.323867461705991e-05,10,10.0,0,0.0,0.02470751152367434,0.0029076359727159273,0.021799875550958414,9.0,10.0,-1.0,4.069525405308296,4.09423291683197,-0.02470751152367434,"[9, 0, 0]",10,0
memorias_braz_cubas,intermediario,pt,sbert,150,264,43426,10,0.409423291683197,2.3025850929940455,2.3025850929940455,0.0,0.0,0.9999999999999998,0.9999999999999998,0.0,10,10.0,0,0.0,1.6874836619026526e-308,0.0029076359727159273,0.0,10.0,10.0,0.0,4.09423291683197,4.09423291683197,0.0,"[10, 0, 0]",10,0
memorias_braz_cubas,intermediario,pt,sbert,150,265,43606,9,0.409423291683197,2.1922860770696726,2.1972245773362196,0.0049385002665469635,-1.4658234233066987,0.997752391668341,1.0,0.0022476083316590456,9,9.0,0,0.0,0.11990423841839415,1.665376020529423e-308,0.11990423841839415,8.0,9.0,-1.0,3.564905386730379,3.684809625148773,-0.11990423841839437,"[8, 0, 0]",9,0
memorias_braz_cubas,intermediario,pt,sbert,150,266,43767,9,0.409423291683197,2.1958262579600256,2.1972245773362196,0.001398319376193946,-0.41504286408024343,0.9993635974262179,1.0,0.0006364025737820578,9,9.0,0,0.0,0.06614954003402063,1.665376020529423e-308,0.06614954003402063,8.0,9.0,-1.0,3.618660085114753,3.684809625148773,-0.0661495400340204,"[8, 0, 0]",9,0
memorias_braz_cubas,intermediario,pt,sbert,150,267,43923,9,0.409423291683197,2.1968080904477945,2.1972245773362196,0.00041648688842510495,-0.1236197638155654,0.9998104486483899,1.0,0.00018955135161013992,9,9.0,0,0.0,0.036776095319904833,1.665376020529423e-308,0.036776095319904833,8.0,9.0,-1.0,3.6480335298288686,3.684809625148773,-0.036776095319904556,"[8, 0, 0]",9,0
memorias_braz_cubas,intermediario,pt,sbert,150,268,44116,5,0.409423291683197,1.6094379124341005,1.6094379124341005,0.0,0.0,1.0000000000000002,1.0000000000000002,0.0,5,5.0,0,0.0,1.6222304695591237e-308,1.6222304695591237e-308,0.0,5.0,5.0,0.0,2.047116458415985,2.047116458415985,0.0,"[5, 0, 0]",5,0
memorias_braz_cubas,intermediario,pt,sbert,150,269,44272,6,0.409423291683197,1.7917526005886242,1.7917594692280547,6.868639430557266e-06,-0.0009131032399557495,0.9999961665393438,0.9999999999999999,3.833460656132992e-06,6,6.0,0,0.0,0.004060595617477902,2.026760480914604e-308,0.004060595617477902,5.0,6.0,-1.0,2.452479154481704,2.456539750099182,-0.004060595617477958,"[5, 0, 0]",6,0
memorias_braz_cubas,intermediario,pt,sbert,150,270,44438,7,0.409423291683197,1.945910149055313,1.945910149055313,0.0,0.0,0.9999999999999999,0.9999999999999999,0.0,7,7.0,0,0.0,2.0241850211726825e-308,2.0241850211726825e-308,0.0,7.0,7.0,0.0,2.865963041782379,2.865963041782379,0.0,"[7, 0, 0]",7,0
memorias_braz_cubas,intermediario,pt,sbert,150,271,44615,14,0.409423291683197,2.628214332569208,2.639057329615258,0.010842997046049963,-0.9904079430988432,0.9958913370602558,0.9999999999999998,0.00410866293974399,14,14.0,0,0.0,0.14471823584465804,1.631585773013718e-308,0.14471823584465804,9.0,14.0,-5.0,5.246084101406733,5.731926083564758,-0.4858419821580249,"[9, 0, 0]",14,0
memorias_braz_cubas,intermediario,pt,sbert,150,272,44773,12,0.409423291683197,2.3025336615941785,2.484906649788001,0.1823729881938223,-96.92635933748915,0.999977663626841,1.0000000000000002,2.233637315918191e-05,10,12.0,0,0.0,0.2047116458415985,0.029164384255309067,0.17554726158628944,9.0,12.0,-3.0,4.080500371042401,4.913079500198364,-0.8325791291559632,"[9, 0, 0]",10,0
memorias_braz_cubas,intermediario,pt,sbert,150,273,44937,9,0.409423291683197,2.1857997159852633,2.1972245773362196,0.011424861350956217,-3.3910759283956757,0.9948003215197934,1.0,0.005199678480206638,9,9.0,0,0.0,0.1756414165707177,1.665376020529423e-308,0.1756414165707177,7.0,9.0,-2.0,3.4874250612885755,3.684809625148773,-0.19738456386019765,"[7, 0, 0]",9,0
memorias_braz_cubas,intermediario,pt,sbert,150,274,45114,10,0.409423291683197,2.2967762789759996,2.3025850929940455,0.005808814018045894,-8.704264758394547,0.9974772641255603,0.9999999999999998,0.002522735874439519,10,10.0,0,0.0,0.1312706614445197,0.0029076359727159273,0.12836302547180378,8.0,10.0,-2.0,3.914366785996728,4.09423291683197,-0.17986613083524228,"[8, 0, 0]",10,0
memorias_braz_cubas,intermediario,pt,sbert,150,275,45266,9,0.409423291683197,2.1972245773362196,2.1972245773362196,0.0,0.0,1.0,1.0,0.0,9,9.0,0,0.0,1.665376020529423e-308,1.665376020529423e-308,0.0,9.0,9.0,0.0,3.684809625148773,3.684809625148773,0.0,"[9, 0, 0]",9,0
memorias_braz_cubas,intermediario,pt,sbert,150,276,45429,13,0.409423291683197,2.562437444667686,2.564949357461537,0.002511912793851323,-0.21952224605263457,0.9990206774310987,1.0000000000000002,0.0009793225689015417,13,13.0,0,0.0,0.0884331866403496,0.004446834678819456,0.08398635196153015,9.0,13.0,-4.0,5.131687507843143,5.322502791881561,-0.1908152840384183,"[9, 0, 0]",13,0
memorias_braz_cubas,intermediario,pt,sbert,150,277,45580,19,0.409423291683197,2.9394825735948635,2.9444151273461285,0.004932553751265001,-7.639724000861935,0.9983166893229419,0.9999918993667449,0.0016752100438029993,19,19.0,0,0.0,0.09690946340153411,0.03837123942119658,0.058538223980337534,13.0,18.0,-5.0,7.333760403505348,7.76633708136815,-0.4325766778628015,"[13, 0, 0]",19,0
memorias_braz_cubas,intermediario,pt,sbert,150,278,45730,15,0.409423291683197,2.6988769411661395,2.708037382049917,0.009160440883777543,-2.327374572740039,0.9966125960544095,0.9999952663165963,0.003382670262186749,15,15.0,0,0.0,0.17037301189907597,0.045615959671612305,0.12475705222746367,8.0,14.0,-6.0,5.631790092013524,6.133074183803901,-0.5012840917903763,"[8, 0, 0]",15,0
memorias_braz_cubas,intermediario,pt,sbert,150,279,45880,11,0.409423291683197,2.3954833743914357,2.3978952727983707,0.002411898406935009,-3.3529323278110374,0.9989941602394835,1.0,0.0010058397605164915,11,11.0,0,0.0,0.08688106184803995,1.356087517279619e-308,0.08688106184803995,8.0,11.0,-3.0,4.366515281517657,4.503656208515167,-0.13714092699751035,"[8, 0, 0]",11,0
memorias_braz_cubas,intermediario,pt,sbert,150,280,46037,9,0.409423291683197,2.1971713838615083,2.1972245773362196,5.319347471122171e-05,-0.015788647765589792,0.9999757906063587,1.0,2.4209393641339005e-05,9,9.0,0,0.0,0.013331549383433838,1.665376020529423e-308,0.013331549383433838,8.0,9.0,-1.0,3.6714780757653394,3.684809625148773,-0.013331549383433838,"[8, 0, 0]",9,0
memorias_braz_cubas,intermediario,pt,sbert,150,281,46193,9,0.409423291683197,2.1972245773362196,2.1972245773362196,0.0,0.0,1.0,1.0,0.0,9,9.0,0,0.0,1.665376020529423e-308,1.665376020529423e-308,0.0,9.0,9.0,0.0,3.684809625148773,3.684809625148773,0.0,"[9, 0, 0]",9,0
memorias_braz_cubas,intermediario,pt,sbert,150,282,46344,5,0.409423291683197,1.6094379124341005,1.6094379124341005,0.0,0.0,1.0000000000000002,1.0000000000000002,0.0,5,5.0,0,0.0,1.6222304695591237e-308,1.6222304695591237e-308,0.0,5.0,5.0,0.0,2.047116458415985,2.047116458415985,0.0,"[5, 0, 0]",5,0
memorias_braz_cubas,intermediario,pt,sbert,150,283,46512,6,0.409423291683197,1.786619551507781,1.7917594692280547,0.005139917720273779,-0.6832904203135879,0.997131357300716,0.9999999999999999,0.0028686426992838854,6,6.0,0,0.0,0.10332925719855846,2.026760480914604e-308,0.10332925719855846,5.0,6.0,-1.0,2.3532104929006237,2.456539750099182,-0.10332925719855846,"[5, 0, 0]",6,0
memorias_braz_cubas,intermediario,pt,sbert,150,284,46662,5,0.409423291683197,1.6094379124341005,1.6094379124341005,0.0,0.0,1.0000000000000002,1.0000000000000002,0.0,5,5.0,0,0.0,1.6222304695591237e-308,1.6222304695591237e-308,0.0,5.0,5.0,0.0,2.047116458415985,2.047116458415985,0.0,"[5, 0, 0]",5,0
memorias_braz_cubas,intermediario,pt,sbert,150,285,46836,8,0.409423291683197,2.0794415416798357,2.0794415416798357,0.0,0.0,1.0,1.0,0.0,8,8.0,0,0.0,1.586138013387513e-308,1.586138013387513e-308,0.0,8.0,8.0,0.0,3.275386333465576,3.275386333465576,0.0,"[8, 0, 0]",8,0
memorias_braz_cubas,intermediario,pt,sbert,150,286,46986,8,0.409423291683197,2.0794415416798357,2.0794415416798357,0.0,0.0,1.0,1.0,0.0,8,8.0,0,0.0,1.586138013387513e-308,1.586138013387513e-308,0.0,8.0,8.0,0.0,3.275386333465576,3.275386333465576,0.0,"[8, 0, 0]",8,0
memorias_braz_cubas,intermediario,pt,sbert,150,287,47150,12,0.409423291683197,2.481549446553612,2.484906649788001,0.003357203234388706,-1.7842636142996704,0.9986489620305556,1.0000000000000002,0.0013510379694445795,12,12.0,0,0.0,0.11351864615948104,0.029164384255309067,0.08435426190417197,11.0,12.0,-1.0,4.799560854038884,4.913079500198364,-0.1135186461594806,"[11, 0, 0]",12,0
memorias_braz_cubas,intermediario,pt,sbert,150,288,47302,13,0.409423291683197,2.5574686565812,2.564949357461537,0.007480700880337032,-0.6537568753657554,0.9970834898324308,1.0000000000000002,0.0029165101675694416,13,13.0,0,0.0,0.1486916900151264,0.004446834678819456,0.14424485533630693,9.0,13.0,-4.0,5.059645380818982,5.322502791881561,-0.262857411062579,"[9, 0, 0]",13,0
memorias_braz_cubas,intermediario,pt,sbert,150,289,47457,11,0.409423291683197,2.3014749578895475,2.3978952727983707,0.09642031490882319,-134.03997033454866,0.9995178744499492,1.0,0.0004821255500507826,10,11.0,0,0.0,0.2047116458415985,1.356087517279619e-308,0.2047116458415985,6.0,11.0,-5.0,3.999852365009163,4.503656208515167,-0.5038038435060042,"[6, 0, 0]",10,0
memorias_braz_cubas,intermediario,pt,sbert,150,290,47617,6,0.409423291683197,1.7902108496189424,1.7917594692280547,0.001548619609112345,-0.20587040517058613,0.9991356989396687,0.9999999999999999,0.0008643010603311962,6,6.0,0,0.0,0.0586655819949739,2.026760480914604e-308,0.0586655819949739,5.0,6.0,-1.0,2.397874168104208,2.456539750099182,-0.05866558199497396,"[5, 0, 0]",6,0
memorias_braz_cubas,intermediario,pt,sbert,150,291,47785,7,0.409423291683197,1.945910149055313,1.945910149055313,0.0,0.0,0.9999999999999999,0.9999999999999999,0.0,7,7.0,0,0.0,2.0241850211726825e-308,2.0241850211726825e-308,0.0,7.0,7.0,0.0,2.865963041782379,2.865963041782379,0.0,"[7, 0, 0]",7,0
memorias_braz_cubas,intermediario,pt,sbert,150,292,47943,5,0.409423291683197,1.6071974981458006,1.6094379124341005,0.002240414288299908,-1.8853883004449772,0.9986079523347929,1.0000000000000002,0.0013920476652072855,5,5.0,0,0.0,0.06518917187963619,1.6222304695591237e-308,0.06518917187963619,4.0,5.0,-1.0,1.9819272865363489,2.047116458415985,-0.06518917187963624,"[4, 0, 0]",5,0
memorias_braz_cubas,intermediario,pt,sbert,150,293,48104,15,0.409423291683197,2.6905115540019486,2.708037382049917,0.017525828047968428,-4.4527514649748445,0.9935235147808106,0.9999952663165963,0.006471751535785719,15,15.0,0,0.0,0.20057658386979077,0.045615959671612305,0.15496062419817846,11.0,14.0,-3.0,5.6436690459635175,6.133074183803901,-0.4894051378403832,"[11, 0, 0]",15,0
memorias_braz_cubas,intermediario,pt,sbert,150,294,48266,10,0.409423291683197,2.301789573244132,2.3025850929940455,0.0007955197499134314,-1.1920530597582677,0.9996545101623674,0.9999999999999998,0.0003454898376323845,10,10.0,0,0.0,0.05277892977277726,0.0029076359727159273,0.049871293800061334,8.0,10.0,-2.0,4.041324341854437,4.09423291683197,-0.05290857497753354,"[8, 0, 0]",10,0
memorias_braz_cubas,intermediario,pt,sbert,150,295,48416,9,0.409423291683197,2.1972245773362196,2.1972245773362196,0.0,0.0,1.0,1.0,0.0,9,9.0,0,0.0,1.665376020529423e-308,1.665376020529423e-308,0.0,9.0,9.0,0.0,3.684809625148773,3.684809625148773,0.0,"[9, 0, 0]",9,0
memorias_braz_cubas,intermediario,pt,sbert,150,296,48590,9,0.409423291683197,2.19717834591969,2.1972245773362196,4.62314165297073e-05,-0.013722200989021454,0.9999789591755861,1.0,2.1040824413898207e-05,9,9.0,0,0.0,0.012435199715042367,1.665376020529423e-308,0.012435199715042367,8.0,9.0,-1.0,3.672374425433731,3.684809625148773,-0.012435199715042256,"[8, 0, 0]",9,0
memorias_braz_cubas,intermediario,pt,sbert,150,297,48776,8,0.409423291683197,2.079069232163401,2.0794415416798357,0.0003723095164347434,-0.17063766178035994,0.999820956968988,1.0,0.00017904303101201613,8,8.0,0,0.0,0.028978947169997382,1.586138013387513e-308,0.028978947169997382,6.0,8.0,-2.0,3.225798478654796,3.275386333465576,-0.04958785481078021,"[6, 0, 0]",8,0
memorias_braz_cubas,intermediario,pt,sbert,150,298,48930,5,0.409423291683197,1.6094379124341005,1.6094379124341005,0.0,0.0,1.0000000000000002,1.0000000000000002,0.0,5,5.0,0,0.0,1.6222304695591237e-308,1.6222304695591237e-308,0.0,5.0,5.0,0.0,2.047116458415985,2.047116458415985,0.0,"[5, 0, 0]",5,0
memorias_braz_cubas,intermediario,pt,sbert,150,299,49088,8,0.409423291683197,2.0794415416798357,2.0794415416798357,0.0,0.0,1.0,1.0,0.0,8,8.0,0,0.0,1.586138013387513e-308,1.586138013387513e-308,0.0,8.0,8.0,0.0,3.275386333465576,3.275386333465576,0.0,"[8, 0, 0]",8,0
memorias_braz_cubas,intermediario,pt,sbert,150,300,49259,8,0.409423291683197,2.0764286906694407,2.0794415416798357,0.0030128510103950568,-1.380856059306551,0.9985511249294553,1.0,0.0014488750705446973,8,8.0,0,0.0,0.0832568742049754,1.586138013387513e-308,0.0832568742049754,6.0,8.0,-2.0,3.142968864822217,3.275386333465576,-0.13241746864335902,"[6, 0, 0]",8,0
memorias_braz_cubas,intermediario,pt,sbert,150,301,49413,9,0.409423291683197,2.1639953566027414,2.1972245773362196,0.033229220733478115,-9.862947749402055,0.9848767299090732,1.0,0.015123270090926844,9,9.0,0,0.0,0.2047116458415985,1.665376020529423e-308,0.2047116458415985,8.0,9.0,-1.0,3.411174482550036,3.684809625148773,-0.27363514259873734,"[8, 0, 0]",9,0
memorias_braz_cubas,intermediario,pt,sbert,150,302,49580,6,0.409423291683197,1.7917594692280547,1.7917594692280547,0.0,0.0,0.9999999999999999,0.9999999999999999,0.0,6,6.0,0,0.0,2.026760480914604e-308,2.026760480914604e-308,0.0,6.0,6.0,0.0,2.456539750099182,2.456539750099182,0.0,"[6, 0, 0]",6,0
memorias_braz_cubas,intermediario,pt,sbert,150,303,49740,8,0.409423291683197,2.0793507874712636,2.0794415416798357,9.075420857218575e-05,-0.04159465515622725,0.9999563564511177,1.0,4.364354888231059e-05,8,8.0,0,0.0,0.016509647817303852,1.586138013387513e-308,0.016509647817303852,7.0,8.0,-1.0,3.2588766856482723,3.275386333465576,-0.016509647817303907,"[7, 0, 0]",8,0
memorias_braz_cubas,intermediario,pt,sbert,150,304,49906,4,0.409423291683197,1.3846929907164687,1.3862943611198906,0.0016013704034218978,0.0,0.9988448554301784,1.0,0.0011551445698215757,4,4.0,0,0.0,0.051253384699299465,2.0929216562421227e-308,0.051253384699299465,3.0,4.0,-1.0,1.5864397820334886,1.637693166732788,-0.05125338469929952,"[3, 0, 0]",4,0
memorias_braz_cubas,intermediario,pt,sbert,150,305,50061,7,0.409423291683197,1.945910149055313,1.945910149055313,0.0,0.0,0.9999999999999999,0.9999999999999999,0.0,7,7.0,0,0.0,2.0241850211726825e-308,2.0241850211726825e-308,0.0,7.0,7.0,0.0,2.865963041782379,2.865963041782379,0.0,"[7, 0, 0]",7,0
memorias_braz_cubas,intermediario,pt,sbert,150,306,50221,11,0.409423291683197,2.3978640545753898,2.3978952727983707,3.121822298091104e-05,-0.04339842372653077,0.9999869809898142,1.0,1.3019010185799651e-05,11,11.0,0,0.0,0.011183258522039663,1.356087517279619e-308,0.011183258522039663,10.0,11.0,-1.0,4.492472949993127,4.503656208515167,-0.011183258522040163,"[10, 0, 0]",11,0
memorias_braz_cubas,intermediario,pt,sbert,150,307,50387,15,0.409423291683197,2.5549022167961457,2.708037382049917,0.15313516525377135,-38.906739787506766,0.9960829087575692,0.9999952663165963,0.00391235755902708,13,15.0,0,0.0,0.2047116458415985,0.045615959671612305,0.1590956861699862,12.0,14.0,-2.0,5.1294178869856175,6.133074183803901,-1.0036562968182832,"[12, 0, 0]",13,0
memorias_braz_cubas,intermediario,pt,sbert,150,308,50540,7,0.409423291683197,1.945265539069659,1.945910149055313,0.0006446099856540766,-0.2586705065417179,0.9996687359968973,0.9999999999999999,0.00033126400310257154,7,7.0,0,0.0,0.04089754553003605,2.0241850211726825e-308,0.04089754553003605,6.0,7.0,-1.0,2.825065496252343,2.865963041782379,-0.040897545530035995,"[6, 0, 0]",7,0
memorias_braz_cubas,intermediario,pt,sbert,150,309,50712,10,0.409423291683197,2.301427469864466,2.3025850929940455,0.0011576231295795658,-1.7346498233543908,0.9994972506626998,0.9999999999999998,0.0005027493372999903,10,10.0,0,0.0,0.06353289675756246,0.0029076359727159273,0.060625260784846535,8.0,10.0,-2.0,4.022570033125861,4.09423291683197,-0.07166288370610907,"[8, 0, 0]",10,0
memorias_braz_cubas,intermediario,pt,sbert,150,310,50874,10,0.409423291683197,2.3023574323677685,2.3025850929940455,0.00022766062627699313,-0.34113992288627043,0.9999011282462611,0.9999999999999998,9.887175373868295e-05,10,10.0,0,0.0,0.028640875382546283,0.0029076359727159273,0.025733239409830355,9.0,10.0,-1.0,4.065592041449424,4.09423291683197,-0.028640875382546227,"[9, 0, 0]",10,0
memorias_braz_cubas,intermediario,pt,sbert,150,311,51040,10,0.409423291683197,2.3024124366660543,2.3025850929940455,0.0001726563279911275,-0.25871828334978164,0.9999250163094876,0.9999999999999998,7.49836905121759e-05,10,10.0,0,0.0,0.02499587905500078,0.0029076359727159273,0.022088243082284853,9.0,10.0,-1.0,4.069237037776969,4.09423291683197,-0.02499587905500089,"[9, 0, 0]",10,0
memorias_braz_cubas,intermediario,pt,sbert,150,312,51208,8,0.409423291683197,2.0788395828256574,2.0794415416798357,0.0006019588541783527,-0.27589101763661866,0.9997105189820858,1.0,0.0002894810179141505,8,8.0,0,0.0,0.03807934504130489,1.586138013387513e-308,0.03807934504130489,6.0,8.0,-2.0,3.2137833672445955,3.275386333465576,-0.061602966220980715,"[6, 0, 0]",8,0
memorias_braz_cubas,intermediario,pt,sbert,150,313,51376,8,0.409423291683197,2.0794415416798357,2.0794415416798357,0.0,0.0,1.0,1.0,0.0,8,8.0,0,0.0,1.586138013387513e-308,1.586138013387513e-308,0.0,8.0,8.0,0.0,3.275386333465576,3.275386333465576,0.0,"[8, 0, 0]",8,0
memorias_braz_cubas,intermediario,pt,sbert,150,314,51527,7,0.409423291683197,1.945910149055313,1.945910149055313,0.0,0.0,0.9999999999999999,0.9999999999999999,0.0,7,7.0,0,0.0,2.0241850211726825e-308,2.0241850211726825e-308,0.0,7.0,7.0,0.0,2.865963041782379,2.865963041782379,0.0,"[7, 0, 0]",7,0
memorias_braz_cubas,intermediario,pt,sbert,150,315,51708,4,0.409423291683197,1.3862943611198906,1.3862943611198906,0.0,0.0,1.0,1.0,0.0,4,4.0,0,0.0,2.0929216562421227e-308,2.0929216562421227e-308,0.0,4.0,4.0,0.0,1.637693166732788,1.637693166732788,0.0,"[4, 0, 0]",4,0
memorias_braz_cubas,intermediario,pt,sbert,150,316,51859,8,0.409423291683197,2.0792768078607757,2.0794415416798357,0.0001647338190600145,-0.0755011420866453,0.9999207797787252,1.0,7.922022127482276e-05,8,8.0,0,0.0,0.022164542155777733,1.586138013387513e-308,0.022164542155777733,7.0,8.0,-1.0,3.2532217913097985,3.275386333465576,-0.022164542155777678,"[7, 0, 0]",8,0
memorias_braz_cubas,intermediario,pt,sbert,150,317,52018,6,0.409423291683197,1.7917594692280547,1.7917594692280547,0.0,0.0,0.9999999999999999,0.9999999999999999,0.0,6,6.0,0,0.0,2.026760480914604e-308,2.026760480914604e-308,0.0,6.0,6.0,0.0,2.456539750099182,2.456539750099182,0.0,"[6, 0, 0]",6,0
memorias_braz_cubas,intermediario,pt,sbert,150,318,52171,10,0.409423291683197,2.3025573674680038,2.3025850929940455,2.7725526041688653e-05,-0.04154554070467644,0.9999879589570321,0.9999999999999998,1.2041042967703142e-05,10,10.0,0,0.0,0.01010389812149931,0.0029076359727159273,0.007196262148783383,9.0,10.0,-1.0,4.08412901871047,4.09423291683197,-0.01010389812149981,"[9, 0, 0]",10,0
memorias_braz_cubas,intermediario,pt,sbert,150,319,52321,8,0.409423291683197,2.0794415416798357,2.0794415416798357,0.0,0.0,1.0,1.0,0.0,8,8.0,0,0.0,1.586138013387513e-308,1.586138013387513e-308,0.0,8.0,8.0,0.0,3.275386333465576,3.275386333465576,0.0,"[8, 0, 0]",8,0
memorias_braz_cubas,intermediario,pt,sbert,150,320,52492,9,0.409423291683197,2.194251658564938,2.1972245773362196,0.002972918771281474,-0.8824083700170665,0.9986469663584022,1.0,0.0013530336415977784,9,9.0,0,0.0,0.09465972568162351,1.665376020529423e-308,0.09465972568162351,8.0,9.0,-1.0,3.59014989946715,3.684809625148773,-0.09465972568162329,"[8, 0, 0]",9,0
memorias_braz_cubas,intermediario,pt,sbert,150,321,52645,6,0.409423291683197,1.7917594692280547,1.7917594692280547,0.0,0.0,0.9999999999999999,0.9999999999999999,0.0,6,6.0,0,0.0,2.026760480914604e-308,2.026760480914604e-308,0.0,6.0,6.0,0.0,2.456539750099182,2.456539750099182,0.0,"[6, 0, 0]",6,0
memorias_braz_cubas,intermediario,pt,sbert,150,322,52849,6,0.409423291683197,1.7728527389086204,1.7917594692280547,0.01890673031943435,-2.5134230565141866,0.9894479528953849,0.9999999999999999,0.010552047104614992,6,6.0,0,0.0,0.18504067341281727,2.026760480914604e-308,0.18504067341281727,5.0,6.0,-1.0,2.2714990766863647,2.456539750099182,-0.18504067341281738,"[5, 0, 0]",6,0
memorias_braz_cubas,intermediario,pt,sbert,150,323,53020,6,0.409423291683197,1.7912106674892785,1.7917594692280547,0.00054880173877625,-0.07295660965119063,0.999693707917719,0.9999999999999999,0.0003062920822808346,6,6.0,0,0.0,0.035511109094987614,2.026760480914604e-308,0.035511109094987614,5.0,6.0,-1.0,2.4210286410041943,2.456539750099182,-0.03551110909498778,"[5, 0, 0]",6,0
memorias_braz_cubas,intermediario,pt,sbert,150,324,53208,10,0.409423291683197,2.3025850929940455,2.3025850929940455,0.0,0.0,0.9999999999999998,0.9999999999999998,0.0,10,10.0,0,0.0,1.6874836619026526e-308,0.0029076359727159273,0.0,10.0,10.0,0.0,4.09423291683197,4.09423291683197,0.0,"[10, 0, 0]",10,0
memorias_braz_cubas,intermediario,pt,sbert,150,325,53359,8,0.409423291683197,2.0794415416798357,2.0794415416798357,0.0,0.0,1.0,1.0,0.0,8,8.0,0,0.0,1.586138013387513e-308,1.586138013387513e-308,0.0,8.0,8.0,0.0,3.275386333465576,3.275386333465576,0.0,"[8, 0, 0]",8,0
memorias_braz_cubas,intermediario,pt,sbert,150,326,53509,5,0.409423291683197,1.6078561523734693,1.6094379124341005,0.0015817600606311544,-1.3311073438511773,0.9990171972162388,1.0000000000000002,0.000982802783761394,5,5.0,0,0.0,0.05135055101479996,1.6222304695591237e-308,0.05135055101479996,2.0,5.0,-3.0,1.9223424976581673,2.047116458415985,-0.12477396075781777,"[2, 0, 0]",5,0
memorias_braz_cubas,intermediario,pt,sbert,150,327,53681,6,0.409423291683197,1.7890688041162517,1.7917594692280547,0.002690665111803048,-0.3576916587429503,0.9984983112086119,0.9999999999999999,0.0015016887913880117,6,6.0,0,0.0,0.07632334386271888,2.026760480914604e-308,0.07632334386271888,5.0,6.0,-1.0,2.380216406236463,2.456539750099182,-0.0763233438627191,"[5, 0, 0]",6,0
memorias_braz_cubas,intermediario,pt,sbert,150,328,53857,5,0.409423291683197,1.571487224169173,1.6094379124341005,0.037950688264927424,-31.936853831986696,0.9764199115904192,1.0000000000000002,0.023580088409581035,5,5.0,0,0.0,0.2047116458415985,1.6222304695591237e-308,0.2047116458415985,4.0,5.0,-1.0,1.8165541467641628,2.047116458415985,-0.23056231165182228,"[4, 0, 0]",5,0
memorias_braz_cubas,intermediario,pt,sbert,150,329,54017,10,0.409423291683197,2.2885931080220696,2.3025850929940455,0.013991984971975846,-20.96640403930957,0.9939233581357975,0.9999999999999998,0.0060766418642023146,10,10.0,0,0.0,0.200224263665977,0.0029076359727159273,0.19731662769326108,8.0,10.0,-2.0,3.8763873054018134,4.09423291683197,-0.2178456114301568,"[8, 0, 0]",10,0
memorias_braz_cubas,intermediario,pt,sbert,150,330,54167,11,0.409423291683197,2.3978824249998327,2.3978952727983707,1.2847798537940491e-05,-0.017860536304183074,0.9999946420518512,1.0,5.357948148820846e-06,11,11.0,0,0.0,0.007190398258835828,1.356087517279619e-308,0.007190398258835828,10.0,11.0,-1.0,4.496465810256332,4.503656208515167,-0.007190398258835273,"[10, 0, 0]",11,0
memorias_braz_cubas,intermediario,pt,sbert,150,331,54354,5,0.409423291683197,1.6094379124341005,1.6094379124341005,0.0,0.0,1.0000000000000002,1.0000000000000002,0.0,5,5.0,0,0.0,1.6222304695591237e-308,1.6222304695591237e-308,0.0,5.0,5.0,0.0,2.047116458415985,2.047116458415985,0.0,"[5, 0, 0]",5,0
memorias_braz_cubas,intermediario,pt,sbert,150,332,54507,9,0.409423291683197,2.197140907775397,2.1972245773362196,8.366956082239696e-05,-0.024834422486932073,0.9999619203418324,1.0,3.807965816760017e-05,9,9.0,0,0.0,0.016686365561735694,1.665376020529423e-308,0.016686365561735694,8.0,9.0,-1.0,3.6681232595870377,3.684809625148773,-0.016686365561735528,"[8, 0, 0]",9,0
memorias_braz_cubas,intermediario,pt,sbert,150,333,54661,11,0.409423291683197,2.3978952727983707,2.3978952727983707,0.0,0.0,1.0,1.0,0.0,11,11.0,0,0.0,1.356087517279619e-308,1.356087517279619e-308,0.0,11.0,11.0,0.0,4.503656208515167,4.503656208515167,0.0,"[11, 0, 0]",11,0
memorias_braz_cubas,intermediario,pt,sbert,150,334,54822,6,0.409423291683197,1.7917594692280547,1.7917594692280547,0.0,0.0,0.9999999999999999,0.9999999999999999,0.0,6,6.0,0,0.0,2.026760480914604e-308,2.026760480914604e-308,0.0,6.0,6.0,0.0,2.456539750099182,2.456539750099182,0.0,"[6, 0, 0]",6,0
memorias_braz_cubas,intermediario,pt,sbert,150,335,55003,6,0.409423291683197,1.7917594692280547,1.7917594692280547,0.0,0.0,0.9999999999999999,0.9999999999999999,0.0,6,6.0,0,0.0,2.026760480914604e-308,2.026760480914604e-308,0.0,6.0,6.0,0.0,2.456539750099182,2.456539750099182,0.0,"[6, 0, 0]",6,0
memorias_braz_cubas,intermediario,pt,sbert,150,336,55199,8,0.409423291683197,2.0789263628723305,2.0794415416798357,0.0005151788075052899,-0.23611780851942057,0.9997522513630803,1.0,0.00024774863691967575,8,8.0,0,0.0,0.03878480775959792,1.586138013387513e-308,0.03878480775959792,7.0,8.0,-1.0,3.236601525705978,3.275386333465576,-0.03878480775959803,"[7, 0, 0]",8,0
memorias_braz_cubas,intermediario,pt,sbert,150,337,55366,7,0.409423291683197,1.945910149055313,1.945910149055313,0.0,0.0,0.9999999999999999,0.9999999999999999,0.0,7,7.0,0,0.0,2.0241850211726825e-308,2.0241850211726825e-308,0.0,7.0,7.0,0.0,2.865963041782379,2.865963041782379,0.0,"[7, 0, 0]",7,0
memorias_braz_cubas,intermediario,pt,sbert,150,338,55531,6,0.409423291683197,1.791348598333322,1.7917594692280547,0.0004108708947327955,-0.0546203580748444,0.9997706885875088,0.9999999999999999,0.00022931141249105114,6,6.0,0,0.0,0.030828162061387387,2.026760480914604e-308,0.030828162061387387,5.0,6.0,-1.0,2.4257115880377946,2.456539750099182,-0.0308281620613875,"[5, 0, 0]",6,0
memorias_braz_cubas,intermediario,pt,sbert,150,339,55731,11,0.409423291683197,2.397815982826984,2.3978952727983707,7.928997138684224e-05,-0.11022599773263135,0.9999669335136165,1.0,3.306648638345955e-05,11,11.0,0,0.0,0.017756527693169932,1.356087517279619e-308,0.017756527693169932,10.0,11.0,-1.0,4.485899680821998,4.503656208515167,-0.017756527693169488,"[10, 0, 0]",11,0
memorias_braz_cubas,intermediario,pt,sbert,150,340,55886,12,0.409423291683197,2.4837564441338342,2.484906649788001,0.0011502056541665695,-0.6113035030674412,0.9995371231936362,1.0000000000000002,0.00046287680636403206,12,12.0,0,0.0,0.06705252818230817,0.029164384255309067,0.0378881439269991,9.0,12.0,-3.0,4.818552841297006,4.913079500198364,-0.09452665890135847,"[9, 0, 0]",12,0
memorias_braz_cubas,intermediario,pt,sbert,150,341,56056,7,0.409423291683197,1.9432381683785096,1.945910149055313,0.0026719806768034093,-1.0722182568070324,0.9986268735593467,0.9999999999999999,0.0013731264406532384,7,7.0,0,0.0,0.0818100409240306,2.0241850211726825e-308,0.0818100409240306,5.0,7.0,-2.0,2.770334910203065,2.865963041782379,-0.09562813157931416,"[5, 0, 0]",7,0
memorias_braz_cubas,intermediario,pt,sbert,150,342,56211,7,0.409423291683197,1.945910149055313,1.945910149055313,0.0,0.0,0.9999999999999999,0.9999999999999999,0.0,7,7.0,0,0.0,2.0241850211726825e-308,2.0241850211726825e-308,0.0,7.0,7.0,0.0,2.865963041782379,2.865963041782379,0.0,"[7, 0, 0]",7,0
memorias_braz_cubas,intermediario,pt,sbert,150,343,56378,8,0.409423291683197,2.0794415416798357,2.0794415416798357,0.0,0.0,1.0,1.0,0.0,8,8.0,0,0.0,1.586138013387513e-308,1.586138013387513e-308,0.0,8.0,8.0,0.0,3.275386333465576,3.275386333465576,0.0,"[8, 0, 0]",8,0
memorias_braz_cubas,intermediario,pt,sbert,150,344,56534,7,0.409423291683197,1.9458239097113943,1.945910149055313,8.62393439187148e-05,-0.03460631276545336,0.999955681744113,0.9999999999999999,4.431825588691041e-05,7,7.0,0,0.0,0.015215819540986442,2.0241850211726825e-308,0.015215819540986442,6.0,7.0,-1.0,2.8507472222413925,2.865963041782379,-0.015215819540986608,"[6, 0, 0]",7,0
memorias_braz_cubas,intermediario,pt,sbert,150,345,56708,14,0.409423291683197,2.639057329615258,2.639057329615258,0.0,0.0,0.9999999999999998,0.9999999999999998,0.0,14,14.0,0,0.0,1.631585773013718e-308,1.631585773013718e-308,0.0,14.0,14.0,0.0,5.731926083564758,5.731926083564758,0.0,"[14, 0, 0]",14,0
memorias_braz_cubas,intermediario,pt,sbert,150,346,56866,11,0.409423291683197,2.3975311981684384,2.3978952727983707,0.000364074629932265,-0.5061231405625389,0.9998481690864225,1.0,0.00015183091357751088,11,11.0,0,0.0,0.03761613377891038,1.356087517279619e-308,0.03761613377891038,10.0,11.0,-1.0,4.466040074736257,4.503656208515167,-0.03761613377891049,"[10, 0, 0]",11,0
memorias_braz_cubas,intermediario,pt,sbert,150,347,57017,8,0.409423291683197,2.0764033669806268,2.0794415416798357,0.003038174699208973,-1.3924624643435213,0.9985389468093656,1.0,0.001461053190634387,8,8.0,0,0.0,0.0909652201462463,1.586138013387513e-308,0.0909652201462463,7.0,8.0,-1.0,3.18442111331933,3.275386333465576,-0.0909652201462463,"[7, 0, 0]",8,0
memorias_braz_cubas,intermediario,pt,sbert,150,348,57171,5,0.409423291683197,1.6083363006823392,1.6094379124341005,0.0011016117517612667,-0.9270454662112745,0.9993155301343094,1.0000000000000002,0.0006844698656908177,5,5.0,0,0.0,0.046392450384082295,1.6222304695591237e-308,0.046392450384082295,4.0,5.0,-1.0,2.000724008031903,2.047116458415985,-0.04639245038408202,"[4, 0, 0]",5,0
memorias_braz_cubas,intermediario,pt,sbert,150,349,57321,9,0.409423291683197,2.1972245773362196,2.1972245773362196,0.0,0.0,1.0,1.0,0.0,9,9.0,0,0.0,1.665376020529423e-308,1.665376020529423e-308,0.0,9.0,9.0,0.0,3.684809625148773,3.684809625148773,0.0,"[9, 0, 0]",9,0
memorias_braz_cubas,intermediario,pt,sbert,150,350,57472,7,0.409423291683197,1.9439036102853742,1.945910149055313,0.002006538769938837,-0.8051882713064393,0.9989688430522277,0.9999999999999999,0.001031156947772227,7,7.0,0,0.0,0.07069123837477381,2.0241850211726825e-308,0.07069123837477381,6.0,7.0,-1.0,2.7952718034076054,2.865963041782379,-0.07069123837477376,"[6, 0, 0]",7,0
memorias_braz_cubas,intermediario,pt,sbert,150,351,57624,8,0.409423291683197,2.0794415416798357,2.0794415416798357,0.0,0.0,1.0,1.0,0.0,8,8.0,0,0.0,1.586138013387513e-308,1.586138013387513e-308,0.0,8.0,8.0,0.0,3.275386333465576,3.275386333465576,0.0,"[8, 0, 0]",8,0
memorias_braz_cubas,intermediario,pt,sbert,150,352,57785,7,0.409423291683197,1.945910149055313,1.945910149055313,0.0,0.0,0.9999999999999999,0.9999999999999999,0.0,7,7.0,0,0.0,2.0241850211726825e-308,2.0241850211726825e-308,0.0,7.0,7.0,0.0,2.865963041782379,2.865963041782379,0.0,"[7, 0, 0]",7,0
memorias_braz_cubas,intermediario,pt,sbert,150,353,57937,7,0.409423291683197,1.9457946698496917,1.945910149055313,0.00011547920562127167,-0.0463397484957975,0.999940655427653,0.9999999999999999,5.934457234690882e-05,7,7.0,0,0.0,0.017580210020205156,2.0241850211726825e-308,0.017580210020205156,6.0,7.0,-1.0,2.8483828317621738,2.865963041782379,-0.017580210020205378,"[6, 0, 0]",7,0
memorias_braz_cubas,intermediario,pt,sbert,150,354,58101,4,0.409423291683197,1.3828788811648278,1.3862943611198906,0.00341547995506275,0.0,0.9975362520032877,1.0,0.00246374799671234,4,4.0,0,0.0,0.07340405248957022,2.0929216562421227e-308,0.07340405248957022,3.0,4.0,-1.0,1.5642891142432178,1.637693166732788,-0.07340405248957027,"[3, 0, 0]",4,0
memorias_braz_cubas,intermediario,pt,sbert,150,355,58281,5,0.409423291683197,1.6082659421405445,1.6094379124341005,0.0011719702935559795,-0.9862546813233516,0.9992718139143477,1.0000000000000002,0.0007281860856525046,5,5.0,0,0.0,0.0477987451318882,1.6222304695591237e-308,0.0477987451318882,4.0,5.0,-1.0,1.999317713284097,2.047116458415985,-0.0477987451318882,"[4, 0, 0]",5,0
memorias_braz_cubas,intermediario,pt,sbert,150,356,58441,9,0.409423291683197,2.1918768060258422,2.1972245773362196,0.005347771310377336,-1.5873014126046947,0.9975661243891325,1.0,0.0024338756108674975,9,9.0,0,0.0,0.12438059377131744,1.665376020529423e-308,0.12438059377131744,8.0,9.0,-1.0,3.560429031377456,3.684809625148773,-0.12438059377131738,"[8, 0, 0]",9,0
memorias_braz_cubas,intermediario,pt,sbert,150,357,58606,5,0.409423291683197,1.6094379124341005,1.6094379124341005,0.0,0.0,1.0000000000000002,1.0000000000000002,0.0,5,5.0,0,0.0,1.6222304695591237e-308,1.6222304695591237e-308,0.0,5.0,5.0,0.0,2.047116458415985,2.047116458415985,0.0,"[5, 0, 0]",5,0
memorias_braz_cubas,intermediario,pt,sbert,150,358,58758,10,0.409423291683197,2.2931307034863093,2.3025850929940455,0.009454389507736138,-14.16700709450613,0.995894010807026,0.9999999999999998,0.00410598919297378,10,10.0,0,0.0,0.13348011825408718,0.0029076359727159273,0.13057248228137125,7.0,10.0,-3.0,3.8167061274647027,4.09423291683197,-0.2775267893672675,"[7, 0, 0]",10,0
memorias_braz_cubas,intermediario,pt,sbert,150,359,58931,10,0.409423291683197,2.3025850929940455,2.3025850929940455,0.0,0.0,0.9999999999999998,0.9999999999999998,0.0,10,10.0,0,0.0,1.6874836619026526e-308,0.0029076359727159273,0.0,10.0,10.0,0.0,4.09423291683197,4.09423291683197,0.0,"[10, 0, 0]",10,0
memorias_braz_cubas,intermediario,pt,sbert,150,360,59092,9,0.409423291683197,2.1971263206077345,2.1972245773362196,9.825672848506883e-05,-0.02916411994275444,0.9999552814357264,1.0,4.471856427357146e-05,9,9.0,0,0.0,0.018067516140965745,1.665376020529423e-308,0.018067516140965745,8.0,9.0,-1.0,3.6667421090078074,3.684809625148773,-0.0180675161409658,"[8, 0, 0]",9,0
memorias_braz_cubas,intermediario,pt,sbert,150,361,59255,11,0.409423291683197,2.3973442029549488,2.3978952727983707,0.000551069843421903,-0.7660769987567942,0.999770186025356,1.0,0.00022981397464405529,11,11.0,0,0.0,0.04604994383616284,1.356087517279619e-308,0.04604994383616284,10.0,11.0,-1.0,4.457606264679004,4.503656208515167,-0.04604994383616301,"[10, 0, 0]",11,0
memorias_braz_cubas,intermediario,pt,sbert,150,362,59405,6,0.409423291683197,1.790450443499199,1.7917594692280547,0.0013090257288557172,-0.17401927212630183,0.9992694188302965,0.9999999999999999,0.0007305811697033704,6,6.0,0,0.0,0.047860724754252515,2.026760480914604e-308,0.047860724754252515,4.0,6.0,-2.0,2.372519943680309,2.456539750099182,-0.08401980641887308,"[4, 0, 0]",6,0
memorias_braz_cubas,intermediario,pt,sbert,150,363,59594,6,0.409423291683197,1.791686202278246,1.7917594692280547,7.326694980869242e-05,-0.009739962321266378,0.9999591089367367,0.9999999999999999,4.0891063263215344e-05,6,6.0,0,0.0,0.011791467960217072,2.026760480914604e-308,0.011791467960217072,4.0,6.0,-2.0,2.4360758655619295,2.456539750099182,-0.020463884537252675,"[4, 0, 0]",6,0
memorias_braz_cubas,intermediario,pt,sbert,150,364,59754,7,0.409423291683197,1.945910149055313,1.945910149055313,0.0,0.0,0.9999999999999999,0.9999999999999999,0.0,7,7.0,0,0.0,2.0241850211726825e-308,2.0241850211726825e-308,0.0,7.0,7.0,0.0,2.865963041782379,2.865963041782379,0.0,"[7, 0, 0]",7,0
memorias_braz_cubas,intermediario,pt,sbert,150,365,59923,8,0.409423291683197,2.0746570342782427,2.0794415416798357,0.0047845074015930855,-2.1928452530483926,0.9976991382995417,1.0,0.00230086170045829,8,8.0,0,0.0,0.11299853707269047,1.586138013387513e-308,0.11299853707269047,6.0,8.0,-2.0,3.155118636818594,3.275386333465576,-0.120267696646982,"[6, 0, 0]",8,0
memorias_braz_cubas,intermediario,pt,sbert,150,366,60075,7,0.409423291683197,1.9456809187594208,1.945910149055313,0.0002292302958921688,-0.09198603507975334,0.99988219893092,0.9999999999999999,0.00011780106907988142,7,7.0,0,0.0,0.024654151768219223,2.0241850211726825e-308,0.024654151768219223,6.0,7.0,-1.0,2.84130889001416,2.865963041782379,-0.02465415176821928,"[6, 0, 0]",7,0
memorias_braz_cubas,intermediario,pt,sbert,150,367,60240,7,0.409423291683197,1.945910149055313,1.945910149055313,0.0,0.0,0.9999999999999999,0.9999999999999999,0.0,7,7.0,0,0.0,2.0241850211726825e-308,2.0241850211726825e-308,0.0,7.0,7.0,0.0,2.865963041782379,2.865963041782379,0.0,"[7, 0, 0]",7,0
memorias_braz_cubas,intermediario,pt,sbert,150,368,60402,10,0.409423291683197,2.3025850929940455,2.3025850929940455,0.0,0.0,0.9999999999999998,0.9999999999999998,0.0,10,10.0,0,0.0,1.6874836619026526e-308,0.0029076359727159273,0.0,10.0,10.0,0.0,4.09423291683197,4.09423291683197,0.0,"[10, 0, 0]",10,0
memorias_braz_cubas,intermediario,pt,sbert,150,369,60552,8,0.409423291683197,2.0794415416798357,2.0794415416798357,0.0,0.0,1.0,1.0,0.0,8,8.0,0,0.0,1.586138013387513e-308,1.586138013387513e-308,0.0,8.0,8.0,0.0,3.275386333465576,3.275386333465576,0.0,"[8, 0, 0]",8,0
memorias_braz_cubas,intermediario,pt,sbert,150,370,60727,8,0.409423291683197,2.0794415416798357,2.0794415416798357,0.0,0.0,1.0,1.0,0.0,8,8.0,0,0.0,1.586138013387513e-308,1.586138013387513e-308,0.0,8.0,8.0,0.0,3.275386333465576,3.275386333465576,0.0,"[8, 0, 0]",8,0
memorias_braz_cubas,intermediario,pt,sbert,150,371,60881,7,0.409423291683197,1.9459040154804632,1.945910149055313,6.133574849798151e-06,-0.002461294346377452,0.9999968479660518,0.9999999999999999,3.152033948072841e-06,7,7.0,0,0.0,0.004087224025935032,2.0241850211726825e-308,0.004087224025935032,6.0,7.0,-1.0,2.8618758177564443,2.865963041782379,-0.004087224025934866,"[6, 0, 0]",7,0
memorias_braz_cubas,intermediario,pt,sbert,150,372,61054,6,0.409423291683197,1.780124745588149,1.7917594692280547,0.011634723639905697,-1.5466969781999054,0.9935065370995815,0.9999999999999999,0.006493462900418412,6,6.0,0,0.0,0.1199911549342969,2.026760480914604e-308,0.1199911549342969,2.0,6.0,-4.0,2.048935988762167,2.456539750099182,-0.40760376133701515,"[2, 0, 0]",6,0
memorias_braz_cubas,intermediario,pt,sbert,150,373,61208,5,0.409423291683197,1.5896245184794364,1.6094379124341005,0.019813393954664082,-16.673675645310084,0.9876892461637751,1.0000000000000002,0.012310753836225152,5,5.0,0,0.0,0.1564383988557942,1.6222304695591237e-308,0.1564383988557942,1.0,5.0,-4.0,1.6063365505648992,2.047116458415985,-0.4407799078510859,"[1, 0, 0]",5,0
memorias_braz_cubas,intermediario,pt,sbert,250,0,0,11,0.409423291683197,2.3951424976004243,2.3978952727983707,0.0027527751979463666,-3.82680668715227,0.9988520035761471,1.0,0.0011479964238528817,11,11.0,0,0.0,0.0982585845819327,1.356087517279619e-308,0.0982585845819327,9.0,11.0,-2.0,4.377620437275277,4.503656208515167,-0.12603577123989052,"[9, 0, 0]",11,0
memorias_braz_cubas,intermediario,pt,sbert,250,1,250,11,0.409423291683197,2.394152550655839,2.3978952727983707,0.0037427221425314627,-5.20299446677568,0.9984391636344636,1.0,0.0015608363655363888,11,11.0,0,0.0,0.11495752365804307,1.356087517279619e-308,0.11495752365804307,10.0,11.0,-1.0,4.388698684857124,4.503656208515167,-0.11495752365804357,"[10, 0, 0]",11,0
memorias_braz_cubas,intermediario,pt,sbert,250,2,500,14,0.409423291683197,2.6389741646398592,2.639057329615258,8.316497539873069e-05,-0.007596354759916553,0.9999684868629166,0.9999999999999998,3.151313708316117e-05,14,14.0,0,0.0,0.020283321709424096,1.631585773013718e-308,0.020283321709424096,13.0,14.0,-1.0,5.711642761855334,5.731926083564758,-0.020283321709424484,"[13, 0, 0]",14,0
memorias_braz_cubas,intermediario,pt,sbert,250,3,751,9,0.409423291683197,2.1972186602318793,2.1972245773362196,5.917104340280588e-06,-0.0017562882802469794,0.9999973070097607,1.0,2.6929902392502925e-06,9,9.0,0,0.0,0.004469870865687842,1.665376020529423e-308,0.004469870865687842,8.0,9.0,-1.0,3.6803397542830854,3.684809625148773,-0.004469870865687842,"[8, 0, 0]",9,0
memorias_braz_cubas,intermediario,pt,sbert,250,4,1009,15,0.409423291683197,2.707413097648296,2.708037382049917,0.0006242844016211002,-0.1586106674258696,0.9997647372069931,0.9999952663165963,0.00023052910960319473,15,15.0,0,0.0,0.053024965701311905,0.045615959671612305,0.0074090060296996,13.0,14.0,-1.0,6.079921142695364,6.133074183803901,-0.053153041108537025,"[13, 0, 0]",15,0
memorias_braz_cubas,intermediario,pt,sbert,250,5,1261,9,0.409423291683197,2.1945889840013946,2.1972245773362196,0.0026355933348249927,-0.7822849521072817,0.998800489780603,1.0,0.0011995102193970153,9,9.0,0,0.0,0.07693712389261864,1.665376020529423e-308,0.07693712389261864,6.0,9.0,-3.0,3.5514228836061887,3.684809625148773,-0.13338674154258445,"[6, 0, 0]",9,0
memorias_braz_cubas,intermediario,pt,sbert,250,6,1518,13,0.409423291683197,2.5647489382600908,2.564949357461537,0.00020041920144642233,-0.017515127659403194,0.99992186231636,1.0000000000000002,7.813768364017815e-05,13,13.0,0,0.0,0.03025990863120981,0.004446834678819456,0.025813073952390353,12.0,13.0,-1.0,5.292242883250351,5.322502791881561,-0.03025990863121031,"[12, 0, 0]",13,0
memorias_braz_cubas,intermediario,pt,sbert,250,7,1798,13,0.409423291683197,2.4976228189909735,2.564949357461537,0.06732653847056369,-5.883832026408334,0.9737513186080233,1.0000000000000002,0.02624868139197689,13,13.0,0,0.0,0.2047116458415985,0.004446834678819456,0.20026481116277906,12.0,13.0,-1.0,4.927489470051791,5.322502791881561,-0.39501332182977045,"[12, 0, 0]",13,0
memorias_braz_cubas,intermediario,pt,sbert,250,8,2090,14,0.409423291683197,2.639052310846737,2.639057329615258,5.0187685207703225e-06,-0.00045841829398599054,0.9999980982722638,0.9999999999999998,1.901727735953429e-06,14,14.0,0,0.0,0.005023388502777337,1.631585773013718e-308,0.005023388502777337,13.0,14.0,-1.0,5.726902695061981,5.731926083564758,-0.00502338850277706,"[13, 0, 0]",14,0
memorias_braz_cubas,intermediario,pt,sbert,250,9,2364,13,0.409423291683197,2.564949357461537,2.564949357461537,0.0,0.0,1.0000000000000002,1.0000000000000002,0.0,13,13.0,0,0.0,1.7534392111679133e-308,0.004446834678819456,0.0,13.0,13.0,0.0,5.322502791881561,5.322502791881561,0.0,"[13, 0, 0]",13,0
memorias_braz_cubas,intermediario,pt,sbert,250,10,2623,12,0.409423291683197,2.4846035407350926,2.484906649788001,0.00030310905290820145,-0.16109434446181614,0.9998780199437538,1.0000000000000002,0.00012198005624641794,12,12.0,0,0.0,0.03575492887359055,0.029164384255309067,0.006590544618281485,11.0,12.0,-1.0,4.877324571324774,4.913079500198364,-0.03575492887359033,"[11, 0, 0]",12,0
memorias_braz_cubas,intermediario,pt,sbert,250,11,2883,16,0.409423291683197,2.7656572280540557,2.772588722239781,0.006931494185725473,-2.1960465988996036,0.9974999919280758,1.0,0.002500008071924187,16,16.0,0,0.0,0.17489956252049477,0.035298810009620124,0.13960075251087464,12.0,16.0,-4.0,6.263726670125561,6.550772666931152,-0.28704599680559095,"[12, 0, 0]",16,0
memorias_braz_cubas,intermediario,pt,sbert,250,12,3144,10,0.409423291683197,2.3025850929940455,2.3025850929940455,0.0,0.0,0.9999999999999998,0.9999999999999998,0.0,10,10.0,0,0.0,1.6874836619026526e-308,0.0029076359727159273,0.0,10.0,10.0,0.0,4.09423291683197,4.09423291683197,0.0,"[10, 0, 0]",10,0
memorias_braz_cubas,intermediario,pt,sbert,250,13,3405,8,0.409423291683197,2.077055516526511,2.0794415416798357,0.0023860251533247556,-1.0935679458621188,0.998852564447954,1.0,0.0011474355520459945,8,8.0,0,0.0,0.07901002930068224,1.586138013387513e-308,0.07901002930068224,6.0,8.0,-2.0,3.164356327619805,3.275386333465576,-0.11103000584577138,"[6, 0, 0]",8,0
memorias_braz_cubas,intermediario,pt,sbert,250,14,3659,12,0.409423291683197,2.4768238651156333,2.484906649788001,0.008082784672367449,-4.295783599097571,0.9967472481619957,1.0000000000000002,0.003252751838004553,12,12.0,0,0.0,0.1695427214603893,0.029164384255309067,0.14037833720508022,11.0,12.0,-1.0,4.743536778737975,4.913079500198364,-0.16954272146038907,"[11, 0, 0]",12,0
memorias_braz_cubas,intermediario,pt,sbert,250,15,3941,11,0.409423291683197,2.3967168877313596,2.3978952727983707,0.0011783850670110674,-1.6381475166742576,0.9995085752574857,1.0,0.0004914247425142904,11,11.0,0,0.0,0.050153179978428386,1.356087517279619e-308,0.050153179978428386,9.0,11.0,-2.0,4.404244825430715,4.503656208515167,-0.09941138308445208,"[9, 0, 0]",11,0
memorias_braz_cubas,intermediario,pt,sbert,250,16,4218,14,0.409423291683197,2.623157041988998,2.639057329615258,0.015900287626259946,-1.452344872522207,0.993975012422872,0.9999999999999998,0.006024987577127772,14,14.0,0,0.0,0.18986457456766226,1.631585773013718e-308,0.18986457456766226,10.0,14.0,-4.0,5.209571885620865,5.731926083564758,-0.5223541979438933,"[10, 0, 0]",14,0
memorias_braz_cubas,intermediario,pt,sbert,250,17,4493,13,0.409423291683197,2.554873859830151,2.564949357461537,0.010075497631386376,-0.880522554586284,0.9960718531919253,1.0000000000000002,0.0039281468080749615,13,13.0,0,0.0,0.14661140877217488,0.004446834678819456,0.14216457409335542,9.0,13.0,-4.0,4.942002145595686,5.322502791881561,-0.3805006462858751,"[9, 0, 0]",13,0
memorias_braz_cubas,intermediario,pt,sbert,250,18,4767,8,0.409423291683197,2.0794415416798357,2.0794415416798357,0.0,0.0,1.0,1.0,0.0,8,8.0,0,0.0,1.586138013387513e-308,1.586138013387513e-308,0.0,8.0,8.0,0.0,3.275386333465576,3.275386333465576,0.0,"[8, 0, 0]",8,0
memorias_braz_cubas,intermediario,pt,sbert,250,19,5037,9,0.409423291683197,2.1929532833795786,2.1972245773362196,0.0042712939566409425,-1.267786249174459,0.9980560503461057,1.0,0.001943949653894328,9,9.0,0,0.0,0.10362652075956019,1.665376020529423e-308,0.10362652075956019,6.0,9.0,-3.0,3.4841964611389864,3.684809625148773,-0.2006131640097868,"[6, 0, 0]",9,0
memorias_braz_cubas,intermediario,pt,sbert,250,20,5320,9,0.409423291683197,2.1940998916292345,2.1972245773362196,0.0031246857069850975,-0.9274551488427769,0.998577894249311,1.0,0.0014221057506890178,9,9.0,0,0.0,0.08652602609801568,1.665376020529423e-308,0.08652602609801568,7.0,9.0,-2.0,3.542478078035146,3.684809625148773,-0.14233154711362728,"[7, 0, 0]",9,0
memorias_braz_cubas,intermediario,pt,sbert,250,21,5584,14,0.409423291683197,2.639057329615258,2.639057329615258,0.0,0.0,0.9999999999999998,0.9999999999999998,0.0,14,14.0,0,0.0,1.631585773013718e-308,1.631585773013718e-308,0.0,14.0,14.0,0.0,5.731926083564758,5.731926083564758,0.0,"[14, 0, 0]",14,0
memorias_braz_cubas,intermediario,pt,sbert,250,22,5835,13,0.409423291683197,2.5648766493140185,2.564949357461537,7.270814751869636e-05,-0.006354144096363574,0.9999716531839872,1.0000000000000002,2.8346816013047338e-05,13,13.0,0,0.0,0.018345831365746523,0.004446834678819456,0.013898996686927068,12.0,13.0,-1.0,5.304156960515815,5.322502791881561,-0.01834583136574608,"[12, 0, 0]",13,0
memorias_braz_cubas,intermediario,pt,sbert,250,23,6115,9,0.409423291683197,2.19669906930267,2.1972245773362196,0.0005255080335495599,-0.15597892945977063,0.9997608309869779,1.0,0.00023916901302212246,9,9.0,0,0.0,0.03666844886652004,1.665376020529423e-308,0.03666844886652004,6.0,9.0,-3.0,3.623653116046057,3.684809625148773,-0.06115650910271597,"[6, 0, 0]",9,0
memorias_braz_cubas,intermediario,pt,sbert,250,24,6382,11,0.409423291683197,2.3960616776235266,2.3978952727983707,0.0018335951748440493,-2.5489964752145573,0.9992353314193309,1.0,0.0007646685806691478,11,11.0,0,0.0,0.08217529681085284,1.356087517279619e-308,0.08217529681085284,10.0,11.0,-1.0,4.421480911704315,4.503656208515167,-0.08217529681085267,"[10, 0, 0]",11,0
memorias_braz_cubas,intermediario,pt,sbert,250,25,6671,9,0.409423291683197,2.1972245773362196,2.1972245773362196,0.0,0.0,1.0,1.0,0.0,9,9.0,0,0.0,1.665376020529423e-308,1.665376020529423e-308,0.0,9.0,9.0,0.0,3.684809625148773,3.684809625148773,0.0,"[9, 0, 0]",9,0
memorias_braz_cubas,intermediario,pt,sbert,250,26,6940,12,0.409423291683197,2.484712605997479,2.484906649788001,0.0001940437905219028,-0.10312907823468738,0.9999219110341477,1.0000000000000002,7.808896585248526e-05,12,12.0,0,0.0,0.028722284880654536,0.029164384255309067,0.0,11.0,12.0,-1.0,4.88435721531771,4.913079500198364,-0.028722284880654314,"[11, 0, 0]",12,0
memorias_braz_cubas,intermediario,pt,sbert,250,27,7202,12,0.409423291683197,2.4848862483569563,2.484906649788001,2.0401431044536622e-05,-0.010842814256682485,0.9999917898601761,1.0000000000000002,8.210139824105234e-06,12,12.0,0,0.0,0.00941390409438686,0.029164384255309067,0.0,11.0,12.0,-1.0,4.903665596103977,4.913079500198364,-0.009413904094387249,"[11, 0, 0]",12,0
memorias_braz_cubas,intermediario,pt,sbert,250,28,7461,11,0.409423291683197,2.397892055955123,2.3978952727983707,3.21684324777749e-06,-0.004471936996998245,0.9999986584721675,1.0,1.3415278324879765e-06,11,11.0,0,0.0,0.0036051554986242795,1.356087517279619e-308,0.0036051554986242795,10.0,11.0,-1.0,4.500051053016543,4.503656208515167,-0.0036051554986240575,"[10, 0, 0]",11,0
memorias_braz_cubas,intermediario,pt,sbert,250,29,7737,9,0.409423291683197,2.1972245773362196,2.1972245773362196,0.0,0.0,1.0,1.0,0.0,9,9.0,0,0.0,1.665376020529423e-308,1.665376020529423e-308,0.0,9.0,9.0,0.0,3.684809625148773,3.684809625148773,0.0,"[9, 0, 0]",9,0
memorias_braz_cubas,intermediario,pt,sbert,250,30,7995,13,0.409423291683197,2.562989244104397,2.564949357461537,0.001960113357140081,-0.17129913416199138,0.9992358081646183,1.0000000000000002,0.0007641918353818999,13,13.0,0,0.0,0.08294783744908774,0.004446834678819456,0.07850100277026828,10.0,13.0,-3.0,5.16784128019205,5.322502791881561,-0.15466151168951114,"[10, 0, 0]",13,0
memorias_braz_cubas,intermediario,pt,sbert,250,31,8266,11,0.409423291683197,2.397101227154276,2.3978952727983707,0.0007940456440946875,-1.1038530073187927,0.9996688572461432,1.0,0.0003311427538568168,11,11.0,0,0.0,0.05498427386624588,1.356087517279619e-308,0.05498427386624588,10.0,11.0,-1.0,4.448671934648921,4.503656208515167,-0.05498427386624627,"[10, 0, 0]",11,0
memorias_braz_cubas,intermediario,pt,sbert,250,32,8544,15,0.409423291683197,2.70805020110221,2.708037382049917,1.281905229300051e-05,0.003256910527766122,1.0,0.9999952663165963,4.733683403701505e-06,15,15.0,0,0.0,0.008270123943615454,0.045615959671612305,0.0,15.0,14.0,1.0,6.141349375247955,6.133074183803901,0.008275191444054641,"[15, 0, 0]",15,0
memorias_braz_cubas,intermediario,pt,sbert,250,33,8795,16,0.409423291683197,2.7686329054214522,2.772588722239781,0.0039558168183289055,-1.2532879400881756,0.9985732406733829,1.0,0.0014267593266170664,16,16.0,0,0.0,0.1289276743433544,0.035298810009620124,0.09362886433373427,13.0,16.0,-3.0,6.343493324873294,6.550772666931152,-0.20727934205785825,"[13, 0, 0]",16,0
memorias_braz_cubas,intermediario,pt,sbert,250,34,9047,9,0.409423291683197,2.1966444750049035,2.1972245773362196,0.0005801023313161124,-0.17218336322021424,0.9997359840512892,1.0,0.00026401594871083844,9,9.0,0,0.0,0.04322941439521244,1.665376020529423e-308,0.04322941439521244,8.0,9.0,-1.0,3.6415802107535606,3.684809625148773,-0.04322941439521255,"[8, 0, 0]",9,0
memorias_braz_cubas,intermediario,pt,sbert,250,35,9305,9,0.409423291683197,2.1972245773362196,2.1972245773362196,0.0,0.0,1.0,1.0,0.0,9,9.0,0,0.0,1.665376020529423e-308,1.665376020529423e-308,0.0,9.0,9.0,0.0,3.684809625148773,3.684809625148773,0.0,"[9, 0, 0]",9,0
memorias_braz_cubas,intermediario,pt,sbert,250,36,9558,14,0.409423291683197,2.639057329615258,2.639057329615258,0.0,0.0,0.9999999999999998,0.9999999999999998,0.0,14,14.0,0,0.0,1.631585773013718e-308,1.631585773013718e-308,0.0,14.0,14.0,0.0,5.731926083564758,5.731926083564758,0.0,"[14, 0, 0]",14,0
memorias_braz_cubas,intermediario,pt,sbert,250,37,9820,12,0.409423291683197,2.484519585943909,2.484906649788001,0.00038706384409170624,-0.20571406769466657,0.9998442340503518,1.0000000000000002,0.00015576594964838986,12,12.0,0,0.0,0.039873514910877206,0.029164384255309067,0.010709130655568139,9.0,12.0,-3.0,4.853983587630875,4.913079500198364,-0.05909591256748925,"[9, 0, 0]",12,0
memorias_braz_cubas,intermediario,pt,sbert,250,38,10073,11,0.409423291683197,2.39718343856774,2.3978952727983707,0.0007118342306307035,-0.9895657284160627,0.9997031420685024,1.0,0.000296857931497585,11,11.0,0,0.0,0.03976651260854075,1.356087517279619e-308,0.03976651260854075,9.0,11.0,-2.0,4.4257889676986375,4.503656208515167,-0.07786724081652974,"[9, 0, 0]",11,0
memorias_braz_cubas,intermediario,pt,sbert,250,39,10326,10,0.409423291683197,2.3016413299359315,2.3025850929940455,0.0009437630581139445,-1.414189454421429,0.9995901289116368,0.9999999999999998,0.0004098710883629897,10,10.0,0,0.0,0.05731270140954403,0.0029076359727159273,0.054405065436828104,9.0,10.0,-1.0,4.036920215422426,4.09423291683197,-0.05731270140954425,"[9, 0, 0]",10,0
memorias_braz_cubas,intermediario,pt,sbert,250,40,10581,11,0.409423291683197,2.397397406257605,2.3978952727983707,0.0004978665407655569,-0.6921157270424237,0.9997923735258945,1.0,0.0002076264741055489,11,11.0,0,0.0,0.0440038986716319,1.356087517279619e-308,0.0440038986716319,9.0,11.0,-2.0,4.454443238059269,4.503656208515167,-0.049212970455898564,"[9, 0, 0]",11,0
memorias_braz_cubas,intermediario,pt,sbert,250,41,10835,10,0.409423291683197,2.2992102726171866,2.3025850929940455,0.003374820376858878,-5.057027128247859,0.9985343341329154,0.9999999999999998,0.0014656658670844092,10,10.0,0,0.0,0.10553095163713094,0.0029076359727159273,0.10262331566441502,8.0,10.0,-2.0,3.979801890901782,4.09423291683197,-0.11443102593018839,"[8, 0, 0]",10,0
memorias_braz_cubas,intermediario,pt,sbert,250,42,11085,14,0.409423291683197,2.6315323345157875,2.639057329615258,0.007524995099470466,-0.6873390158314608,0.9971486049147071,0.9999999999999998,0.0028513950852926406,14,14.0,0,0.0,0.13349376227733373,1.631585773013718e-308,0.13349376227733373,9.0,14.0,-5.0,5.340121833601877,5.731926083564758,-0.3918042499628811,"[9, 0, 0]",14,0
memorias_braz_cubas,intermediario,pt,sbert,250,43,11339,16,0.409423291683197,2.7536330100773276,2.772588722239781,0.01895571216245351,-6.005577745387518,0.9931631720166775,1.0,0.006836827983322524,16,16.0,0,0.0,0.2047116458415985,0.035298810009620124,0.1694128358319784,11.0,16.0,-5.0,6.060626793182224,6.550772666931152,-0.4901458737489284,"[11, 0, 0]",16,0
memorias_braz_cubas,intermediario,pt,sbert,250,44,11614,12,0.409423291683197,2.470666878071922,2.484906649788001,0.01423977171607893,-7.5680573307798324,0.9942694943018108,1.0000000000000002,0.0057305056981894475,12,12.0,0,0.0,0.1863035762632505,0.029164384255309067,0.15713919200794144,8.0,12.0,-4.0,4.472117319444139,4.913079500198364,-0.44096218075422566,"[8, 0, 0]",12,0
memorias_braz_cubas,intermediario,pt,sbert,250,45,11865,10,0.409423291683197,2.2982571399191776,2.3025850929940455,0.004327953074867885,-6.485256596015228,0.9981203938616485,0.9999999999999998,0.001879606138351253,10,10.0,0,0.0,0.10917698665934611,0.0029076359727159273,0.10626935068663018,6.0,10.0,-4.0,3.8773654922756307,4.09423291683197,-0.21686742455633956,"[6, 0, 0]",10,0
memorias_braz_cubas,intermediario,pt,sbert,250,46,12136,11,0.409423291683197,2.3939426105111696,2.3978952727983707,0.003952662287201036,-5.494845523165099,0.9983516117938761,1.0,0.0016483882061238964,11,11.0,0,0.0,0.10050473338744981,1.356087517279619e-308,0.10050473338744981,7.0,11.0,-4.0,4.262250176402545,4.503656208515167,-0.24140603211262235,"[7, 0, 0]",11,0
memorias_braz_cubas,intermediario,pt,sbert,250,47,12411,11,0.409423291683197,2.39398264183086,2.3978952727983707,0.003912630967510822,-5.43919545700629,0.9634094874489962,1.0,0.03659051255100376,12,11.0,1,0.0,0.13669524543524436,1.356087517279619e-308,0.13669524543524436,8.0,11.0,-3.0,4.239205627860346,4.503656208515167,-0.2644505806548212,"[8, 0, 0]",12,0
memorias_braz_cubas,intermediario,pt,sbert,250,48,12661,14,0.409423291683197,2.639057329615258,2.639057329615258,0.0,0.0,0.9999999999999998,0.9999999999999998,0.0,14,14.0,0,0.0,1.631585773013718e-308,1.631585773013718e-308,0.0,14.0,14.0,0.0,5.731926083564758,5.731926083564758,0.0,"[14, 0, 0]",14,0
memorias_braz_cubas,intermediario,pt,sbert,250,49,12924,15,0.409423291683197,2.7054766005725157,2.708037382049917,0.0025607814774013526,-0.6506125384643999,0.99904964814587,0.9999952663165963,0.0009456181707262479,15,15.0,0,0.0,0.09179672838802794,0.045615959671612305,0.04618076871641563,11.0,14.0,-3.0,5.936152883525718,6.133074183803901,-0.19692130027818244,"[11, 0, 0]",15,0
memorias_braz_cubas,intermediario,pt,sbert,250,50,13210,8,0.409423291683197,2.074233276711446,2.0794415416798357,0.005208264968389553,-2.387062690873563,0.9974953539861562,1.0,0.0025046460138438142,8,8.0,0,0.0,0.1124160545120293,1.586138013387513e-308,0.1124160545120293,5.0,8.0,-3.0,3.079489663841078,3.275386333465576,-0.19589666962449837,"[5, 0, 0]",8,0
memorias_braz_cubas,intermediario,pt,sbert,250,51,13470,10,0.409423291683197,2.3009633426876155,2.3025850929940455,0.0016217503064299699,-2.4301249782348284,0.9992956827908923,0.9999999999999998,0.0007043172091074634,10,10.0,0,0.0,0.0694058974895419,0.0029076359727159273,0.06649826151682597,7.0,10.0,-3.0,3.966870524264868,4.09423291683197,-0.12736239256710213,"[7, 0, 0]",10,0
memorias_braz_cubas,intermediario,pt,sbert,250,52,13732,16,0.409423291683197,2.7699325596146465,2.772588722239781,0.0026561626251346837,-0.8415295090434759,0.999041991838231,1.0,0.0009580081617690528,16,16.0,0,0.0,0.10719191375259701,0.035298810009620124,0.07189310374297689,12.0,16.0,-4.0,6.364623433283243,6.550772666931152,-0.18614923364790936,"[12, 0, 0]",16,0
memorias_braz_cubas,intermediario,pt,sbert,250,53,14005,14,0.409423291683197,2.6329546776363197,2.639057329615258,0.006102651978938223,-0.5574210680164414,0.9976875636953941,0.9999999999999998,0.0023124363046056473,14,14.0,0,0.0,0.15972809745708527,1.631585773013718e-308,0.15972809745708527,13.0,14.0,-1.0,5.572197986107673,5.731926083564758,-0.15972809745708538,"[13, 0, 0]",14,0
memorias_braz_cubas,intermediario,pt,sbert,250,54,14271,8,0.409423291683197,2.0718840777798304,2.0794415416798357,0.0075574639000053345,-3.4637523672119803,0.996365628103255,1.0,0.003634371896744981,8,8.0,0,0.0,0.1282477035825494,1.586138013387513e-308,0.1282477035825494,5.0,8.0,-3.0,3.0581281247234626,3.275386333465576,-0.21725820874211355,"[5, 0, 0]",8,0
memorias_braz_cubas,intermediario,pt,sbert,250,55,14521,10,0.409423291683197,2.2998161636249894,2.3025850929940455,0.002768929369056039,-4.149124804251516,0.998797469254239,0.9999999999999998,0.0012025307457608214,10,10.0,0,0.0,0.08383026058830434,0.0029076359727159273,0.08092262461558841,7.0,10.0,-3.0,3.924277169671696,4.09423291683197,-0.1699557471602744,"[7, 0, 0]",10,0
memorias_braz_cubas,intermediario,pt,sbert,250,56,14779,10,0.409423291683197,2.2986823882714087,2.3025850929940455,0.003902704722636763,-5.848039733090789,0.9983050768744609,0.9999999999999998,0.001694923125538872,10,10.0,0,0.0,0.11261283336757599,0.0029076359727159273,0.10970519739486007,8.0,10.0,-2.0,3.979810391022661,4.09423291683197,-0.11442252580930923,"[8, 0, 0]",10,0
memorias_braz_cubas,intermediario,pt,sbert,250,57,15048,14,0.409423291683197,2.58453058339876,2.639057329615258,0.054526746216498,-4.9805162110440335,0.9793385518364439,0.9999999999999998,0.020661448163555862,14,14.0,0,0.0,0.2047116458415985,1.631585773013718e-308,0.2047116458415985,13.0,14.0,-1.0,5.351099031230238,5.731926083564758,-0.38082705233452074,"[13, 0, 0]",14,0
memorias_braz_cubas,intermediario,pt,sbert,250,58,15298,16,0.409423291683197,2.772588722239781,2.772588722239781,0.0,0.0,1.0,1.0,0.0,16,16.0,0,0.0,1.821994126776501e-308,0.035298810009620124,0.0,16.0,16.0,0.0,6.550772666931152,6.550772666931152,0.0,"[16, 0, 0]",16,0
memorias_braz_cubas,intermediario,pt,sbert,250,59,15555,14,0.409423291683197,2.6326094723638507,2.639057329615258,0.006447857251407285,-0.58895239117377,0.997556757415214,0.9999999999999998,0.0024432425847857875,14,14.0,0,0.0,0.14745832364575706,1.631585773013718e-308,0.14745832364575706,10.0,14.0,-4.0,5.46045241099586,5.731926083564758,-0.27147367256889865,"[10, 0, 0]",14,0
memorias_braz_cubas,intermediario,pt,sbert,250,60,15815,11,0.409423291683197,2.3978952727983707,2.3978952727983707,0.0,0.0,1.0,1.0,0.0,11,11.0,0,0.0,1.356087517279619e-308,1.356087517279619e-308,0.0,11.0,11.0,0.0,4.503656208515167,4.503656208515167,0.0,"[11, 0, 0]",11,0
memorias_braz_cubas,intermediario,pt,sbert,250,61,16091,12,0.409423291683197,2.4848945073012745,2.484906649788001,1.214248672631868e-05,-0.006453406523311678,0.9999951135038707,1.0000000000000002,4.886496129508089e-06,12,12.0,0,0.0,0.006821729512710872,0.029164384255309067,0.0,10.0,12.0,-2.0,4.903044752333838,4.913079500198364,-0.010034747864525961,"[10, 0, 0]",12,0
memorias_braz_cubas,intermediario,pt,sbert,250,62,16341,12,0.409423291683197,2.484906649788001,2.484906649788001,0.0,0.0,1.0000000000000002,1.0000000000000002,0.0,12,12.0,0,0.0,2.124098469265886e-308,0.029164384255309067,0.0,12.0,12.0,0.0,4.913079500198364,4.913079500198364,0.0,"[12, 0, 0]",12,0
memorias_braz_cubas,intermediario,pt,sbert,250,63,16614,14,0.409423291683197,2.639057329615258,2.639057329615258,0.0,0.0,0.9999999999999998,0.9999999999999998,0.0,14,14.0,0,0.0,1.631585773013718e-308,1.631585773013718e-308,0.0,14.0,14.0,0.0,5.731926083564758,5.731926083564758,0.0,"[14, 0, 0]",14,0
memorias_braz_cubas,intermediario,pt,sbert,250,64,16872,16,0.409423291683197,2.7724861890642925,2.772588722239781,0.0001025331754886949,-0.032484717619763515,0.9999630189740489,1.0,3.6981025951066115e-05,16,16.0,0,0.0,0.023941653319891065,0.035298810009620124,0.0,14.0,16.0,-2.0,6.524059311974965,6.550772666931152,-0.026713354956187096,"[14, 0, 0]",16,0
memorias_braz_cubas,intermediario,pt,sbert,250,65,17146,11,0.409423291683197,2.3977375172036286,2.3978952727983707,0.00015775559474207057,-0.21930601719494325,0.9999342108070641,1.0,6.578919293587226e-05,11,11.0,0,0.0,0.024943564210559044,1.356087517279619e-308,0.024943564210559044,10.0,11.0,-1.0,4.478712644304608,4.503656208515167,-0.024943564210559543,"[10, 0, 0]",11,0
memorias_braz_cubas,intermediario,pt,sbert,250,66,17406,10,0.409423291683197,2.293099911216575,2.3025850929940455,0.009485181777470597,-14.21314802231824,0.995880637894195,0.9999999999999998,0.004119362105804769,10,10.0,0,0.0,0.16782196650976866,0.0029076359727159273,0.16491433053705273,6.0,10.0,-4.0,3.845090406083103,4.09423291683197,-0.24914251074886717,"[6, 0, 0]",10,0
memorias_braz_cubas,intermediario,pt,sbert,250,67,17677,12,0.409423291683197,2.484906649788001,2.484906649788001,0.0,0.0,1.0000000000000002,1.0000000000000002,0.0,12,12.0,0,0.0,2.124098469265886e-308,0.029164384255309067,0.0,12.0,12.0,0.0,4.913079500198364,4.913079500198364,0.0,"[12, 0, 0]",12,0
memorias_braz_cubas,intermediario,pt,sbert,250,68,17944,11,0.409423291683197,2.397837143670775,2.3978952727983707,5.812912759584066e-05,-0.08080897211223154,0.9999757582709073,1.0,2.424172909265554e-05,11,11.0,0,0.0,0.01522542840629837,1.356087517279619e-308,0.01522542840629837,10.0,11.0,-1.0,4.488430780108869,4.503656208515167,-0.015225428406298036,"[10, 0, 0]",11,0
memorias_braz_cubas,intermediario,pt,sbert,250,69,18199,24,0.409423291683197,3.132896414377698,3.1777965206753596,0.0449001062976615,-5.260851443294725,0.9857908586887266,0.9999190354580751,0.014128176769348522,24,24.0,0,0.0,0.20272676647033702,0.04110834693574872,0.1616184195345883,16.0,22.0,-6.0,8.727697831536148,9.778880965421646,-1.0511831338854982,"[16, 0, 0]",24,0
memorias_braz_cubas,intermediario,pt,sbert,250,70,18456,17,0.409423291683197,2.829017596364262,2.8331870277532243,0.004169431388962419,-1.387240630164596,0.9985190851579333,0.9999907114997015,0.0014716263417682285,17,17.0,0,0.0,0.09915655705912446,0.04999760184315849,0.04915895521596597,12.0,16.0,-4.0,6.635767621537433,6.947987670926638,-0.31222004938920556,"[12, 0, 0]",17,0
memorias_braz_cubas,intermediario,pt,sbert,250,71,18706,15,0.409423291683197,2.6286062879281547,2.708037382049917,0.07943109412176241,-20.18089643166568,0.9960398580319483,0.9999952663165963,0.003955408284648021,14,15.0,0,0.0,0.20057658386979077,0.045615959671612305,0.15496062419817846,7.0,14.0,-7.0,5.277885723013071,6.133074183803901,-0.8551884607908296,"[7, 0, 0]",14,0
memorias_braz_cubas,intermediario,pt,sbert,250,72,18962,14,0.409423291683197,2.635441706662574,2.639057329615258,0.0036156229526840278,-0.3302538658251566,0.9986299566469776,0.9999999999999998,0.0013700433530221545,14,14.0,0,0.0,0.11000441875587297,1.631585773013718e-308,0.11000441875587297,11.0,14.0,-3.0,5.5202512190823265,5.731926083564758,-0.21167486448243178,"[11, 0, 0]",14,0
memorias_braz_cubas,intermediario,pt,sbert,250,73,19222,17,0.409423291683197,2.8315633252808228,2.8331870277532243,0.0016237024724015114,-0.5402333869738102,0.9994176157687331,0.9999907114997015,0.0005730957309684204,17,17.0,0,0.0,0.07556852512933815,0.04999760184315849,0.02557092328617966,13.0,16.0,-3.0,6.773999723043785,6.947987670926638,-0.17398794788285343,"[13, 0, 0]",17,0
memorias_braz_cubas,intermediario,pt,sbert,250,74,19472,16,0.409423291683197,2.772588722239781,2.772588722239781,0.0,0.0,1.0,1.0,0.0,16,16.0,0,0.0,1.821994126776501e-308,0.035298810009620124,0.0,16.0,16.0,0.0,6.550772666931152,6.550772666931152,0.0,"[16, 0, 0]",16,0
memorias_braz_cubas,intermediario,pt,sbert,250,75,19750,14,0.409423291683197,2.638714168230143,2.639057329615258,0.0003431613851150317,-0.03134463286666125,0.999869968196119,0.9999999999999998,0.0001300318038808257,14,14.0,0,0.0,0.03968581638343893,1.631585773013718e-308,0.03968581638343893,11.0,14.0,-3.0,5.6732064216542035,5.731926083564758,-0.05871966191055478,"[11, 0, 0]",14,0
memorias_braz_cubas,intermediario,pt,sbert,250,76,20021,13,0.409423291683197,2.562730509952394,2.564949357461537,0.0022188475091433624,-0.19391054898392088,0.9991349351585878,1.0000000000000002,0.0008650648414124662,13,13.0,0,0.0,0.07247904385286064,0.004446834678819456,0.06803220917404118,10.0,13.0,-3.0,5.169837240466143,5.322502791881561,-0.15266555141541804,"[10, 0, 0]",13,0
memorias_braz_cubas,intermediario,pt,sbert,250,77,20291,15,0.409423291683197,2.6328664794824737,2.708037382049917,0.07517090256744341,-19.09851823346315,0.9976541433703195,0.9999952663165963,0.0023411229462767524,14,15.0,0,0.0,0.20057658386979077,0.045615959671612305,0.15496062419817846,11.0,14.0,-3.0,5.4846626725832275,6.133074183803901,-0.6484115112206732,"[11, 0, 0]",14,0
memorias_braz_cubas,intermediario,pt,sbert,250,78,20541,10,0.409423291683197,2.2985025716816683,2.3025850929940455,0.004082521312377185,-6.117487369078071,0.998226983521782,0.9999999999999998,0.0017730164782178148,10,10.0,0,0.0,0.11058395304199897,0.0029076359727159273,0.10767631706928305,7.0,10.0,-3.0,3.9257776115142495,4.09423291683197,-0.16845530531772068,"[7, 0, 0]",10,0
memorias_braz_cubas,intermediario,pt,sbert,250,79,20812,12,0.409423291683197,2.4813677048171208,2.484906649788001,0.0035389449708800313,-1.8808544802619915,0.9985758237754399,1.0000000000000002,0.0014241762245603695,12,12.0,0,0.0,0.11609555663176119,0.029164384255309067,0.08693117237645212,10.0,12.0,-2.0,4.775913499906583,4.913079500198364,-0.1371660002917814,"[10, 0, 0]",12,0
memorias_braz_cubas,intermediario,pt,sbert,250,80,21073,17,0.409423291683197,2.832584199923462,2.8331870277532243,0.0006028278297622869,-0.2005710564404561,0.9997779397255508,0.9999907114997015,0.00021277177415068849,17,17.0,0,0.0,0.05937177187083331,0.04999760184315849,0.009374170027674822,16.0,16.0,0.0,6.900381620544779,6.947987670926638,-0.04760605038185872,"[16, 0, 0]",17,0
memorias_braz_cubas,intermediario,pt,sbert,250,81,21325,15,0.409423291683197,2.70805020110221,2.708037382049917,1.281905229300051e-05,0.003256910527766122,1.0,0.9999952663165963,4.733683403701505e-06,15,15.0,0,0.0,0.008270123943615454,0.045615959671612305,0.0,15.0,14.0,1.0,6.141349375247955,6.133074183803901,0.008275191444054641,"[15, 0, 0]",15,0
memorias_braz_cubas,intermediario,pt,sbert,250,82,21581,11,0.409423291683197,2.3764049666887987,2.3978952727983707,0.02149030610957192,-29.875032000583076,0.9910378462506861,1.0,0.008962153749313861,11,11.0,0,0.0,0.2047116458415985,1.356087517279619e-308,0.2047116458415985,7.0,11.0,-4.0,4.052338046309944,4.503656208515167,-0.45131816220522314,"[7, 0, 0]",11,0
memorias_braz_cubas,intermediario,pt,sbert,250,83,21845,11,0.409423291683197,2.3932994753040115,2.3978952727983707,0.004595797494359122,-6.388908399542254,0.9980834035804259,1.0,0.0019165964195740903,11,11.0,0,0.0,0.09099192485097635,1.356087517279619e-308,0.09099192485097635,8.0,11.0,-3.0,4.259245966890768,4.503656208515167,-0.24441024162439895,"[8, 0, 0]",11,0
memorias_braz_cubas,intermediario,pt,sbert,250,84,22110,19,0.409423291683197,2.918260531547623,2.9444151273461285,0.026154595798505653,-40.509217604256655,0.9911091899665625,0.9999918993667449,0.008882709400182431,19,19.0,0,0.0,0.19906598527399266,0.03837123942119658,0.16069474585279608,15.0,18.0,-3.0,7.184288497035963,7.76633708136815,-0.5820485843321865,"[15, 0, 0]",19,0
memorias_braz_cubas,intermediario,pt,sbert,250,85,22382,10,0.409423291683197,2.3025485965955985,2.3025850929940455,3.649639844693908e-05,-0.054688326020271544,0.999984149815545,0.9999999999999998,1.5850184454824223e-05,10,10.0,0,0.0,0.011582515638859148,0.0029076359727159273,0.00867487966614322,9.0,10.0,-1.0,4.082650401193111,4.09423291683197,-0.01158251563885937,"[9, 0, 0]",10,0
memorias_braz_cubas,intermediario,pt,sbert,250,86,22655,24,0.409423291683197,3.170618693168585,3.1777965206753596,0.007177827506774648,-0.8410110200719656,0.9976604747508173,0.9999190354580751,0.0022585607072578284,24,24.0,0,0.0,0.12337501437555573,0.04110834693574872,0.08226666743980701,14.0,22.0,-8.0,9.080015363540973,9.778880965421646,-0.6988656018806729,"[14, 0, 0]",24,0
memorias_braz_cubas,intermediario,pt,sbert,250,87,22927,14,0.409423291683197,2.6317578324717745,2.639057329615258,0.0072994971434834355,-0.6667418538278552,0.9972340513176544,0.9999999999999998,0.002765948682345365,14,14.0,0,0.0,0.13573688596305578,1.631585773013718e-308,0.13573688596305578,11.0,14.0,-3.0,5.426785080255437,5.731926083564758,-0.3051410033093216,"[11, 0, 0]",14,0
memorias_braz_cubas,intermediario,pt,sbert,250,88,23181,14,0.409423291683197,2.634238030566802,2.639057329615258,0.004819299048456127,-0.4401985943082449,0.9981738558710435,0.9999999999999998,0.0018261441289563196,14,14.0,0,0.0,0.1271109784000523,1.631585773013718e-308,0.1271109784000523,11.0,14.0,-3.0,5.510293535146166,5.731926083564758,-0.22163254841859192,"[11, 0, 0]",14,0
memorias_braz_cubas,intermediario,pt,sbert,250,89,23439,14,0.409423291683197,2.6388935854959437,2.639057329615258,0.00016374411931430188,-0.014956517622928624,0.9999379535573263,0.9999999999999998,6.204644267349124e-05,14,14.0,0,0.0,0.028337284477919333,1.631585773013718e-308,0.028337284477919333,13.0,14.0,-1.0,5.703588799086839,5.731926083564758,-0.028337284477919056,"[13, 0, 0]",14,0
memorias_braz_cubas,intermediario,pt,sbert,250,90,23695,6,0.409423291683197,1.7915911511011737,1.7917594692280547,0.00016831812688100634,-0.022375876409319755,0.9999060598647463,0.9999999999999999,9.394013525354517e-05,6,6.0,0,0.0,0.019883306711464044,2.026760480914604e-308,0.019883306711464044,5.0,6.0,-1.0,2.436656443387718,2.456539750099182,-0.01988330671146432,"[5, 0, 0]",6,0
memorias_braz_cubas,intermediario,pt,sbert,250,91,23951,9,0.409423291683197,2.1971749207475963,2.1972245773362196,4.965658862321476e-05,-0.01473884515476738,0.9999774003125873,1.0,2.2599687412694358e-05,9,9.0,0,0.0,0.012884158997686967,1.665376020529423e-308,0.012884158997686967,8.0,9.0,-1.0,3.6719254661510865,3.684809625148773,-0.01288415899768669,"[8, 0, 0]",9,0
memorias_braz_cubas,intermediario,pt,sbert,250,92,24205,13,0.409423291683197,2.5633808674113325,2.564949357461537,0.0015684900502046517,-0.13707420877625995,0.9993884908309626,1.0000000000000002,0.0006115091690376273,13,13.0,0,0.0,0.0793220173454397,0.004446834678819456,0.07487518266662024,11.0,13.0,-2.0,5.214156426496755,5.322502791881561,-0.10834636538480602,"[11, 0, 0]",13,0
memorias_braz_cubas,intermediario,pt,sbert,250,93,24456,17,0.409423291683197,2.819240069752559,2.8331870277532243,0.013946958000665255,-4.640389779992711,0.9950680472640822,0.9999907114997015,0.004922664235619378,17,17.0,0,0.0,0.198607501997743,0.04999760184315849,0.1486099001545845,15.0,16.0,-1.0,6.677861922336902,6.947987670926638,-0.27012574858973615,"[15, 0, 0]",17,0
memorias_braz_cubas,intermediario,pt,sbert,250,94,24722,10,0.409423291683197,2.3019013101651655,2.3025850929940455,0.0006837828288799308,-1.0246199587944678,0.999703036890597,0.9999999999999998,0.00029696310940274806,10,10.0,0,0.0,0.049032376866113,0.0029076359727159273,0.046124740893397076,9.0,10.0,-1.0,4.045200539965857,4.09423291683197,-0.04903237686611295,"[9, 0, 0]",10,0
memorias_braz_cubas,intermediario,pt,sbert,250,95,24976,11,0.409423291683197,2.3905092479066954,2.3978952727983707,0.00738602489167528,-10.26777975478068,0.9969197883763057,1.0,0.0030802116236943178,11,11.0,0,0.0,0.13447455201050568,1.356087517279619e-308,0.13447455201050568,8.0,11.0,-3.0,4.259962212361226,4.503656208515167,-0.24369399615394105,"[8, 0, 0]",11,0
memorias_braz_cubas,intermediario,pt,sbert,250,96,25256,10,0.409423291683197,2.292584522490453,2.3025850929940455,0.010000570503592598,-14.98543646393833,0.9956568074144051,0.9999999999999998,0.00434319258559468,10,10.0,0,0.0,0.17260363901010356,0.0029076359727159273,0.16969600303738763,8.0,10.0,-2.0,3.920117038783495,4.09423291683197,-0.17411587804847528,"[8, 0, 0]",10,0
memorias_braz_cubas,intermediario,pt,sbert,250,97,25520,13,0.409423291683197,2.564875868223718,2.564949357461537,7.348923781913541e-05,-0.006422405501593096,0.999971348659339,1.0000000000000002,2.865134066121211e-05,13,13.0,0,0.0,0.01844313151986343,0.004446834678819456,0.013996296841043976,12.0,13.0,-1.0,5.304059660361698,5.322502791881561,-0.018443131519862987,"[12, 0, 0]",13,0
memorias_braz_cubas,intermediario,pt,sbert,250,98,25775,13,0.409423291683197,2.5636605287205176,2.564949357461537,0.0012888287410195431,-0.11263391814331651,0.9994975227338232,1.0000000000000002,0.000502477266177026,13,13.0,0,0.0,0.06991151851738653,0.004446834678819456,0.06546468383856707,11.0,13.0,-2.0,5.219283606372643,5.322502791881561,-0.10321918550891862,"[11, 0, 0]",13,0
memorias_braz_cubas,intermediario,pt,sbert,250,99,26052,10,0.409423291683197,2.299642102883344,2.3025850929940455,0.0029429901107014267,-4.409947542699878,0.9987218756346263,0.9999999999999998,0.0012781243653734453,10,10.0,0,0.0,0.09164627388726776,0.0029076359727159273,0.08873863791455183,7.0,10.0,-3.0,3.9320954469812914,4.09423291683197,-0.16213746985067878,"[7, 0, 0]",10,0
memorias_braz_cubas,intermediario,pt,sbert,250,100,26320,14,0.409423291683197,2.632685456669898,2.639057329615258,0.006371872945360124,-0.5820119244429987,0.9975855496302198,0.9999999999999998,0.0024144503697799413,14,14.0,0,0.0,0.12386931047400096,1.631585773013718e-308,0.12386931047400096,7.0,14.0,-7.0,5.380948191630362,5.731926083564758,-0.350977891934396,"[7, 0, 0]",14,0
memorias_braz_cubas,intermediario,pt,sbert,250,101,26580,17,0.409423291683197,2.8323234050436814,2.8331870277532243,0.0008636227095428772,-0.2873419418730038,0.9996858905756597,0.9999907114997015,0.0003048209240418265,17,17.0,0,0.0,0.05273201851525078,0.04999760184315849,0.002734416672092288,15.0,16.0,-1.0,6.8563824799755135,6.947987670926638,-0.09160519095112463,"[15, 0, 0]",17,0
memorias_braz_cubas,intermediario,pt,sbert,250,102,26835,11,0.409423291683197,2.396671851249107,2.3978952727983707,0.0012234215492634704,-1.700755575471752,0.9994897935855906,1.0,0.0005102064144093532,11,11.0,0,0.0,0.06609095395074616,1.356087517279619e-308,0.06609095395074616,8.0,11.0,-3.0,4.399543491721809,4.503656208515167,-0.10411271679335865,"[8, 0, 0]",11,0
memorias_braz_cubas,intermediario,pt,sbert,250,103,27130,10,0.409423291683197,2.301299760493589,2.3025850929940455,0.00128533250045626,-1.9260169721020277,0.9994417871876408,0.9999999999999998,0.0005582128123590158,10,10.0,0,0.0,0.06650407192269542,0.0029076359727159273,0.06359643594997949,9.0,10.0,-1.0,4.027728844909275,4.09423291683197,-0.06650407192269547,"[9, 0, 0]",10,0
memorias_braz_cubas,intermediario,pt,sbert,250,104,27380,11,0.409423291683197,2.3978952727983707,2.3978952727983707,0.0,0.0,1.0,1.0,0.0,11,11.0,0,0.0,1.356087517279619e-308,1.356087517279619e-308,0.0,11.0,11.0,0.0,4.503656208515167,4.503656208515167,0.0,"[11, 0, 0]",11,0
memorias_braz_cubas,intermediario,pt,sbert,250,105,27647,17,0.409423291683197,2.3834663539690273,2.8331870277532243,0.449720673784197,-149.6297055157176,0.8412590456589827,0.9999907114997015,0.15873166584071885,17,17.0,0,0.0,0.2047116458415985,0.04999760184315849,0.15471404399844002,5.0,16.0,-11.0,3.4147330210561706,6.947987670926638,-3.5332546498704676,"[5, 0, 0]",17,0
memorias_braz_cubas,intermediario,pt,sbert,250,106,27919,17,0.409423291683197,2.832802068899135,2.8331870277532243,0.0003849588540894011,-0.12808234829049853,0.9998548379147147,0.9999907114997015,0.0001358735849867898,17,17.0,0,0.0,0.037689903032868566,0.04999760184315849,0.0,14.0,16.0,-2.0,6.888387008689492,6.947987670926638,-0.05960066223714655,"[14, 0, 0]",17,0
memorias_braz_cubas,intermediario,pt,sbert,250,107,28176,14,0.409423291683197,2.6383574054902406,2.639057329615258,0.0006999241250174038,-0.06393162425846798,0.9997347825236067,0.9999999999999998,0.0002652174763930759,14,14.0,0,0.0,0.04945951027255652,1.631585773013718e-308,0.04945951027255652,11.0,14.0,-3.0,5.639454612498733,5.731926083564758,-0.09247147106602505,"[11, 0, 0]",14,0
memorias_braz_cubas,intermediario,pt,sbert,250,108,28427,16,0.409423291683197,2.7718961376349176,2.772588722239781,0.0006925846048635442,-0.21942571474603706,0.9997502029062918,1.0,0.0002497970937082039,16,16.0,0,0.0,0.0611270420700159,0.035298810009620124,0.025828232060395778,13.0,16.0,-3.0,6.484153461472445,6.550772666931152,-0.06661920545870714,"[13, 0, 0]",16,0
memorias_braz_cubas,intermediario,pt,sbert,250,109,28682,12,0.409423291683197,2.480593067551312,2.484906649788001,0.004313582236688873,-2.292553442512922,0.998264086807021,1.0000000000000002,0.001735913192979277,12,12.0,0,0.0,0.11241985407187771,0.029164384255309067,0.08325546981656864,8.0,12.0,-4.0,4.661868220548251,4.913079500198364,-0.25121127965011336,"[8, 0, 0]",12,0
memorias_braz_cubas,intermediario,pt,sbert,250,110,28937,19,0.409423291683197,2.93939969124031,2.9444151273461285,0.005015436105818338,-7.768095295988053,0.9982885405465062,0.9999918993667449,0.001703358820238754,19,19.0,0,0.0,0.15612225065000582,0.03837123942119658,0.11775101122880924,18.0,18.0,0.0,7.611628970195525,7.76633708136815,-0.15470811117262429,"[18, 0, 0]",19,0
memorias_braz_cubas,intermediario,pt,sbert,250,111,29205,24,0.409423291683197,3.1862252993957454,3.1777965206753596,0.008428778720385832,0.9875823545358318,0.9898565439461176,0.9999190354580751,0.010062491511957594,25,24.0,1,0.0,0.18092611315273266,0.04110834693574872,0.13981776621698394,17.0,22.0,-5.0,9.2553558183324,9.778880965421646,-0.523525147089245,"[15, 1, 0]",25,0
memorias_braz_cubas,intermediario,pt,sbert,250,112,29458,18,0.409423291683197,2.897374484904607,2.890363145319511,0.0070113395850959215,2.83899123454517,0.9840158024687076,0.9999970202529725,0.01598121778426498,19,18.0,1,0.0,0.1389552865730294,0.03399256449511745,0.10496272207791196,12.0,17.0,-5.0,6.972180088443805,7.362483244635401,-0.39030315619159595,"[12, 0, 0]",19,0
memorias_braz_cubas,intermediario,pt,sbert,250,113,29723,18,0.409423291683197,2.8901138485943267,2.890363145319511,0.0002492967251841449,-0.10094379383692637,0.9999107695052952,0.9999970202529725,8.625074767731888e-05,18,18.0,0,0.0,0.03464039609077452,0.03399256449511745,0.0006478315956570668,14.0,17.0,-3.0,7.293035053577089,7.362483244635401,-0.06944819105831179,"[14, 0, 0]",18,0
memorias_braz_cubas,intermediario,pt,sbert,250,114,29973,16,0.409423291683197,2.765404735127141,2.772588722239781,0.007183987112640011,-2.276041794529829,0.997408924354696,1.0,0.0025910756453040307,16,16.0,0,0.0,0.1600591058743523,0.035298810009620124,0.12476029586473217,13.0,16.0,-3.0,6.242795009373355,6.550772666931152,-0.3079776575577977,"[13, 0, 0]",16,0
memorias_braz_cubas,intermediario,pt,sbert,250,115,30236,14,0.409423291683197,2.6390519347320263,2.639057329615258,5.394883231701897e-06,-0.0004927729097477516,0.9999979557536808,0.9999999999999998,2.0442463189995763e-06,14,14.0,0,0.0,0.00520771273938514,1.631585773013718e-308,0.00520771273938514,13.0,14.0,-1.0,5.726718370825373,5.731926083564758,-0.005207712739385251,"[13, 0, 0]",14,0
memorias_braz_cubas,intermediario,pt,sbert,250,116,30494,14,0.409423291683197,2.6383757523147784,2.639057329615258,0.0006815773004795744,-0.06225581076559919,0.9997417345607345,0.9999999999999998,0.0002582654392653261,14,14.0,0,0.0,0.050157333955614114,1.631585773013718e-308,0.050157333955614114,11.0,14.0,-3.0,5.635799764953452,5.731926083564758,-0.09612631861130616,"[11, 0, 0]",14,0
memorias_braz_cubas,intermediario,pt,sbert,250,117,30778,12,0.409423291683197,2.478529508896539,2.484906649788001,0.006377140891461686,-3.389279606115206,0.997433649713962,1.0000000000000002,0.0025663502860382437,12,12.0,0,0.0,0.11571619999024424,0.029164384255309067,0.08655181573493517,6.0,12.0,-6.0,4.5278922740218945,4.913079500198364,-0.3851872261764697,"[6, 0, 0]",12,0
memorias_braz_cubas,intermediario,pt,sbert,250,118,31031,14,0.409423291683197,2.6357908668928904,2.639057329615258,0.0032664627223675247,-0.29836129368379805,0.9987622615523687,0.9999999999999998,0.001237738447631087,14,14.0,0,0.0,0.11995524429869925,1.631585773013718e-308,0.11995524429869925,13.0,14.0,-1.0,5.611970839266059,5.731926083564758,-0.11995524429869953,"[13, 0, 0]",14,0
memorias_braz_cubas,intermediario,pt,sbert,250,119,31286,15,0.409423291683197,2.706358249002784,2.708037382049917,0.0016791330471330745,-0.4266139160469607,0.9993752139089824,0.9999952663165963,0.0006200524076138691,15,15.0,0,0.0,0.06299144075459956,0.045615959671612305,0.017375481082987254,11.0,14.0,-3.0,5.948008761765086,6.133074183803901,-0.18506542203881438,"[11, 0, 0]",15,0
memorias_braz_cubas,intermediario,pt,sbert,250,120,31574,16,0.409423291683197,2.7696870761291974,2.772588722239781,0.0029016461105837443,-0.9193039626983059,0.9989534523864615,1.0,0.0010465476135385066,16,16.0,0,0.0,0.10524789798245321,0.035298810009620124,0.06994908797283308,12.0,16.0,-4.0,6.338363349784116,6.550772666931152,-0.2124093171470367,"[12, 0, 0]",16,0
memorias_braz_cubas,intermediario,pt,sbert,250,121,31860,22,0.409423291683197,3.0838110320919556,3.0908043774786678,0.0069933453867121464,-1.9626952648982101,0.9976605234721044,0.9999229787739118,0.0022624553018073534,22,22.0,0,0.0,0.13647668275780278,0.06517754288187899,0.07129913987592379,18.0,21.0,-3.0,8.624951610770577,8.957500750127807,-0.33254913935722996,"[18, 0, 0]",22,0
memorias_braz_cubas,intermediario,pt,sbert,250,122,32140,12,0.409423291683197,2.4846653201900515,2.484906649788001,0.00024132959794931352,-0.12826021858427442,0.9999028818253718,1.0000000000000002,9.711817462842998e-05,12,12.0,0,0.0,0.03197244248060627,0.029164384255309067,0.0028080582252971997,11.0,12.0,-1.0,4.881107057717758,4.913079500198364,-0.03197244248060649,"[11, 0, 0]",12,0
memorias_braz_cubas,intermediario,pt,sbert,250,123,32424,15,0.409423291683197,2.707731406716412,2.708037382049917,0.0003059753335050708,-0.07773853028694994,0.9998822789970184,0.9999952663165963,0.000112987319577873,15,15.0,0,0.0,0.04056234525527358,0.045615959671612305,0.0,14.0,14.0,0.0,6.100787029992682,6.133074183803901,-0.03228715381121905,"[14, 0, 0]",15,0
memorias_braz_cubas,intermediario,pt,sbert,250,124,32686,14,0.409423291683197,2.564949357461537,2.639057329615258,0.07410797215372078,-6.769080905978026,1.0000000000000002,0.9999999999999998,4.440892098500626e-16,13,14.0,0,0.0,0.2047116458415985,1.631585773013718e-308,0.2047116458415985,13.0,14.0,-1.0,5.322502791881561,5.731926083564758,-0.409423291683197,"[13, 0, 0]",13,0
memorias_braz_cubas,intermediario,pt,sbert,250,125,32947,17,0.409423291683197,2.820127204033878,2.8331870277532243,0.01305982371934622,-4.34522513890627,0.995381166741364,0.9999907114997015,0.004609544758337525,17,17.0,0,0.0,0.17696881125658095,0.04999760184315849,0.12697120941342246,13.0,16.0,-3.0,6.4382269978563516,6.947987670926638,-0.5097606730702866,"[13, 0, 0]",17,0
memorias_braz_cubas,intermediario,pt,sbert,250,126,33203,16,0.409423291683197,2.7713508205935993,2.772588722239781,0.0012379016461818715,-0.3921938945672495,0.9995535213584863,1.0,0.0004464786415137034,16,16.0,0,0.0,0.07309613328765774,0.035298810009620124,0.037797323278037614,12.0,16.0,-4.0,6.402386102938751,6.550772666931152,-0.14838656399240158,"[12, 0, 0]",16,0
memorias_braz_cubas,intermediario,pt,sbert,250,127,33468,14,0.409423291683197,2.639057329615258,2.639057329615258,0.0,0.0,0.9999999999999998,0.9999999999999998,0.0,14,14.0,0,0.0,1.631585773013718e-308,1.631585773013718e-308,0.0,14.0,14.0,0.0,5.731926083564758,5.731926083564758,0.0,"[14, 0, 0]",14,0
memorias_braz_cubas,intermediario,pt,sbert,250,128,33720,14,0.409423291683197,2.635014814592121,2.639057329615258,0.004042515023137128,-0.3692465258459101,0.9984681973454033,0.9999999999999998,0.0015318026545965147,14,14.0,0,0.0,0.11734950157562646,1.631585773013718e-308,0.11734950157562646,10.0,14.0,-4.0,5.4758649286085035,5.731926083564758,-0.2560611549562548,"[10, 0, 0]",14,0
memorias_braz_cubas,intermediario,pt,sbert,250,129,34000,14,0.409423291683197,2.639057329615258,2.639057329615258,0.0,0.0,0.9999999999999998,0.9999999999999998,0.0,14,14.0,0,0.0,1.631585773013718e-308,1.631585773013718e-308,0.0,14.0,14.0,0.0,5.731926083564758,5.731926083564758,0.0,"[14, 0, 0]",14,0
memorias_braz_cubas,intermediario,pt,sbert,250,130,34252,18,0.409423291683197,2.8331322341895913,2.890363145319511,0.057230911129919626,-23.173610844389387,0.9999713717758689,0.9999970202529725,2.5648477103623613e-05,17,18.0,0,0.0,0.20114364301052554,0.03399256449511745,0.16715107851540809,12.0,17.0,-5.0,6.917127123988383,7.362483244635401,-0.445356120647018,"[12, 0, 0]",17,0
memorias_braz_cubas,intermediario,pt,sbert,250,131,34510,18,0.409423291683197,2.890371757896165,2.890363145319511,8.612576654076776e-06,0.0034873549242641372,1.0000000000000002,0.9999970202529725,2.979747027676005e-06,18,18.0,0,0.0,0.00713600566214595,0.03399256449511745,0.0,18.0,17.0,1.0,7.369619250297546,7.362483244635401,0.00713600566214545,"[18, 0, 0]",18,0
memorias_braz_cubas,intermediario,pt,sbert,250,132,34768,21,0.409423291683197,2.9945609571289475,3.044233970802453,0.049673013673505295,-24.86310318636623,0.9996090049717113,0.9999052505189662,0.0002962455472548253,20,21.0,0,0.0,0.18277726457155935,0.08071461603363123,0.10206264853792812,16.0,20.0,-4.0,8.007726452436792,8.545184976397195,-0.5374585239604031,"[16, 0, 0]",20,0
memorias_braz_cubas,intermediario,pt,sbert,250,133,35032,17,0.409423291683197,2.828921942283908,2.8331870277532243,0.004265085469316254,-1.4190663671365842,0.9984853234644998,0.9999907114997015,0.0015053880352017268,17,17.0,0,0.0,0.10727429391006366,0.04999760184315849,0.057276692066905166,14.0,16.0,-2.0,6.732065539261212,6.947987670926638,-0.21592213166542606,"[14, 0, 0]",17,0
memorias_braz_cubas,intermediario,pt,sbert,250,134,35282,17,0.409423291683197,2.771483733914569,2.8331870277532243,0.06170329383865525,-20.52973373169443,0.9996014597057441,0.9999907114997015,0.0003892517939574347,16,17.0,0,0.0,0.198607501997743,0.04999760184315849,0.1486099001545845,14.0,16.0,-2.0,6.469532911907591,6.947987670926638,-0.4784547590190469,"[14, 0, 0]",16,0
memorias_braz_cubas,intermediario,pt,sbert,250,135,35547,16,0.409423291683197,2.771043041912402,2.772588722239781,0.0015456803273790065,-0.48970480750268786,0.9994425136642227,1.0,0.0005574863357773463,16,16.0,0,0.0,0.07628000173801774,0.035298810009620124,0.04098119172839762,10.0,16.0,-6.0,6.344893028407757,6.550772666931152,-0.20587963852339541,"[10, 0, 0]",16,0
memorias_braz_cubas,intermediario,pt,sbert,250,136,35797,12,0.409423291683197,2.4831863642837617,2.484906649788001,0.001720285504239083,-0.9142856768335785,0.9993077061851054,1.0000000000000002,0.0006922938148947733,12,12.0,0,0.0,0.08308883787195864,0.029164384255309067,0.053924453616649576,10.0,12.0,-2.0,4.823778202024977,4.913079500198364,-0.08930129817338717,"[10, 0, 0]",12,0
memorias_braz_cubas,intermediario,pt,sbert,250,137,36069,17,0.409423291683197,2.7965455234399657,2.8331870277532243,0.03664150431325863,-12.191250746628326,0.9870578681647199,0.9999907114997015,0.01293284333498168,17,17.0,0,0.0,0.2047116458415985,0.04999760184315849,0.15471404399844002,6.0,16.0,-10.0,5.734601595649276,6.947987670926638,-1.213386075277362,"[6, 0, 0]",17,0
memorias_braz_cubas,intermediario,pt,sbert,250,138,36321,12,0.409423291683197,2.4756319952573094,2.484906649788001,0.009274654530691429,-4.929230510921246,0.9962676044464357,1.0000000000000002,0.003732395553564527,12,12.0,0,0.0,0.13215915640818998,0.029164384255309067,0.10299477215288091,6.0,12.0,-6.0,4.390668907139279,4.913079500198364,-0.5224105930590852,"[6, 0, 0]",12,0
memorias_braz_cubas,intermediario,pt,sbert,250,139,36625,10,0.409423291683197,2.3023514104628053,2.3025850929940455,0.00023368253124012028,-0.3501634955098921,0.999898512966165,0.9999999999999998,0.00010148703383472402,10,10.0,0,0.0,0.029010839840313607,0.0029076359727159273,0.02610320386759768,9.0,10.0,-1.0,4.065222076991656,4.09423291683197,-0.029010839840314162,"[9, 0, 0]",10,0
memorias_braz_cubas,intermediario,pt,sbert,250,140,36875,13,0.409423291683197,2.564444765970162,2.564949357461537,0.0005045914913752725,-0.04409749327161741,0.9998032742869145,1.0000000000000002,0.0001967257130857103,13,13.0,0,0.0,0.04737173552248808,0.004446834678819456,0.04292490084366862,11.0,13.0,-2.0,5.26578164808104,5.322502791881561,-0.05672114380052129,"[11, 0, 0]",13,0
memorias_braz_cubas,intermediario,pt,sbert,250,141,37136,18,0.409423291683197,2.8877002933565494,2.890363145319511,0.0026628519629614544,-1.0782266769404443,0.9990757366998494,0.9999970202529725,0.0009212835531231534,18,18.0,0,0.0,0.09892495284019823,0.03399256449511745,0.06493238834508078,15.0,17.0,-2.0,7.168251102313187,7.362483244635401,-0.19423214232221397,"[15, 0, 0]",18,0
memorias_braz_cubas,intermediario,pt,sbert,250,142,37394,15,0.409423291683197,2.7068680155877423,2.708037382049917,0.0011693664621748034,-0.2970985572430561,0.9995634550962214,0.9999952663165963,0.0004318112203749447,15,15.0,0,0.0,0.0710007661556826,0.045615959671612305,0.025384806484070294,14.0,14.0,0.0,6.064802138017646,6.133074183803901,-0.06827204578625512,"[14, 0, 0]",15,0
memorias_braz_cubas,intermediario,pt,sbert,250,143,37652,13,0.409423291683197,2.564929140589853,2.564949357461537,2.0216871684297644e-05,-0.0017668022119073656,0.9999921180230615,1.0000000000000002,7.881976938683977e-06,13,13.0,0,0.0,0.009719311942337217,0.004446834678819456,0.005272477263517761,12.0,13.0,-1.0,5.312783479939224,5.322502791881561,-0.009719311942337328,"[12, 0, 0]",13,0
memorias_braz_cubas,intermediario,pt,sbert,250,144,37905,16,0.409423291683197,2.769465661172547,2.772588722239781,0.003123061067233923,-0.9894529882141135,0.998873593821477,1.0,0.0011264061785229984,16,16.0,0,0.0,0.10751299288059052,0.035298810009620124,0.0722141828709704,13.0,16.0,-3.0,6.363377954079759,6.550772666931152,-0.1873947128513933,"[13, 0, 0]",16,0
memorias_braz_cubas,intermediario,pt,sbert,250,145,38165,19,0.409423291683197,2.9422040701598307,2.9444151273461285,0.0022110571862978823,-3.424568186227288,0.9992409728907874,0.9999918993667449,0.0007509264759575363,19,19.0,0,0.0,0.08355161361789507,0.03837123942119658,0.045180374196698486,16.0,18.0,-2.0,7.575863248342571,7.76633708136815,-0.1904738330255782,"[16, 0, 0]",19,0
memorias_braz_cubas,intermediario,pt,sbert,250,146,38417,17,0.409423291683197,2.8240859991905403,2.8331870277532243,0.009101028562684021,-3.028066760342022,0.9967784477350341,0.9999907114997015,0.0032122637646674335,17,17.0,0,0.0,0.15923021548822128,0.04999760184315849,0.10923261364506279,14.0,16.0,-2.0,6.634538571817528,6.947987670926638,-0.31344909910911056,"[14, 0, 0]",17,0
memorias_braz_cubas,intermediario,pt,sbert,250,147,38683,15,0.409423291683197,2.70771727631908,2.708037382049917,0.00032010573083685046,-0.08132861157997348,0.9998770610740546,0.9999952663165963,0.00011820524254169129,15,15.0,0,0.0,0.0341846052797366,0.045615959671612305,0.0,12.0,14.0,-2.0,6.072809714689117,6.133074183803901,-0.06026446911478356,"[12, 0, 0]",15,0
memorias_braz_cubas,intermediario,pt,sbert,250,148,38943,10,0.409423291683197,2.3025850929940455,2.3025850929940455,0.0,0.0,0.9999999999999998,0.9999999999999998,0.0,10,10.0,0,0.0,1.6874836619026526e-308,0.0029076359727159273,0.0,10.0,10.0,0.0,4.09423291683197,4.09423291683197,0.0,"[10, 0, 0]",10,0
memorias_braz_cubas,intermediario,pt,sbert,250,149,39214,12,0.409423291683197,2.475286128386053,2.484906649788001,0.009620521401947801,-5.113049490795064,0.9961284173782673,1.0000000000000002,0.0038715826217329274,12,12.0,0,0.0,0.18313721514037945,0.029164384255309067,0.15397283088507038,11.0,12.0,-1.0,4.729942285057985,4.913079500198364,-0.18313721514037962,"[11, 0, 0]",12,0
memorias_braz_cubas,intermediario,pt,sbert,250,150,39485,13,0.409423291683197,2.564949357461537,2.564949357461537,0.0,0.0,1.0000000000000002,1.0000000000000002,0.0,13,13.0,0,0.0,1.7534392111679133e-308,0.004446834678819456,0.0,13.0,13.0,0.0,5.322502791881561,5.322502791881561,0.0,"[13, 0, 0]",13,0
memorias_braz_cubas,intermediario,pt,sbert,250,151,39739,13,0.409423291683197,2.5520841754563395,2.564949357461537,0.012865182005197706,-1.1243199431803594,0.9949842354712494,1.0000000000000002,0.0050157645287508545,13,13.0,0,0.0,0.2047116458415985,0.004446834678819456,0.20026481116277906,9.0,13.0,-4.0,4.974663918987004,5.322502791881561,-0.34783887289455695,"[9, 0, 0]",13,0
memorias_braz_cubas,intermediario,pt,sbert,250,152,40003,11,0.409423291683197,2.3976337354218953,2.3978952727983707,0.0002615373764753848,-0.3635796275638209,0.9998909304424416,1.0,0.00010906955755840553,11,11.0,0,0.0,0.031986643095944456,1.356087517279619e-308,0.031986643095944456,10.0,11.0,-1.0,4.471669565419223,4.503656208515167,-0.031986643095944345,"[10, 0, 0]",11,0
memorias_braz_cubas,intermediario,pt,sbert,250,153,40274,13,0.409423291683197,2.5648689367652406,2.564949357461537,8.042069629654591e-05,-0.007028162730548788,0.9999686462829911,1.0000000000000002,3.135371700913048e-05,13,13.0,0,0.0,0.019284444652951593,0.004446834678819456,0.014837609974132138,12.0,13.0,-1.0,5.30321834722861,5.322502791881561,-0.01928444465295165,"[12, 0, 0]",13,0
memorias_braz_cubas,intermediario,pt,sbert,250,154,40524,14,0.409423291683197,2.639057329615258,2.639057329615258,0.0,0.0,0.9999999999999998,0.9999999999999998,0.0,14,14.0,0,0.0,1.631585773013718e-308,1.631585773013718e-308,0.0,14.0,14.0,0.0,5.731926083564758,5.731926083564758,0.0,"[14, 0, 0]",14,0
memorias_braz_cubas,intermediario,pt,sbert,250,155,40781,14,0.409423291683197,2.637786561817917,2.639057329615258,0.0012707677973411435,-0.11607293767357263,0.9995184766230422,0.9999999999999998,0.0004815233769576155,14,14.0,0,0.0,0.0768101944597217,1.631585773013718e-308,0.0768101944597217,13.0,14.0,-1.0,5.655115889105037,5.731926083564758,-0.07681019445972126,"[13, 0, 0]",14,0
memorias_braz_cubas,intermediario,pt,sbert,250,156,41036,17,0.409423291683197,2.8010056378574077,2.8331870277532243,0.03218138989581654,-10.707294936385747,0.9886320928614936,0.9999907114997015,0.011358618638207973,17,17.0,0,0.0,0.198607501997743,0.04999760184315849,0.1486099001545845,15.0,16.0,-1.0,6.543012273791619,6.947987670926638,-0.4049753971350194,"[15, 0, 0]",17,0
memorias_braz_cubas,intermediario,pt,sbert,250,157,41293,12,0.409423291683197,2.484906649788001,2.484906649788001,0.0,0.0,1.0000000000000002,1.0000000000000002,0.0,12,12.0,0,0.0,2.124098469265886e-308,0.029164384255309067,0.0,12.0,12.0,0.0,4.913079500198364,4.913079500198364,0.0,"[12, 0, 0]",12,0
memorias_braz_cubas,intermediario,pt,sbert,250,158,41573,16,0.409423291683197,2.770069890379923,2.772588722239781,0.0025188318598581283,-0.7980201657577332,0.9990915234417374,1.0,0.0009084765582626497,16,16.0,0,0.0,0.11279793876859001,0.035298810009620124,0.07749912875896989,14.0,16.0,-2.0,6.425741435118901,6.550772666931152,-0.12503123181225106,"[14, 0, 0]",16,0
memorias_braz_cubas,intermediario,pt,sbert,250,159,41842,15,0.409423291683197,2.708027930183748,2.708037382049917,9.451866168852519e-06,-0.0024014164018334567,0.9999917760319019,0.9999952663165963,3.4902846943740684e-06,15,15.0,0,0.0,0.010892468944941724,0.045615959671612305,0.0,14.0,14.0,0.0,6.130456906303014,6.133074183803901,-0.0026172775008870275,"[14, 0, 0]",15,0
memorias_braz_cubas,intermediario,pt,sbert,250,160,42094,22,0.409423291683197,3.0859613166321953,3.0908043774786678,0.004843060846472458,-1.3592139477404401,0.9983561737495387,0.9999229787739118,0.001566805024373119,22,22.0,0,0.0,0.13686282313716472,0.06517754288187899,0.07168528025528573,20.0,21.0,-1.0,8.804078884905444,8.957500750127807,-0.1534218652223629,"[20, 0, 0]",22,0
memorias_braz_cubas,intermediario,pt,sbert,250,161,42358,19,0.409423291683197,2.9360035921605463,2.9444151273461285,0.008411535185582242,-13.028100753064626,0.9971351462653568,0.9999918993667449,0.00285675310138811,19,19.0,0,0.0,0.17045545067184073,0.03837123942119658,0.13208421125064415,15.0,18.0,-3.0,7.384754678370689,7.76633708136815,-0.38158240299746016,"[15, 0, 0]",19,0
memorias_braz_cubas,intermediario,pt,sbert,250,162,42609,18,0.409423291683197,2.870739793297833,2.890363145319511,0.019623352021677753,-7.945774656295614,0.993207806385217,0.9999970202529725,0.00678921386775555,18,18.0,0,0.0,0.20114364301052554,0.03399256449511745,0.16715107851540809,14.0,17.0,-3.0,6.893825775779211,7.362483244635401,-0.46865746885618975,"[14, 0, 0]",18,0
memorias_braz_cubas,intermediario,pt,sbert,250,163,42865,15,0.409423291683197,2.708024519986067,2.708037382049917,1.286206384998323e-05,-0.0032678383865150187,0.9999905167503421,0.9999952663165963,4.74956625418077e-06,15,15.0,0,0.0,0.011691827587660908,0.045615959671612305,0.0,14.0,14.0,0.0,6.129657547660294,6.133074183803901,-0.003416636143606766,"[14, 0, 0]",15,0
memorias_braz_cubas,intermediario,pt,sbert,250,164,43133,10,0.409423291683197,2.3011013906451163,2.3025850929940455,0.001483702348929139,-2.223265890009612,0.999355636257073,0.9999999999999998,0.0006443637429267568,10,10.0,0,0.0,0.062455774734406,0.0029076359727159273,0.05954813876169007,7.0,10.0,-3.0,3.9660777251716866,4.09423291683197,-0.12815519166028366,"[7, 0, 0]",10,0
memorias_braz_cubas,intermediario,pt,sbert,250,165,43384,14,0.409423291683197,2.639057329615258,2.639057329615258,0.0,0.0,0.9999999999999998,0.9999999999999998,0.0,14,14.0,0,0.0,1.631585773013718e-308,1.631585773013718e-308,0.0,14.0,14.0,0.0,5.731926083564758,5.731926083564758,0.0,"[14, 0, 0]",14,0
memorias_braz_cubas,intermediario,pt,sbert,250,166,43650,16,0.409423291683197,2.7690429998873363,2.772588722239781,0.00354572235244488,-1.123361183619591,0.9987211509864397,1.0,0.0012788490135603459,16,16.0,0,0.0,0.11990423841839415,0.035298810009620124,0.08460542840877402,14.0,16.0,-2.0,6.364718888478738,6.550772666931152,-0.18605377845241478,"[14, 0, 0]",16,0
memorias_braz_cubas,intermediario,pt,sbert,250,167,43904,12,0.409423291683197,2.484585605918572,2.484906649788001,0.0003210438694289941,-0.17062621915423934,0.9998708024426366,1.0000000000000002,0.00012919755736362504,12,12.0,0,0.0,0.036776095319904833,0.029164384255309067,0.007611711064595766,11.0,12.0,-1.0,4.87630340487846,4.913079500198364,-0.036776095319904556,"[11, 0, 0]",12,0
memorias_braz_cubas,intermediario,pt,sbert,250,168,44163,9,0.409423291683197,2.1972196965634323,2.1972245773362196,4.88077278726351e-06,-0.0014486890127093485,0.9999977786645764,1.0,2.2213354236022553e-06,9,9.0,0,0.0,0.004060595617477902,1.665376020529423e-308,0.004060595617477902,8.0,9.0,-1.0,3.6807490295312952,3.684809625148773,-0.004060595617477958,"[8, 0, 0]",9,0
memorias_braz_cubas,intermediario,pt,sbert,250,169,44438,14,0.409423291683197,2.634148069828453,2.639057329615258,0.004909259786805009,-0.4484156794415685,0.9981397676618411,0.9999999999999998,0.001860232338158685,14,14.0,0,0.0,0.14471823584465804,1.631585773013718e-308,0.14471823584465804,13.0,14.0,-1.0,5.5872078477201,5.731926083564758,-0.1447182358446586,"[13, 0, 0]",14,0
memorias_braz_cubas,intermediario,pt,sbert,250,170,44695,20,0.409423291683197,2.846661983938984,2.9956227763299914,0.14896079239100724,-35.221617420227936,0.9848774560442717,0.9999634489286755,0.01508599288440382,18,20.0,0,0.0,0.2047116458415985,0.05198712654565263,0.15272451929594588,13.0,19.0,-6.0,6.537598241506736,8.161081935301192,-1.623483693794456,"[13, 0, 0]",18,0
memorias_braz_cubas,intermediario,pt,sbert,250,171,44950,14,0.409423291683197,2.6308687224126786,2.639057329615258,0.008188607202579412,-0.7479538712320772,0.9968971469051892,0.9999999999999998,0.0031028530948106203,14,14.0,0,0.0,0.1756414165707177,1.631585773013718e-308,0.1756414165707177,10.0,14.0,-4.0,5.444782690858701,5.731926083564758,-0.2871433927060574,"[10, 0, 0]",14,0
memorias_braz_cubas,intermediario,pt,sbert,250,172,45220,16,0.409423291683197,2.773169305936155,2.772588722239781,0.0005805836963737043,0.18394141546330806,0.9788070890439552,1.0,0.021192910956044808,17,16.0,1,0.0,0.16108430713719563,0.035298810009620124,0.1257854971275755,11.0,16.0,-5.0,6.045696553257279,6.550772666931152,-0.5050761136738737,"[11, 0, 0]",17,0
memorias_braz_cubas,intermediario,pt,sbert,250,173,45480,29,0.409423291683197,3.3208492289092124,3.366635349967415,0.04578612105820268,-22.163819396223676,0.9965922615999957,0.9998038544718354,0.003211592871839697,28,29.0,0,0.0,0.17410081130010818,0.06759382146185361,0.10650698983825457,14.0,27.0,-13.0,10.235430532611366,11.743066933359003,-1.5076364007476375,"[14, 0, 0]",28,0
memorias_braz_cubas,intermediario,pt,sbert,250,174,45730,23,0.409423291683197,3.0841369561715544,3.1353669990187116,0.051230042847157264,-16.71215521787416,0.9977659649484079,0.9999594268393825,0.0021934618909746906,22,23.0,0,0.0,0.19055436917654878,0.05481508587945466,0.13573928329709412,13.0,22.0,-9.0,8.447493268646433,9.373818653283323,-0.9263253846368897,"[13, 0, 0]",22,0
memorias_braz_cubas,intermediario,pt,sbert,250,175,45982,15,0.409423291683197,2.7064918760309347,2.708037382049917,0.001545506018982401,-0.39266356895182764,0.9994245582778927,0.9999952663165963,0.0005707080387036267,15,15.0,0,0.0,0.07999733987827468,0.045615959671612305,0.03438138020666237,12.0,14.0,-2.0,6.02471213086473,6.133074183803901,-0.1083620529391709,"[12, 0, 0]",15,0
memorias_braz_cubas,intermediario,pt,sbert,250,176,46240,10,0.409423291683197,2.3025850929940455,2.3025850929940455,0.0,0.0,0.9999999999999998,0.9999999999999998,0.0,10,10.0,0,0.0,1.6874836619026526e-308,0.0029076359727159273,0.0,10.0,10.0,0.0,4.09423291683197,4.09423291683197,0.0,"[10, 0, 0]",10,0
memorias_braz_cubas,intermediario,pt,sbert,250,177,46493,10,0.409423291683197,2.298239347711235,2.3025850929940455,0.004345745282810398,-6.511917475170065,0.9981126668039182,0.9999999999999998,0.0018873331960815865,10,10.0,0,0.0,0.10332925719855846,0.0029076359727159273,0.10042162122584253,7.0,10.0,-3.0,3.8791878508541258,4.09423291683197,-0.21504506597784445,"[7, 0, 0]",10,0
memorias_braz_cubas,intermediario,pt,sbert,250,178,46765,12,0.409423291683197,2.484906649788001,2.484906649788001,0.0,0.0,1.0000000000000002,1.0000000000000002,0.0,12,12.0,0,0.0,2.124098469265886e-308,0.029164384255309067,0.0,12.0,12.0,0.0,4.913079500198364,4.913079500198364,0.0,"[12, 0, 0]",12,0
memorias_braz_cubas,intermediario,pt,sbert,250,179,47025,17,0.409423291683197,2.8301220090874097,2.8331870277532243,0.003065018665814545,-1.0197837615668086,0.9989088943918425,0.9999907114997015,0.00108181710785904,17,17.0,0,0.0,0.10541848592528572,0.04999760184315849,0.055420884082127225,15.0,16.0,-1.0,6.779186668868543,6.947987670926638,-0.16880100205809523,"[15, 0, 0]",17,0
memorias_braz_cubas,intermediario,pt,sbert,250,180,47294,21,0.409423291683197,3.033766222971731,3.044233970802453,0.010467747830722018,-5.239478646388658,0.9964670272689022,0.9999052505189662,0.003438223250063932,21,21.0,0,0.0,0.1486916900151264,0.08071461603363123,0.06797707398149516,12.0,20.0,-8.0,7.88511703012115,8.545184976397195,-0.6600679462760448,"[12, 0, 0]",21,0
memorias_braz_cubas,intermediario,pt,sbert,250,181,47573,13,0.409423291683197,2.5573758292216686,2.564949357461537,0.0075735282398685655,-0.6618692869547956,0.9970472991141769,1.0000000000000002,0.002952700885823334,13,13.0,0,0.0,0.15861012032199007,0.004446834678819456,0.1541632856431706,11.0,13.0,-2.0,5.0847325959674965,5.322502791881561,-0.23777019591406479,"[11, 0, 0]",13,0
memorias_braz_cubas,intermediario,pt,sbert,250,182,47844,9,0.409423291683197,2.1958682425870424,2.1972245773362196,0.0013563347491771793,-0.4025811760417,0.9993827054534309,1.0,0.0006172945465691138,9,9.0,0,0.0,0.06518917187963619,1.665376020529423e-308,0.06518917187963619,8.0,9.0,-1.0,3.619620453269137,3.684809625148773,-0.06518917187963602,"[8, 0, 0]",9,0
memorias_braz_cubas,intermediario,pt,sbert,250,183,48104,21,0.409423291683197,3.029592242871744,3.044233970802453,0.014641727930708726,-7.328703564488647,0.9950960470296802,0.9999052505189662,0.004809203489285929,21,21.0,0,0.0,0.17954636370754132,0.08071461603363123,0.09883174767391009,15.0,20.0,-5.0,7.919529878322788,8.545184976397195,-0.6256550980744073,"[15, 0, 0]",21,0
memorias_braz_cubas,intermediario,pt,sbert,250,184,48356,14,0.409423291683197,2.639057329615258,2.639057329615258,0.0,0.0,0.9999999999999998,0.9999999999999998,0.0,14,14.0,0,0.0,1.631585773013718e-308,1.631585773013718e-308,0.0,14.0,14.0,0.0,5.731926083564758,5.731926083564758,0.0,"[14, 0, 0]",14,0
memorias_braz_cubas,intermediario,pt,sbert,250,185,48610,13,0.409423291683197,2.558089940537377,2.564949357461537,0.006859416924160033,-0.5994613401742922,0.9973257105820802,1.0000000000000002,0.0026742894179200283,13,13.0,0,0.0,0.1600508672904692,0.004446834678819456,0.15560403261164973,10.0,13.0,-3.0,5.100965805379819,5.322502791881561,-0.22153698650174203,"[10, 0, 0]",13,0
memorias_braz_cubas,intermediario,pt,sbert,250,186,48869,11,0.409423291683197,2.3974030926616834,2.3978952727983707,0.0004921801366872813,-0.6842106975402584,0.9997947449405858,1.0,0.00020525505941415556,11,11.0,0,0.0,0.04358331628702222,1.356087517279619e-308,0.04358331628702222,10.0,11.0,-1.0,4.460072892228145,4.503656208515167,-0.04358331628702228,"[10, 0, 0]",11,0
memorias_braz_cubas,intermediario,pt,sbert,250,187,49134,13,0.409423291683197,2.5629220730947506,2.564949357461537,0.0020272843667865637,-0.1771693741413861,0.9992096201194426,1.0000000000000002,0.0007903798805576345,13,13.0,0,0.0,0.0832568742049754,0.004446834678819456,0.07881003952615595,11.0,13.0,-2.0,5.190085323238202,5.322502791881561,-0.13241746864335902,"[11, 0, 0]",13,0
memorias_braz_cubas,intermediario,pt,sbert,250,188,49413,13,0.409423291683197,2.541852218937138,2.564949357461537,0.023097138524398986,-2.0185158253407924,0.9909950898417514,1.0000000000000002,0.00900491015824878,13,13.0,0,0.0,0.2047116458415985,0.004446834678819456,0.20026481116277906,12.0,13.0,-1.0,5.048867649282824,5.322502791881561,-0.2736351425987369,"[12, 0, 0]",13,0
memorias_braz_cubas,intermediario,pt,sbert,250,189,49692,11,0.409423291683197,2.3978268244846426,2.3978952727983707,6.844831372809779e-05,-0.09515432458647304,0.999971454836037,1.0,2.8545163963000775e-05,11,11.0,0,0.0,0.016509647817303852,1.356087517279619e-308,0.016509647817303852,10.0,11.0,-1.0,4.487146560697863,4.503656208515167,-0.016509647817303907,"[10, 0, 0]",11,0
memorias_braz_cubas,intermediario,pt,sbert,250,190,49966,10,0.409423291683197,2.3025850929940455,2.3025850929940455,0.0,0.0,0.9999999999999998,0.9999999999999998,0.0,10,10.0,0,0.0,1.6874836619026526e-308,0.0029076359727159273,0.0,10.0,10.0,0.0,4.09423291683197,4.09423291683197,0.0,"[10, 0, 0]",10,0
memorias_braz_cubas,intermediario,pt,sbert,250,191,50221,23,0.409423291683197,3.0382331856332403,3.1353669990187116,0.09713381338547133,-31.68678525304214,0.9979342401907586,0.9999594268393825,0.0020251866486239445,21,23.0,0,0.0,0.2047116458415985,0.05481508587945466,0.14989655996214385,19.0,22.0,-3.0,8.393620961929154,9.373818653283323,-0.980197691354169,"[19, 0, 0]",21,0
memorias_braz_cubas,intermediario,pt,sbert,250,192,50472,11,0.409423291683197,2.3974632507844382,2.3978952727983707,0.00043202201393244266,-0.6005810910920136,0.9998198328263819,1.0,0.00018016717361812873,11,11.0,0,0.0,0.04089754553003605,1.356087517279619e-308,0.04089754553003605,10.0,11.0,-1.0,4.462758662985131,4.503656208515167,-0.04089754553003644,"[10, 0, 0]",11,0
memorias_braz_cubas,intermediario,pt,sbert,250,193,50730,17,0.409423291683197,2.8320933716586705,2.8331870277532243,0.0010936560945538076,-0.36387795559090086,0.9996046988837267,0.9999907114997015,0.00038601261597481784,17,17.0,0,0.0,0.0613611515380299,0.04999760184315849,0.011363549694871411,10.0,16.0,-6.0,6.759454366169805,6.947987670926638,-0.18853330475683272,"[10, 0, 0]",17,0
memorias_braz_cubas,intermediario,pt,sbert,250,194,51009,16,0.409423291683197,2.7724766608449674,2.772588722239781,0.0001120613948137894,-0.0355034626524773,0.9999595823953568,1.0,4.041760464323918e-05,16,16.0,0,0.0,0.02499587905500078,0.035298810009620124,0.0,15.0,16.0,-1.0,6.5257767878761515,6.550772666931152,-0.02499587905500089,"[15, 0, 0]",16,0
memorias_braz_cubas,intermediario,pt,sbert,250,195,51269,12,0.409423291683197,2.4841376668214576,2.484906649788001,0.0007689829665431525,-0.408693853611457,0.9996905384889978,1.0000000000000002,0.0003094615110024179,12,12.0,0,0.0,0.05332492604684125,0.029164384255309067,0.02416054179153218,10.0,12.0,-2.0,4.836230952971848,4.913079500198364,-0.07684854722651657,"[10, 0, 0]",12,0
memorias_braz_cubas,intermediario,pt,sbert,250,196,51527,10,0.409423291683197,2.3009630277997246,2.3025850929940455,0.001622065194320843,-2.43059682456402,0.9992955460368189,0.9999999999999998,0.0007044539631808622,10,10.0,0,0.0,0.07434184655149118,0.0029076359727159273,0.07143421057877525,9.0,10.0,-1.0,4.0198910702804795,4.09423291683197,-0.07434184655149068,"[9, 0, 0]",10,0
memorias_braz_cubas,intermediario,pt,sbert,250,197,51809,12,0.409423291683197,2.482529064961363,2.484906649788001,0.0023775848266378574,-1.2636226644328739,0.9990431894788321,1.0000000000000002,0.0009568105211681388,12,12.0,0,0.0,0.09586478177514646,0.029164384255309067,0.06670039751983739,10.0,12.0,-2.0,4.79505017626744,4.913079500198364,-0.11802932393092469,"[10, 0, 0]",12,0
memorias_braz_cubas,intermediario,pt,sbert,250,198,52071,13,0.409423291683197,2.5649274999333542,2.564949357461537,2.1857528182955832e-05,-0.0019101832243644463,0.9999914783782694,1.0000000000000002,8.521621730817053e-06,13,13.0,0,0.0,0.01010389812149931,0.004446834678819456,0.005657063442679855,12.0,13.0,-1.0,5.3123988937600615,5.322502791881561,-0.01010389812149981,"[12, 0, 0]",13,0
memorias_braz_cubas,intermediario,pt,sbert,250,199,52321,14,0.409423291683197,2.639057329615258,2.639057329615258,0.0,0.0,0.9999999999999998,0.9999999999999998,0.0,14,14.0,0,0.0,1.631585773013718e-308,1.631585773013718e-308,0.0,14.0,14.0,0.0,5.731926083564758,5.731926083564758,0.0,"[14, 0, 0]",14,0
memorias_braz_cubas,intermediario,pt,sbert,250,200,52585,9,0.409423291683197,2.1971547014494877,2.1972245773362196,6.987588673190714e-05,-0.020740246222072614,0.9999681981134506,1.0,3.1801886549387426e-05,9,9.0,0,0.0,0.015262053399163589,1.665376020529423e-308,0.015262053399163589,8.0,9.0,-1.0,3.6695475717496095,3.684809625148773,-0.015262053399163644,"[8, 0, 0]",9,0
memorias_braz_cubas,intermediario,pt,sbert,250,201,52849,10,0.409423291683197,2.290855887978396,2.3025850929940455,0.011729205015649669,-17.575722952143817,0.9949060709845912,0.9999999999999998,0.005093929015408616,10,10.0,0,0.0,0.18504067341281727,0.0029076359727159273,0.18213303744010134,9.0,10.0,-1.0,3.909192243419153,4.09423291683197,-0.18504067341281738,"[9, 0, 0]",10,0
memorias_braz_cubas,intermediario,pt,sbert,250,202,53143,15,0.409423291683197,2.707893700414164,2.708037382049917,0.00014368163575317894,-0.03650490078636323,0.9999422090890403,0.9999952663165963,5.3057227555997066e-05,15,15.0,0,0.0,0.028627847862917777,0.045615959671612305,0.0,13.0,14.0,-1.0,6.109155565217381,6.133074183803901,-0.02391861858651989,"[13, 0, 0]",15,0
memorias_braz_cubas,intermediario,pt,sbert,250,203,53403,10,0.409423291683197,2.2955238887991354,2.3025850929940455,0.007061204194910076,-10.580919036939617,0.9969333579825582,0.9999999999999998,0.0030666420174415565,10,10.0,0,0.0,0.14440689123359568,0.0029076359727159273,0.14149925526087975,6.0,10.0,-4.0,3.825052064840557,4.09423291683197,-0.2691808519914134,"[6, 0, 0]",10,0
memorias_braz_cubas,intermediario,pt,sbert,250,204,53681,8,0.409423291683197,2.074084872122902,2.0794415416798357,0.005356669556933813,-2.455079786512609,0.9974239864648435,1.0,0.002576013535156463,8,8.0,0,0.0,0.08804310897150963,1.586138013387513e-308,0.08804310897150963,5.0,8.0,-3.0,3.0355138415063645,3.275386333465576,-0.23987249195921168,"[5, 0, 0]",8,0
memorias_braz_cubas,intermediario,pt,sbert,250,205,53931,14,0.409423291683197,2.628719146036201,2.639057329615258,0.010338183579056803,-0.9442978809665817,0.9960826225853289,0.9999999999999998,0.003917377414670908,14,14.0,0,0.0,0.200224263665977,1.631585773013718e-308,0.200224263665977,11.0,14.0,-3.0,5.469677720370608,5.731926083564758,-0.2622483631941499,"[11, 0, 0]",14,0
memorias_braz_cubas,intermediario,pt,sbert,250,206,54189,12,0.409423291683197,2.484894776607398,2.484906649788001,1.1873180602695044e-05,-0.0063102775305334865,0.9999952218806275,1.0000000000000002,4.7781193727169935e-06,12,12.0,0,0.0,0.007190398258835828,0.029164384255309067,0.0,11.0,12.0,-1.0,4.905889101939529,4.913079500198364,-0.007190398258835273,"[11, 0, 0]",12,0
memorias_braz_cubas,intermediario,pt,sbert,250,207,54451,19,0.409423291683197,2.9442567137265296,2.9444151273461285,0.0001584136195988961,-0.2453569474843984,0.9999380984149442,0.9999918993667449,5.380095180074207e-05,19,19.0,0,0.0,0.03108882592472101,0.03837123942119658,0.0,17.0,18.0,-1.0,7.731267350494287,7.76633708136815,-0.03506973087386278,"[17, 0, 0]",19,0
memorias_braz_cubas,intermediario,pt,sbert,250,208,54725,10,0.409423291683197,2.3025850929940455,2.3025850929940455,0.0,0.0,0.9999999999999998,0.9999999999999998,0.0,10,10.0,0,0.0,1.6874836619026526e-308,0.0029076359727159273,0.0,10.0,10.0,0.0,4.09423291683197,4.09423291683197,0.0,"[10, 0, 0]",10,0
memorias_braz_cubas,intermediario,pt,sbert,250,209,55003,8,0.409423291683197,2.0791986006517966,2.0794415416798357,0.0002429410280391231,-0.11134523063521756,0.9998831700612065,1.0,0.00011682993879347237,8,8.0,0,0.0,0.026837316509495224,1.586138013387513e-308,0.026837316509495224,7.0,8.0,-1.0,3.2485490169560807,3.275386333465576,-0.0268373165094955,"[7, 0, 0]",8,0
memorias_braz_cubas,intermediario,pt,sbert,250,210,55254,13,0.409423291683197,2.564949357461537,2.564949357461537,0.0,0.0,1.0000000000000002,1.0000000000000002,0.0,13,13.0,0,0.0,1.7534392111679133e-308,0.004446834678819456,0.0,13.0,13.0,0.0,5.322502791881561,5.322502791881561,0.0,"[13, 0, 0]",13,0
memorias_braz_cubas,intermediario,pt,sbert,250,211,55531,10,0.409423291683197,2.302320646947729,2.3025850929940455,0.0002644460463163689,-0.3962613356698032,0.9998851525413235,0.9999999999999998,0.00011484745867629265,10,10.0,0,0.0,0.030828162061387387,0.0029076359727159273,0.02792052608867146,9.0,10.0,-1.0,4.063404754770582,4.09423291683197,-0.030828162061387943,"[9, 0, 0]",10,0
memorias_braz_cubas,intermediario,pt,sbert,250,212,55789,19,0.409423291683197,2.943656939633797,2.9444151273461285,0.0007581877123317149,-1.174309527103218,0.9997344011751723,0.9999918993667449,0.0002574981915726138,19,19.0,0,0.0,0.0557612070470965,0.03837123942119658,0.01738996762589992,14.0,18.0,-4.0,7.65941954100984,7.76633708136815,-0.10691754035830936,"[14, 0, 0]",19,0
memorias_braz_cubas,intermediario,pt,sbert,250,213,56056,10,0.409423291683197,2.2859194999270427,2.3025850929940455,0.01666559306700277,-24.972693902783277,0.9927622248933554,0.9999999999999998,0.007237775106644362,10,10.0,0,0.0,0.2047116458415985,0.0029076359727159273,0.20180400986888258,6.0,10.0,-4.0,3.7357237216533026,4.09423291683197,-0.35850919517866764,"[6, 0, 0]",10,0
memorias_braz_cubas,intermediario,pt,sbert,250,214,56306,14,0.409423291683197,2.634344648031399,2.639057329615258,0.00471268158385918,-0.430460070599217,0.9982142556999523,0.9999999999999998,0.0017857443000475204,14,14.0,0,0.0,0.13062751161207875,1.631585773013718e-308,0.13062751161207875,11.0,14.0,-3.0,5.493759692967783,5.731926083564758,-0.23816639059697486,"[11, 0, 0]",14,0
memorias_braz_cubas,intermediario,pt,sbert,250,215,56567,17,0.409423291683197,2.833174515173069,2.8331870277532243,1.2512580155110697e-05,-0.0041631479115622014,0.9999862951079105,0.9999907114997015,4.416391791051133e-06,17,17.0,0,0.0,0.015215819540986442,0.04999760184315849,0.0,16.0,16.0,0.0,6.944980139073363,6.947987670926638,-0.0030075318532754025,"[16, 0, 0]",17,0
memorias_braz_cubas,intermediario,pt,sbert,250,216,56839,19,0.409423291683197,2.9428675446749826,2.9444151273461285,0.001547582671145964,-2.3969540064393002,0.9994663042764423,0.9999918993667449,0.0005255950903025886,19,19.0,0,0.0,0.07967389901103464,0.03837123942119658,0.04130265958983806,16.0,18.0,-2.0,7.625541573980863,7.76633708136815,-0.14079550738728663,"[16, 0, 0]",19,0
memorias_braz_cubas,intermediario,pt,sbert,250,217,57101,9,0.409423291683197,2.1950270069176754,2.1972245773362196,0.0021975704185441813,-0.6522729614268683,0.9989998426008831,1.0,0.0010001573991168522,9,9.0,0,0.0,0.07194898055013815,1.665376020529423e-308,0.07194898055013815,6.0,9.0,-3.0,3.5316000621306336,3.684809625148773,-0.1532095630181396,"[6, 0, 0]",9,0
memorias_braz_cubas,intermediario,pt,sbert,250,218,57352,14,0.409423291683197,2.631989372659083,2.639057329615258,0.007067956956174903,-0.6455927896269659,0.9973217872621184,0.9999999999999998,0.0026782127378813803,14,14.0,0,0.0,0.15241052566387348,1.631585773013718e-308,0.15241052566387348,11.0,14.0,-3.0,5.435540008119879,5.731926083564758,-0.2963860754448797,"[11, 0, 0]",14,0
memorias_braz_cubas,intermediario,pt,sbert,250,219,57624,14,0.409423291683197,2.639057329615258,2.639057329615258,0.0,0.0,0.9999999999999998,0.9999999999999998,0.0,14,14.0,0,0.0,1.631585773013718e-308,1.631585773013718e-308,0.0,14.0,14.0,0.0,5.731926083564758,5.731926083564758,0.0,"[14, 0, 0]",14,0
memorias_braz_cubas,intermediario,pt,sbert,250,220,57884,9,0.409423291683197,2.197131603911024,2.1972245773362196,9.297342519554164e-05,-0.027595953637958987,0.9999576859706766,1.0,4.231402932342032e-05,9,9.0,0,0.0,0.017580210020205156,1.665376020529423e-308,0.017580210020205156,8.0,9.0,-1.0,3.667229415128568,3.684809625148773,-0.017580210020205378,"[8, 0, 0]",9,0
memorias_braz_cubas,intermediario,pt,sbert,250,221,58141,7,0.409423291683197,1.9361303836376278,1.945910149055313,0.009779765417685216,-3.924445681499833,0.9949741947630865,0.9999999999999999,0.005025805236913428,7,7.0,0,0.0,0.139494187237573,2.0241850211726825e-308,0.139494187237573,5.0,7.0,-2.0,2.653064802055236,2.865963041782379,-0.21289823972714306,"[5, 0, 0]",7,0
memorias_braz_cubas,intermediario,pt,sbert,250,222,58404,12,0.409423291683197,2.4808187465560403,2.484906649788001,0.00408790323196051,-2.1726110951079396,0.998354906719611,1.0000000000000002,0.0016450932803891982,12,12.0,0,0.0,0.12438059377131744,0.029164384255309067,0.09521620951600837,11.0,12.0,-1.0,4.788698906427047,4.913079500198364,-0.12438059377131694,"[11, 0, 0]",12,0
memorias_braz_cubas,intermediario,pt,sbert,250,223,58688,14,0.409423291683197,2.631994628542187,2.639057329615258,0.007062701073071054,-0.6451127130990517,0.9973237788380667,0.9999999999999998,0.002676221161933112,14,14.0,0,0.0,0.13348011825408718,1.631585773013718e-308,0.13348011825408718,10.0,14.0,-4.0,5.430496728120781,5.731926083564758,-0.3014293554439771,"[10, 0, 0]",14,0
memorias_braz_cubas,intermediario,pt,sbert,250,224,58956,16,0.409423291683197,2.7708260026140086,2.772588722239781,0.0017627196257725686,-0.5584675302712208,0.9993642332843551,1.0,0.0006357667156449143,16,16.0,0,0.0,0.09473939115267765,0.035298810009620124,0.05944058114305753,14.0,16.0,-2.0,6.437965759637509,6.550772666931152,-0.11280690729364373,"[14, 0, 0]",16,0
memorias_braz_cubas,intermediario,pt,sbert,250,225,59222,16,0.409423291683197,2.7570308974936224,2.772588722239781,0.015557824746158744,-4.929053852549989,0.9943887008479243,1.0,0.005611299152075699,16,16.0,0,0.0,0.18598109271279817,0.035298810009620124,0.15068228270317804,9.0,16.0,-7.0,5.829027823899684,6.550772666931152,-0.7217448430314679,"[9, 0, 0]",16,0
memorias_braz_cubas,intermediario,pt,sbert,250,226,59477,9,0.409423291683197,2.195027083543089,2.1972245773362196,0.0021974937931306116,-0.6522502178164666,0.9989998774746117,1.0,0.0010001225253882806,9,9.0,0,0.0,0.08038687091593233,1.665376020529423e-308,0.08038687091593233,5.0,9.0,-4.0,3.5477997880309675,3.684809625148773,-0.13700983711780568,"[5, 0, 0]",9,0
memorias_braz_cubas,intermediario,pt,sbert,250,227,59754,12,0.409423291683197,2.484906649788001,2.484906649788001,0.0,0.0,1.0000000000000002,1.0000000000000002,0.0,12,12.0,0,0.0,2.124098469265886e-308,0.029164384255309067,0.0,12.0,12.0,0.0,4.913079500198364,4.913079500198364,0.0,"[12, 0, 0]",12,0
memorias_braz_cubas,intermediario,pt,sbert,250,228,60029,12,0.409423291683197,2.4847594224304457,2.484906649788001,0.00014722735755512417,-0.07824739784123552,0.9999407513527451,1.0000000000000002,5.924864725515011e-05,12,12.0,0,0.0,0.024654151768219223,0.029164384255309067,0.0,10.0,12.0,-2.0,4.8811561888558535,4.913079500198364,-0.03192331134251081,"[10, 0, 0]",12,0
memorias_braz_cubas,intermediario,pt,sbert,250,229,60291,13,0.409423291683197,2.5572692060700177,2.564949357461537,0.007680151391519452,-0.671187346797043,0.9970057298132702,1.0000000000000002,0.0029942701867300414,13,13.0,0,0.0,0.16873987359989961,0.004446834678819456,0.16429303892108016,11.0,13.0,-2.0,5.10706588617946,5.322502791881561,-0.21543690570210128,"[11, 0, 0]",13,0
memorias_braz_cubas,intermediario,pt,sbert,250,230,60542,13,0.409423291683197,2.564949357461537,2.564949357461537,0.0,0.0,1.0000000000000002,1.0000000000000002,0.0,13,13.0,0,0.0,1.7534392111679133e-308,0.004446834678819456,0.0,13.0,13.0,0.0,5.322502791881561,5.322502791881561,0.0,"[13, 0, 0]",13,0
memorias_braz_cubas,intermediario,pt,sbert,250,231,60799,12,0.409423291683197,2.4849028264375845,2.484906649788001,3.82335041626547e-06,-0.0020320083582018025,0.9999984613706048,1.0000000000000002,1.5386293954477992e-06,12,12.0,0,0.0,0.004087224025935032,0.029164384255309067,0.0,11.0,12.0,-1.0,4.908992276172429,4.913079500198364,-0.004087224025934866,"[11, 0, 0]",12,0
memorias_braz_cubas,intermediario,pt,sbert,250,232,61054,9,0.409423291683197,2.177129309856347,2.1972245773362196,0.020095267479872447,-5.964586854260989,0.9908542496351307,1.0,0.00914575036486931,9,9.0,0,0.0,0.2020792668268136,1.665376020529423e-308,0.2020792668268136,1.0,9.0,-8.0,2.8766641958168115,3.684809625148773,-0.8081454293319617,"[1, 0, 0]",9,0
memorias_braz_cubas,intermediario,pt,sbert,250,233,61307,5,0.409423291683197,1.5705534646341979,1.6094379124341005,0.03888444779990263,-32.72264568837015,0.975839734170861,1.0000000000000002,0.024160265829139216,5,5.0,0,0.0,0.2047116458415985,1.6222304695591237e-308,0.2047116458415985,1.0,5.0,-4.0,1.4497699984188912,2.047116458415985,-0.5973464599970939,"[1, 0, 0]",5,0
memorias_braz_cubas,intermediario,pt,sbert,400,0,0,18,0.409423291683197,2.8864786748074938,2.890363145319511,0.003884470512017124,-1.5728774224412254,0.998653085687668,0.9999970202529725,0.001343934565304572,18,18.0,0,0.0,0.11340265157559583,0.03399256449511745,0.07941008708047838,15.0,17.0,-2.0,7.128625955399613,7.362483244635401,-0.23385728923578775,"[15, 0, 0]",18,0
memorias_braz_cubas,intermediario,pt,sbert,400,1,427,22,0.409423291683197,3.0899145263619525,3.0908043774786678,0.0008898511167152456,-0.24973835505963768,0.9996350981866529,0.9999229787739118,0.0002878805872589263,22,22.0,0,0.0,0.056538769970285924,0.06517754288187899,0.0,19.0,21.0,-2.0,8.862228480033865,8.957500750127807,-0.09527227009394146,"[19, 0, 0]",22,0
memorias_braz_cubas,intermediario,pt,sbert,400,2,856,19,0.409423291683197,2.9439286395818973,2.9444151273461285,0.00048648776423121376,-0.7534904708478241,0.99982667680052,0.9999918993667449,0.00016522256622497622,19,19.0,0,0.0,0.04972601128199372,0.03837123942119658,0.011354771860797142,17.0,18.0,-1.0,7.717614309428152,7.76633708136815,-0.048722771939997855,"[17, 0, 0]",19,0
memorias_braz_cubas,intermediario,pt,sbert,400,3,1258,16,0.409423291683197,2.7690216736106605,2.772588722239781,0.003567048629120606,-1.130117807243018,0.9987134591580394,1.0,0.0012865408419605595,16,16.0,0,0.0,0.09620738664961076,0.035298810009620124,0.060908576639990636,11.0,16.0,-5.0,6.228618298398187,6.550772666931152,-0.3221543685329653,"[11, 0, 0]",16,0
memorias_braz_cubas,intermediario,pt,sbert,400,4,1658,20,0.409423291683197,2.9470723486233488,2.9956227763299914,0.04855042770664264,-11.47969585032253,0.9837569180129323,0.9999634489286755,0.0162065309157432,20,20.0,0,0.0,0.19101969666022459,0.05198712654565263,0.13903257011457196,18.0,19.0,-1.0,7.618519942363913,8.161081935301192,-0.5425619929372791,"[18, 0, 0]",20,0
memorias_braz_cubas,intermediario,pt,sbert,400,5,2090,22,0.409423291683197,3.091039171656911,3.0908043774786678,0.00023479417824345816,0.06589541862750128,0.9999989383188829,0.9999229787739118,7.595954497108259e-05,22,22.0,0,0.0,0.03698170431264461,0.06517754288187899,0.0,21.0,21.0,0.0,9.002289028527557,8.957500750127807,0.04478827839974997,"[21, 0, 0]",22,0
memorias_braz_cubas,intermediario,pt,sbert,400,6,2511,20,0.409423291683197,2.9955445316565745,2.9956227763299914,7.82446734168829e-05,-0.01850086796682818,0.9999373302150283,0.9999634489286755,2.6118713647216296e-05,20,20.0,0,0.0,0.03575492887359055,0.05198712654565263,0.0,19.0,19.0,0.0,8.15271090479035,8.161081935301192,-0.008371030510842203,"[19, 0, 0]",20,0
memorias_braz_cubas,intermediario,pt,sbert,400,7,2915,21,0.409423291683197,3.03911335290495,3.044233970802453,0.005120617897502733,-2.5630506737599337,0.9982233388227161,0.9999052505189662,0.0016819116962500935,21,21.0,0,0.0,0.13103079998041647,0.08071461603363123,0.05031618394678525,17.0,20.0,-3.0,8.310843128541546,8.545184976397195,-0.23434184785564938,"[17, 0, 0]",21,0
memorias_braz_cubas,intermediario,pt,sbert,400,8,3336,15,0.409423291683197,2.705625495229919,2.708037382049917,0.0024118868199982657,-0.612783175876572,0.9991046303826626,0.9999952663165963,0.0008906359339336811,15,15.0,0,0.0,0.07346355822605502,0.045615959671612305,0.027847598554442715,10.0,14.0,-4.0,5.904346623303537,6.133074183803901,-0.22872756050036358,"[10, 0, 0]",15,0
memorias_braz_cubas,intermediario,pt,sbert,400,9,3755,17,0.409423291683197,2.8308553964563976,2.8331870277532243,0.002331631296826675,-0.7757733292083885,0.9991677479548918,0.9999907114997015,0.0008229635448097072,17,17.0,0,0.0,0.09122374581884535,0.04999760184315849,0.04122614397568686,8.0,16.0,-8.0,6.656993028396927,6.947987670926638,-0.29099464252971075,"[8, 0, 0]",17,0
memorias_braz_cubas,intermediario,pt,sbert,400,10,4186,23,0.409423291683197,3.1226814160328855,3.1353669990187116,0.012685582985826116,-4.1382638019814495,0.9959136266840577,0.9999594268393825,0.004045800155324852,23,23.0,0,0.0,0.16155002123756282,0.05481508587945466,0.10673493535810816,16.0,22.0,-6.0,8.67706493900411,9.373818653283323,-0.6967537142792128,"[16, 0, 0]",23,0
memorias_braz_cubas,intermediario,pt,sbert,400,11,4602,13,0.409423291683197,2.5539018000431875,2.564949357461537,0.01104755741834973,-0.9654732536129282,0.9956928750323232,1.0000000000000002,0.004307124967677045,13,13.0,0,0.0,0.1365479925406488,0.004446834678819456,0.13210115786182935,9.0,13.0,-4.0,4.873004890160699,5.322502791881561,-0.44949790172086246,"[9, 0, 0]",13,0
memorias_braz_cubas,intermediario,pt,sbert,400,12,5037,14,0.409423291683197,2.6348340375213444,2.639057329615258,0.004223292093913589,-0.3857588467537511,0.9983996967225681,0.9999999999999998,0.0016003032774316583,14,14.0,0,0.0,0.10362652075956019,1.631585773013718e-308,0.10362652075956019,10.0,14.0,-4.0,5.444786893456955,5.731926083564758,-0.2871391901078031,"[10, 0, 0]",14,0
memorias_braz_cubas,intermediario,pt,sbert,400,13,5449,20,0.409423291683197,2.995732273553991,2.9956227763299914,0.00010949722399944406,0.02589049957630493,1.0,0.9999634489286755,3.655107132449764e-05,20,20.0,0,0.0,0.02738389836274782,0.05198712654565263,0.0,20.0,19.0,1.0,8.18846583366394,8.161081935301192,0.027383898362748127,"[20, 0, 0]",20,0
memorias_braz_cubas,intermediario,pt,sbert,400,14,5849,15,0.409423291683197,2.707986526442014,2.708037382049917,5.0855607903077527e-05,-0.012920780802643115,0.999976486898149,0.9999952663165963,1.8779418447301133e-05,15,15.0,0,0.0,0.018345831365746523,0.045615959671612305,0.0,14.0,14.0,0.0,6.123003543882209,6.133074183803901,-0.010070639921691438,"[14, 0, 0]",15,0
memorias_braz_cubas,intermediario,pt,sbert,400,15,6255,16,0.409423291683197,2.770416272487168,2.772588722239781,0.0021724497526132147,-0.6882788562863387,0.9992164543788311,1.0,0.0007835456211688907,16,16.0,0,0.0,0.08217529681085284,0.035298810009620124,0.046876486801232714,12.0,16.0,-4.0,6.340266884647059,6.550772666931152,-0.210505782284093,"[12, 0, 0]",16,0
memorias_braz_cubas,intermediario,pt,sbert,400,16,6671,17,0.409423291683197,2.8326737629951304,2.8331870277532243,0.0005132647580938787,-0.1707719014982091,0.9998095515601684,0.9999907114997015,0.00018115993953315979,17,17.0,0,0.0,0.053704588747784054,0.04999760184315849,0.0037069869046255643,15.0,16.0,-1.0,6.888528659443708,6.947987670926638,-0.059459011482930535,"[15, 0, 0]",17,0
memorias_braz_cubas,intermediario,pt,sbert,400,17,7083,17,0.409423291683197,2.833198569125941,2.8331870277532243,1.1541372716639131e-05,0.003840010703325008,0.9999947850978796,0.9999907114997015,4.073598178111482e-06,17,17.0,0,0.0,0.00941390409438686,0.04999760184315849,0.0,16.0,16.0,0.0,6.950782054519962,6.947987670926638,0.002794383593323957,"[16, 0, 0]",17,0
memorias_braz_cubas,intermediario,pt,sbert,400,18,7485,16,0.409423291683197,2.7703768725785585,2.772588722239781,0.0022118496612226757,-0.7007615956467709,0.9992022438656405,1.0,0.0007977561343595063,16,16.0,0,0.0,0.10029164197190232,0.035298810009620124,0.0649928319622822,13.0,16.0,-3.0,6.403487649835393,6.550772666931152,-0.14728501709575959,"[13, 0, 0]",16,0
memorias_braz_cubas,intermediario,pt,sbert,400,19,7911,18,0.409423291683197,2.888879807742616,2.890363145319511,0.0014833375768947832,-0.600624506567549,0.999483820671347,0.9999970202529725,0.0005131995816255452,18,18.0,0,0.0,0.08273615902181322,0.03399256449511745,0.04874359452669577,15.0,17.0,-2.0,7.214957738608035,7.362483244635401,-0.1475255060273657,"[15, 0, 0]",18,0
memorias_braz_cubas,intermediario,pt,sbert,400,20,8339,21,0.409423291683197,3.0439738812851114,3.044233970802453,0.00026008951734146635,-0.13018401802349783,0.9998198218441373,0.9999052505189662,8.542867482885796e-05,21,21.0,0,0.0,0.05498427386624588,0.08071461603363123,0.0,19.0,20.0,-1.0,8.51152070163856,8.545184976397195,-0.033664274758635315,"[19, 0, 0]",21,0
memorias_braz_cubas,intermediario,pt,sbert,400,21,8753,24,0.409423291683197,3.175309008522975,3.1777965206753596,0.002487512152384408,-0.2914565905552489,0.9991363199078758,0.9999190354580751,0.0007827155501993754,24,24.0,0,0.0,0.11053349432788143,0.04110834693574872,0.06942514739213271,20.0,22.0,-2.0,9.596099503536525,9.778880965421646,-0.18278146188512068,"[20, 0, 0]",24,0
memorias_braz_cubas,intermediario,pt,sbert,400,22,9210,18,0.409423291683197,2.890370827919422,2.890363145319511,7.682599910907584e-06,0.003110794098740796,0.9999996782501281,0.9999970202529725,2.657997155597336e-06,18,18.0,0,0.0,0.004701310159790917,0.03399256449511745,0.0,17.0,17.0,0.0,7.367184554795191,7.362483244635401,0.00470131015979014,"[17, 0, 0]",18,0
memorias_braz_cubas,intermediario,pt,sbert,400,23,9611,19,0.409423291683197,2.9441785362322737,2.9444151273461285,0.0002365911138548782,-0.3664411787594252,0.9999115475185564,0.9999918993667449,8.035184818855345e-05,19,19.0,0,0.0,0.039873514910877206,0.03837123942119658,0.0015022754896806267,16.0,18.0,-2.0,7.719946629413254,7.76633708136815,-0.04639045195489544,"[16, 0, 0]",19,0
memorias_braz_cubas,intermediario,pt,sbert,400,24,10030,16,0.409423291683197,2.7720735425750735,2.772588722239781,0.000515179664707599,-0.16322001002803255,0.9998141882131398,1.0,0.0001858117868601683,16,16.0,0,0.0,0.03976651260854075,0.035298810009620124,0.004467702598920625,13.0,16.0,-3.0,6.4684802654809115,6.550772666931152,-0.08229240145024086,"[13, 0, 0]",16,0
memorias_braz_cubas,intermediario,pt,sbert,400,25,10436,19,0.409423291683197,2.9436611665240586,2.9444151273461285,0.0007539608220699101,-1.1677627611457586,0.999735836725473,0.9999918993667449,0.0002560626412719813,19,19.0,0,0.0,0.04972601128199372,0.03837123942119658,0.011354771860797142,16.0,18.0,-2.0,7.672516870115301,7.76633708136815,-0.093820211252849,"[16, 0, 0]",19,0
memorias_braz_cubas,intermediario,pt,sbert,400,26,10858,21,0.409423291683197,3.0383036953687026,3.044233970802453,0.005930275433750243,-2.9683129556431487,0.9979573997295383,0.9999052505189662,0.0019478507894278296,21,21.0,0,0.0,0.11883395501432648,0.08071461603363123,0.03811933898069525,14.0,20.0,-6.0,8.107204145366335,8.545184976397195,-0.4379808310308597,"[14, 0, 0]",21,0
memorias_braz_cubas,intermediario,pt,sbert,400,27,11259,23,0.409423291683197,3.121762994775336,3.1353669990187116,0.013604004243375822,-4.437869224084226,0.9956207155209996,0.9999594268393825,0.004338711318382926,23,23.0,0,0.0,0.19055436917654878,0.05481508587945466,0.13573928329709412,16.0,22.0,-6.0,8.859527080141447,9.373818653283323,-0.5142915731418753,"[16, 0, 0]",23,0
memorias_braz_cubas,intermediario,pt,sbert,400,28,11674,15,0.409423291683197,2.693229623014598,2.708037382049917,0.014807759035319279,-3.762177202529129,0.9945272144210694,0.9999952663165963,0.005468051895526904,15,15.0,0,0.0,0.17803345231963505,0.045615959671612305,0.13241749264802274,7.0,14.0,-7.0,5.392398436675892,6.133074183803901,-0.7406757471280088,"[7, 0, 0]",15,0
memorias_braz_cubas,intermediario,pt,sbert,400,29,12087,19,0.409423291683197,2.9355287093535694,2.9444151273461285,0.008886417992559181,-13.76361703144841,0.9969738650126846,0.9999918993667449,0.0030180343540603394,19,19.0,0,0.0,0.14711397578677995,0.03837123942119658,0.10874273636558338,10.0,18.0,-8.0,7.104539230480278,7.76633708136815,-0.6617978508878712,"[10, 0, 0]",19,0
memorias_braz_cubas,intermediario,pt,sbert,400,30,12516,19,0.409423291683197,2.944267251785464,2.9444151273461285,0.00014787556066453433,-0.22903520709937084,0.9999416773849988,0.9999918993667449,5.022198174609027e-05,19,19.0,0,0.0,0.03341177885889379,0.03837123942119658,0.0,18.0,18.0,0.0,7.7456307631218495,7.76633708136815,-0.020706318246300093,"[18, 0, 0]",19,0
memorias_braz_cubas,intermediario,pt,sbert,400,31,12924,19,0.409423291683197,2.942005705748514,2.9444151273461285,0.0024094215976147026,-3.731802416298336,0.9991736037203884,0.9999918993667449,0.0008182956463564928,19,19.0,0,0.0,0.08860863113187786,0.03837123942119658,0.050237391710681284,14.0,18.0,-4.0,7.5181381264949225,7.76633708136815,-0.24819895487322707,"[14, 0, 0]",19,0
memorias_braz_cubas,intermediario,pt,sbert,400,32,13333,15,0.409423291683197,2.7026525281824,2.708037382049917,0.00538485386751697,-1.368118863293371,0.998006804704871,0.9999952663165963,0.0019884616117252785,15,15.0,0,0.0,0.1043128306329677,0.045615959671612305,0.058696870961355396,8.0,14.0,-6.0,5.686031140728787,6.133074183803901,-0.447043043075114,"[8, 0, 0]",15,0
memorias_braz_cubas,intermediario,pt,sbert,400,33,13736,24,0.409423291683197,3.1721309970255716,3.1777965206753596,0.005665523649788007,-0.6638175436025632,0.9981363332282746,0.9999190354580751,0.0017827022298005923,24,24.0,0,0.0,0.12445871181340856,0.04110834693574872,0.08335036487765984,15.0,22.0,-7.0,9.361847675156937,9.778880965421646,-0.41703329026470826,"[15, 0, 0]",24,0
memorias_braz_cubas,intermediario,pt,sbert,400,34,14144,14,0.409423291683197,2.630555813358425,2.639057329615258,0.008501516256833153,-0.7765352322233493,0.9967785784107718,0.9999999999999998,0.003221421589228002,14,14.0,0,0.0,0.13932184406305098,1.631585773013718e-308,0.13932184406305098,9.0,14.0,-5.0,5.33722066232306,5.731926083564758,-0.3947054212416985,"[9, 0, 0]",14,0
memorias_braz_cubas,intermediario,pt,sbert,400,35,14544,15,0.409423291683197,2.697401453977662,2.708037382049917,0.010635928072255219,-2.7022485999222905,0.9960677438253493,0.9999952663165963,0.003927522491246949,15,15.0,0,0.0,0.17444859912806762,0.045615959671612305,0.12883263945645532,7.0,14.0,-7.0,5.641672582384087,6.133074183803901,-0.49140160141981326,"[7, 0, 0]",15,0
memorias_braz_cubas,intermediario,pt,sbert,400,36,14956,21,0.409423291683197,3.0082851224370364,3.044233970802453,0.03594884836541645,-17.993672222410762,0.9880975371252367,0.9999052505189662,0.011807713393729435,21,21.0,0,0.0,0.18277726457155935,0.08071461603363123,0.10206264853792812,19.0,20.0,-1.0,8.176548111126095,8.545184976397195,-0.3686368652710996,"[19, 0, 0]",21,0
memorias_braz_cubas,intermediario,pt,sbert,400,37,15359,23,0.409423291683197,3.1322876919198097,3.1353669990187116,0.0030793070989019178,-1.004524988469851,0.9989773465398054,0.9999594268393825,0.0009820802995771372,23,23.0,0,0.0,0.12377744058138096,0.05481508587945466,0.0689623547019263,20.0,22.0,-2.0,9.233776979590834,9.373818653283323,-0.14004167369248854,"[20, 0, 0]",23,0
memorias_braz_cubas,intermediario,pt,sbert,400,38,15779,20,0.409423291683197,2.993969937554579,2.9956227763299914,0.0016528387754122242,-0.3908119315858439,0.9994117177910158,0.9999634489286755,0.0005517311376597167,20,20.0,0,0.0,0.07813573705633514,0.05198712654565263,0.026148610510682513,14.0,19.0,-5.0,8.004857498598744,8.161081935301192,-0.15622443670244834,"[14, 0, 0]",20,0
memorias_braz_cubas,intermediario,pt,sbert,400,39,16212,19,0.409423291683197,2.9444389791664403,2.9444151273461285,2.3851820311726613e-05,0.036942592678896116,1.0,0.9999918993667449,8.100633255070377e-06,19,19.0,0,0.0,0.011291321135211668,0.03837123942119658,0.0,19.0,18.0,1.0,7.779042541980743,7.76633708136815,0.01270546061259381,"[19, 0, 0]",19,0
memorias_braz_cubas,intermediario,pt,sbert,400,40,16614,25,0.409423291683197,3.2187640995787787,3.218605389537946,0.00015871004083267692,0.07058512387033361,0.9999652905873042,0.9999159845408869,4.930604641728564e-05,25,25.0,0,0.0,0.023941653319891065,0.0705415015285129,0.0,22.0,23.0,-1.0,10.185933639309651,10.172097690800005,0.013835948509646201,"[22, 0, 0]",25,0
memorias_braz_cubas,intermediario,pt,sbert,400,41,17041,17,0.409423291683197,2.8330023882572912,2.8331870277532243,0.00018463949593305884,-0.06143269592336218,0.9999255418589047,0.9999907114997015,6.516964079683607e-05,17,17.0,0,0.0,0.02642525644897792,0.04999760184315849,0.0,15.0,16.0,-1.0,6.9088271379548125,6.947987670926638,-0.039160532971825646,"[15, 0, 0]",17,0
memorias_braz_cubas,intermediario,pt,sbert,400,42,17466,17,0.409423291683197,2.8267025536297217,2.8331870277532243,0.006484474123502615,-2.157494662986254,0.9977019766477687,0.9999907114997015,0.0022887348519328166,17,17.0,0,0.0,0.15561367882205765,0.04999760184315849,0.10561607697889916,12.0,16.0,-4.0,6.633368206300831,6.947987670926638,-0.3146194646258076,"[12, 0, 0]",17,0
memorias_braz_cubas,intermediario,pt,sbert,400,43,17868,20,0.409423291683197,2.9956989318075546,2.9956227763299914,7.615547756323338e-05,0.018006879878472572,0.9999888702516141,0.9999634489286755,2.542132293859023e-05,20,20.0,0,0.0,0.01522542840629837,0.05198712654565263,0.0,19.0,19.0,0.0,8.173240405257642,8.161081935301192,0.012158469956450091,"[19, 0, 0]",20,0
memorias_braz_cubas,intermediario,pt,sbert,400,44,18290,35,0.409423291683197,3.491433620911684,3.5544753143935197,0.06304169348183564,-7.593740896622624,0.9900954813154621,0.9997699400241098,0.009674458708647693,34,35.0,0,0.0,0.19692872990370391,0.07421248387572642,0.1227162460279775,18.0,32.0,-14.0,12.330866193215446,14.185666225210085,-1.854800031994639,"[18, 0, 0]",34,0
memorias_braz_cubas,intermediario,pt,sbert,400,45,18696,23,0.409423291683197,3.0823477068788288,3.1353669990187116,0.05301929213988288,-17.29584030267321,0.9971871151526759,0.9999594268393825,0.0027723116867066633,22,23.0,0,0.0,0.19055436917654878,0.05481508587945466,0.13573928329709412,12.0,22.0,-10.0,8.332963371828498,9.373818653283323,-1.0408552814548244,"[12, 0, 0]",22,0
memorias_braz_cubas,intermediario,pt,sbert,400,46,19103,27,0.409423291683197,3.294083060026549,3.295149176986263,0.0010661169597137032,-0.44396990950851517,0.9994678723343774,0.9997913461600119,0.00032347382563446825,27,27.0,0,0.0,0.07183910277378333,0.07010653795612215,0.0017325648176611808,19.0,25.0,-6.0,10.709838579114235,10.959525834306383,-0.24968725519214807,"[19, 0, 0]",27,0
memorias_braz_cubas,intermediario,pt,sbert,400,47,19511,22,0.409423291683197,3.091038264625184,3.0908043774786678,0.0002338871465163983,0.06564085850250082,0.9999986448801027,0.9999229787739118,7.566610619091918e-05,22,22.0,0,0.0,0.03633158439683329,0.06517754288187899,0.0,21.0,21.0,0.0,9.001638908611746,8.957500750127807,0.044138158483939094,"[21, 0, 0]",22,0
memorias_braz_cubas,intermediario,pt,sbert,400,48,19920,22,0.409423291683197,3.0420551322769622,3.0908043774786678,0.04874924520170554,-13.681565464584073,0.999189591964937,0.9999229787739118,0.0007333868089748341,21,22.0,0,0.0,0.18370909943388752,0.06517754288187899,0.11853155655200853,14.0,21.0,-7.0,8.277791601889747,8.957500750127807,-0.6797091482380591,"[14, 0, 0]",21,0
memorias_braz_cubas,intermediario,pt,sbert,400,49,20345,19,0.409423291683197,2.937914483912089,2.9444151273461285,0.006500643434039333,-10.068440035010111,0.9977841295742532,0.9999918993667449,0.0022077697924917095,19,19.0,0,0.0,0.13416245926737544,0.03837123942119658,0.09579121984617886,14.0,18.0,-4.0,7.380573880678033,7.76633708136815,-0.3857632006901168,"[14, 0, 0]",19,0
memorias_braz_cubas,intermediario,pt,sbert,400,50,20752,20,0.409423291683197,2.9935295499342054,2.9956227763299914,0.0020932263957860187,-0.4949411056620337,0.9992647127918503,0.9999634489286755,0.0006987361368252509,20,20.0,0,0.0,0.10259638132172424,0.05198712654565263,0.050609254776071616,17.0,19.0,-2.0,8.035752187265475,8.161081935301192,-0.12532974803571761,"[17, 0, 0]",20,0
memorias_braz_cubas,intermediario,pt,sbert,400,51,21161,24,0.409423291683197,3.177601597042435,3.1777965206753596,0.00019492363292439308,-0.022838793939691696,0.9998577011813985,0.9999190354580751,6.133427667665003e-05,24,24.0,0,0.0,0.054659278423184465,0.04110834693574872,0.013550931487435747,23.0,22.0,1.0,9.766344662327159,9.778880965421646,-0.012536303094487167,"[23, 0, 0]",24,0
memorias_braz_cubas,intermediario,pt,sbert,400,52,21561,19,0.409423291683197,2.939420051526455,2.9444151273461285,0.004995075819673733,-7.736560522204095,0.9509478099638753,0.9999918993667449,0.04904408940286964,22,19.0,3,0.0,0.198859818295085,0.03837123942119658,0.16048857887388843,10.0,18.0,-8.0,6.786726291543886,7.76633708136815,-0.9796107898242639,"[10, 0, 0]",22,0
memorias_braz_cubas,intermediario,pt,sbert,400,53,21974,24,0.409423291683197,3.1565406638217737,3.1777965206753596,0.021255856853585886,-2.4905042421353336,0.9932307104679166,0.9999190354580751,0.0066883249901585895,24,24.0,0,0.0,0.18578675291303437,0.04110834693574872,0.14467840597728565,16.0,22.0,-6.0,9.031691998635255,9.778880965421646,-0.7471889667863909,"[16, 0, 0]",24,0
memorias_braz_cubas,intermediario,pt,sbert,400,54,22382,23,0.409423291683197,3.1318303274587977,3.1353669990187116,0.0035366715599138843,-1.153725446614607,0.9988314797546943,0.9999594268393825,0.001127947084688219,23,23.0,0,0.0,0.10841598442129063,0.05481508587945466,0.05360089854183597,17.0,22.0,-5.0,9.106567834824888,9.373818653283323,-0.2672508184584341,"[17, 0, 0]",23,0
memorias_braz_cubas,intermediario,pt,sbert,400,55,22804,27,0.409423291683197,3.2846768551331924,3.295149176986263,0.010472321853070454,-4.36105602025156,0.9966139067785031,0.9997913461600119,0.0031774393815087176,27,27.0,0,0.0,0.13573688596305578,0.07010653795612215,0.06563034800693363,12.0,25.0,-13.0,9.985700002412386,10.959525834306383,-0.973825831893997,"[12, 0, 0]",27,0
memorias_braz_cubas,intermediario,pt,sbert,400,56,23246,24,0.409423291683197,3.1532986849295783,3.1777965206753596,0.024497835745781238,-2.8703601208958087,0.9922105959370559,0.9999190354580751,0.007708439521019295,24,24.0,0,0.0,0.18578675291303437,0.04110834693574872,0.14467840597728565,21.0,22.0,-1.0,9.305090612511089,9.778880965421646,-0.47379035291055693,"[21, 0, 0]",24,0
memorias_braz_cubas,intermediario,pt,sbert,400,57,23655,13,0.409423291683197,2.5648638084139064,2.564949357461537,8.554904763080629e-05,-0.007476341985099173,0.9999666468862702,1.0000000000000002,3.335311372998362e-05,13,13.0,0,0.0,0.019883306711464044,0.004446834678819456,0.015436472032644588,12.0,13.0,-1.0,5.302619485170097,5.322502791881561,-0.01988330671146432,"[12, 0, 0]",13,0
memorias_braz_cubas,intermediario,pt,sbert,400,58,24090,21,0.409423291683197,3.0435027051509342,3.044233970802453,0.0007312656515185978,-0.3660243662657,0.9996650599253749,0.9999052505189662,0.00024019059359126071,21,21.0,0,0.0,0.06930658252481578,0.08071461603363123,0.0,16.0,20.0,-4.0,8.459470796099165,8.545184976397195,-0.08571418029803013,"[16, 0, 0]",21,0
memorias_braz_cubas,intermediario,pt,sbert,400,59,24516,21,0.409423291683197,3.0329445812642004,3.044233970802453,0.011289389538252426,-5.6507394305807574,0.9961971518699398,0.9999052505189662,0.0037080986490263257,21,21.0,0,0.0,0.18277726457155935,0.08071461603363123,0.10206264853792812,18.0,20.0,-2.0,8.266522712203576,8.545184976397195,-0.2786622641936187,"[18, 0, 0]",21,0
memorias_braz_cubas,intermediario,pt,sbert,400,60,24957,18,0.409423291683197,2.8807925878653924,2.890363145319511,0.0095705574541185,-3.875254991173222,0.9966858346146641,0.9999970202529725,0.003311185638308456,18,18.0,0,0.0,0.1514012318162996,0.03399256449511745,0.11740866732118216,10.0,17.0,-7.0,6.815678157694233,7.362483244635401,-0.546805086941168,"[10, 0, 0]",18,0
memorias_braz_cubas,intermediario,pt,sbert,400,61,25382,20,0.409423291683197,2.990589098028895,2.9956227763299914,0.005033678301096245,-1.190207762001796,0.9982831658321075,0.9999634489286755,0.0016802830965679805,20,20.0,0,0.0,0.15271936142460918,0.05198712654565263,0.10073223487895655,18.0,19.0,-1.0,7.997419063133973,8.161081935301192,-0.16366287216721886,"[18, 0, 0]",20,0
memorias_braz_cubas,intermediario,pt,sbert,400,62,25813,18,0.409423291683197,2.8900576490965735,2.890363145319511,0.00030549622293740697,-0.12369977071850671,0.981530834751664,0.9999970202529725,0.01846618550130852,19,18.0,1,0.0,0.09143459545999325,0.03399256449511745,0.057442030964875795,15.0,17.0,-2.0,7.104184693174354,7.362483244635401,-0.2582985514610465,"[13, 1, 0]",19,0
memorias_braz_cubas,intermediario,pt,sbert,400,63,26256,23,0.409423291683197,3.128449857903123,3.1353669990187116,0.00691714111558861,-2.2564950088475415,0.9977533500172829,0.9999594268393825,0.002206076822099612,23,23.0,0,0.0,0.12386931047400096,0.05481508587945466,0.0690542245945463,11.0,22.0,-11.0,8.724388106093496,9.373818653283323,-0.6494305471898265,"[11, 0, 0]",23,0
memorias_braz_cubas,intermediario,pt,sbert,400,64,26687,22,0.409423291683197,3.0855534161933207,3.0908043774786678,0.005250961285347078,-1.4736919572850973,0.9982242116542166,0.9999229787739118,0.0016987671196951881,22,22.0,0,0.0,0.11251524183243655,0.06517754288187899,0.04733769895055756,15.0,21.0,-6.0,8.539733981305337,8.957500750127807,-0.4177667688224691,"[15, 0, 0]",22,0
memorias_braz_cubas,intermediario,pt,sbert,400,65,27130,16,0.409423291683197,2.771758818654317,2.772588722239781,0.0008299035854641978,-0.26293132439272016,0.9997006755532087,1.0,0.00029932444679126036,16,16.0,0,0.0,0.06650407192269542,0.035298810009620124,0.031205261913075294,15.0,16.0,-1.0,6.484268595008457,6.550772666931152,-0.06650407192269547,"[15, 0, 0]",16,0
memorias_braz_cubas,intermediario,pt,sbert,400,66,27530,24,0.409423291683197,2.866301968277571,3.1777965206753596,0.31149455239778856,-36.49716449882211,0.9019047886812405,0.9999190354580751,0.09801424677683468,24,24.0,0,0.0,0.2047116458415985,0.04110834693574872,0.1636032989058498,10.0,22.0,-12.0,6.034173678278021,9.778880965421646,-3.7447072871436244,"[10, 0, 0]",24,0
memorias_braz_cubas,intermediario,pt,sbert,400,67,27936,23,0.409423291683197,3.1347361737916986,3.1353669990187116,0.0006308252270130765,-0.2057864589464858,0.9997582383875563,0.9999594268393825,0.00020118845182626188,23,23.0,0,0.0,0.04025559043075011,0.05481508587945466,0.0,16.0,22.0,-6.0,9.251947940085282,9.373818653283323,-0.12187071319804055,"[16, 0, 0]",23,0
memorias_braz_cubas,intermediario,pt,sbert,400,68,28339,26,0.409423291683197,3.2576593693957085,3.2574675292999054,0.00019184009580319739,0.03160271176768761,0.9998658208494832,0.9998069398146321,5.8881034851077096e-05,26,26.0,0,0.0,0.042437176049385794,0.0703226290431185,0.0,22.0,24.0,-2.0,10.573006931432305,10.55053673380965,0.022470197622654453,"[22, 0, 0]",26,0
memorias_braz_cubas,intermediario,pt,sbert,400,69,28758,25,0.409423291683197,3.212937174539631,3.218605389537946,0.0056682149983151575,-2.5208969494347397,0.9981550545433628,0.9999159845408869,0.0017609299975240855,25,25.0,0,0.0,0.12275655384053745,0.0705415015285129,0.05221505231202454,21.0,23.0,-2.0,9.838861426866746,10.172097690800005,-0.33323626393325867,"[21, 0, 0]",25,0
memorias_braz_cubas,intermediario,pt,sbert,400,70,29181,33,0.409423291683197,3.4973900672959397,3.49563475420852,0.0017553130874197187,0.36391106820610397,0.9836983628069332,0.9997621677301924,0.016063804923259206,35,33.0,2,0.0,0.17603712157593118,0.06776209629965846,0.10827502527627272,24.0,29.5,-5.5,12.58269491612398,13.335045714167416,-0.7523507980434356,"[20, 2, 0]",35,0
memorias_braz_cubas,intermediario,pt,sbert,400,71,29589,30,0.409423291683197,3.4003901218866392,3.40038594786301,4.17402362939967e-06,0.0008695596934130934,0.9997626542405716,0.9997614270187551,1.2272218165021442e-06,30,30.0,0,0.0,0.0463873569134175,0.07547790185036546,0.0,22.0,28.0,-6.0,12.058625566035179,12.168751687452982,-0.11012612141780309,"[22, 0, 0]",30,0
memorias_braz_cubas,intermediario,pt,sbert,400,72,30004,27,0.409423291683197,3.2913906135462243,3.295149176986263,0.0037585634400385537,-1.565202631054704,0.998650948867049,0.9997913461600119,0.0011403972929628914,27,27.0,0,0.0,0.09636522057358157,0.07010653795612215,0.026258682617459422,23.0,25.0,-2.0,10.741243505149136,10.959525834306383,-0.21828232915724755,"[23, 0, 0]",27,0
memorias_braz_cubas,intermediario,pt,sbert,400,73,30435,18,0.409423291683197,2.889729110790615,2.890363145319511,0.0006340345288959881,-0.25672960895532787,0.9814192554972515,0.9999970202529725,0.018577764755721038,19,18.0,1,0.0,0.12648691206267437,0.03399256449511745,0.09249434756755692,11.0,17.0,-6.0,6.903351881895157,7.362483244635401,-0.45913136274024424,"[11, 0, 0]",19,0
memorias_braz_cubas,intermediario,pt,sbert,400,74,30840,20,0.409423291683197,2.990015876365425,2.9956227763299914,0.005606899964566203,-1.325745401159416,0.998091819740025,0.9999634489286755,0.00187162918865047,20,20.0,0,0.0,0.11296790890438735,0.05198712654565263,0.06098078235873472,13.0,19.0,-6.0,7.672031805720609,8.161081935301192,-0.48905012958058336,"[13, 0, 0]",20,0
memorias_braz_cubas,intermediario,pt,sbert,400,75,31240,23,0.409423291683197,3.1325162240505726,3.1353669990187116,0.0028507749681390138,-0.9299737246152455,0.9990502320612017,0.9999594268393825,0.0009091947781808551,23,23.0,0,0.0,0.09280988427818457,0.05481508587945466,0.037994798398729906,17.0,22.0,-5.0,9.064924693415216,9.373818653283323,-0.3088939598681062,"[17, 0, 0]",23,0
memorias_braz_cubas,intermediario,pt,sbert,400,76,31648,32,0.409423291683197,3.457345913587055,3.464885317547015,0.0075394039599601115,-0.9050620651811301,0.9975791608339534,0.9997545729748119,0.0021754121408584792,32,32.0,0,0.0,0.13647668275780278,0.08070780889505186,0.05576887386275092,21.0,29.0,-8.0,12.359028592818238,12.965941917089884,-0.6069133242716465,"[21, 0, 0]",32,0
memorias_braz_cubas,intermediario,pt,sbert,400,77,32055,16,0.409423291683197,2.7716107020493235,2.772588722239781,0.0009780201904576735,-0.30985785392892495,0.9996472537803344,1.0,0.0003527462196656339,16,16.0,0,0.0,0.06682294676140793,0.035298810009620124,0.03152413675178781,14.0,16.0,-2.0,6.451977277689139,6.550772666931152,-0.0987953892420137,"[14, 0, 0]",16,0
memorias_braz_cubas,intermediario,pt,sbert,400,78,32492,27,0.409423291683197,3.2578453082023366,3.295149176986263,0.03730386878392622,-15.534688851366532,0.9999228906153597,0.9997913461600119,0.00013154445534779846,26,27.0,0,0.0,0.16762535793069663,0.07010653795612215,0.09751881997457448,24.0,25.0,-1.0,10.57941270865675,10.959525834306383,-0.3801131256496326,"[24, 0, 0]",26,0
memorias_braz_cubas,intermediario,pt,sbert,400,79,32947,26,0.409423291683197,3.2487579246020744,3.2574675292999054,0.008709604697830997,-1.4347737146587862,0.9971337210821019,0.9998069398146321,0.002673218732530236,26,26.0,0,0.0,0.13678884329565572,0.0703226290431185,0.06646621425253721,20.0,24.0,-4.0,10.027648982154993,10.55053673380965,-0.5228877516546575,"[20, 0, 0]",26,0
memorias_braz_cubas,intermediario,pt,sbert,400,80,33353,24,0.409423291683197,3.1339116997843366,3.1777965206753596,0.04388482089102297,-5.141892577998039,0.9994952897260109,0.9999190354580751,0.00042374573206427346,23,24.0,0,0.0,0.18578675291303437,0.04110834693574872,0.14467840597728565,21.0,22.0,-1.0,9.277379467110187,9.778880965421646,-0.501501498311459,"[21, 0, 0]",23,0
memorias_braz_cubas,intermediario,pt,sbert,400,81,33767,22,0.409423291683197,3.0869632886618565,3.0908043774786678,0.0038410888168112223,-1.0780086519297725,0.9986803271847569,0.9999229787739118,0.0012426515891549306,22,22.0,0,0.0,0.0839101737787239,0.06517754288187899,0.018732630896844904,14.0,21.0,-7.0,8.56498547010206,8.957500750127807,-0.3925152800257461,"[14, 0, 0]",22,0
memorias_braz_cubas,intermediario,pt,sbert,400,82,34193,29,0.409423291683197,3.3295689904802797,3.366635349967415,0.037066359487135436,-17.942819316448574,0.9992090762476084,0.9998038544718354,0.0005947782242270439,28,29.0,0,0.0,0.1702849197028763,0.06759382146185361,0.10269109824102268,20.0,27.0,-7.0,11.191766161664528,11.743066933359003,-0.5513007716944749,"[20, 0, 0]",28,0
memorias_braz_cubas,intermediario,pt,sbert,400,83,34596,29,0.409423291683197,3.330774388846767,3.366635349967415,0.03586096112064796,-17.359318659964263,0.999570818260383,0.9998038544718354,0.00023303621145243092,28,29.0,0,0.0,0.1702849197028763,0.06759382146185361,0.10269109824102268,20.0,27.0,-7.0,11.195576756570462,11.743066933359003,-0.547490176788541,"[20, 0, 0]",28,0
memorias_braz_cubas,intermediario,pt,sbert,400,84,35003,28,0.409423291683197,3.2911445184774086,3.3318039139621254,0.040659395484716754,-25.788708267263026,0.9985762804053439,0.999879780424084,0.0013035000187401335,27,28.0,0,0.0,0.17742194368539724,0.047895516521258785,0.12952642716413845,18.0,26.0,-8.0,10.512646472897167,11.379211776186011,-0.8665653032888443,"[18, 0, 0]",27,0
memorias_braz_cubas,intermediario,pt,sbert,400,85,35403,25,0.409423291683197,3.217616898183111,3.218605389537946,0.0009884913548350305,-0.4396242629623151,0.9996088924352523,0.9999159845408869,0.00030709210563462097,25,25.0,0,0.0,0.047176341912824216,0.0705415015285129,0.0,15.0,23.0,-8.0,9.938606653793158,10.172097690800005,-0.23349103700684637,"[15, 0, 0]",25,0
memorias_braz_cubas,intermediario,pt,sbert,400,86,35816,21,0.409423291683197,3.0142860190528697,3.044233970802453,0.02994795174958309,-14.990010863129035,0.9900685840590608,0.9999052505189662,0.00983666645990533,21,21.0,0,0.0,0.2047116458415985,0.08071461603363123,0.12399702980796729,14.0,20.0,-6.0,7.661306623019733,8.545184976397195,-0.8838783533774617,"[14, 0, 0]",21,0
memorias_braz_cubas,intermediario,pt,sbert,400,87,36222,19,0.409423291683197,2.926323882088086,2.9444151273461285,0.0180912452580424,-28.020398270956573,0.9938476914595519,0.9999918993667449,0.0061442079071930555,19,19.0,0,0.0,0.19539834719860008,0.03837123942119658,0.1570271077774035,7.0,18.0,-11.0,6.6539001476933555,7.76633708136815,-1.1124369336747941,"[7, 0, 0]",19,0
memorias_braz_cubas,intermediario,pt,sbert,400,88,36625,17,0.409423291683197,2.8314237162778166,2.8331870277532243,0.0017633114754076473,-0.5866836731734061,0.9993683399161754,0.9999907114997015,0.0006223715835261823,17,17.0,0,0.0,0.08234580272203346,0.04999760184315849,0.032348200878874966,12.0,16.0,-4.0,6.756106623893044,6.947987670926638,-0.19188104703359432,"[12, 0, 0]",17,0
memorias_braz_cubas,intermediario,pt,sbert,400,89,37035,28,0.409423291683197,3.3301347529737204,3.3318039139621254,0.0016691609884049718,-1.0586853362650797,0.9993788624932344,0.999879780424084,0.0005009179308496092,28,28.0,0,0.0,0.0702101661030842,0.047895516521258785,0.022314649581825413,23.0,26.0,-3.0,11.204739648333614,11.379211776186011,-0.17447212785239685,"[23, 0, 0]",28,0
memorias_braz_cubas,intermediario,pt,sbert,400,90,37461,23,0.409423291683197,3.1354823875396862,3.1353669990187116,0.00011538852097459085,0.03764179699481349,0.9999962275837081,0.9999594268393825,3.680074432554914e-05,23,23.0,0,0.0,0.018910536732951982,0.05481508587945466,0.0,22.0,22.0,0.0,9.407016396771194,9.373818653283323,0.033197743487871634,"[22, 0, 0]",23,0
memorias_braz_cubas,intermediario,pt,sbert,400,91,37873,24,0.409423291683197,3.175904146821635,3.1777965206753596,0.0018923738537246493,-0.2217254821986697,0.999323584923017,0.9999190354580751,0.0005954505350581618,24,24.0,0,0.0,0.08911881286511755,0.04110834693574872,0.048010465929368834,20.0,22.0,-2.0,9.630461303104742,9.778880965421646,-0.14841966231690407,"[20, 0, 0]",24,0
memorias_braz_cubas,intermediario,pt,sbert,400,92,38284,30,0.409423291683197,3.3974132679383158,3.40038594786301,0.002972679924694077,-0.6192879756897822,0.9893494255019177,0.9997614270187551,0.01041200151683741,31,30.0,1,0.0,0.1358647284650794,0.07547790185036546,0.06038682661471395,25.0,28.0,-3.0,11.670822371008372,12.168751687452982,-0.49792931644461014,"[23, 1, 0]",31,0
memorias_braz_cubas,intermediario,pt,sbert,400,93,38685,22,0.409423291683197,3.0902792831346795,3.0908043774786678,0.000525094343988286,-0.14736869489226925,0.9997531026392706,0.9999229787739118,0.00016987613464114482,22,22.0,0,0.0,0.05374799483904605,0.06517754288187899,0.0,17.0,21.0,-4.0,8.864319381030317,8.957500750127807,-0.09318136909748986,"[17, 0, 0]",22,0
memorias_braz_cubas,intermediario,pt,sbert,400,94,39125,17,0.409423291683197,2.826347501888333,2.8331870277532243,0.006839525864891449,-2.275626406985969,0.9975766589613567,0.9999907114997015,0.002414052538344813,17,17.0,0,0.0,0.17092892745266844,0.04999760184315849,0.12093132560950995,16.0,16.0,0.0,6.77705874347397,6.947987670926638,-0.1709289274526684,"[16, 0, 0]",17,0
memorias_braz_cubas,intermediario,pt,sbert,400,95,39532,20,0.409423291683197,2.9861123142484787,2.9956227763299914,0.009510462081512738,-2.248738420008893,0.9967887786934646,0.9999634489286755,0.003174670235210897,20,20.0,0,0.0,0.1817989236659535,0.05198712654565263,0.12981179712030086,14.0,19.0,-5.0,7.706803364571563,8.161081935301192,-0.4542785707296293,"[14, 0, 0]",20,0
memorias_braz_cubas,intermediario,pt,sbert,400,96,39944,20,0.409423291683197,2.9939465762958033,2.9956227763299914,0.0016762000341881134,-0.39633567582653967,0.9994039196112579,0.9999634489286755,0.0005595293174176508,20,20.0,0,0.0,0.08971111078717928,0.05198712654565263,0.03772398424152665,16.0,19.0,-3.0,8.034394538969458,8.161081935301192,-0.1266873963317341,"[16, 0, 0]",20,0
memorias_braz_cubas,intermediario,pt,sbert,400,97,40385,22,0.409423291683197,3.0850420459871666,3.0908043774786678,0.0057623314915011825,-1.6172089476136053,0.9980587754902459,0.9999229787739118,0.0018642032836658773,22,22.0,0,0.0,0.15462086048047444,0.06517754288187899,0.08944331759859545,21.0,21.0,0.0,8.814401133507255,8.957500750127807,-0.14309961662055137,"[21, 0, 0]",22,0
memorias_braz_cubas,intermediario,pt,sbert,400,98,40789,25,0.409423291683197,3.196386499347377,3.218605389537946,0.022218890190568885,-9.881688065445585,0.9930132981996147,0.9999159845408869,0.006902686341272224,25,25.0,0,0.0,0.18216235533302957,0.0705415015285129,0.11162085380451667,22.0,23.0,-1.0,9.741588412797473,10.172097690800005,-0.4305092780025319,"[22, 0, 0]",25,0
memorias_braz_cubas,intermediario,pt,sbert,400,99,41200,19,0.409423291683197,2.9444389791664403,2.9444151273461285,2.3851820311726613e-05,0.036942592678896116,1.0,0.9999918993667449,8.100633255070377e-06,19,19.0,0,0.0,0.011291321135211668,0.03837123942119658,0.0,19.0,18.0,1.0,7.779042541980743,7.76633708136815,0.01270546061259381,"[19, 0, 0]",19,0
memorias_braz_cubas,intermediario,pt,sbert,400,100,41604,23,0.409423291683197,3.1337127906244513,3.1353669990187116,0.001654208394260337,-0.5396323311707547,0.9994318518287649,0.9999594268393825,0.0005275750106176202,23,23.0,0,0.0,0.09134771106301079,0.05481508587945466,0.03653262518355613,21.0,22.0,-1.0,9.29170447690128,9.373818653283323,-0.0821141763820421,"[21, 0, 0]",23,0
memorias_braz_cubas,intermediario,pt,sbert,400,101,42026,34,0.409423291683197,3.5199698487074933,3.5258193460837797,0.005849497376286372,-0.7310502028133766,0.998187741762631,0.9998382362671276,0.0016504945044966135,34,34.0,0,0.0,0.1418835138319241,0.079406683950692,0.0624768298812321,27.0,31.0,-4.0,13.439641627520672,13.797092788569582,-0.3574511610489104,"[27, 0, 0]",34,0
memorias_braz_cubas,intermediario,pt,sbert,400,102,42433,29,0.409423291683197,3.354257893801149,3.366635349967415,0.012377456166265954,-5.991590829567481,0.9961280692746923,0.9998038544718354,0.0036757851971430666,29,29.0,0,0.0,0.1702849197028763,0.06759382146185361,0.10269109824102268,22.0,27.0,-5.0,11.243999417488158,11.743066933359003,-0.49906751587084486,"[22, 0, 0]",29,0
memorias_braz_cubas,intermediario,pt,sbert,400,103,42837,20,0.409423291683197,2.9901990299865844,2.9956227763299914,0.005423746343407032,-1.2824389265492078,0.998152957920755,0.9999634489286755,0.0018104910079205228,20,20.0,0,0.0,0.12923131846989205,0.05198712654565263,0.07724419192423942,14.0,19.0,-5.0,7.822302432406154,8.161081935301192,-0.3387795028950382,"[14, 0, 0]",20,0
memorias_braz_cubas,intermediario,pt,sbert,400,104,43250,21,0.409423291683197,3.044437819798906,3.044233970802453,0.00020384899645309318,0.10203364479884197,0.9999722065032373,0.9999052505189662,6.695598427108873e-05,21,21.0,0,0.0,0.02470751152367434,0.08071461603363123,0.0,20.0,20.0,0.0,8.573181613823463,8.545184976397195,0.027996637426268123,"[20, 0, 0]",21,0
memorias_braz_cubas,intermediario,pt,sbert,400,105,43650,25,0.409423291683197,3.2164369814057543,3.218605389537946,0.002168408132191768,-0.9643835752872014,0.9992423306784299,0.9999159845408869,0.000673653862456991,25,25.0,0,0.0,0.07905588616484865,0.0705415015285129,0.008514384636335748,21.0,23.0,-2.0,10.006632775027008,10.172097690800005,-0.16546491577299705,"[21, 0, 0]",25,0
memorias_braz_cubas,intermediario,pt,sbert,400,106,44071,13,0.409423291683197,2.5649458500916262,2.564949357461537,3.50736991094891e-06,-0.0003065176953887937,0.9999986325773255,1.0000000000000002,1.3674226747584228e-06,13,13.0,0,0.0,0.004060595617477902,0.004446834678819456,0.0,12.0,13.0,-1.0,5.318442196264083,5.322502791881561,-0.004060595617477958,"[12, 0, 0]",13,0
memorias_braz_cubas,intermediario,pt,sbert,400,107,44474,31,0.409423291683197,3.337235019341419,3.4335502126539525,0.09631519331253369,-47.00187015445689,0.9910727146758662,0.999872745061303,0.008800030385436752,29,31.0,0,0.0,0.2047116458415985,0.07151529406187646,0.13319635177972206,19.0,28.0,-9.0,10.772768796797772,12.60017466849066,-1.8274058716928874,"[19, 0, 0]",29,0
memorias_braz_cubas,intermediario,pt,sbert,400,108,44882,22,0.409423291683197,3.0806959218892853,3.0908043774786678,0.010108455589382448,-2.8369566814777722,0.9966527371832795,0.9999229787739118,0.0032702415906322724,22,22.0,0,0.0,0.13363632375529574,0.06517754288187899,0.06845878087341675,14.0,21.0,-7.0,8.295060103040473,8.957500750127807,-0.6624406470873332,"[14, 0, 0]",22,0
memorias_braz_cubas,intermediario,pt,sbert,400,109,45282,33,0.409423291683197,3.4542904063979787,3.49563475420852,0.041344347810541304,-8.571499799010592,0.9966975278201372,0.9997621677301924,0.0030646399100552335,32,33.0,0,0.0,0.1659880333154398,0.06776209629965846,0.09822593701578133,16.0,29.5,-13.5,11.75331971996322,13.335045714167416,-1.5817259942041968,"[16, 0, 0]",32,0
memorias_braz_cubas,intermediario,pt,sbert,400,110,45685,35,0.409423291683197,3.5204171837728913,3.5544753143935197,0.03405813062062846,-4.102501139676726,0.9983145963659183,0.9997699400241098,0.0014553436581914436,34,35.0,0,0.0,0.16520347536261457,0.07421248387572642,0.09099099148688815,20.0,32.0,-12.0,13.051621984758512,14.185666225210085,-1.1340442404515727,"[20, 0, 0]",34,0
memorias_braz_cubas,intermediario,pt,sbert,400,111,46090,19,0.409423291683197,2.9443749208908025,2.9444151273461285,4.020645532598621e-05,-0.062273263958805176,0.999978244318836,0.9999918993667449,1.3655047908955886e-05,19,19.0,0,0.0,0.016424633151752244,0.03837123942119658,0.0,17.0,18.0,-1.0,7.749286359445557,7.76633708136815,-0.01705072192259216,"[17, 0, 0]",19,0
memorias_braz_cubas,intermediario,pt,sbert,400,112,46493,16,0.409423291683197,2.7695838482294715,2.772588722239781,0.0030048740103096883,-0.9520087839144232,0.9989162207917075,1.0,0.0010837792082925013,16,16.0,0,0.0,0.10332925719855846,0.035298810009620124,0.06803044718893833,13.0,16.0,-3.0,6.335727600953308,6.550772666931152,-0.21504506597784445,"[13, 0, 0]",16,0
memorias_braz_cubas,intermediario,pt,sbert,400,113,46899,24,0.409423291683197,3.1758088084917375,3.1777965206753596,0.001987712183622037,-0.23289607469386167,0.9992935859566726,0.9999190354580751,0.0006254495014025307,24,24.0,0,0.0,0.09512446614400807,0.04110834693574872,0.054016119208259356,22.0,22.0,0.0,9.645149710650923,9.778880965421646,-0.13373125477072278,"[22, 0, 0]",24,0
memorias_braz_cubas,intermediario,pt,sbert,400,114,47302,28,0.409423291683197,3.2832613815444955,3.3318039139621254,0.04854253241762985,-30.78868222580843,0.9961844335836078,0.999879780424084,0.0036953468404762324,27,28.0,0,0.0,0.18305616347410308,0.047895516521258785,0.1351606469528443,15.0,26.0,-11.0,10.056017079024642,11.379211776186011,-1.3231946971613695,"[15, 0, 0]",27,0
memorias_braz_cubas,intermediario,pt,sbert,400,115,47702,14,0.409423291683197,2.6315481085317627,2.639057329615258,0.007509221083495277,-0.6858982047116159,0.9971545820550285,0.9999999999999998,0.0028454179449712846,14,14.0,0,0.0,0.15861012032199007,1.631585773013718e-308,0.15861012032199007,10.0,14.0,-4.0,5.410658090269312,5.731926083564758,-0.32126799329544653,"[10, 0, 0]",14,0
memorias_braz_cubas,intermediario,pt,sbert,400,116,48104,30,0.409423291683197,3.390065068731292,3.40038594786301,0.010320879131717753,-2.1501125269913386,0.9967269429904644,0.9997614270187551,0.0030344840282907626,30,30.0,0,0.0,0.1510713900552502,0.07547790185036546,0.07559348820488473,23.0,28.0,-5.0,11.537476268310424,12.168751687452982,-0.6312754191425576,"[23, 0, 0]",30,0
memorias_braz_cubas,intermediario,pt,sbert,400,117,48513,21,0.409423291683197,3.0400862492376923,3.044233970802453,0.004147721564760509,-2.076081590917487,0.9985428951251061,0.9999052505189662,0.001362355393860093,21,21.0,0,0.0,0.11618210475039092,0.08071461603363123,0.0354674887167597,17.0,20.0,-3.0,8.347373191675398,8.545184976397195,-0.1978117847217966,"[17, 0, 0]",21,0
memorias_braz_cubas,intermediario,pt,sbert,400,118,48930,18,0.409423291683197,2.890371757896165,2.890363145319511,8.612576654076776e-06,0.0034873549242641372,1.0000000000000002,0.9999970202529725,2.979747027676005e-06,18,18.0,0,0.0,0.00713600566214595,0.03399256449511745,0.0,18.0,17.0,1.0,7.369619250297546,7.362483244635401,0.00713600566214545,"[18, 0, 0]",18,0
memorias_braz_cubas,intermediario,pt,sbert,400,119,49337,18,0.409423291683197,2.8725457370716168,2.890363145319511,0.01781740824789413,-7.214522306922639,0.9938326200510889,0.9999970202529725,0.006164400201883691,18,18.0,0,0.0,0.20114364301052554,0.03399256449511745,0.16715107851540809,14.0,17.0,-3.0,6.957032650926318,7.362483244635401,-0.4054505937090829,"[14, 0, 0]",18,0
memorias_braz_cubas,intermediario,pt,sbert,400,120,49740,16,0.409423291683197,2.771420831734347,2.772588722239781,0.0011678905054339772,-0.370012857779955,0.9995787725398773,1.0,0.0004212274601227417,16,16.0,0,0.0,0.06304420807640859,0.035298810009620124,0.027745398066788468,13.0,16.0,-3.0,6.41996542633814,6.550772666931152,-0.13080724059301208,"[13, 0, 0]",16,0
memorias_braz_cubas,intermediario,pt,sbert,400,121,50148,30,0.409423291683197,3.3274633801351916,3.40038594786301,0.07292256772781824,-15.191702603134809,0.9985771791540601,0.9997614270187551,0.001184247864695065,28,30.0,0,0.0,0.1930849048959437,0.07547790185036546,0.11760700304557825,25.0,28.0,-3.0,11.25760148169762,12.168751687452982,-0.9111502057553622,"[25, 0, 0]",28,0
memorias_braz_cubas,intermediario,pt,sbert,400,122,50560,22,0.409423291683197,3.0897860292947983,3.0908043774786678,0.0010183481838694775,-0.2858012936549653,0.9995935273997442,0.9999229787739118,0.00032945137416762194,22,22.0,0,0.0,0.05374799483904605,0.06517754288187899,0.0,13.0,21.0,-8.0,8.71638571622292,8.957500750127807,-0.24111503390488664,"[13, 0, 0]",22,0
memorias_braz_cubas,intermediario,pt,sbert,400,123,50969,22,0.409423291683197,3.0906604069521966,3.0908043774786678,0.00014397052647119324,-0.04040559345557521,0.9998764020838005,0.9999229787739118,4.657669011132182e-05,22,22.0,0,0.0,0.03807934504130489,0.06517754288187899,0.0,16.0,21.0,-5.0,8.878230915018289,8.957500750127807,-0.07926983510951757,"[16, 0, 0]",22,0
memorias_braz_cubas,intermediario,pt,sbert,400,124,51376,18,0.409423291683197,2.8894364468705103,2.890363145319511,0.000926698449000618,-0.3752333975338845,0.9996764045929043,0.9999970202529725,0.0003206156600682464,18,18.0,0,0.0,0.07434184655149118,0.03399256449511745,0.040349282056373725,17.0,17.0,0.0,7.295277403746056,7.362483244635401,-0.06720584088934523,"[17, 0, 0]",18,0
memorias_braz_cubas,intermediario,pt,sbert,400,125,51809,20,0.409423291683197,2.993907901780426,2.9956227763299914,0.001714874549565426,-0.405480222943051,0.9993910097408669,0.9999634489286755,0.0005724391878085822,20,20.0,0,0.0,0.08327534241971368,0.05198712654565263,0.031288215874061054,17.0,19.0,-2.0,8.01738006578942,8.161081935301192,-0.14370186951177288,"[17, 0, 0]",20,0
memorias_braz_cubas,intermediario,pt,sbert,400,126,52211,21,0.409423291683197,3.040797263873817,3.044233970802453,0.0034367069286358465,-1.7201935753205333,0.9987764340957226,0.9999052505189662,0.0011288164232435838,21,21.0,0,0.0,0.09465972568162351,0.08071461603363123,0.013945109647992282,16.0,20.0,-4.0,8.300396338681217,8.545184976397195,-0.2447886377159776,"[16, 0, 0]",21,0
memorias_braz_cubas,intermediario,pt,sbert,400,127,52630,15,0.409423291683197,2.69890831592177,2.708037382049917,0.009129066128147123,-2.3194032524284274,0.9966241817907514,0.9999952663165963,0.003371084525844892,15,15.0,0,0.0,0.17677054946920182,0.045615959671612305,0.1311545897975895,13.0,14.0,-1.0,5.87082005575668,6.133074183803901,-0.26225412804722037,"[13, 0, 0]",15,0
memorias_braz_cubas,intermediario,pt,sbert,400,128,53076,22,0.409423291683197,3.090777106145187,3.0908043774786678,2.7271333480793913e-05,-0.007653749976644389,0.9999141560761028,0.9999229787739118,8.822697808996693e-06,22,22.0,0,0.0,0.035511109094987614,0.06517754288187899,0.0,19.0,21.0,-2.0,8.939607497904772,8.957500750127807,-0.017893252223034395,"[19, 0, 0]",22,0
memorias_braz_cubas,intermediario,pt,sbert,400,129,53509,13,0.409423291683197,2.5610357989771653,2.564949357461537,0.003913558484371915,-0.3420155152880347,0.9984742160803344,1.0000000000000002,0.0015257839196658463,13,13.0,0,0.0,0.08804310897150963,0.004446834678819456,0.08359627429269018,7.0,13.0,-6.0,4.9578563391645325,5.322502791881561,-0.3646464527170288,"[7, 0, 0]",13,0
memorias_braz_cubas,intermediario,pt,sbert,400,130,53931,24,0.409423291683197,3.1290359105713925,3.1777965206753596,0.04876061010396704,-5.713178591177336,0.9979402592022185,0.9999190354580751,0.001978776255856629,23,24.0,0,0.0,0.19846593339523658,0.04110834693574872,0.15735758645948786,18.0,22.0,-4.0,9.120205314796298,9.778880965421646,-0.6586756506253479,"[18, 0, 0]",23,0
memorias_braz_cubas,intermediario,pt,sbert,400,131,54354,22,0.409423291683197,3.090882933411489,3.0908043774786678,7.855593282135587e-05,0.02204686725055688,0.999948392832116,0.9999229787739118,2.5414058204220602e-05,22,22.0,0,0.0,0.03108882592472101,0.06517754288187899,0.0,20.0,21.0,-1.0,8.959537225543878,8.957500750127807,0.002036475416071326,"[20, 0, 0]",22,0
memorias_braz_cubas,intermediario,pt,sbert,400,132,54785,15,0.409423291683197,2.70804955272562,2.708037382049917,1.2170675702805056e-05,0.003092178807019674,0.999999760574383,0.9999952663165963,4.494257786702427e-06,15,15.0,0,0.0,0.006402842569190298,0.045615959671612305,0.0,14.0,14.0,0.0,6.13948209387353,6.133074183803901,0.0064079100696297076,"[14, 0, 0]",15,0
memorias_braz_cubas,intermediario,pt,sbert,400,133,55199,18,0.409423291683197,2.8901268016571033,2.890363145319511,0.00023634366240754545,-0.09569891427618603,0.9999152509574618,0.9999970202529725,8.17692955107363e-05,18,18.0,0,0.0,0.03878480775959792,0.03399256449511745,0.004792243264480467,17.0,17.0,0.0,7.330834442537949,7.362483244635401,-0.03164880209745213,"[17, 0, 0]",18,0
memorias_braz_cubas,intermediario,pt,sbert,400,134,55639,26,0.409423291683197,3.2561755401950205,3.2574675292999054,0.0012919891048848164,-0.21283537791053925,0.9994103926006968,0.9998069398146321,0.00039654721393533876,26,26.0,0,0.0,0.06705252818230817,0.0703226290431185,0.0,20.0,24.0,-4.0,10.417891725876924,10.55053673380965,-0.1326450079327266,"[20, 0, 0]",26,0
memorias_braz_cubas,intermediario,pt,sbert,400,135,56056,19,0.409423291683197,2.9346482850825515,2.9444151273461285,0.009766842263577047,-15.127251119067134,0.9966748524411057,0.9999918993667449,0.0033170469256392776,19,19.0,0,0.0,0.1988563759121048,0.03837123942119658,0.16048513649090823,13.0,18.0,-5.0,7.31299446781718,7.76633708136815,-0.4533426135509693,"[13, 0, 0]",19,0
memorias_braz_cubas,intermediario,pt,sbert,400,136,56467,25,0.409423291683197,3.2139026819216014,3.218605389537946,0.004702707616344615,-2.0914946394324305,0.9984550062763596,0.9999159845408869,0.0014609782645272906,25,25.0,0,0.0,0.1159680216975999,0.0705415015285129,0.04542652016908699,21.0,23.0,-2.0,9.925379733116682,10.172097690800005,-0.24671795768332316,"[21, 0, 0]",25,0
memorias_braz_cubas,intermediario,pt,sbert,400,137,56880,21,0.409423291683197,3.0427843919709034,3.044233970802453,0.0014495788315493918,-0.7255655616644892,0.9994291236842323,0.9999052505189662,0.00047612683473385875,21,21.0,0,0.0,0.07423815869484798,0.08071461603363123,0.0,16.0,20.0,-4.0,8.363127574879256,8.545184976397195,-0.18205740151793925,"[16, 0, 0]",21,0
memorias_braz_cubas,intermediario,pt,sbert,400,138,57282,21,0.409423291683197,3.03906160190242,3.044233970802453,0.005172368900032698,-2.588953883989087,0.998206340753696,0.9999052505189662,0.0016989097652702068,21,21.0,0,0.0,0.10854176312379518,0.08071461603363123,0.027827147090163956,17.0,20.0,-3.0,8.229554069352119,8.545184976397195,-0.315630907045076,"[17, 0, 0]",21,0
memorias_braz_cubas,intermediario,pt,sbert,400,139,57693,19,0.409423291683197,2.9441299564231223,2.9444151273461285,0.00028517092300628377,-0.44168340675057566,0.9998950486848244,0.9999918993667449,9.685068192055724e-05,19,19.0,0,0.0,0.04190171860498165,0.03837123942119658,0.0035304791837850735,16.0,18.0,-2.0,7.71215869464525,7.76633708136815,-0.05417838672289932,"[16, 0, 0]",19,0
memorias_braz_cubas,intermediario,pt,sbert,400,140,58101,12,0.409423291683197,2.4745903073457733,2.484906649788001,0.010316342442227455,-5.4828597398493475,0.995848398392307,1.0000000000000002,0.004151601607693234,12,12.0,0,0.0,0.139494187237573,0.029164384255309067,0.11032980298226394,7.0,12.0,-5.0,4.433733211097162,4.913079500198364,-0.47934628910120214,"[7, 0, 0]",12,0
memorias_braz_cubas,intermediario,pt,sbert,400,141,58507,21,0.409423291683197,3.0395728145432948,3.044233970802453,0.0046611562591580835,-2.3330738457094733,0.9983742530129522,0.9999052505189662,0.0015309975060139314,21,21.0,0,0.0,0.1226299940918012,0.08071461603363123,0.04191537805816997,18.0,20.0,-2.0,8.320362335979869,8.545184976397195,-0.22482264041732591,"[18, 0, 0]",21,0
memorias_braz_cubas,intermediario,pt,sbert,400,142,58931,25,0.409423291683197,3.214386188146833,3.218605389537946,0.004219201391113092,-1.8764588003576683,0.9986052159307663,0.9999159845408869,0.0013107686101205829,25,25.0,0,0.0,0.10416852794815384,0.0705415015285129,0.03362702641964094,19.0,23.0,-4.0,9.81380183874656,10.172097690800005,-0.3582958520534447,"[19, 0, 0]",25,0
memorias_braz_cubas,intermediario,pt,sbert,400,143,59370,18,0.409423291683197,2.893654659983802,2.890363145319511,0.0032915146642911175,1.3327811564231242,0.9827524633582269,0.9999970202529725,0.01724455689474569,19,18.0,1,0.0,0.08841433787726635,0.03399256449511745,0.0544217733821489,14.0,17.0,-3.0,7.103588467989347,7.362483244635401,-0.25889477664605387,"[12, 1, 0]",19,0
memorias_braz_cubas,intermediario,pt,sbert,400,144,59776,18,0.409423291683197,2.88811713920067,2.890363145319511,0.0022460061188409597,-0.9094398590646878,0.9992199554644363,0.9999970202529725,0.0007770647885362303,18,18.0,0,0.0,0.11278685864541596,0.03399256449511745,0.07879429415029851,16.0,17.0,-1.0,7.249351553650564,7.362483244635401,-0.11313169098483655,"[16, 0, 0]",18,0
memorias_braz_cubas,intermediario,pt,sbert,400,145,60177,22,0.409423291683197,3.086335603150278,3.0908043774786678,0.0044687743283895465,-1.2541697469846214,0.9984772612220437,0.9999229787739118,0.0014457175518680643,22,22.0,0,0.0,0.12701123592228553,0.06517754288187899,0.061833693040406534,17.0,21.0,-4.0,8.747372855442586,8.957500750127807,-0.21012789468522008,"[17, 0, 0]",22,0
memorias_braz_cubas,intermediario,pt,sbert,400,146,60589,19,0.409423291683197,2.9444364845627984,2.9444151273461285,2.1357216669848356e-05,0.03307885712191262,0.9999991527745491,0.9999918993667449,7.253407804164169e-06,19,19.0,0,0.0,0.008305185963663253,0.03837123942119658,0.0,18.0,18.0,0.0,7.7749553179548085,7.76633708136815,0.008618236586658945,"[18, 0, 0]",19,0
memorias_braz_cubas,intermediario,pt,sbert,400,147,60990,13,0.409423291683197,2.559622797088782,2.564949357461537,0.005326560372755029,-0.4655012306256647,0.9699004141990137,1.0000000000000002,0.030099585800986484,14,13.0,1,0.0,0.2020792668268136,0.004446834678819456,0.19763243214799414,2.0,13.0,-11.0,4.219371144276642,5.322502791881561,-1.1031316476049193,"[2, 0, 0]",14,0
quincas_borba,complexo,pt,sbert,150,0,0,11,0.4310796856880188,2.3970731638477254,2.3978952727983707,0.0008221089506452728,-0.044138520983620144,0.9996571539383011,1.0,0.000342846061698876,11,11.0,0,0.0,0.054823356010305135,0.0441188211070348,0.010704534903270335,9.0,11.0,-2.0,4.659372927715976,4.741876542568207,-0.08250361485223046,"[9, 0, 0]",11,0
quincas_borba,complexo,pt,sbert,150,1,189,8,0.4310796856880188,2.0794349722143597,2.0794415416798357,6.5694654760584115e-06,-0.007222692763600583,0.9999968407549121,1.0,3.1592450878692446e-06,8,8.0,0,0.0,0.00471181762925188,1.6700365859936965e-308,0.00471181762925188,7.0,8.0,-1.0,3.4439256678748986,3.4486374855041504,-0.004711817629251769,"[7, 0, 0]",8,0
quincas_borba,complexo,pt,sbert,150,2,344,5,0.4310796856880188,1.6094379124341005,1.6094379124341005,0.0,0.0,1.0000000000000002,1.0000000000000002,0.0,5,5.0,0,0.0,1.7080381481378566e-308,1.7080381481378566e-308,0.0,5.0,5.0,0.0,2.155398428440094,2.155398428440094,0.0,"[5, 0, 0]",5,0
quincas_borba,complexo,pt,sbert,150,3,512,11,0.4310796856880188,2.3878151499549665,2.3978952727983707,0.010080122843404205,-0.5411955596540415,0.9957962622647649,1.0,0.00420373773523508,11,11.0,0,0.0,0.18041703519059665,0.0441188211070348,0.13629821408356185,8.0,11.0,-3.0,4.4344066836651,4.741876542568207,-0.3074698589031071,"[8, 0, 0]",11,0
quincas_borba,complexo,pt,sbert,150,4,669,7,0.4310796856880188,1.9428838272961069,1.945910149055313,0.003026321759206141,-2.637811145534286,0.9984447782644663,0.9999999999999999,0.001555221735533574,7,7.0,0,0.0,0.09042598260620033,2.131254035680755e-308,0.09042598260620033,6.0,7.0,-1.0,2.927131817209931,3.0175577998161316,-0.0904259826062006,"[6, 0, 0]",7,0
quincas_borba,complexo,pt,sbert,150,5,835,11,0.4310796856880188,2.397606861739103,2.3978952727983707,0.0002884110592678013,-0.015484611354015989,0.9998797232462403,1.0,0.00012027675375969604,11,11.0,0,0.0,0.02977332323413784,0.0441188211070348,0.0,9.0,11.0,-2.0,4.689806501881588,4.741876542568207,-0.052070040686619024,"[9, 0, 0]",11,0
quincas_borba,complexo,pt,sbert,150,6,996,9,0.4310796856880188,2.194837641407628,2.1972245773362196,0.002386935928591516,-0.144882099180913,0.9989136586431755,1.0,0.001086341356824505,9,9.0,0,0.0,0.09036613155396411,1.7534658776513645e-308,0.09036613155396411,7.0,9.0,-2.0,3.7800413118978593,3.879717171192169,-0.09967585929430989,"[7, 0, 0]",9,0
quincas_borba,complexo,pt,sbert,150,7,1164,8,0.4310796856880188,2.0794415416798357,2.0794415416798357,0.0,0.0,1.0,1.0,0.0,8,8.0,0,0.0,1.6700365859936965e-308,1.6700365859936965e-308,0.0,8.0,8.0,0.0,3.4486374855041504,3.4486374855041504,0.0,"[8, 0, 0]",8,0
quincas_borba,complexo,pt,sbert,150,8,1345,13,0.4310796856880188,2.5595708792307783,2.564949357461537,0.005378478230758876,-5.828119850945533,0.9979030859946173,1.0000000000000002,0.0020969140053829216,13,13.0,0,0.0,0.1527978743744539,0.04802524718311407,0.10477262719133984,10.0,13.0,-3.0,5.393375470509696,5.604035913944244,-0.21066044343454848,"[10, 0, 0]",13,0
quincas_borba,complexo,pt,sbert,150,9,1498,13,0.4310796856880188,2.5326840507459467,2.564949357461537,0.03226530671559047,-34.96269139671625,0.9874206846923784,1.0000000000000002,0.012579315307621797,13,13.0,0,0.0,0.2155398428440094,0.04802524718311407,0.16751459566089533,6.0,13.0,-7.0,4.739750163581969,5.604035913944244,-0.8642857503622752,"[6, 0, 0]",13,0
quincas_borba,complexo,pt,sbert,150,10,1650,9,0.4310796856880188,2.1972245773362196,2.1972245773362196,0.0,0.0,1.0,1.0,0.0,9,9.0,0,0.0,1.7534658776513645e-308,1.7534658776513645e-308,0.0,9.0,9.0,0.0,3.879717171192169,3.879717171192169,0.0,"[9, 0, 0]",9,0
quincas_borba,complexo,pt,sbert,150,11,1836,8,0.4310796856880188,2.0794415416798357,2.0794415416798357,0.0,0.0,1.0,1.0,0.0,8,8.0,0,0.0,1.6700365859936965e-308,1.6700365859936965e-308,0.0,8.0,8.0,0.0,3.4486374855041504,3.4486374855041504,0.0,"[8, 0, 0]",8,0
quincas_borba,complexo,pt,sbert,150,12,2013,6,0.4310796856880188,1.7917594692280547,1.7917594692280547,0.0,0.0,0.9999999999999999,0.9999999999999999,0.0,6,6.0,0,0.0,2.1339657240448646e-308,2.1339657240448646e-308,0.0,6.0,6.0,0.0,2.586478114128113,2.586478114128113,0.0,"[6, 0, 0]",6,0
quincas_borba,complexo,pt,sbert,150,13,2185,8,0.4310796856880188,2.0559444290763382,2.0794415416798357,0.023497112603497516,-25.833521126686044,0.9887002773905749,1.0,0.011299722609425134,8,8.0,0,0.0,0.2155398428440094,1.6700365859936965e-308,0.2155398428440094,6.0,8.0,-2.0,3.17292930030583,3.4486374855041504,-0.2757081851983205,"[6, 0, 0]",8,0
quincas_borba,complexo,pt,sbert,150,14,2356,7,0.4310796856880188,1.9283758002654041,1.945910149055313,0.017534348789908893,-15.283338768261086,0.9909891272223327,0.9999999999999999,0.009010872777667212,7,7.0,0,0.0,0.20046841536047677,2.131254035680755e-308,0.20046841536047677,6.0,7.0,-1.0,2.817089384455655,3.0175577998161316,-0.20046841536047655,"[6, 0, 0]",7,0
quincas_borba,complexo,pt,sbert,150,15,2507,13,0.4310796856880188,2.527563345941049,2.564949357461537,0.03738601152048826,-40.51148792313561,0.9854242691335288,1.0000000000000002,0.014575730866471459,13,13.0,0,0.0,0.2155398428440094,0.04802524718311407,0.16751459566089533,11.0,13.0,-2.0,5.167510830338259,5.604035913944244,-0.43652508360598574,"[11, 0, 0]",13,0
quincas_borba,complexo,pt,sbert,150,16,2664,9,0.4310796856880188,2.1943886207058094,2.1972245773362196,0.0028359566304101413,-0.17213673181512743,0.9987093005149941,1.0,0.0012906994850059306,9,9.0,0,0.0,0.09598309652554315,1.7534658776513645e-308,0.09598309652554315,6.0,9.0,-3.0,3.7499947166272425,3.879717171192169,-0.1297224545649267,"[6, 0, 0]",9,0
quincas_borba,complexo,pt,sbert,150,17,2832,10,0.4310796856880188,2.2910633762108708,2.3025850929940455,0.011521716783174707,-11.782795042809413,0.994996181979015,0.9999999999999998,0.005003818020984818,10,10.0,0,0.0,0.1686489629873092,0.008741839776516214,0.15990712321079298,8.0,10.0,-2.0,4.0247404604325725,4.310796856880188,-0.2860563964476155,"[8, 0, 0]",10,0
quincas_borba,complexo,pt,sbert,150,18,2993,11,0.4310796856880188,2.3978589815173406,2.3978952727983707,3.62912810301097e-05,-0.0019484564278404546,0.9999848653602842,1.0,1.5134639715808085e-05,11,11.0,0,0.0,0.012689304142250835,0.0441188211070348,0.0,10.0,11.0,-1.0,4.729187238425956,4.741876542568207,-0.01268930414225089,"[10, 0, 0]",11,0
quincas_borba,complexo,pt,sbert,150,19,3144,10,0.4310796856880188,2.3025816828496417,2.3025850929940455,3.4101444037482054e-06,-0.003487417138600858,0.9999985189931028,0.9999999999999998,1.4810068970083634e-06,10,10.0,0,0.0,0.0037450300573328987,0.008741839776516214,0.0,9.0,10.0,-1.0,4.307051826822855,4.310796856880188,-0.0037450300573329542,"[9, 0, 0]",10,0
quincas_borba,complexo,pt,sbert,150,20,3336,10,0.4310796856880188,2.3025850929940455,2.3025850929940455,0.0,0.0,0.9999999999999998,0.9999999999999998,0.0,10,10.0,0,0.0,1.77674289996071e-308,0.008741839776516214,0.0,10.0,10.0,0.0,4.310796856880188,4.310796856880188,0.0,"[10, 0, 0]",10,0
quincas_borba,complexo,pt,sbert,150,21,3486,12,0.4310796856880188,2.4842291172194053,2.484906649788001,0.0006775325685954847,-0.25684222581673566,0.9997273408364645,1.0000000000000002,0.0002726591635356934,12,12.0,0,0.0,0.055728877732057425,0.02023596982198511,0.03549290791007231,11.0,12.0,-1.0,5.117227350524168,5.172956228256226,-0.055728877732057924,"[11, 0, 0]",12,0
quincas_borba,complexo,pt,sbert,150,22,3666,13,0.4310796856880188,2.5391768583056242,2.564949357461537,0.025772499155912953,-27.927084110901024,0.9899520436608469,1.0000000000000002,0.010047956339153341,13,13.0,0,0.0,0.2155398428440094,0.04802524718311407,0.16751459566089533,9.0,13.0,-4.0,5.117125084942316,5.604035913944244,-0.4869108290019284,"[9, 0, 0]",13,0
quincas_borba,complexo,pt,sbert,150,23,3857,13,0.4310796856880188,2.546915562060813,2.564949357461537,0.01803379540072436,-19.541423513026356,0.992969141730513,1.0000000000000002,0.007030858269487239,13,13.0,0,0.0,0.2155398428440094,0.04802524718311407,0.16751459566089533,9.0,13.0,-4.0,5.2458698926462795,5.604035913944244,-0.35816602129796493,"[9, 0, 0]",13,0
quincas_borba,complexo,pt,sbert,150,24,4009,13,0.4310796856880188,2.531449304126155,2.564949357461537,0.033500053335381974,-36.30066302678445,0.9869392924901506,1.0000000000000002,0.013060707509849667,13,13.0,0,0.0,0.2155398428440094,0.04802524718311407,0.16751459566089533,11.0,13.0,-2.0,5.102671193307982,5.604035913944244,-0.5013647206362624,"[11, 0, 0]",13,0
quincas_borba,complexo,pt,sbert,150,25,4166,14,0.4310796856880188,2.6323002341108523,2.639057329615258,0.006757095504405619,-5.328093962996636,0.9974395798724875,0.9999999999999998,0.0025604201275122307,14,14.0,0,0.0,0.1692342285759953,0.02599323496270181,0.14324099361329348,10.0,14.0,-4.0,5.745855328462025,6.035115599632263,-0.2892602711702379,"[10, 0, 0]",14,0
quincas_borba,complexo,pt,sbert,150,26,4317,14,0.4310796856880188,2.6013443821514115,2.639057329615258,0.03771294746384646,-29.73735202912526,0.9857096899560932,0.9999999999999998,0.014290310043906573,14,14.0,0,0.0,0.2155398428440094,0.02599323496270181,0.1895466078813076,11.0,14.0,-3.0,5.477026761910757,6.035115599632263,-0.5580888377215061,"[11, 0, 0]",14,0
quincas_borba,complexo,pt,sbert,150,27,4477,11,0.4310796856880188,2.3943775762170882,2.3978952727983707,0.0035176965812824257,-0.18886295331668032,0.9985330065824028,1.0,0.001466993417597151,11,11.0,0,0.0,0.11031768715942769,0.0441188211070348,0.06619886605239289,8.0,11.0,-3.0,4.543066117713174,4.741876542568207,-0.19881042485503286,"[8, 0, 0]",11,0
quincas_borba,complexo,pt,sbert,150,28,4650,9,0.4310796856880188,2.1972245773362196,2.1972245773362196,0.0,0.0,1.0,1.0,0.0,9,9.0,0,0.0,1.7534658776513645e-308,1.7534658776513645e-308,0.0,9.0,9.0,0.0,3.879717171192169,3.879717171192169,0.0,"[9, 0, 0]",9,0
quincas_borba,complexo,pt,sbert,150,29,4851,6,0.4310796856880188,1.7917594692280547,1.7917594692280547,0.0,0.0,0.9999999999999999,0.9999999999999999,0.0,6,6.0,0,0.0,2.1339657240448646e-308,2.1339657240448646e-308,0.0,6.0,6.0,0.0,2.586478114128113,2.586478114128113,0.0,"[6, 0, 0]",6,0
quincas_borba,complexo,pt,sbert,150,30,5008,14,0.4310796856880188,2.6241928046639695,2.639057329615258,0.014864524951288427,-11.720951051251932,0.994367486911148,0.9999999999999998,0.0056325130888518204,14,14.0,0,0.0,0.16676728795500606,0.02599323496270181,0.14077405299230425,9.0,14.0,-5.0,5.434459313535372,6.035115599632263,-0.6006562860968909,"[9, 0, 0]",14,0
quincas_borba,complexo,pt,sbert,150,31,5163,9,0.4310796856880188,2.1964488643569027,2.1972245773362196,0.0007757129793168893,-0.04708418163181631,0.9996469578088111,1.0,0.00035304219118892366,9,9.0,0,0.0,0.042838915787526244,1.7534658776513645e-308,0.042838915787526244,7.0,9.0,-2.0,3.800801179957494,3.879717171192169,-0.07891599123467508,"[7, 0, 0]",9,0
quincas_borba,complexo,pt,sbert,150,32,5315,11,0.4310796856880188,2.381361191396576,2.3978952727983707,0.016534081401794687,-0.8877046020788203,0.9931047524930064,1.0,0.0068952475069935515,11,11.0,0,0.0,0.18479483363931565,0.0441188211070348,0.14067601253228085,9.0,11.0,-2.0,4.386734866079437,4.741876542568207,-0.3551416764887696,"[9, 0, 0]",11,0
quincas_borba,complexo,pt,sbert,150,33,5465,13,0.4310796856880188,2.562670011940032,2.564949357461537,0.002279345521505327,-2.4698991631271596,0.999111348723173,1.0000000000000002,0.0008886512768272459,13,13.0,0,0.0,0.09351283663237636,0.04802524718311407,0.04548758944926229,11.0,13.0,-2.0,5.457491201406524,5.604035913944244,-0.14654471253771995,"[11, 0, 0]",13,0
quincas_borba,complexo,pt,sbert,150,34,5615,13,0.4310796856880188,2.547149272251152,2.564949357461537,0.01780008521038523,-19.288175114270345,0.9930602586134484,1.0000000000000002,0.006939741386551845,13,13.0,0,0.0,0.2155398428440094,0.04802524718311407,0.16751459566089533,8.0,13.0,-5.0,5.059289494450008,5.604035913944244,-0.5447464194942366,"[8, 0, 0]",13,0
quincas_borba,complexo,pt,sbert,150,35,5770,13,0.4310796856880188,2.564949357461537,2.564949357461537,0.0,0.0,1.0000000000000002,1.0000000000000002,0.0,13,13.0,0,0.0,1.8461871597871595e-308,0.04802524718311407,0.0,13.0,13.0,0.0,5.604035913944244,5.604035913944244,0.0,"[13, 0, 0]",13,0
quincas_borba,complexo,pt,sbert,150,36,5946,8,0.4310796856880188,2.0651020485035207,2.0794415416798357,0.014339493176314999,-15.765324283340432,0.9931041614352231,1.0,0.006895838564776935,8,8.0,0,0.0,0.15853318950129702,1.6700365859936965e-308,0.15853318950129702,5.0,8.0,-3.0,3.1142769999697997,3.4486374855041504,-0.3343604855343507,"[5, 0, 0]",8,0
quincas_borba,complexo,pt,sbert,150,37,6114,10,0.4310796856880188,2.300781738315245,2.3025850929940455,0.0018033546788003285,-1.844218094375066,0.9992168130140824,0.9999999999999998,0.0007831869859173946,10,10.0,0,0.0,0.08237207351991555,0.008741839776516214,0.07363023374339933,8.0,10.0,-2.0,4.21233719198588,4.310796856880188,-0.09845966489430769,"[8, 0, 0]",10,0
quincas_borba,complexo,pt,sbert,150,38,6289,7,0.4310796856880188,1.945910149055313,1.945910149055313,0.0,0.0,0.9999999999999999,0.9999999999999999,0.0,7,7.0,0,0.0,2.131254035680755e-308,2.131254035680755e-308,0.0,7.0,7.0,0.0,3.0175577998161316,3.0175577998161316,0.0,"[7, 0, 0]",7,0
quincas_borba,complexo,pt,sbert,150,39,6449,7,0.4310796856880188,1.945910149055313,1.945910149055313,0.0,0.0,0.9999999999999999,0.9999999999999999,0.0,7,7.0,0,0.0,2.131254035680755e-308,2.131254035680755e-308,0.0,7.0,7.0,0.0,3.0175577998161316,3.0175577998161316,0.0,"[7, 0, 0]",7,0
quincas_borba,complexo,pt,sbert,150,40,6611,5,0.4310796856880188,1.6080723557804468,1.6094379124341005,0.0013655566536536767,-0.2922292043586556,0.9991515319459648,1.0000000000000002,0.0008484680540353784,5,5.0,0,0.0,0.05417032130179983,1.7080381481378566e-308,0.05417032130179983,4.0,5.0,-1.0,2.101228107138294,2.155398428440094,-0.054170321301799884,"[4, 0, 0]",5,0
quincas_borba,complexo,pt,sbert,150,41,6762,11,0.4310796856880188,2.3948813712378323,2.3978952727983707,0.003013901560538379,-0.16181451031274413,0.9987431054246914,1.0,0.0012568945753086425,11,11.0,0,0.0,0.10940394077508525,0.0441188211070348,0.06528511966805045,10.0,11.0,-1.0,4.632472601793122,4.741876542568207,-0.10940394077508486,"[10, 0, 0]",11,0
quincas_borba,complexo,pt,sbert,150,42,6960,8,0.4310796856880188,2.078651103378836,2.0794415416798357,0.0007904383009997851,-0.869034629607227,0.999619879527673,1.0,0.00038012047232705015,8,8.0,0,0.0,0.05028997572814581,1.6700365859936965e-308,0.05028997572814581,7.0,8.0,-1.0,3.3983475097760047,3.4486374855041504,-0.05028997572814564,"[7, 0, 0]",8,0
quincas_borba,complexo,pt,sbert,150,43,7112,7,0.4310796856880188,1.9438140014180119,1.945910149055313,0.002096147637301149,-1.8270501421530114,0.9989227932038286,0.9999999999999999,0.0010772067961712928,7,7.0,0,0.0,0.058809896955875796,2.131254035680755e-308,0.058809896955875796,5.0,7.0,-2.0,2.9000638860151606,3.0175577998161316,-0.11749391380097096,"[5, 0, 0]",7,0
quincas_borba,complexo,pt,sbert,150,44,7272,9,0.4310796856880188,2.1972245773362196,2.1972245773362196,0.0,0.0,1.0,1.0,0.0,9,9.0,0,0.0,1.7534658776513645e-308,1.7534658776513645e-308,0.0,9.0,9.0,0.0,3.879717171192169,3.879717171192169,0.0,"[9, 0, 0]",9,0
quincas_borba,complexo,pt,sbert,150,45,7428,16,0.4310796856880188,2.763012831952808,2.7725041009422102,0.009491268989402446,-1.0377985996812777,0.9965462276427217,0.9999694793184102,0.0034232516756884657,16,16.0,0,0.0,0.19462457521310683,0.06534875824548556,0.12927581696762128,15.0,15.0,0.0,6.679886606948996,6.874511182162103,-0.1946245752131075,"[15, 0, 0]",16,0
quincas_borba,complexo,pt,sbert,150,46,7584,11,0.4310796856880188,2.3978952727983707,2.3978952727983707,0.0,0.0,1.0,1.0,0.0,11,11.0,0,0.0,1.4278175975554427e-308,0.0441188211070348,0.0,11.0,11.0,0.0,4.741876542568207,4.741876542568207,0.0,"[11, 0, 0]",11,0
quincas_borba,complexo,pt,sbert,150,47,7769,13,0.4310796856880188,2.564816388820056,2.564949357461537,0.00013296864148104603,-0.14408484067799254,0.9999481593501666,1.0000000000000002,5.184064983365655e-05,13,13.0,0,0.0,0.02562288757613329,0.04802524718311407,0.0,11.0,13.0,-2.0,5.571250011275636,5.604035913944244,-0.03278590266860881,"[11, 0, 0]",13,0
quincas_borba,complexo,pt,sbert,150,48,7920,7,0.4310796856880188,1.945910149055313,1.945910149055313,0.0,0.0,0.9999999999999999,0.9999999999999999,0.0,7,7.0,0,0.0,2.131254035680755e-308,2.131254035680755e-308,0.0,7.0,7.0,0.0,3.0175577998161316,3.0175577998161316,0.0,"[7, 0, 0]",7,0
quincas_borba,complexo,pt,sbert,150,49,8074,12,0.4310796856880188,2.484906649788001,2.484906649788001,0.0,0.0,1.0000000000000002,1.0000000000000002,0.0,12,12.0,0,0.0,1.1844518471044315e-308,0.02023596982198511,0.0,12.0,12.0,0.0,5.172956228256226,5.172956228256226,0.0,"[12, 0, 0]",12,0
quincas_borba,complexo,pt,sbert,150,50,8227,9,0.4310796856880188,2.1922707008882694,2.1972245773362196,0.004953876447950201,-0.30069010661942114,0.9977453936666064,1.0,0.002254606333393583,9,9.0,0,0.0,0.11260587623106627,1.7534658776513645e-308,0.11260587623106627,7.0,9.0,-2.0,3.6936710630933876,3.879717171192169,-0.18604610809878164,"[7, 0, 0]",9,0
quincas_borba,complexo,pt,sbert,150,51,8381,8,0.4310796856880188,2.079144036434178,2.0794415416798357,0.00029750524565796965,-0.32708733956788744,0.9998569302191502,1.0,0.0001430697808497694,8,8.0,0,0.0,0.031213940600978707,1.6700365859936965e-308,0.031213940600978707,7.0,8.0,-1.0,3.417423544903172,3.4486374855041504,-0.031213940600978596,"[7, 0, 0]",8,0
quincas_borba,complexo,pt,sbert,150,52,8531,8,0.4310796856880188,2.0794415416798357,2.0794415416798357,0.0,0.0,1.0,1.0,0.0,8,8.0,0,0.0,1.6700365859936965e-308,1.6700365859936965e-308,0.0,8.0,8.0,0.0,3.4486374855041504,3.4486374855041504,0.0,"[8, 0, 0]",8,0
quincas_borba,complexo,pt,sbert,150,53,8683,7,0.4310796856880188,1.945367372791174,1.945910149055313,0.000542776264139011,-0.4730961850708554,0.9997210681775812,0.9999999999999999,0.000278931822418671,7,7.0,0,0.0,0.033522963438535225,2.131254035680755e-308,0.033522963438535225,5.0,7.0,-2.0,2.95673328139391,3.0175577998161316,-0.06082451842222181,"[5, 0, 0]",7,0
quincas_borba,complexo,pt,sbert,150,54,8837,6,0.4310796856880188,1.7892535513974994,1.7917594692280547,0.0025059178305553154,-1.6826940365864156,0.9986014206295027,0.9999999999999999,0.0013985793704971439,6,6.0,0,0.0,0.07769950502656958,2.1339657240448646e-308,0.07769950502656958,5.0,6.0,-1.0,2.508778609101543,2.586478114128113,-0.07769950502656986,"[5, 0, 0]",6,0
quincas_borba,complexo,pt,sbert,150,55,8994,8,0.4310796856880188,2.0794415416798357,2.0794415416798357,0.0,0.0,1.0,1.0,0.0,8,8.0,0,0.0,1.6700365859936965e-308,1.6700365859936965e-308,0.0,8.0,8.0,0.0,3.4486374855041504,3.4486374855041504,0.0,"[8, 0, 0]",8,0
quincas_borba,complexo,pt,sbert,150,56,9147,9,0.4310796856880188,2.182877416470733,2.1972245773362196,0.014347160865486597,-0.8708431418620068,0.9934703256947544,1.0,0.006529674305245647,9,9.0,0,0.0,0.18354040433809415,1.7534658776513645e-308,0.18354040433809415,7.0,9.0,-2.0,3.5810664431644814,3.879717171192169,-0.2986507280276878,"[7, 0, 0]",9,0
quincas_borba,complexo,pt,sbert,150,57,9298,11,0.4310796856880188,2.3970532884112146,2.3978952727983707,0.0008419843871561028,-0.045205620874459805,0.9996488652374824,1.0,0.0003511347625175798,11,11.0,0,0.0,0.05955807121814416,0.0441188211070348,0.01543925011110936,10.0,11.0,-1.0,4.6823184713500625,4.741876542568207,-0.05955807121814427,"[10, 0, 0]",11,0
quincas_borba,complexo,pt,sbert,150,58,9450,9,0.4310796856880188,2.1971532837229097,2.1972245773362196,7.129361330981965e-05,-0.004327375624453392,0.9999675528782788,1.0,3.2447121721235206e-05,9,9.0,0,0.0,0.016230050480189162,1.7534658776513645e-308,0.016230050480189162,8.0,9.0,-1.0,3.86348712071198,3.879717171192169,-0.016230050480189107,"[8, 0, 0]",9,0
quincas_borba,complexo,pt,sbert,150,59,9615,7,0.4310796856880188,1.945910149055313,1.945910149055313,0.0,0.0,0.9999999999999999,0.9999999999999999,0.0,7,7.0,0,0.0,2.131254035680755e-308,2.131254035680755e-308,0.0,7.0,7.0,0.0,3.0175577998161316,3.0175577998161316,0.0,"[7, 0, 0]",7,0
quincas_borba,complexo,pt,sbert,150,60,9773,7,0.4310796856880188,1.9436042987721915,1.945910149055313,0.002305850283121469,-2.0098317564047528,0.998815027361751,0.9999999999999999,0.0011849726382489045,7,7.0,0,0.0,0.07951736345641158,2.131254035680755e-308,0.07951736345641158,6.0,7.0,-1.0,2.93804043635972,3.0175577998161316,-0.0795173634564117,"[6, 0, 0]",7,0
quincas_borba,complexo,pt,sbert,150,61,9925,6,0.4310796856880188,1.7896502905112923,1.7917594692280547,0.0021091787167624165,-1.416288437520164,0.998822844944879,0.9999999999999999,0.0011771550551208376,6,6.0,0,0.0,0.0725058174852044,2.1339657240448646e-308,0.0725058174852044,4.0,6.0,-2.0,2.506458892954347,2.586478114128113,-0.08001922117376559,"[4, 0, 0]",6,0
quincas_borba,complexo,pt,sbert,150,62,10080,12,0.4310796856880188,2.4841980100134604,2.484906649788001,0.0007086397745403872,-0.26863449143489004,0.9997148223758826,1.0000000000000002,0.00028517762411761627,12,12.0,0,0.0,0.05324100389120284,0.02023596982198511,0.03300503406921773,10.0,12.0,-2.0,5.093988010327932,5.172956228256226,-0.07896821792829378,"[10, 0, 0]",12,0
quincas_borba,complexo,pt,sbert,150,63,10253,10,0.4310796856880188,2.3025850929940455,2.3025850929940455,0.0,0.0,0.9999999999999998,0.9999999999999998,0.0,10,10.0,0,0.0,1.77674289996071e-308,0.008741839776516214,0.0,10.0,10.0,0.0,4.310796856880188,4.310796856880188,0.0,"[10, 0, 0]",10,0
quincas_borba,complexo,pt,sbert,150,64,10438,10,0.4310796856880188,2.2995803398043053,2.3025850929940455,0.003004753189740139,-3.072839894887654,0.9986950522702145,0.9999999999999998,0.0013049477297852885,10,10.0,0,0.0,0.0850929297380768,0.008741839776516214,0.07635108996156059,7.0,10.0,-3.0,4.126214385632271,4.310796856880188,-0.18458247124791693,"[7, 0, 0]",10,0
quincas_borba,complexo,pt,sbert,150,65,10600,9,0.4310796856880188,2.1972245773362196,2.1972245773362196,0.0,0.0,1.0,1.0,0.0,9,9.0,0,0.0,1.7534658776513645e-308,1.7534658776513645e-308,0.0,9.0,9.0,0.0,3.879717171192169,3.879717171192169,0.0,"[9, 0, 0]",9,0
quincas_borba,complexo,pt,sbert,150,66,10760,7,0.4310796856880188,1.945910149055313,1.945910149055313,0.0,0.0,0.9999999999999999,0.9999999999999999,0.0,7,7.0,0,0.0,2.131254035680755e-308,2.131254035680755e-308,0.0,7.0,7.0,0.0,3.0175577998161316,3.0175577998161316,0.0,"[7, 0, 0]",7,0
quincas_borba,complexo,pt,sbert,150,67,10929,13,0.4310796856880188,2.3920378327395846,2.564949357461537,0.1729115247219526,-187.3669551967458,0.9975572577646603,1.0000000000000002,0.002442742235339912,11,13.0,0,0.0,0.2155398428440094,0.04802524718311407,0.16751459566089533,6.0,13.0,-7.0,4.454833196383137,5.604035913944244,-1.1492027175611073,"[6, 0, 0]",11,0
quincas_borba,complexo,pt,sbert,150,68,11104,16,0.4310796856880188,2.7276722222171896,2.7725041009422102,0.04483187872502059,-4.902027433197472,0.9837997970408295,0.9999694793184102,0.016169682277580644,16,16.0,0,0.0,0.20415794842091048,0.06534875824548556,0.13880919017542492,12.0,15.0,-3.0,6.283560672929052,6.874511182162103,-0.5909505092330516,"[12, 0, 0]",16,0
quincas_borba,complexo,pt,sbert,150,69,11289,11,0.4310796856880188,2.39765335100043,2.3978952727983707,0.00024192179794058077,-0.012988631672741462,0.9998991107740672,1.0,0.00010088922593276539,11,11.0,0,0.0,0.03241354293889981,0.0441188211070348,0.0,10.0,11.0,-1.0,4.709462999629307,4.741876542568207,-0.032413542938900086,"[10, 0, 0]",11,0
quincas_borba,complexo,pt,sbert,150,70,11451,7,0.4310796856880188,1.945910149055313,1.945910149055313,0.0,0.0,0.9999999999999999,0.9999999999999999,0.0,7,7.0,0,0.0,2.131254035680755e-308,2.131254035680755e-308,0.0,7.0,7.0,0.0,3.0175577998161316,3.0175577998161316,0.0,"[7, 0, 0]",7,0
quincas_borba,complexo,pt,sbert,150,71,11610,7,0.4310796856880188,1.945910149055313,1.945910149055313,0.0,0.0,0.9999999999999999,0.9999999999999999,0.0,7,7.0,0,0.0,2.131254035680755e-308,2.131254035680755e-308,0.0,7.0,7.0,0.0,3.0175577998161316,3.0175577998161316,0.0,"[7, 0, 0]",7,0
quincas_borba,complexo,pt,sbert,150,72,11761,8,0.4310796856880188,2.079040407415884,2.0794415416798357,0.000401134263951608,-0.4410205907975708,0.9998070951955554,1.0,0.00019290480444456026,8,8.0,0,0.0,0.03613713953568398,1.6700365859936965e-308,0.03613713953568398,7.0,8.0,-1.0,3.4125003459684664,3.4486374855041504,-0.03613713953568398,"[7, 0, 0]",8,0
quincas_borba,complexo,pt,sbert,150,73,11929,9,0.4310796856880188,2.1971310012124086,2.1972245773362196,9.357612381100111e-05,-0.005679878160345458,0.9999574116707157,1.0,4.258832928427658e-05,9,9.0,0,0.0,0.018569383058735678,1.7534658776513645e-308,0.018569383058735678,8.0,9.0,-1.0,3.8611477881334335,3.879717171192169,-0.018569383058735678,"[8, 0, 0]",9,0
quincas_borba,complexo,pt,sbert,150,74,12079,11,0.4310796856880188,2.3978885618370596,2.3978952727983707,6.710961311107155e-06,-0.0003603073612300044,0.9999972013117556,1.0,2.798688244376457e-06,11,11.0,0,0.0,0.005477710967357996,0.0441188211070348,0.0,10.0,11.0,-1.0,4.736398831600849,4.741876542568207,-0.0054777109673578295,"[10, 0, 0]",11,0
quincas_borba,complexo,pt,sbert,150,75,12232,9,0.4310796856880188,2.1953183197289485,2.1972245773362196,0.0019062576072710335,-0.11570591418596715,0.999132424774903,1.0,0.0008675752250969504,9,9.0,0,0.0,0.07938805782308656,1.7534658776513645e-308,0.07938805782308656,6.0,9.0,-3.0,3.7515980041395713,3.879717171192169,-0.12811916705259785,"[6, 0, 0]",9,0
quincas_borba,complexo,pt,sbert,150,76,12397,10,0.4310796856880188,2.3025850929940455,2.3025850929940455,0.0,0.0,0.9999999999999998,0.9999999999999998,0.0,10,10.0,0,0.0,1.77674289996071e-308,0.008741839776516214,0.0,10.0,10.0,0.0,4.310796856880188,4.310796856880188,0.0,"[10, 0, 0]",10,0
quincas_borba,complexo,pt,sbert,150,77,12548,9,0.4310796856880188,2.1956479458652596,2.1972245773362196,0.0015766314709599882,-0.09569828599553708,0.9992824440945989,1.0,0.0007175559054011238,9,9.0,0,0.0,0.07376935944556307,1.7534658776513645e-308,0.07376935944556307,8.0,9.0,-1.0,3.805947811746606,3.879717171192169,-0.07376935944556307,"[8, 0, 0]",9,0
quincas_borba,complexo,pt,sbert,150,78,12703,15,0.4310796856880188,2.7062850173706576,2.708037949872125,0.0017529325014673525,-0.18116183542167377,0.9993481717100983,0.9999954759959471,0.0006473042858488043,15,15.0,0,0.0,0.09182086916666002,0.07439534752953236,0.017425521637127656,14.0,14.0,0.0,6.368636555975226,6.457885858069595,-0.08924930209436877,"[14, 0, 0]",15,0
quincas_borba,complexo,pt,sbert,150,79,12855,11,0.4310796856880188,2.396923556780773,2.3978952727983707,0.0009717160175974904,-0.05217083185772666,0.9995947629453961,1.0,0.0004052370546039352,11,11.0,0,0.0,0.06382598920900978,0.0441188211070348,0.01970716810197498,10.0,11.0,-1.0,4.678050553359197,4.741876542568207,-0.06382598920900939,"[10, 0, 0]",11,0
quincas_borba,complexo,pt,sbert,150,80,13008,9,0.4310796856880188,2.1805032734016123,2.1972245773362196,0.016721303934607246,-1.014948740797369,0.9923898066191854,1.0,0.007610193380814589,9,9.0,0,0.0,0.20052445165087973,1.7534658776513645e-308,0.20052445165087973,7.0,9.0,-2.0,3.5657446798146983,3.879717171192169,-0.31397249137747085,"[7, 0, 0]",9,0
quincas_borba,complexo,pt,sbert,150,81,13176,11,0.4310796856880188,2.3978952727983707,2.3978952727983707,0.0,0.0,1.0,1.0,0.0,11,11.0,0,0.0,1.4278175975554427e-308,0.0441188211070348,0.0,11.0,11.0,0.0,4.741876542568207,4.741876542568207,0.0,"[11, 0, 0]",11,0
quincas_borba,complexo,pt,sbert,150,82,13332,8,0.4310796856880188,2.0794415416798357,2.0794415416798357,0.0,0.0,1.0,1.0,0.0,8,8.0,0,0.0,1.6700365859936965e-308,1.6700365859936965e-308,0.0,8.0,8.0,0.0,3.4486374855041504,3.4486374855041504,0.0,"[8, 0, 0]",8,0
quincas_borba,complexo,pt,sbert,150,83,13483,15,0.4310796856880188,2.699849284428342,2.708037949872125,0.008188665443782828,-0.846281109060354,0.9969716526412509,0.9999954759959471,0.003023823354696198,15,15.0,0,0.0,0.15034390483213445,0.07439534752953236,0.07594855730260208,13.0,14.0,-1.0,6.172577112680594,6.457885858069595,-0.28530874538900086,"[13, 0, 0]",15,0
quincas_borba,complexo,pt,sbert,150,84,13647,9,0.4310796856880188,2.1915570398647413,2.1972245773362196,0.005667537471478301,-0.34400786222141694,0.9974205925375415,1.0,0.0025794074624585495,9,9.0,0,0.0,0.12128011354405449,1.7534658776513645e-308,0.12128011354405449,7.0,9.0,-2.0,3.683058400978145,3.879717171192169,-0.19665877021402434,"[7, 0, 0]",9,0
quincas_borba,complexo,pt,sbert,150,85,13800,13,0.4310796856880188,2.530609247992431,2.564949357461537,0.03434010946910604,-37.21094798450101,0.9866117787592146,1.0000000000000002,0.013388221240785647,13,13.0,0,0.0,0.2155398428440094,0.04802524718311407,0.16751459566089533,7.0,13.0,-6.0,4.912328948021645,5.604035913944244,-0.6917069659225996,"[7, 0, 0]",13,0
quincas_borba,complexo,pt,sbert,150,86,13953,8,0.4310796856880188,2.075615547292788,2.0794415416798357,0.003825994387047782,-4.206427763965733,0.998160085623779,1.0,0.0018399143762209969,8,8.0,0,0.0,0.08978727117817054,1.6700365859936965e-308,0.08978727117817054,6.0,8.0,-2.0,3.287029014701524,3.4486374855041504,-0.1616084708026264,"[6, 0, 0]",8,0
quincas_borba,complexo,pt,sbert,150,87,14118,11,0.4310796856880188,2.3674165342947915,2.3978952727983707,0.030478738503579184,-1.6363846153707322,0.9872893787942582,1.0,0.012710621205741846,11,11.0,0,0.0,0.2155398428440094,0.0441188211070348,0.1714210217369746,8.0,11.0,-3.0,4.263362403904172,4.741876542568207,-0.4785141386640346,"[8, 0, 0]",11,0
quincas_borba,complexo,pt,sbert,150,88,14278,10,0.4310796856880188,2.302522918883849,2.3025850929940455,6.217411019626695e-05,-0.06358295479728006,0.9999729981270243,0.9999999999999998,2.7001872975440655e-05,10,10.0,0,0.0,0.015920806282224698,0.008741839776516214,0.007178966505708484,8.0,10.0,-2.0,4.291774347849694,4.310796856880188,-0.01902250903049385,"[8, 0, 0]",10,0
quincas_borba,complexo,pt,sbert,150,89,14433,9,0.4310796856880188,2.1972245773362196,2.1972245773362196,0.0,0.0,1.0,1.0,0.0,9,9.0,0,0.0,1.7534658776513645e-308,1.7534658776513645e-308,0.0,9.0,9.0,0.0,3.879717171192169,3.879717171192169,0.0,"[9, 0, 0]",9,0
quincas_borba,complexo,pt,sbert,150,90,14586,9,0.4310796856880188,2.1972245773362196,2.1972245773362196,0.0,0.0,1.0,1.0,0.0,9,9.0,0,0.0,1.7534658776513645e-308,1.7534658776513645e-308,0.0,9.0,9.0,0.0,3.879717171192169,3.879717171192169,0.0,"[9, 0, 0]",9,0
quincas_borba,complexo,pt,sbert,150,91,14745,12,0.4310796856880188,2.4835279330354636,2.484906649788001,0.0013787167525372013,-0.5226504169778093,0.9994451635627221,1.0000000000000002,0.0005548364372781611,12,12.0,0,0.0,0.07855477497350549,0.02023596982198511,0.05831880515152038,10.0,12.0,-2.0,5.082476152620643,5.172956228256226,-0.09048007563558258,"[10, 0, 0]",12,0
quincas_borba,complexo,pt,sbert,150,92,14917,8,0.4310796856880188,2.0638520110995398,2.0794415416798357,0.015589530580295996,-17.13965772719021,0.9925030205140067,1.0,0.00749697948599326,8,8.0,0,0.0,0.17081153513927022,1.6700365859936965e-308,0.17081153513927022,6.0,8.0,-2.0,3.143785423793328,3.4486374855041504,-0.3048520617108226,"[6, 0, 0]",8,0
quincas_borba,complexo,pt,sbert,150,93,15073,8,0.4310796856880188,2.0794415416798357,2.0794415416798357,0.0,0.0,1.0,1.0,0.0,8,8.0,0,0.0,1.6700365859936965e-308,1.6700365859936965e-308,0.0,8.0,8.0,0.0,3.4486374855041504,3.4486374855041504,0.0,"[8, 0, 0]",8,0
quincas_borba,complexo,pt,sbert,150,94,15243,9,0.4310796856880188,2.1972245773362196,2.1972245773362196,0.0,0.0,1.0,1.0,0.0,9,9.0,0,0.0,1.7534658776513645e-308,1.7534658776513645e-308,0.0,9.0,9.0,0.0,3.879717171192169,3.879717171192169,0.0,"[9, 0, 0]",9,0
quincas_borba,complexo,pt,sbert,150,95,15393,9,0.4310796856880188,2.1972245773362196,2.1972245773362196,0.0,0.0,1.0,1.0,0.0,9,9.0,0,0.0,1.7534658776513645e-308,1.7534658776513645e-308,0.0,9.0,9.0,0.0,3.879717171192169,3.879717171192169,0.0,"[9, 0, 0]",9,0
quincas_borba,complexo,pt,sbert,150,96,15551,6,0.4310796856880188,1.7917594692280547,1.7917594692280547,0.0,0.0,0.9999999999999999,0.9999999999999999,0.0,6,6.0,0,0.0,2.1339657240448646e-308,2.1339657240448646e-308,0.0,6.0,6.0,0.0,2.586478114128113,2.586478114128113,0.0,"[6, 0, 0]",6,0
quincas_borba,complexo,pt,sbert,150,97,15725,8,0.4310796856880188,2.0769880014083513,2.0794415416798357,0.002453540271484478,-2.6975052427988406,0.998820096539236,1.0,0.0011799034607640202,8,8.0,0,0.0,0.08658858858637997,1.6700365859936965e-308,0.08658858858637997,7.0,8.0,-1.0,3.3620488969177704,3.4486374855041504,-0.08658858858637997,"[7, 0, 0]",8,0
quincas_borba,complexo,pt,sbert,150,98,15884,13,0.4310796856880188,2.5633505293075785,2.564949357461537,0.0015988281539587312,-1.7324904373597763,0.9993766628766735,1.0000000000000002,0.0006233371233267393,13,13.0,0,0.0,0.08740459423670044,0.04802524718311407,0.03937934705358637,11.0,13.0,-2.0,5.514649539318677,5.604035913944244,-0.0893863746255672,"[11, 0, 0]",13,0
quincas_borba,complexo,pt,sbert,150,99,16037,7,0.4310796856880188,1.9449756317564852,1.945910149055313,0.0009345172988277639,-0.8145466155552165,0.9995197531092165,0.9999999999999999,0.000480246890783409,7,7.0,0,0.0,0.05156433697005958,2.131254035680755e-308,0.05156433697005958,6.0,7.0,-1.0,2.965993462846072,3.0175577998161316,-0.0515643369700598,"[6, 0, 0]",7,0
quincas_borba,complexo,pt,sbert,150,100,16209,10,0.4310796856880188,2.3019781803858947,2.3025850929940455,0.0006069126081507115,-0.6206650454365973,0.9997364212032824,0.9999999999999998,0.0002635787967173453,10,10.0,0,0.0,0.048719296772176846,0.008741839776516214,0.03997745699566063,9.0,10.0,-1.0,4.262077560108011,4.310796856880188,-0.04871929677217679,"[9, 0, 0]",10,0
quincas_borba,complexo,pt,sbert,150,101,16362,10,0.4310796856880188,2.3025212107728947,2.3025850929940455,6.388222115072395e-05,-0.06532977097628344,0.9999722563038623,0.9999999999999998,2.774369613744998e-05,10,10.0,0,0.0,0.016099737743694664,0.008741839776516214,0.007357897967178451,9.0,10.0,-1.0,4.294697119136494,4.310796856880188,-0.01609973774369422,"[9, 0, 0]",10,0
quincas_borba,complexo,pt,sbert,150,102,16515,11,0.4310796856880188,2.3899261789584014,2.3978952727983707,0.007969093839969243,-0.42785571839333075,0.9966766297384334,1.0,0.003323370261566594,11,11.0,0,0.0,0.17092926402953224,0.0441188211070348,0.12681044292249743,10.0,11.0,-1.0,4.570947278538675,4.741876542568207,-0.17092926402953168,"[10, 0, 0]",11,0
quincas_borba,complexo,pt,sbert,150,103,16679,13,0.4310796856880188,2.564886200407356,2.564949357461537,6.315705418113993e-05,-0.068436993775544,0.9999753768806402,1.0000000000000002,2.462311936002326e-05,13,13.0,0,0.0,0.017749302145529722,0.04802524718311407,0.0,11.0,13.0,-2.0,5.581406236298779,5.604035913944244,-0.022629677645465307,"[11, 0, 0]",13,0
quincas_borba,complexo,pt,sbert,150,104,16844,10,0.4310796856880188,2.2945904592865163,2.3025850929940455,0.007994633707529175,-8.175789441006904,0.9965279746959822,0.9999999999999998,0.0034720253040175786,10,10.0,0,0.0,0.15463204059672547,0.008741839776516214,0.14589020082020926,5.0,10.0,-5.0,4.022272412902689,4.310796856880188,-0.288524443977499,"[5, 0, 0]",10,0
quincas_borba,complexo,pt,sbert,150,105,17017,11,0.4310796856880188,2.39496690126537,2.3978952727983707,0.002928371533000629,-0.15722245604519058,0.9987787742166141,1.0,0.0012212257833859042,11,11.0,0,0.0,0.10540372853467217,0.0441188211070348,0.06128490742763737,9.0,11.0,-2.0,4.6010266667828335,4.741876542568207,-0.14084987578537334,"[9, 0, 0]",11,0
quincas_borba,complexo,pt,sbert,150,106,17182,7,0.4310796856880188,1.9423163176245537,1.945910149055313,0.003593831430759309,-3.132465533246892,0.9981531359849763,0.9999999999999999,0.0018468640150235416,7,7.0,0,0.0,0.09885867521884911,2.131254035680755e-308,0.09885867521884911,5.0,7.0,-2.0,2.909327479201249,3.0175577998161316,-0.10823032061488247,"[5, 0, 0]",7,0
quincas_borba,complexo,pt,sbert,150,107,17342,8,0.4310796856880188,2.0793336940671914,2.0794415416798357,0.00010784761264437392,-0.1185713166857949,0.9999481362613554,1.0,5.1863738644630786e-05,8,8.0,0,0.0,0.018931974030273968,1.6700365859936965e-308,0.018931974030273968,7.0,8.0,-1.0,3.4297055114738764,3.4486374855041504,-0.018931974030274024,"[7, 0, 0]",8,0
quincas_borba,complexo,pt,sbert,150,108,17494,10,0.4310796856880188,2.293354583813665,2.3025850929940455,0.009230509180380597,-9.439669439889416,0.9959912407978032,0.9999999999999998,0.004008759202196566,10,10.0,0,0.0,0.1482236703902488,0.008741839776516214,0.1394818306137326,6.0,10.0,-4.0,3.9422360323573864,4.310796856880188,-0.3685608245228016,"[6, 0, 0]",10,0
quincas_borba,complexo,pt,sbert,150,109,17699,10,0.4310796856880188,2.301738003037239,2.3025850929940455,0.0008470899568062684,-0.8662847327098019,0.9996321135060832,0.9999999999999998,0.00036788649391661377,10,10.0,0,0.0,0.05666793645671875,0.008741839776516214,0.047926096680202535,8.0,10.0,-2.0,4.237863242186556,4.310796856880188,-0.07293361469363191,"[8, 0, 0]",10,0
quincas_borba,complexo,pt,sbert,150,110,17870,11,0.4310796856880188,2.3925507271467215,2.3978952727983707,0.005344545651649213,-0.2869453497715559,0.9977711513458166,1.0,0.0022288486541833796,11,11.0,0,0.0,0.12568335264607478,0.0441188211070348,0.08156453153903997,8.0,11.0,-3.0,4.495274216902892,4.741876542568207,-0.24660232566531448,"[8, 0, 0]",11,0
quincas_borba,complexo,pt,sbert,150,111,18026,9,0.4310796856880188,2.18995390113926,2.1972245773362196,0.007270676196959425,-0.4413150840214483,0.9966909726607127,1.0,0.003309027339287285,9,9.0,0,0.0,0.15178925872797605,1.7534658776513645e-308,0.15178925872797605,6.0,9.0,-3.0,3.675815156520097,3.879717171192169,-0.20390201467207225,"[6, 0, 0]",9,0
quincas_borba,complexo,pt,sbert,150,112,18178,12,0.4310796856880188,2.4496009513959196,2.484906649788001,0.0353056983920812,-13.383849838885682,0.9857919417636503,1.0000000000000002,0.014208058236349963,12,12.0,0,0.0,0.2155398428440094,0.02023596982198511,0.1953038730220243,9.0,12.0,-3.0,4.719749519369386,5.172956228256226,-0.45320670888683967,"[9, 0, 0]",12,0
quincas_borba,complexo,pt,sbert,150,113,18329,13,0.4310796856880188,2.563546161576953,2.564949357461537,0.001403195884584374,-1.520503279708802,0.9994529342731457,1.0000000000000002,0.0005470657268544787,13,13.0,0,0.0,0.06858901200813133,0.04802524718311407,0.02056376482501726,11.0,13.0,-2.0,5.4838266552409705,5.604035913944244,-0.12020925870327392,"[11, 0, 0]",13,0
quincas_borba,complexo,pt,sbert,150,114,18501,10,0.4310796856880188,2.3000096131790073,2.3025850929940455,0.0025754798150381397,-2.6338393286842647,0.9988814833280756,0.9999999999999998,0.0011185166719241968,10,10.0,0,0.0,0.09748238225262246,0.008741839776516214,0.08874054247610624,9.0,10.0,-1.0,4.213314474627565,4.310796856880188,-0.09748238225262273,"[9, 0, 0]",10,0
quincas_borba,complexo,pt,sbert,150,115,18653,6,0.4310796856880188,1.790468097265367,1.7917594692280547,0.001291371962687693,-0.8671409230317577,0.9992792715847936,0.9999999999999999,0.0007207284152063176,6,6.0,0,0.0,0.056607582433699066,2.1339657240448646e-308,0.056607582433699066,5.0,6.0,-1.0,2.5298705316944137,2.586478114128113,-0.05660758243369912,"[5, 0, 0]",6,0
quincas_borba,complexo,pt,sbert,150,116,18806,6,0.4310796856880188,1.7917594692280547,1.7917594692280547,0.0,0.0,0.9999999999999999,0.9999999999999999,0.0,6,6.0,0,0.0,2.1339657240448646e-308,2.1339657240448646e-308,0.0,6.0,6.0,0.0,2.586478114128113,2.586478114128113,0.0,"[6, 0, 0]",6,0
quincas_borba,complexo,pt,sbert,150,117,18959,9,0.4310796856880188,2.1972245773362196,2.1972245773362196,0.0,0.0,1.0,1.0,0.0,9,9.0,0,0.0,1.7534658776513645e-308,1.7534658776513645e-308,0.0,9.0,9.0,0.0,3.879717171192169,3.879717171192169,0.0,"[9, 0, 0]",9,0
quincas_borba,complexo,pt,sbert,150,118,19118,7,0.4310796856880188,1.9432792130788659,1.945910149055313,0.0026309359764471463,-2.293183869411122,0.9986479663628227,0.9999999999999999,0.0013520336371771746,7,7.0,0,0.0,0.06840183015250512,2.131254035680755e-308,0.06840183015250512,5.0,7.0,-2.0,2.8869211234392753,3.0175577998161316,-0.13063667637685628,"[5, 0, 0]",7,0
quincas_borba,complexo,pt,sbert,150,119,19272,7,0.4310796856880188,1.9444741282444489,1.945910149055313,0.001436020810864136,-1.2516685275098605,0.9992620312856884,0.9999999999999999,0.0007379687143115321,7,7.0,0,0.0,0.053703307294078406,2.131254035680755e-308,0.053703307294078406,3.0,7.0,-4.0,2.88330572081024,3.0175577998161316,-0.13425207900589164,"[3, 0, 0]",7,0
quincas_borba,complexo,pt,sbert,150,120,19453,16,0.4310796856880188,2.7719332870287525,2.7725041009422102,0.0005708139134577017,-0.06241419147707547,0.9997636017178563,0.9999694793184102,0.00020587760055390536,16,16.0,0,0.0,0.06247733804590794,0.06534875824548556,0.0,15.0,15.0,0.0,6.834797632962393,6.874511182162103,-0.039713549199710485,"[15, 0, 0]",16,0
quincas_borba,complexo,pt,sbert,150,121,19639,10,0.4310796856880188,2.3025114331745584,2.3025850929940455,7.365981948703748e-05,-0.07532892642991648,0.9999680099468586,0.9999999999999998,3.1990053141139896e-05,10,10.0,0,0.0,0.017276733771563746,0.008741839776516214,0.008534893995047532,9.0,10.0,-1.0,4.293520123108625,4.310796856880188,-0.017276733771563357,"[9, 0, 0]",10,0
quincas_borba,complexo,pt,sbert,150,122,19789,8,0.4310796856880188,2.0794415416798357,2.0794415416798357,0.0,0.0,1.0,1.0,0.0,8,8.0,0,0.0,1.6700365859936965e-308,1.6700365859936965e-308,0.0,8.0,8.0,0.0,3.4486374855041504,3.4486374855041504,0.0,"[8, 0, 0]",8,0
quincas_borba,complexo,pt,sbert,150,123,19940,12,0.4310796856880188,2.4821993275247913,2.484906649788001,0.0027073222632094662,-1.0263044292134649,0.9989104933726827,1.0000000000000002,0.001089506627317549,12,12.0,0,0.0,0.1068823369283659,0.02023596982198511,0.0866463671063808,10.0,12.0,-2.0,5.038573000853157,5.172956228256226,-0.13438322740306852,"[10, 0, 0]",12,0
quincas_borba,complexo,pt,sbert,150,124,20105,9,0.4310796856880188,2.1972245773362196,2.1972245773362196,0.0,0.0,1.0,1.0,0.0,9,9.0,0,0.0,1.7534658776513645e-308,1.7534658776513645e-308,0.0,9.0,9.0,0.0,3.879717171192169,3.879717171192169,0.0,"[9, 0, 0]",9,0
quincas_borba,complexo,pt,sbert,150,125,20268,7,0.4310796856880188,1.9451994464259277,1.945910149055313,0.0007107026293853291,-0.619464639293646,0.999634771096841,0.9999999999999999,0.00036522890315893175,7,7.0,0,0.0,0.04515385338205963,2.131254035680755e-308,0.04515385338205963,6.0,7.0,-1.0,2.972403946434072,3.0175577998161316,-0.04515385338205968,"[6, 0, 0]",7,0
quincas_borba,complexo,pt,sbert,150,126,20437,8,0.4310796856880188,2.0675730315398364,2.0794415416798357,0.011868510139999344,-13.048641874334924,0.9942924530927608,1.0,0.0057075469072391805,8,8.0,0,0.0,0.17856807387848578,1.6700365859936965e-308,0.17856807387848578,7.0,8.0,-1.0,3.2700694116256646,3.4486374855041504,-0.17856807387848583,"[7, 0, 0]",8,0
quincas_borba,complexo,pt,sbert,150,127,20592,12,0.4310796856880188,2.484906649788001,2.484906649788001,0.0,0.0,1.0000000000000002,1.0000000000000002,0.0,12,12.0,0,0.0,1.1844518471044315e-308,0.02023596982198511,0.0,12.0,12.0,0.0,5.172956228256226,5.172956228256226,0.0,"[12, 0, 0]",12,0
quincas_borba,complexo,pt,sbert,150,128,20754,10,0.4310796856880188,2.3025850929940455,2.3025850929940455,0.0,0.0,0.9999999999999998,0.9999999999999998,0.0,10,10.0,0,0.0,1.77674289996071e-308,0.008741839776516214,0.0,10.0,10.0,0.0,4.310796856880188,4.310796856880188,0.0,"[10, 0, 0]",10,0
quincas_borba,complexo,pt,sbert,150,129,20905,11,0.4310796856880188,2.392203061063599,2.3978952727983707,0.005692211734771746,-0.30561132669973834,0.997626163327755,1.0,0.002373836672245,11,11.0,0,0.0,0.14681974177368334,0.0441188211070348,0.10270092066664854,10.0,11.0,-1.0,4.595056800794524,4.741876542568207,-0.14681974177368318,"[10, 0, 0]",11,0
quincas_borba,complexo,pt,sbert,150,130,21058,10,0.4310796856880188,2.296394288297943,2.3025850929940455,0.006190804696102337,-6.331086265786209,0.9973113676819418,0.9999999999999998,0.0026886323180579375,10,10.0,0,0.0,0.1197303963327811,0.008741839776516214,0.11098855655626488,7.0,10.0,-3.0,4.086123710486753,4.310796856880188,-0.22467314639343527,"[7, 0, 0]",10,0
quincas_borba,complexo,pt,sbert,150,131,21208,10,0.4310796856880188,2.3015506225537474,2.3025850929940455,0.0010344704402980298,-1.0579111954631764,0.9995507351960864,0.9999999999999998,0.0004492648039133851,10,10.0,0,0.0,0.06307642242735773,0.008741839776516214,0.05433458265084151,9.0,10.0,-1.0,4.24772043445283,4.310796856880188,-0.06307642242735767,"[9, 0, 0]",10,0
quincas_borba,complexo,pt,sbert,150,132,21364,11,0.4310796856880188,2.3978952727983707,2.3978952727983707,0.0,0.0,1.0,1.0,0.0,11,11.0,0,0.0,1.4278175975554427e-308,0.0441188211070348,0.0,11.0,11.0,0.0,4.741876542568207,4.741876542568207,0.0,"[11, 0, 0]",11,0
quincas_borba,complexo,pt,sbert,150,133,21516,10,0.4310796856880188,2.3025850929940455,2.3025850929940455,0.0,0.0,0.9999999999999998,0.9999999999999998,0.0,10,10.0,0,0.0,1.77674289996071e-308,0.008741839776516214,0.0,10.0,10.0,0.0,4.310796856880188,4.310796856880188,0.0,"[10, 0, 0]",10,0
quincas_borba,complexo,pt,sbert,150,134,21676,10,0.4310796856880188,2.2996300458528114,2.3025850929940455,0.0029550471412340684,-3.022007523900177,0.9987166393327979,0.9999999999999998,0.001283360667201916,10,10.0,0,0.0,0.1039967228006729,0.008741839776516214,0.09525488302415669,9.0,10.0,-1.0,4.206800134079515,4.310796856880188,-0.10399672280067307,"[9, 0, 0]",10,0
quincas_borba,complexo,pt,sbert,150,135,21832,6,0.4310796856880188,1.7917594692280547,1.7917594692280547,0.0,0.0,0.9999999999999999,0.9999999999999999,0.0,6,6.0,0,0.0,2.1339657240448646e-308,2.1339657240448646e-308,0.0,6.0,6.0,0.0,2.586478114128113,2.586478114128113,0.0,"[6, 0, 0]",6,0
quincas_borba,complexo,pt,sbert,150,136,22002,6,0.4310796856880188,1.779491528691476,1.7917594692280547,0.012267940536578648,-8.237776247245536,0.9931531320206365,0.9999999999999999,0.006846867979363402,6,6.0,0,0.0,0.16137620950095471,2.1339657240448646e-308,0.16137620950095471,5.0,6.0,-1.0,2.425101904627158,2.586478114128113,-0.161376209500955,"[5, 0, 0]",6,0
quincas_borba,complexo,pt,sbert,150,137,22159,5,0.4310796856880188,1.6094379124341005,1.6094379124341005,0.0,0.0,1.0000000000000002,1.0000000000000002,0.0,5,5.0,0,0.0,1.7080381481378566e-308,1.7080381481378566e-308,0.0,5.0,5.0,0.0,2.155398428440094,2.155398428440094,0.0,"[5, 0, 0]",5,0
quincas_borba,complexo,pt,sbert,150,138,22312,9,0.4310796856880188,2.1972245773362196,2.1972245773362196,0.0,0.0,1.0,1.0,0.0,9,9.0,0,0.0,1.7534658776513645e-308,1.7534658776513645e-308,0.0,9.0,9.0,0.0,3.879717171192169,3.879717171192169,0.0,"[9, 0, 0]",9,0
quincas_borba,complexo,pt,sbert,150,139,22467,11,0.4310796856880188,2.3966721940901703,2.3978952727983707,0.0012230787082003758,-0.06566633921714221,0.9994899365614192,1.0,0.0005100634385808434,11,11.0,0,0.0,0.07129876704773508,0.0441188211070348,0.02717994594070028,10.0,11.0,-1.0,4.670577775520472,4.741876542568207,-0.07129876704773519,"[10, 0, 0]",11,0
quincas_borba,complexo,pt,sbert,150,140,22628,7,0.4310796856880188,1.945910149055313,1.945910149055313,0.0,0.0,0.9999999999999999,0.9999999999999999,0.0,7,7.0,0,0.0,2.131254035680755e-308,2.131254035680755e-308,0.0,7.0,7.0,0.0,3.0175577998161316,3.0175577998161316,0.0,"[7, 0, 0]",7,0
quincas_borba,complexo,pt,sbert,150,141,22781,11,0.4310796856880188,2.397296680654355,2.3978952727983707,0.0005985921440156972,-0.03213804190859279,0.9997503676866933,1.0,0.000249632313306658,11,11.0,0,0.0,0.050476583094729854,0.0441188211070348,0.006357761987695054,10.0,11.0,-1.0,4.691399959473477,4.741876542568207,-0.05047658309472958,"[10, 0, 0]",11,0
quincas_borba,complexo,pt,sbert,150,142,22932,13,0.4310796856880188,2.564579765244512,2.564949357461537,0.0003695922170252608,-0.40049018409729054,0.9998559066221133,1.0000000000000002,0.00014409337788690024,13,13.0,0,0.0,0.04301024699511358,0.04802524718311407,0.0,12.0,13.0,-1.0,5.561025666949131,5.604035913944244,-0.04301024699511302,"[12, 0, 0]",13,0
quincas_borba,complexo,pt,sbert,150,143,23090,10,0.4310796856880188,2.3025850929940455,2.3025850929940455,0.0,0.0,0.9999999999999998,0.9999999999999998,0.0,10,10.0,0,0.0,1.77674289996071e-308,0.008741839776516214,0.0,10.0,10.0,0.0,4.310796856880188,4.310796856880188,0.0,"[10, 0, 0]",10,0
quincas_borba,complexo,pt,sbert,150,144,23253,17,0.4310796856880188,2.831516000895138,2.8331969674887265,0.0016809665935886287,-0.515534627758945,0.9994009123369975,0.9999942197902167,0.0005933074532192828,17,17.0,0,0.0,0.07362620169860912,0.047031536150197145,0.026594665548411972,12.0,16.0,-4.0,7.121530953365015,7.318032633477028,-0.19650168011201252,"[12, 0, 0]",17,0
quincas_borba,complexo,pt,sbert,150,145,23417,11,0.4310796856880188,2.3976259831230924,2.3978952727983707,0.0002692896752782836,-0.014457996076570417,0.9998876974827329,1.0,0.00011230251726712659,11,11.0,0,0.0,0.034164913573186406,0.0441188211070348,0.0,10.0,11.0,-1.0,4.70771162899502,4.741876542568207,-0.03416491357318652,"[10, 0, 0]",11,0
quincas_borba,complexo,pt,sbert,150,146,23574,11,0.4310796856880188,2.3932867906448916,2.3978952727983707,0.004608482153479088,-0.24742655590152382,0.9980781136666986,1.0,0.0019218863333013703,11,11.0,0,0.0,0.113309648285088,0.0441188211070348,0.0691908271780532,9.0,11.0,-2.0,4.5449516852727,4.741876542568207,-0.19692485729550668,"[9, 0, 0]",11,0
quincas_borba,complexo,pt,sbert,150,147,23739,7,0.4310796856880188,1.945910149055313,1.945910149055313,0.0,0.0,0.9999999999999999,0.9999999999999999,0.0,7,7.0,0,0.0,2.131254035680755e-308,2.131254035680755e-308,0.0,7.0,7.0,0.0,3.0175577998161316,3.0175577998161316,0.0,"[7, 0, 0]",7,0
quincas_borba,complexo,pt,sbert,150,148,23897,11,0.4310796856880188,2.3978952727983707,2.3978952727983707,0.0,0.0,1.0,1.0,0.0,11,11.0,0,0.0,1.4278175975554427e-308,0.0441188211070348,0.0,11.0,11.0,0.0,4.741876542568207,4.741876542568207,0.0,"[11, 0, 0]",11,0
quincas_borba,complexo,pt,sbert,150,149,24051,11,0.4310796856880188,2.397764828036545,2.3978952727983707,0.00013044476182555442,-0.007003498566122409,0.9999456003090271,1.0,5.439969097287278e-05,11,11.0,0,0.0,0.023912234299155954,0.0441188211070348,0.0,10.0,11.0,-1.0,4.7179643082690506,4.741876542568207,-0.023912234299156232,"[10, 0, 0]",11,0
quincas_borba,complexo,pt,sbert,150,150,24205,8,0.4310796856880188,2.079305128679115,2.0794415416798357,0.00013641300072064766,-0.14997707146140768,0.9999343992134492,1.0,6.560078655082346e-05,8,8.0,0,0.0,0.021262633200227254,1.6700365859936965e-308,0.021262633200227254,7.0,8.0,-1.0,3.427374852303923,3.4486374855041504,-0.021262633200227476,"[7, 0, 0]",8,0
quincas_borba,complexo,pt,sbert,150,151,24362,13,0.4310796856880188,2.484906649788001,2.564949357461537,0.08004270767353638,-86.73429053737141,1.0000000000000002,1.0000000000000002,0.0,12,13.0,0,0.0,0.2155398428440094,0.04802524718311407,0.16751459566089533,12.0,13.0,-1.0,5.172956228256226,5.604035913944244,-0.4310796856880188,"[12, 0, 0]",12,0
quincas_borba,complexo,pt,sbert,150,152,24513,15,0.4310796856880188,2.707273871584832,2.708037949872125,0.0007640782872928575,-0.07896586138710547,0.999713325285823,0.9999954759959471,0.0002821507101240517,15,15.0,0,0.0,0.06583769573975268,0.07439534752953236,0.0,14.0,14.0,0.0,6.40035758958053,6.457885858069595,-0.057528268489065226,"[14, 0, 0]",15,0
quincas_borba,complexo,pt,sbert,150,153,24669,13,0.4310796856880188,2.564735263109285,2.564949357461537,0.00021409435225239193,-0.23199267354131078,0.9999165307682862,1.0000000000000002,8.346923171398402e-05,13,13.0,0,0.0,0.032911283008137227,0.04802524718311407,0.0,12.0,13.0,-1.0,5.571124630936107,5.604035913944244,-0.03291128300813728,"[12, 0, 0]",13,0
quincas_borba,complexo,pt,sbert,150,154,24846,10,0.4310796856880188,2.2897451896709193,2.3025850929940455,0.012839903323126123,-13.130851250120381,0.9944237008385949,0.9999999999999998,0.005576299161404896,10,10.0,0,0.0,0.2011791011918893,0.008741839776516214,0.1924372614153731,8.0,10.0,-2.0,4.060721232847946,4.310796856880188,-0.2500756240322417,"[8, 0, 0]",10,0
quincas_borba,complexo,pt,sbert,150,155,25013,9,0.4310796856880188,2.1972245773362196,2.1972245773362196,0.0,0.0,1.0,1.0,0.0,9,9.0,0,0.0,1.7534658776513645e-308,1.7534658776513645e-308,0.0,9.0,9.0,0.0,3.879717171192169,3.879717171192169,0.0,"[9, 0, 0]",9,0
quincas_borba,complexo,pt,sbert,150,156,25203,12,0.4310796856880188,2.4809653722442624,2.484906649788001,0.0039412775437384084,-1.4940779880054254,0.9984139132373144,1.0000000000000002,0.00158608676268579,12,12.0,0,0.0,0.12876583918798756,0.02023596982198511,0.10852986936600245,11.0,12.0,-1.0,5.044190389068238,5.172956228256226,-0.128765839187988,"[11, 0, 0]",12,0
quincas_borba,complexo,pt,sbert,150,157,25353,14,0.4310796856880188,2.6390217281886077,2.639057329615258,3.560142665026689e-05,-0.02807237906962812,0.9999865097941408,0.9999999999999998,1.3490205858945892e-05,14,14.0,0,0.0,0.014025139772762762,0.02599323496270181,0.0,13.0,14.0,-1.0,6.021090459859501,6.035115599632263,-0.01402513977276243,"[13, 0, 0]",14,0
quincas_borba,complexo,pt,sbert,150,158,25525,8,0.4310796856880188,2.0790216260148835,2.0794415416798357,0.00041991566495225285,-0.46166949893050885,0.9997980632508606,1.0,0.00020193674913937532,8,8.0,0,0.0,0.037057377118616786,1.6700365859936965e-308,0.037057377118616786,6.0,8.0,-2.0,3.402269781315493,3.4486374855041504,-0.04636770418865721,"[6, 0, 0]",8,0
quincas_borba,complexo,pt,sbert,150,159,25677,9,0.4310796856880188,2.193304873473317,2.1972245773362196,0.003919703862902413,-0.23791795876143973,0.9982160658936128,1.0,0.0017839341063872194,9,9.0,0,0.0,0.11442205184216903,1.7534658776513645e-308,0.11442205184216903,6.0,9.0,-3.0,3.732533125461044,3.879717171192169,-0.1471840457311253,"[6, 0, 0]",9,0
quincas_borba,complexo,pt,sbert,150,160,25832,10,0.4310796856880188,2.3023662982376494,2.3025850929940455,0.00021879475639607904,-0.22375257260455453,0.9999049786446276,0.9999999999999998,9.502135537220457e-05,10,10.0,0,0.0,0.02523476176903544,0.008741839776516214,0.016492921992519227,7.0,10.0,-3.0,4.262224912271357,4.310796856880188,-0.048571944608831075,"[7, 0, 0]",10,0
quincas_borba,complexo,pt,sbert,150,161,25984,7,0.4310796856880188,1.945910149055313,1.945910149055313,0.0,0.0,0.9999999999999999,0.9999999999999999,0.0,7,7.0,0,0.0,2.131254035680755e-308,2.131254035680755e-308,0.0,7.0,7.0,0.0,3.0175577998161316,3.0175577998161316,0.0,"[7, 0, 0]",7,0
quincas_borba,complexo,pt,sbert,150,162,26135,13,0.4310796856880188,2.564092939444783,2.564949357461537,0.0008564180167542901,-0.928014696723767,0.9996661072413525,1.0000000000000002,0.0003338927586477025,13,13.0,0,0.0,0.06470395804454238,0.04802524718311407,0.016678710861428303,12.0,13.0,-1.0,5.539331955899702,5.604035913944244,-0.0647039580445421,"[12, 0, 0]",13,0
quincas_borba,complexo,pt,sbert,150,163,26292,13,0.4310796856880188,2.564949357461537,2.564949357461537,0.0,0.0,1.0000000000000002,1.0000000000000002,0.0,13,13.0,0,0.0,1.8461871597871595e-308,0.04802524718311407,0.0,13.0,13.0,0.0,5.604035913944244,5.604035913944244,0.0,"[13, 0, 0]",13,0
quincas_borba,complexo,pt,sbert,150,164,26464,8,0.4310796856880188,2.0794415416798357,2.0794415416798357,0.0,0.0,1.0,1.0,0.0,8,8.0,0,0.0,1.6700365859936965e-308,1.6700365859936965e-308,0.0,8.0,8.0,0.0,3.4486374855041504,3.4486374855041504,0.0,"[8, 0, 0]",8,0
quincas_borba,complexo,pt,sbert,150,165,26616,10,0.4310796856880188,2.3025850929940455,2.3025850929940455,0.0,0.0,0.9999999999999998,0.9999999999999998,0.0,10,10.0,0,0.0,1.77674289996071e-308,0.008741839776516214,0.0,10.0,10.0,0.0,4.310796856880188,4.310796856880188,0.0,"[10, 0, 0]",10,0
quincas_borba,complexo,pt,sbert,150,166,26797,16,0.4310796856880188,2.7702040833731036,2.7725041009422102,0.0023000175691065827,-0.251489554782013,0.9991399233331834,0.9999694793184102,0.0008295559852268264,16,16.0,0,0.0,0.09785214435304382,0.06534875824548556,0.03250338610755826,13.0,15.0,-2.0,6.7332199214140385,6.874511182162103,-0.14129126074806475,"[13, 0, 0]",16,0
quincas_borba,complexo,pt,sbert,150,167,26957,9,0.4310796856880188,2.189374581234301,2.1972245773362196,0.0078499961019185,-0.47647861016489407,0.996427312809583,1.0,0.0035726871904170343,9,9.0,0,0.0,0.15596397322538053,1.7534658776513645e-308,0.15596397322538053,8.0,9.0,-1.0,3.7237531979667886,3.879717171192169,-0.15596397322538058,"[8, 0, 0]",9,0
quincas_borba,complexo,pt,sbert,150,168,27113,8,0.4310796856880188,2.0794415416798357,2.0794415416798357,0.0,0.0,1.0,1.0,0.0,8,8.0,0,0.0,1.6700365859936965e-308,1.6700365859936965e-308,0.0,8.0,8.0,0.0,3.4486374855041504,3.4486374855041504,0.0,"[8, 0, 0]",8,0
quincas_borba,complexo,pt,sbert,150,169,27267,7,0.4310796856880188,1.9446382838985268,1.945910149055313,0.0012718651567862338,-1.1085867112383654,0.9993463906042096,0.9999999999999999,0.0006536093957902889,7,7.0,0,0.0,0.048157054153994794,2.131254035680755e-308,0.048157054153994794,4.0,7.0,-3.0,2.9156402652245257,3.0175577998161316,-0.10191753459160591,"[4, 0, 0]",7,0
quincas_borba,complexo,pt,sbert,150,170,27423,7,0.4310796856880188,1.943163466030988,1.945910149055313,0.002746683024325014,-2.394071639201675,0.9985884841467841,0.9999999999999999,0.0014115158532157501,7,7.0,0,0.0,0.08638440540751074,2.131254035680755e-308,0.08638440540751074,6.0,7.0,-1.0,2.9311733944086207,3.0175577998161316,-0.08638440540751091,"[6, 0, 0]",7,0
quincas_borba,complexo,pt,sbert,150,171,27597,9,0.4310796856880188,2.195369214664131,2.1972245773362196,0.001855362672088745,-0.11261669634875543,0.9991555880581228,1.0,0.0008444119418772322,9,9.0,0,0.0,0.054294405264516454,1.7534658776513645e-308,0.054294405264516454,6.0,9.0,-3.0,3.720720156967964,3.879717171192169,-0.1589970142242052,"[6, 0, 0]",9,0
quincas_borba,complexo,pt,sbert,150,172,27761,11,0.4310796856880188,2.3978952727983707,2.3978952727983707,0.0,0.0,1.0,1.0,0.0,11,11.0,0,0.0,1.4278175975554427e-308,0.0441188211070348,0.0,11.0,11.0,0.0,4.741876542568207,4.741876542568207,0.0,"[11, 0, 0]",11,0
quincas_borba,complexo,pt,sbert,150,173,27939,8,0.4310796856880188,2.0794390604757287,2.0794415416798357,2.4812041070632063e-06,-0.0027279198002352245,0.9999988067930464,1.0,1.1932069535758316e-06,8,8.0,0,0.0,0.0028987677080822283,1.6700365859936965e-308,0.0028987677080822283,7.0,8.0,-1.0,3.4457387177960683,3.4486374855041504,-0.0028987677080820617,"[7, 0, 0]",8,0
quincas_borba,complexo,pt,sbert,150,174,28097,9,0.4310796856880188,2.1972038025863743,2.1972245773362196,2.0774749845298146e-05,-0.0012609845666537098,0.9999905450038837,1.0,9.45499611626488e-06,9,9.0,0,0.0,0.008798176967891591,1.7534658776513645e-308,0.008798176967891591,8.0,9.0,-1.0,3.8709189942242777,3.879717171192169,-0.008798176967891536,"[8, 0, 0]",9,0
quincas_borba,complexo,pt,sbert,150,175,28259,9,0.4310796856880188,2.1972245773362196,2.1972245773362196,0.0,0.0,1.0,1.0,0.0,9,9.0,0,0.0,1.7534658776513645e-308,1.7534658776513645e-308,0.0,9.0,9.0,0.0,3.879717171192169,3.879717171192169,0.0,"[9, 0, 0]",9,0
quincas_borba,complexo,pt,sbert,150,176,28415,8,0.4310796856880188,2.0792291176237825,2.0794415416798357,0.00021242405605326198,-0.23354619916369862,0.9998978456225888,1.0,0.00010215437741123434,8,8.0,0,0.0,0.026451221610755193,1.6700365859936965e-308,0.026451221610755193,7.0,8.0,-1.0,3.422186263893395,3.4486374855041504,-0.026451221610755304,"[7, 0, 0]",8,0
quincas_borba,complexo,pt,sbert,150,177,28567,9,0.4310796856880188,2.187879830782474,2.1972245773362196,0.009344746553745509,-0.5672068867886008,0.9957470225619475,1.0,0.00425297743805253,9,9.0,0,0.0,0.16370816368087365,1.7534658776513645e-308,0.16370816368087365,7.0,9.0,-2.0,3.652543039987032,3.879717171192169,-0.2271741312051372,"[7, 0, 0]",9,0
quincas_borba,complexo,pt,sbert,150,178,28724,12,0.4310796856880188,2.482094421428186,2.484906649788001,0.0028122283598146502,-1.066072724647109,0.9988682760537285,1.0000000000000002,0.001131723946271701,12,12.0,0,0.0,0.10984538763439167,0.02023596982198511,0.08960941781240656,9.0,12.0,-3.0,5.024391830692609,5.172956228256226,-0.14856439756361617,"[9, 0, 0]",12,0
quincas_borba,complexo,pt,sbert,150,179,28904,8,0.4310796856880188,2.072234909674563,2.0794415416798357,0.007206632005272606,-7.923215218058329,0.9965343425814939,1.0,0.0034656574185061295,8,8.0,0,0.0,0.1397999802686622,1.6700365859936965e-308,0.1397999802686622,6.0,8.0,-2.0,3.2565863983856707,3.4486374855041504,-0.19205108711847974,"[6, 0, 0]",8,0
quincas_borba,complexo,pt,sbert,150,180,29059,8,0.4310796856880188,2.0793324775137227,2.0794415416798357,0.00010906416611300429,-0.11990883675747076,0.9999475512228033,1.0,5.244877719667862e-05,8,8.0,0,0.0,0.019037264290312217,1.6700365859936965e-308,0.019037264290312217,7.0,8.0,-1.0,3.429600221213838,3.4486374855041504,-0.019037264290312272,"[7, 0, 0]",8,0
quincas_borba,complexo,pt,sbert,150,181,29211,7,0.4310796856880188,1.9396463519941227,1.945910149055313,0.0062637970611902904,-5.459668540237065,0.9967810450733137,0.9999999999999999,0.003218954926686224,7,7.0,0,0.0,0.12681239542599054,2.131254035680755e-308,0.12681239542599054,6.0,7.0,-1.0,2.890745404390141,3.0175577998161316,-0.12681239542599076,"[6, 0, 0]",7,0
quincas_borba,complexo,pt,sbert,150,182,29381,14,0.4310796856880188,2.639057329615258,2.639057329615258,0.0,0.0,0.9999999999999998,0.9999999999999998,0.0,14,14.0,0,0.0,1.717888299203142e-308,0.02599323496270181,0.0,14.0,14.0,0.0,6.035115599632263,6.035115599632263,0.0,"[14, 0, 0]",14,0
quincas_borba,complexo,pt,sbert,150,183,29534,12,0.4310796856880188,2.4748010872547215,2.484906649788001,0.010105562533279322,-3.8308640713142075,0.9959332224676766,1.0000000000000002,0.004066777532323651,12,12.0,0,0.0,0.18428102366319393,0.02023596982198511,0.16404505384120882,8.0,12.0,-4.0,4.819509250972654,5.172956228256226,-0.35344697728357133,"[8, 0, 0]",12,0
quincas_borba,complexo,pt,sbert,150,184,29687,10,0.4310796856880188,2.3021396453447878,2.3025850929940455,0.00044544764925769087,-0.4555413444261399,0.9998065445439505,0.9999999999999998,0.00019345545604931846,10,10.0,0,0.0,0.041660284396491554,0.008741839776516214,0.03291844461997534,8.0,10.0,-2.0,4.258358183416913,4.310796856880188,-0.05243867346327491,"[8, 0, 0]",10,0
quincas_borba,complexo,pt,sbert,150,185,29848,11,0.4310796856880188,2.39598310460296,2.3978952727983707,0.001912168195410846,-0.10266312749801225,0.9992025639246624,1.0,0.0007974360753375542,11,11.0,0,0.0,0.0882648226744675,0.0441188211070348,0.0441460015674327,10.0,11.0,-1.0,4.653611719893739,4.741876542568207,-0.08826482267446778,"[10, 0, 0]",11,0
quincas_borba,complexo,pt,sbert,150,186,30003,7,0.4310796856880188,1.9452476084618777,1.945910149055313,0.0006625405934352901,-0.577485509072555,0.9996595214872808,0.9999999999999999,0.00034047851271912233,7,7.0,0,0.0,0.044768043222911946,2.131254035680755e-308,0.044768043222911946,4.0,7.0,-3.0,2.950732465568592,3.0175577998161316,-0.06682533424753956,"[4, 0, 0]",7,0
quincas_borba,complexo,pt,sbert,150,187,30157,9,0.4310796856880188,2.1962850229781004,2.1972245773362196,0.0009395543581192101,-0.0570290161827724,0.9995723903838458,1.0,0.0004276096161541787,9,9.0,0,0.0,0.057512941246437466,1.7534658776513645e-308,0.057512941246437466,8.0,9.0,-1.0,3.822204229945732,3.879717171192169,-0.057512941246437244,"[8, 0, 0]",9,0
quincas_borba,complexo,pt,sbert,150,188,30340,7,0.4310796856880188,1.9458028578937991,1.945910149055313,0.0001072911615138672,-0.09351742616186251,0.999944863249947,0.9999999999999999,5.5136750052864336e-05,7,7.0,0,0.0,0.01784914265431664,2.131254035680755e-308,0.01784914265431664,6.0,7.0,-1.0,2.999708657161815,3.0175577998161316,-0.017849142654316807,"[6, 0, 0]",7,0
quincas_borba,complexo,pt,sbert,150,189,30502,10,0.4310796856880188,2.3020421919101093,2.3025850929940455,0.0005429010839361759,-0.5552030414322008,0.999764221055027,0.9999999999999998,0.000235778944972731,10,10.0,0,0.0,0.046146752216823794,0.008741839776516214,0.03740491244030758,9.0,10.0,-1.0,4.264650104663364,4.310796856880188,-0.04614675221682418,"[9, 0, 0]",10,0
quincas_borba,complexo,pt,sbert,150,190,30663,9,0.4310796856880188,2.1971572103911807,2.1972245773362196,6.736694503883811e-05,-0.004089034940452464,0.9999693399820239,1.0,3.066001797613627e-05,9,9.0,0,0.0,0.015780803023172196,1.7534658776513645e-308,0.015780803023172196,8.0,9.0,-1.0,3.863936368168997,3.879717171192169,-0.015780803023172307,"[8, 0, 0]",9,0
quincas_borba,complexo,pt,sbert,150,191,30823,10,0.4310796856880188,2.3025850929940455,2.3025850929940455,0.0,0.0,0.9999999999999998,0.9999999999999998,0.0,10,10.0,0,0.0,1.77674289996071e-308,0.008741839776516214,0.0,10.0,10.0,0.0,4.310796856880188,4.310796856880188,0.0,"[10, 0, 0]",10,0
quincas_borba,complexo,pt,sbert,150,192,30986,10,0.4310796856880188,2.3025850929940455,2.3025850929940455,0.0,0.0,0.9999999999999998,0.9999999999999998,0.0,10,10.0,0,0.0,1.77674289996071e-308,0.008741839776516214,0.0,10.0,10.0,0.0,4.310796856880188,4.310796856880188,0.0,"[10, 0, 0]",10,0
quincas_borba,complexo,pt,sbert,150,193,31158,10,0.4310796856880188,2.30184654619057,2.3025850929940455,0.0007385468034755149,-0.755282027725406,0.999679253198623,0.9999999999999998,0.0003207468013767256,10,10.0,0,0.0,0.053592372312178116,0.008741839776516214,0.0448505325356619,9.0,10.0,-1.0,4.25720448456801,4.310796856880188,-0.053592372312177616,"[9, 0, 0]",10,0
quincas_borba,complexo,pt,sbert,150,194,31309,13,0.4310796856880188,2.564492122206503,2.564949357461537,0.0004572352550340497,-0.49546019377308054,0.9998217371217473,1.0000000000000002,0.00017826287825295495,13,13.0,0,0.0,0.04084565891109743,0.04802524718311407,0.0,11.0,13.0,-2.0,5.534715005121585,5.604035913944244,-0.06932090882265918,"[11, 0, 0]",13,0
quincas_borba,complexo,pt,sbert,150,195,31470,7,0.4310796856880188,1.945910149055313,1.945910149055313,0.0,0.0,0.9999999999999999,0.9999999999999999,0.0,7,7.0,0,0.0,2.131254035680755e-308,2.131254035680755e-308,0.0,7.0,7.0,0.0,3.0175577998161316,3.0175577998161316,0.0,"[7, 0, 0]",7,0
quincas_borba,complexo,pt,sbert,150,196,31625,12,0.4310796856880188,2.4844891392929767,2.484906649788001,0.0004175104950241426,-0.15827183786329732,0.9998319814166623,1.0000000000000002,0.00016801858333792552,12,12.0,0,0.0,0.03755509087281045,0.02023596982198511,0.017319121050825337,8.0,12.0,-4.0,5.080810685178815,5.172956228256226,-0.09214554307741096,"[8, 0, 0]",12,0
quincas_borba,complexo,pt,sbert,150,197,31779,9,0.4310796856880188,2.1972199621630133,2.1972245773362196,4.615173206268253e-06,-0.00028013151681126607,0.999997899544155,1.0,2.1004558450332667e-06,9,9.0,0,0.0,0.004157699986068353,1.7534658776513645e-308,0.004157699986068353,8.0,9.0,-1.0,3.875559471206101,3.879717171192169,-0.004157699986068408,"[8, 0, 0]",9,0
quincas_borba,complexo,pt,sbert,150,198,31930,10,0.4310796856880188,2.2903324349784198,2.3025850929940455,0.012252658015625695,-12.530299159807452,0.994678738235166,0.9999999999999998,0.005321261764833829,10,10.0,0,0.0,0.19878424521688814,0.008741839776516214,0.19004240544037193,8.0,10.0,-2.0,4.108076687913052,4.310796856880188,-0.20272016896713563,"[8, 0, 0]",10,0
quincas_borba,complexo,pt,sbert,150,199,32080,12,0.4310796856880188,2.4787010872708852,2.484906649788001,0.00620556251711557,-2.352433762180462,0.9975026979312706,1.0000000000000002,0.0024973020687296676,12,12.0,0,0.0,0.12719579384899143,0.02023596982198511,0.10695982402700632,10.0,12.0,-2.0,4.93655206694433,5.172956228256226,-0.23640416131189568,"[10, 0, 0]",12,0
quincas_borba,complexo,pt,sbert,150,200,32239,8,0.4310796856880188,2.0794415416798357,2.0794415416798357,0.0,0.0,1.0,1.0,0.0,8,8.0,0,0.0,1.6700365859936965e-308,1.6700365859936965e-308,0.0,8.0,8.0,0.0,3.4486374855041504,3.4486374855041504,0.0,"[8, 0, 0]",8,0
quincas_borba,complexo,pt,sbert,150,201,32426,8,0.4310796856880188,2.0778605499024234,2.0794415416798357,0.0015809917774123328,-1.7381958869626837,0.9992397036676803,1.0,0.0007602963323196654,8,8.0,0,0.0,0.07024051624956118,1.6700365859936965e-308,0.07024051624956118,7.0,8.0,-1.0,3.378396969254589,3.4486374855041504,-0.0702405162495614,"[7, 0, 0]",8,0
quincas_borba,complexo,pt,sbert,150,202,32602,9,0.4310796856880188,2.190928914898339,2.1972245773362196,0.006295662437880711,-0.3821337551665289,0.9971347205457199,1.0,0.0028652794542800564,9,9.0,0,0.0,0.14111725973027056,1.7534658776513645e-308,0.14111725973027056,8.0,9.0,-1.0,3.7385999114618986,3.879717171192169,-0.14111725973027056,"[8, 0, 0]",9,0
quincas_borba,complexo,pt,sbert,150,203,32761,8,0.4310796856880188,2.0794415416798357,2.0794415416798357,0.0,0.0,1.0,1.0,0.0,8,8.0,0,0.0,1.6700365859936965e-308,1.6700365859936965e-308,0.0,8.0,8.0,0.0,3.4486374855041504,3.4486374855041504,0.0,"[8, 0, 0]",8,0
quincas_borba,complexo,pt,sbert,150,204,32938,11,0.4310796856880188,2.396176478758423,2.3978952727983707,0.0017187940399474577,-0.09228098871712283,0.9992832072111549,1.0,0.0007167927888450665,11,11.0,0,0.0,0.08389984904827663,0.0441188211070348,0.03978102794124183,10.0,11.0,-1.0,4.65797669351993,4.741876542568207,-0.08389984904827674,"[10, 0, 0]",11,0
quincas_borba,complexo,pt,sbert,150,205,33096,6,0.4310796856880188,1.7917594692280547,1.7917594692280547,0.0,0.0,0.9999999999999999,0.9999999999999999,0.0,6,6.0,0,0.0,2.1339657240448646e-308,2.1339657240448646e-308,0.0,6.0,6.0,0.0,2.586478114128113,2.586478114128113,0.0,"[6, 0, 0]",6,0
quincas_borba,complexo,pt,sbert,150,206,33249,8,0.4310796856880188,2.0794415416798357,2.0794415416798357,0.0,0.0,1.0,1.0,0.0,8,8.0,0,0.0,1.6700365859936965e-308,1.6700365859936965e-308,0.0,8.0,8.0,0.0,3.4486374855041504,3.4486374855041504,0.0,"[8, 0, 0]",8,0
quincas_borba,complexo,pt,sbert,150,207,33410,8,0.4310796856880188,2.0794415416798357,2.0794415416798357,0.0,0.0,1.0,1.0,0.0,8,8.0,0,0.0,1.6700365859936965e-308,1.6700365859936965e-308,0.0,8.0,8.0,0.0,3.4486374855041504,3.4486374855041504,0.0,"[8, 0, 0]",8,0
quincas_borba,complexo,pt,sbert,150,208,33565,11,0.4310796856880188,2.3978952727983707,2.3978952727983707,0.0,0.0,1.0,1.0,0.0,11,11.0,0,0.0,1.4278175975554427e-308,0.0441188211070348,0.0,11.0,11.0,0.0,4.741876542568207,4.741876542568207,0.0,"[11, 0, 0]",11,0
quincas_borba,complexo,pt,sbert,150,209,33724,13,0.4310796856880188,2.5527662474724333,2.564949357461537,0.01218310998910388,-13.201619887142453,0.995250155737515,1.0000000000000002,0.004749844262485259,13,13.0,0,0.0,0.2155398428440094,0.04802524718311407,0.16751459566089533,12.0,13.0,-1.0,5.383029009853942,5.604035913944244,-0.22100690409030221,"[12, 0, 0]",13,0
quincas_borba,complexo,pt,sbert,150,210,33875,8,0.4310796856880188,2.0759904551859893,2.0794415416798357,0.0034510864938464003,-3.7942413331045377,0.998340378209883,1.0,0.0016596217901170274,8,8.0,0,0.0,0.10067278648036315,1.6700365859936965e-308,0.10067278648036315,6.0,8.0,-2.0,3.3155881999925625,3.4486374855041504,-0.1330492855115879,"[6, 0, 0]",8,0
quincas_borba,complexo,pt,sbert,150,211,34025,12,0.4310796856880188,2.4786585241474794,2.484906649788001,0.0062481256405213514,-2.3685687907532067,0.9974855692703571,1.0000000000000002,0.00251443072964308,12,12.0,0,0.0,0.15422225466179007,0.02023596982198511,0.13398628483980496,9.0,12.0,-3.0,4.931532456810073,5.172956228256226,-0.24142377144615246,"[9, 0, 0]",12,0
quincas_borba,complexo,pt,sbert,150,212,34188,12,0.4310796856880188,2.4846490535308448,2.484906649788001,0.0002575962571560453,-0.09765079808218066,0.9998963356401426,1.0000000000000002,0.00010366435985764699,12,12.0,0,0.0,0.03475912803938286,0.02023596982198511,0.014523158217397747,11.0,12.0,-1.0,5.138197100216843,5.172956228256226,-0.03475912803938286,"[11, 0, 0]",12,0
quincas_borba,complexo,pt,sbert,150,213,34383,9,0.4310796856880188,2.1972245773362196,2.1972245773362196,0.0,0.0,1.0,1.0,0.0,9,9.0,0,0.0,1.7534658776513645e-308,1.7534658776513645e-308,0.0,9.0,9.0,0.0,3.879717171192169,3.879717171192169,0.0,"[9, 0, 0]",9,0
quincas_borba,complexo,pt,sbert,150,214,34564,15,0.4310796856880188,2.7080500103078924,2.708037949872125,1.2060435767402566e-05,0.0012464203144039565,0.9999999295455019,0.9999954759959471,4.4535495548059245e-06,15,15.0,0,0.0,0.0072424493459548045,0.07439534752953236,0.0,14.0,14.0,0.0,6.46512830741555,6.457885858069595,0.00724244934595486,"[14, 0, 0]",15,0
quincas_borba,complexo,pt,sbert,150,215,34715,9,0.4310796856880188,2.1972245773362196,2.1972245773362196,0.0,0.0,1.0,1.0,0.0,9,9.0,0,0.0,1.7534658776513645e-308,1.7534658776513645e-308,0.0,9.0,9.0,0.0,3.879717171192169,3.879717171192169,0.0,"[9, 0, 0]",9,0
quincas_borba,complexo,pt,sbert,150,216,34897,11,0.4310796856880188,2.3928529021134617,2.3978952727983707,0.005042370684908981,-0.2707217627400319,0.9978971680948249,1.0,0.0021028319051751287,11,11.0,0,0.0,0.09826223986696181,0.0441188211070348,0.05414341875992701,7.0,11.0,-4.0,4.439352987655291,4.741876542568207,-0.3025235549129155,"[7, 0, 0]",11,0
quincas_borba,complexo,pt,sbert,150,217,35059,7,0.4310796856880188,1.9458682833244094,1.945910149055313,4.186573090358969e-05,-0.036491126978645164,0.9999784852702864,0.9999999999999999,2.1514729713456582e-05,7,7.0,0,0.0,0.0111956866522252,2.131254035680755e-308,0.0111956866522252,6.0,7.0,-1.0,3.0063621131639064,3.0175577998161316,-0.011195686652225145,"[6, 0, 0]",7,0
quincas_borba,complexo,pt,sbert,150,218,35224,9,0.4310796856880188,2.1968438825195817,2.1972245773362196,0.00038069481663782767,-0.023107392000390907,0.9998267383222613,1.0,0.00017326167773867862,9,9.0,0,0.0,0.03284491255103267,1.7534658776513645e-308,0.03284491255103267,7.0,9.0,-2.0,3.825130917996786,3.879717171192169,-0.05458625319538335,"[7, 0, 0]",9,0
quincas_borba,complexo,pt,sbert,150,219,35402,7,0.4310796856880188,1.9456425614866366,1.945910149055313,0.0002675875686763973,-0.23323543470347258,0.9998624871920183,0.9999999999999999,0.00013751280798157683,7,7.0,0,0.0,0.028009983421017737,2.131254035680755e-308,0.028009983421017737,6.0,7.0,-1.0,2.989547816395114,3.0175577998161316,-0.02800998342101746,"[6, 0, 0]",7,0
quincas_borba,complexo,pt,sbert,150,220,35571,7,0.4310796856880188,1.940544380448629,1.945910149055313,0.005365768606683918,-4.676926434544633,0.9972425404074854,0.9999999999999999,0.0027574595925144996,7,7.0,0,0.0,0.09692259957328547,2.131254035680755e-308,0.09692259957328547,4.0,7.0,-3.0,2.8110038734304283,3.0175577998161316,-0.20655392638570325,"[4, 0, 0]",7,0
quincas_borba,complexo,pt,sbert,150,221,35728,10,0.4310796856880188,2.3006889459738185,2.3025850929940455,0.0018961470202270014,-1.9391130793107758,0.9991765138122379,0.9999999999999998,0.000823486187761846,10,10.0,0,0.0,0.06923798493225691,0.008741839776516214,0.0604961451557407,8.0,10.0,-2.0,4.184820678697147,4.310796856880188,-0.1259761781830413,"[8, 0, 0]",10,0
quincas_borba,complexo,pt,sbert,150,222,35890,8,0.4310796856880188,2.0794044273395933,2.0794415416798357,3.7114340242450083e-05,-0.04080476222485451,0.9999821517751288,1.0,1.784822487116422e-05,8,8.0,0,0.0,0.011157207136527125,1.6700365859936965e-308,0.011157207136527125,7.0,8.0,-1.0,3.437480278367623,3.4486374855041504,-0.011157207136527347,"[7, 0, 0]",8,0
quincas_borba,complexo,pt,sbert,150,223,36040,6,0.4310796856880188,1.7917594692280547,1.7917594692280547,0.0,0.0,0.9999999999999999,0.9999999999999999,0.0,6,6.0,0,0.0,2.1339657240448646e-308,2.1339657240448646e-308,0.0,6.0,6.0,0.0,2.586478114128113,2.586478114128113,0.0,"[6, 0, 0]",6,0
quincas_borba,complexo,pt,sbert,150,224,36203,9,0.4310796856880188,2.1937847631515055,2.1972245773362196,0.003439814184714063,-0.20878964278179477,0.998434473098383,1.0,0.0015655269016170426,9,9.0,0,0.0,0.09282208363563138,1.7534658776513645e-308,0.09282208363563138,6.0,9.0,-3.0,3.6780015424299015,3.879717171192169,-0.20171562876226767,"[6, 0, 0]",9,0
quincas_borba,complexo,pt,sbert,150,225,36365,13,0.4310796856880188,2.564949357461537,2.564949357461537,0.0,0.0,1.0000000000000002,1.0000000000000002,0.0,13,13.0,0,0.0,1.8461871597871595e-308,0.04802524718311407,0.0,13.0,13.0,0.0,5.604035913944244,5.604035913944244,0.0,"[13, 0, 0]",13,0
quincas_borba,complexo,pt,sbert,150,226,36518,8,0.4310796856880188,2.0794415416798357,2.0794415416798357,0.0,0.0,1.0,1.0,0.0,8,8.0,0,0.0,1.6700365859936965e-308,1.6700365859936965e-308,0.0,8.0,8.0,0.0,3.4486374855041504,3.4486374855041504,0.0,"[8, 0, 0]",8,0
quincas_borba,complexo,pt,sbert,150,227,36673,10,0.4310796856880188,2.3025850929940455,2.3025850929940455,0.0,0.0,0.9999999999999998,0.9999999999999998,0.0,10,10.0,0,0.0,1.77674289996071e-308,0.008741839776516214,0.0,10.0,10.0,0.0,4.310796856880188,4.310796856880188,0.0,"[10, 0, 0]",10,0
quincas_borba,complexo,pt,sbert,150,228,36832,9,0.4310796856880188,2.1972091738168054,2.1972245773362196,1.540351941420326e-05,-0.0009349619320618272,0.9999929895562005,1.0,7.010443799471133e-06,9,9.0,0,0.0,0.007581111824331133,1.7534658776513645e-308,0.007581111824331133,8.0,9.0,-1.0,3.872136059367838,3.879717171192169,-0.007581111824331188,"[8, 0, 0]",9,0
quincas_borba,complexo,pt,sbert,150,229,37001,13,0.4310796856880188,2.5533430747205488,2.564949357461537,0.011606282740988405,-12.576569790986584,0.9954750440950326,1.0000000000000002,0.004524955904967598,13,13.0,0,0.0,0.17821423175132145,0.04802524718311407,0.13018898456820738,10.0,13.0,-3.0,5.23776843905328,5.604035913944244,-0.36626747489096445,"[10, 0, 0]",13,0
quincas_borba,complexo,pt,sbert,150,230,37151,12,0.4310796856880188,2.4795087879072373,2.484906649788001,0.0053978618807635215,-2.046246814349602,0.9978277405788166,1.0000000000000002,0.0021722594211835977,12,12.0,0,0.0,0.1456059713474962,0.02023596982198511,0.1253700015255111,10.0,12.0,-2.0,4.981533846563369,5.172956228256226,-0.1914223816928562,"[10, 0, 0]",12,0
quincas_borba,complexo,pt,sbert,150,231,37314,11,0.4310796856880188,2.3759184872451113,2.3978952727983707,0.021976785553259326,-1.1799200209822391,0.9908349685649064,1.0,0.009165031435093618,11,11.0,0,0.0,0.2155398428440094,0.0441188211070348,0.1714210217369746,9.0,11.0,-2.0,4.451881652076558,4.741876542568207,-0.2899948904916485,"[9, 0, 0]",11,0
quincas_borba,complexo,pt,sbert,150,232,37470,10,0.4310796856880188,2.3025850929940455,2.3025850929940455,0.0,0.0,0.9999999999999998,0.9999999999999998,0.0,10,10.0,0,0.0,1.77674289996071e-308,0.008741839776516214,0.0,10.0,10.0,0.0,4.310796856880188,4.310796856880188,0.0,"[10, 0, 0]",10,0
quincas_borba,complexo,pt,sbert,150,233,37637,8,0.4310796856880188,2.079424257604576,2.0794415416798357,1.728407525991571e-05,-0.019002697519345496,0.9999916881167787,1.0,8.311883221256977e-06,8,8.0,0,0.0,0.007629677800110368,1.6700365859936965e-308,0.007629677800110368,7.0,8.0,-1.0,3.44100780770404,3.4486374855041504,-0.007629677800110368,"[7, 0, 0]",8,0
quincas_borba,complexo,pt,sbert,150,234,37817,11,0.4310796856880188,2.3978952727983707,2.3978952727983707,0.0,0.0,1.0,1.0,0.0,11,11.0,0,0.0,1.4278175975554427e-308,0.0441188211070348,0.0,11.0,11.0,0.0,4.741876542568207,4.741876542568207,0.0,"[11, 0, 0]",11,0
quincas_borba,complexo,pt,sbert,150,235,37991,10,0.4310796856880188,2.302202339561955,2.3025850929940455,0.000382753432090599,-0.3914264972075398,0.9998337722965134,0.9999999999999998,0.00016622770348639904,10,10.0,0,0.0,0.03890785695515292,0.008741839776516214,0.030166017178636706,9.0,10.0,-1.0,4.271888999925035,4.310796856880188,-0.038907856955153086,"[9, 0, 0]",10,0
quincas_borba,complexo,pt,sbert,150,236,38157,10,0.4310796856880188,2.297098368613953,2.3025850929940455,0.005486724380092678,-5.611051724637525,0.9976171458780015,0.9999999999999998,0.0023828541219982347,10,10.0,0,0.0,0.12209997141693957,0.008741839776516214,0.11335813164042335,4.0,10.0,-6.0,4.005892097293659,4.310796856880188,-0.3049047595865293,"[4, 0, 0]",10,0
quincas_borba,complexo,pt,sbert,150,237,38315,10,0.4310796856880188,2.307257484048166,2.3025850929940455,0.004672391054120428,4.778265877091594,0.9622011062040965,0.9999999999999998,0.03779889379590329,11,10.0,1,0.0,0.07358220656751019,0.008741839776516214,0.06484036679099398,6.0,10.0,-4.0,4.1913975571527375,4.310796856880188,-0.11939929972745045,"[6, 0, 0]",11,0
quincas_borba,complexo,pt,sbert,150,238,38481,10,0.4310796856880188,2.3017328497858633,2.3025850929940455,0.000852243208182113,-0.8715547550431334,0.9996298754774467,0.9999999999999998,0.0003701245225530281,10,10.0,0,0.0,0.05744116118508841,0.008741839776516214,0.048699321408572194,9.0,10.0,-1.0,4.2533556956951,4.310796856880188,-0.05744116118508824,"[9, 0, 0]",10,0
quincas_borba,complexo,pt,sbert,150,239,38657,6,0.4310796856880188,1.7917593001583383,1.7917594692280547,1.6906971644914393e-07,-0.00011352830494577177,0.9999999056403945,0.9999999999999999,9.435960535153498e-08,6,6.0,0,0.0,0.0006723315506212413,2.1339657240448646e-308,0.0006723315506212413,5.0,6.0,-1.0,2.5858057825774914,2.586478114128113,-0.0006723315506214078,"[5, 0, 0]",6,0
quincas_borba,complexo,pt,sbert,150,240,38817,8,0.4310796856880188,2.0682307573076386,2.0794415416798357,0.011210784372197136,-12.325515896909296,0.9946087523272519,1.0,0.005391247672748123,8,8.0,0,0.0,0.17464270839867102,1.6700365859936965e-308,0.17464270839867102,6.0,8.0,-2.0,3.2420395989051105,3.4486374855041504,-0.20659788659903988,"[6, 0, 0]",8,0
quincas_borba,complexo,pt,sbert,150,241,38967,10,0.4310796856880188,2.302544725329066,2.3025850929940455,4.036766497961253e-05,-0.04128238280480543,0.9999824685458518,0.9999999999999998,1.7531454147956538e-05,10,10.0,0,0.0,0.012821246421804933,0.008741839776516214,0.004079406645288719,9.0,10.0,-1.0,4.2979756104583835,4.310796856880188,-0.012821246421804489,"[9, 0, 0]",10,0
quincas_borba,complexo,pt,sbert,150,242,39120,11,0.4310796856880188,2.389423639719879,2.3978952727983707,0.008471633078491525,-0.4548367392266377,0.9964670545980079,1.0,0.003532945401992116,11,11.0,0,0.0,0.1755060434180133,0.0441188211070348,0.1313872223109785,9.0,11.0,-2.0,4.536824371046363,4.741876542568207,-0.20505217152184407,"[9, 0, 0]",11,0
quincas_borba,complexo,pt,sbert,150,243,39297,7,0.4310796856880188,1.945910149055313,1.945910149055313,0.0,0.0,0.9999999999999999,0.9999999999999999,0.0,7,7.0,0,0.0,2.131254035680755e-308,2.131254035680755e-308,0.0,7.0,7.0,0.0,3.0175577998161316,3.0175577998161316,0.0,"[7, 0, 0]",7,0
quincas_borba,complexo,pt,sbert,150,244,39450,13,0.4310796856880188,2.5516852084924047,2.564949357461537,0.013264148969132528,-14.373033894755144,0.994828689724206,1.0000000000000002,0.005171310275794205,13,13.0,0,0.0,0.20073096161242115,0.04802524718311407,0.15270571442930708,9.0,13.0,-4.0,5.185953260152168,5.604035913944244,-0.41808265379207654,"[9, 0, 0]",13,0
quincas_borba,complexo,pt,sbert,150,245,39601,14,0.4310796856880188,2.6298441141290074,2.639057329615258,0.009213215486250537,-7.264789698484017,0.9965088990743547,0.9999999999999998,0.0034911009256450853,14,14.0,0,0.0,0.17336740539187728,0.02599323496270181,0.14737417042917547,9.0,14.0,-5.0,5.617892742464928,6.035115599632263,-0.4172228571673351,"[9, 0, 0]",14,0
quincas_borba,complexo,pt,sbert,150,246,39769,8,0.4310796856880188,2.0784565870719947,2.0794415416798357,0.0009849546078410931,-1.0828924429932814,0.9995263369572557,1.0,0.00047366304274432114,8,8.0,0,0.0,0.055941459141949645,1.6700365859936965e-308,0.055941459141949645,7.0,8.0,-1.0,3.392696026362201,3.4486374855041504,-0.05594145914194959,"[7, 0, 0]",8,0
quincas_borba,complexo,pt,sbert,150,247,39925,8,0.4310796856880188,2.079413053908766,2.0794415416798357,2.848777106967404e-05,-0.031320420010715534,0.999986300277984,1.0,1.3699722016036198e-05,8,8.0,0,0.0,0.009782827239030789,1.6700365859936965e-308,0.009782827239030789,7.0,8.0,-1.0,3.43885465826512,3.4486374855041504,-0.009782827239030567,"[7, 0, 0]",8,0
quincas_borba,complexo,pt,sbert,150,248,40088,13,0.4310796856880188,2.564949357461537,2.564949357461537,0.0,0.0,1.0000000000000002,1.0000000000000002,0.0,13,13.0,0,0.0,1.8461871597871595e-308,0.04802524718311407,0.0,13.0,13.0,0.0,5.604035913944244,5.604035913944244,0.0,"[13, 0, 0]",13,0
quincas_borba,complexo,pt,sbert,150,249,40263,10,0.4310796856880188,2.302163707114095,2.3025850929940455,0.0004213858799504422,-0.4309343434513639,0.9998169944375854,0.9999999999999998,0.00018300556241435117,10,10.0,0,0.0,0.03933007911415726,0.008741839776516214,0.030588239337641043,8.0,10.0,-2.0,4.255554952515193,4.310796856880188,-0.05524190436499499,"[8, 0, 0]",10,0
quincas_borba,complexo,pt,sbert,150,250,40413,10,0.4310796856880188,2.3025772432114415,2.3025850929940455,7.849782603930322e-06,-0.0080276560597106,0.9999965908827307,0.9999999999999998,3.409117269037587e-06,10,10.0,0,0.0,0.00497778501542917,0.008741839776516214,0.0,8.0,10.0,-2.0,4.302482565818437,4.310796856880188,-0.008314291061751078,"[8, 0, 0]",10,0
quincas_borba,complexo,pt,sbert,150,251,40574,9,0.4310796856880188,2.1908136910797733,2.1972245773362196,0.006410886256446258,-0.389127603853229,0.9970822799259699,1.0,0.002917720074030128,9,9.0,0,0.0,0.10876684473332848,1.7534658776513645e-308,0.10876684473332848,6.0,9.0,-3.0,3.6028946995376434,3.879717171192169,-0.2768224716545258,"[6, 0, 0]",9,0
quincas_borba,complexo,pt,sbert,150,252,40751,8,0.4310796856880188,2.074421314776327,2.0794415416798357,0.005020226903508895,-5.519407425117011,0.9975857811807235,1.0,0.0024142188192765035,8,8.0,0,0.0,0.09627107224018039,1.6700365859936965e-308,0.09627107224018039,5.0,8.0,-3.0,3.219430134158161,3.4486374855041504,-0.22920735134598935,"[5, 0, 0]",8,0
quincas_borba,complexo,pt,sbert,150,253,40904,8,0.4310796856880188,2.0794254888468897,2.0794415416798357,1.60528329460341e-05,-0.017649028033887276,0.9999922802191722,1.0,7.719780827808442e-06,8,8.0,0,0.0,0.0073540910237599455,1.6700365859936965e-308,0.0073540910237599455,7.0,8.0,-1.0,3.4412833944803904,3.4486374855041504,-0.0073540910237599455,"[7, 0, 0]",8,0
quincas_borba,complexo,pt,sbert,150,254,41057,15,0.4310796856880188,2.706912096184505,2.708037949872125,0.001125853687620193,-0.11635457742656989,0.9995797327105523,0.9999954759959471,0.0004157432853947318,15,15.0,0,0.0,0.07928452286684046,0.07439534752953236,0.004889175337308094,13.0,14.0,-1.0,6.382975109818142,6.457885858069595,-0.07491074825145283,"[13, 0, 0]",15,0
quincas_borba,complexo,pt,sbert,150,255,41228,12,0.4310796856880188,2.484340746773463,2.484906649788001,0.0005659030145377386,-0.21452517057826045,0.9997722638737413,1.0000000000000002,0.00022773612625892614,12,12.0,0,0.0,0.04142643815956509,0.02023596982198511,0.021190468337579982,10.0,12.0,-2.0,5.097497134681211,5.172956228256226,-0.07545909357501479,"[10, 0, 0]",12,0
quincas_borba,complexo,pt,sbert,150,256,41397,8,0.4310796856880188,2.0682413468470857,2.0794415416798357,0.011200194832750032,-12.313873398716225,0.9946138448192671,1.0,0.005386155180732932,8,8.0,0,0.0,0.15414288636550894,1.6700365859936965e-308,0.15414288636550894,5.0,8.0,-3.0,3.1642504028326317,3.4486374855041504,-0.2843870826715187,"[5, 0, 0]",8,0
quincas_borba,complexo,pt,sbert,150,257,41561,12,0.4310796856880188,2.463889052986994,2.484906649788001,0.0210175968010069,-7.967449232558251,0.9915418968343138,1.0000000000000002,0.008458103165686404,12,12.0,0,0.0,0.2155398428440094,0.02023596982198511,0.1953038730220243,8.0,12.0,-4.0,4.843300243535836,5.172956228256226,-0.3296559847203895,"[8, 0, 0]",12,0
quincas_borba,complexo,pt,sbert,150,258,41723,9,0.4310796856880188,2.196549139451249,2.1972245773362196,0.0006754378849707088,-0.040997689744699986,0.9996925949709748,1.0,0.000307405029025154,9,9.0,0,0.0,0.049012221069064,1.7534658776513645e-308,0.049012221069064,8.0,9.0,-1.0,3.8307049501231054,3.879717171192169,-0.04901222106906378,"[8, 0, 0]",9,0
quincas_borba,complexo,pt,sbert,150,259,41888,9,0.4310796856880188,2.197223457584302,2.1972245773362196,1.1197519174110937e-06,-6.796663723273943e-05,0.9999994903789403,1.0,5.096210596855499e-07,9,9.0,0,0.0,0.0020503739448056724,1.7534658776513645e-308,0.0020503739448056724,8.0,9.0,-1.0,3.8776667972473637,3.879717171192169,-0.0020503739448054503,"[8, 0, 0]",9,0
quincas_borba,complexo,pt,sbert,150,260,42038,13,0.4310796856880188,2.564905749361147,2.564949357461537,4.360810039027996e-05,-0.04725374439430547,0.999982998455598,1.0000000000000002,1.700154440220647e-05,13,13.0,0,0.0,0.01499287816931999,0.04802524718311407,0.0,12.0,13.0,-1.0,5.589043035774925,5.604035913944244,-0.014992878169319823,"[12, 0, 0]",13,0
quincas_borba,complexo,pt,sbert,150,261,42194,8,0.4310796856880188,2.070314094598822,2.0794415416798357,0.009127447081013873,-10.035024344437243,0.9956106257867483,1.0,0.0043893742132516955,8,8.0,0,0.0,0.1538312690611684,1.6700365859936965e-308,0.1538312690611684,6.0,8.0,-2.0,3.2302983481691143,3.4486374855041504,-0.21833913733503607,"[6, 0, 0]",8,0
quincas_borba,complexo,pt,sbert,150,262,42361,10,0.4310796856880188,2.3009394635592884,2.3025850929940455,0.001645629434757101,-1.6829188489056448,0.9992853122172273,0.9999999999999998,0.0007146877827725051,10,10.0,0,0.0,0.07899365464152053,0.008741839776516214,0.07025181486500431,8.0,10.0,-2.0,4.229513425326923,4.310796856880188,-0.08128343155326512,"[8, 0, 0]",10,0
quincas_borba,complexo,pt,sbert,150,263,42554,11,0.4310796856880188,2.396694734546455,2.3978952727983707,0.0012005382519157948,-0.06445615606329569,0.9994993366618072,1.0,0.0005006633381927639,11,11.0,0,0.0,0.06375331184003352,0.0441188211070348,0.01963449073299872,7.0,11.0,-4.0,4.5925603069322944,4.741876542568207,-0.14931623563591234,"[7, 0, 0]",11,0
quincas_borba,complexo,pt,sbert,150,264,42710,13,0.4310796856880188,2.564395149406271,2.564949357461537,0.00055420805526607,-0.6005399352512328,0.9997839302153653,1.0000000000000002,0.00021606978463495352,13,13.0,0,0.0,0.05240211107739007,0.04802524718311407,0.004376863894275995,12.0,13.0,-1.0,5.551633802866855,5.604035913944244,-0.05240211107738979,"[12, 0, 0]",13,0
quincas_borba,complexo,pt,sbert,150,265,42871,12,0.4310796856880188,2.484906649788001,2.484906649788001,0.0,0.0,1.0000000000000002,1.0000000000000002,0.0,12,12.0,0,0.0,1.1844518471044315e-308,0.02023596982198511,0.0,12.0,12.0,0.0,5.172956228256226,5.172956228256226,0.0,"[12, 0, 0]",12,0
quincas_borba,complexo,pt,sbert,150,266,43032,9,0.4310796856880188,2.1902319743125127,2.1972245773362196,0.006992603023706856,-0.4244366146062668,0.9968175292157962,1.0,0.0031824707842037503,9,9.0,0,0.0,0.14801845264003521,1.7534658776513645e-308,0.14801845264003521,8.0,9.0,-1.0,3.731698718552134,3.879717171192169,-0.14801845264003521,"[8, 0, 0]",9,0
quincas_borba,complexo,pt,sbert,150,267,43195,9,0.4310796856880188,2.1972245773362196,2.1972245773362196,0.0,0.0,1.0,1.0,0.0,9,9.0,0,0.0,1.7534658776513645e-308,1.7534658776513645e-308,0.0,9.0,9.0,0.0,3.879717171192169,3.879717171192169,0.0,"[9, 0, 0]",9,0
quincas_borba,complexo,pt,sbert,150,268,43354,10,0.4310796856880188,2.302326587493179,2.3025850929940455,0.0002585055008665904,-0.2643631493006158,0.9998877324874318,0.9999999999999998,0.00011226751256798728,10,10.0,0,0.0,0.025050754281608467,0.008741839776516214,0.016308914505092253,8.0,10.0,-2.0,4.262665082774853,4.310796856880188,-0.04813177410533509,"[8, 0, 0]",10,0
quincas_borba,complexo,pt,sbert,150,269,43517,11,0.4310796856880188,2.3978952727983707,2.3978952727983707,0.0,0.0,1.0,1.0,0.0,11,11.0,0,0.0,1.4278175975554427e-308,0.0441188211070348,0.0,11.0,11.0,0.0,4.741876542568207,4.741876542568207,0.0,"[11, 0, 0]",11,0
quincas_borba,complexo,pt,sbert,150,270,43682,8,0.4310796856880188,2.0763171846138615,2.0794415416798357,0.003124357065974248,-3.435023938181345,0.9984975018516509,1.0,0.0015024981483491295,8,8.0,0,0.0,0.09704460732850917,1.6700365859936965e-308,0.09704460732850917,7.0,8.0,-1.0,3.351592878175641,3.4486374855041504,-0.09704460732850917,"[7, 0, 0]",8,0
quincas_borba,complexo,pt,sbert,150,271,43851,11,0.4310796856880188,2.395224205554476,2.3978952727983707,0.0026710672438947647,-0.14340794793776696,0.9988860784396236,1.0,0.0011139215603763741,11,11.0,0,0.0,0.10337477820430552,0.0441188211070348,0.05925595709727072,10.0,11.0,-1.0,4.638501764363902,4.741876542568207,-0.10337477820430507,"[10, 0, 0]",11,0
quincas_borba,complexo,pt,sbert,150,272,44034,6,0.4310796856880188,1.791584086568215,1.7917594692280547,0.00017538265983962908,-0.11776737139358223,0.9999021170738306,0.9999999999999999,9.78829261693015e-05,6,6.0,0,0.0,0.021363799851577547,2.1339657240448646e-308,0.021363799851577547,5.0,6.0,-1.0,2.5651143142765354,2.586478114128113,-0.021363799851577436,"[5, 0, 0]",6,0
quincas_borba,complexo,pt,sbert,150,273,44186,9,0.4310796856880188,2.1969070121592273,2.1972245773362196,0.0003175651769922183,-0.019275552778050507,0.9998554698594455,1.0,0.00014453014055448854,9,9.0,0,0.0,0.03390692743732626,1.7534658776513645e-308,0.03390692743732626,8.0,9.0,-1.0,3.845810243754843,3.879717171192169,-0.03390692743732604,"[8, 0, 0]",9,0
quincas_borba,complexo,pt,sbert,150,274,44340,14,0.4310796856880188,2.635736393745087,2.639057329615258,0.0033209358701711267,-2.61861895393089,0.9987416204138863,0.9999999999999998,0.0012583795861135227,14,14.0,0,0.0,0.11306550344143784,0.02599323496270181,0.08707226847873603,11.0,14.0,-3.0,5.818663766491603,6.035115599632263,-0.21645183314065974,"[11, 0, 0]",14,0
quincas_borba,complexo,pt,sbert,150,275,44523,7,0.4310796856880188,1.9339938254308868,1.945910149055313,0.011916323624426184,-10.38653975727629,0.9938762210422658,0.9999999999999999,0.006123778957734083,7,7.0,0,0.0,0.1643545763761558,2.131254035680755e-308,0.1643545763761558,4.0,7.0,-3.0,2.768000967152785,3.0175577998161316,-0.24955683266334638,"[4, 0, 0]",7,0
quincas_borba,complexo,pt,sbert,150,276,44685,7,0.4310796856880188,1.931424526731998,1.945910149055313,0.014485622323314962,-12.625999168199396,0.9925558626998541,0.9999999999999999,0.007444137300145814,7,7.0,0,0.0,0.180840539786502,2.131254035680755e-308,0.180840539786502,5.0,7.0,-2.0,2.766292939612836,3.0175577998161316,-0.25126486020329564,"[5, 0, 0]",7,0
quincas_borba,complexo,pt,sbert,150,277,44845,9,0.4310796856880188,2.195535813953873,2.1972245773362196,0.0016887633823463588,-0.10250446227879068,0.9992314106624487,1.0,0.0007685893375513064,9,9.0,0,0.0,0.07623181446537514,1.7534658776513645e-308,0.07623181446537514,8.0,9.0,-1.0,3.803485356726794,3.879717171192169,-0.07623181446537508,"[8, 0, 0]",9,0
quincas_borba,complexo,pt,sbert,150,278,45008,13,0.4310796856880188,2.564313101362593,2.564949357461537,0.0006362560989443544,-0.6894472081965741,0.999751942042406,1.0000000000000002,0.00024805795759419436,13,13.0,0,0.0,0.052682527863652684,0.04802524718311407,0.004657280680538611,10.0,13.0,-3.0,5.523300321158159,5.604035913944244,-0.08073559278608577,"[10, 0, 0]",13,0
quincas_borba,complexo,pt,sbert,150,279,45169,11,0.4310796856880188,2.3937804703540184,2.3978952727983707,0.00411480244435225,-0.22092119772073862,0.9982839940963935,1.0,0.0017160059036065434,11,11.0,0,0.0,0.12647770600989827,0.0441188211070348,0.08235888490286347,10.0,11.0,-1.0,4.615398836558309,4.741876542568207,-0.12647770600989805,"[10, 0, 0]",11,0
quincas_borba,complexo,pt,sbert,150,280,45331,9,0.4310796856880188,2.1972245773362196,2.1972245773362196,0.0,0.0,1.0,1.0,0.0,9,9.0,0,0.0,1.7534658776513645e-308,1.7534658776513645e-308,0.0,9.0,9.0,0.0,3.879717171192169,3.879717171192169,0.0,"[9, 0, 0]",9,0
quincas_borba,complexo,pt,sbert,150,281,45496,10,0.4310796856880188,2.3017132693423825,2.3025850929940455,0.0008718236516629396,-0.8915788848428527,0.9996213717988899,0.9999999999999998,0.0003786282011098985,10,10.0,0,0.0,0.05807576033109518,0.008741839776516214,0.04933392055457897,9.0,10.0,-1.0,4.252721096549093,4.310796856880188,-0.05807576033109463,"[9, 0, 0]",10,0
quincas_borba,complexo,pt,sbert,150,282,45661,11,0.4310796856880188,2.3948923805465,2.3978952727983707,0.003002892251870559,-0.1612234273409941,0.9987476966630131,1.0,0.001252303336986893,11,11.0,0,0.0,0.09652904785717581,0.0441188211070348,0.05241022675014101,9.0,11.0,-2.0,4.583064806717216,4.741876542568207,-0.15881173585099084,"[9, 0, 0]",11,0
quincas_borba,complexo,pt,sbert,150,283,45817,12,0.4310796856880188,2.4847338695286987,2.484906649788001,0.00017278025930211882,-0.06549835156757465,0.9999304681086042,1.0000000000000002,6.953189139602411e-05,12,12.0,0,0.0,0.02856220559629563,0.02023596982198511,0.00832623577431052,11.0,12.0,-1.0,5.14439402265993,5.172956228256226,-0.02856220559629552,"[11, 0, 0]",12,0
quincas_borba,complexo,pt,sbert,150,284,45976,13,0.4310796856880188,2.558752498825297,2.564949357461537,0.006196858636239977,-6.714916986152359,0.9975840230068431,1.0000000000000002,0.0024159769931570985,13,13.0,0,0.0,0.1301288016144802,0.04802524718311407,0.08210355443136613,9.0,13.0,-4.0,5.306218259603555,5.604035913944244,-0.2978176543406894,"[9, 0, 0]",13,0
quincas_borba,complexo,pt,sbert,150,285,46126,17,0.4310796856880188,2.8108430368319115,2.8331969674887265,0.022353930656815013,-6.855713471085577,0.9921042630724456,0.9999942197902167,0.007889956717771152,17,17.0,0,0.0,0.21037883123436338,0.047031536150197145,0.16334729508416623,14.0,16.0,-2.0,6.846809736673447,7.318032633477028,-0.47122289680358076,"[14, 0, 0]",17,0
quincas_borba,complexo,pt,sbert,150,286,46287,13,0.4310796856880188,2.553590828129996,2.564949357461537,0.011358529331541245,-12.308104157811622,0.995571636025289,1.0000000000000002,0.004428363974711247,13,13.0,0,0.0,0.17929099916119268,0.04802524718311407,0.1312657519780786,10.0,13.0,-3.0,5.209614543096868,5.604035913944244,-0.3944213708473763,"[10, 0, 0]",13,0
quincas_borba,complexo,pt,sbert,150,287,46449,10,0.4310796856880188,2.292007559294942,2.3025850929940455,0.010577533699103636,-10.81721708495306,0.9954062354823334,0.9999999999999998,0.004593764517666354,10,10.0,0,0.0,0.18647099179271015,0.008741839776516214,0.17772915201619394,7.0,10.0,-3.0,4.072719228436382,4.310796856880188,-0.23807762844380598,"[7, 0, 0]",10,0
quincas_borba,complexo,pt,sbert,150,288,46609,16,0.4310796856880188,2.772025674146315,2.7725041009422102,0.0004784267958952704,-0.05231235774525989,0.9997969233269436,0.9999694793184102,0.00017255599146659417,16,16.0,0,0.0,0.0569836379753495,0.06534875824548556,0.0,14.0,15.0,-1.0,6.824841265148212,6.874511182162103,-0.04966991701389123,"[14, 0, 0]",16,0
quincas_borba,complexo,pt,sbert,150,289,46783,11,0.4310796856880188,2.3978952727983707,2.3978952727983707,0.0,0.0,1.0,1.0,0.0,11,11.0,0,0.0,1.4278175975554427e-308,0.0441188211070348,0.0,11.0,11.0,0.0,4.741876542568207,4.741876542568207,0.0,"[11, 0, 0]",11,0
quincas_borba,complexo,pt,sbert,150,290,46960,5,0.4310796856880188,1.6058711873816933,1.6094379124341005,0.0035667250524071825,-0.7632793714140377,0.9977838691229706,1.0000000000000002,0.002216130877029654,5,5.0,0,0.0,0.08549259206292564,1.7080381481378566e-308,0.08549259206292564,4.0,5.0,-1.0,2.0699058363771683,2.155398428440094,-0.0854925920629257,"[4, 0, 0]",5,0
quincas_borba,complexo,pt,sbert,150,291,47121,13,0.4310796856880188,2.543167315248404,2.564949357461537,0.0217820422131334,-23.603024344412855,0.9915078080782499,1.0000000000000002,0.008492191921750325,13,13.0,0,0.0,0.2155398428440094,0.04802524718311407,0.16751459566089533,11.0,13.0,-2.0,5.2981485388539635,5.604035913944244,-0.30588737509028086,"[11, 0, 0]",13,0
quincas_borba,complexo,pt,sbert,150,292,47292,7,0.4310796856880188,1.9450676374665907,1.945910149055313,0.0008425115887222834,-0.7343523378546536,0.9995670346911282,0.9999999999999999,0.00043296530887171336,7,7.0,0,0.0,0.04904020880110971,2.131254035680755e-308,0.04904020880110971,6.0,7.0,-1.0,2.968517591015022,3.0175577998161316,-0.049040208801109486,"[6, 0, 0]",7,0
quincas_borba,complexo,pt,sbert,150,293,47451,11,0.4310796856880188,2.3920192955655843,2.3978952727983707,0.0058759772327863224,-0.31547758260634945,0.9975495271626567,1.0,0.0024504728373433426,11,11.0,0,0.0,0.14896090736700413,0.0441188211070348,0.10484208625996932,10.0,11.0,-1.0,4.592915635201202,4.741876542568207,-0.1489609073670044,"[10, 0, 0]",11,0
quincas_borba,complexo,pt,sbert,150,294,47608,13,0.4310796856880188,2.523378913583753,2.564949357461537,0.04157044387778397,-45.045739479091615,0.98379287927972,1.0000000000000002,0.016207120720280188,13,13.0,0,0.0,0.2155398428440094,0.04802524718311407,0.16751459566089533,9.0,13.0,-4.0,5.041286725061745,5.604035913944244,-0.5627491888824991,"[9, 0, 0]",13,0
quincas_borba,complexo,pt,sbert,150,295,47762,8,0.4310796856880188,2.0794415416798357,2.0794415416798357,0.0,0.0,1.0,1.0,0.0,8,8.0,0,0.0,1.6700365859936965e-308,1.6700365859936965e-308,0.0,8.0,8.0,0.0,3.4486374855041504,3.4486374855041504,0.0,"[8, 0, 0]",8,0
quincas_borba,complexo,pt,sbert,150,296,47917,11,0.4310796856880188,2.3785370437749043,2.3978952727983707,0.0193582290234664,-1.0393313408001992,0.9919269914566056,1.0,0.008073008543394433,11,11.0,0,0.0,0.2155398428440094,0.0441188211070348,0.1714210217369746,10.0,11.0,-1.0,4.4910087602253075,4.741876542568207,-0.2508677823428993,"[10, 0, 0]",11,0
quincas_borba,complexo,pt,sbert,150,297,48070,7,0.4310796856880188,1.945910149055313,1.945910149055313,0.0,0.0,0.9999999999999999,0.9999999999999999,0.0,7,7.0,0,0.0,2.131254035680755e-308,2.131254035680755e-308,0.0,7.0,7.0,0.0,3.0175577998161316,3.0175577998161316,0.0,"[7, 0, 0]",7,0
quincas_borba,complexo,pt,sbert,150,298,48221,18,0.4310796856880188,2.887833340982883,2.890246389658701,0.0024130486758182634,-0.25208473902199086,0.9991217680195127,0.9999566255665484,0.0008348575470357167,18,18.0,0,0.0,0.08074140555743958,0.04811101558435532,0.03263038997308426,13.0,17.0,-4.0,7.4810072885845855,7.72165337759981,-0.24064608901522444,"[13, 0, 0]",18,0
quincas_borba,complexo,pt,sbert,150,299,48383,9,0.4310796856880188,2.1859353667094523,2.1972245773362196,0.011289210626767243,-0.6852318548268058,0.994862058824932,1.0,0.00513794117506805,9,9.0,0,0.0,0.1439166557173116,1.7534658776513645e-308,0.1439166557173116,7.0,9.0,-2.0,3.6011432687528098,3.879717171192169,-0.2785739024393594,"[7, 0, 0]",9,0
quincas_borba,complexo,pt,sbert,150,300,48538,9,0.4310796856880188,2.195269036048126,2.1972245773362196,0.0019555412880936096,-0.11869733219908085,0.9991099948051444,1.0,0.0008900051948556031,9,9.0,0,0.0,0.08221626782005037,1.7534658776513645e-308,0.08221626782005037,7.0,9.0,-2.0,3.7866213237751176,3.879717171192169,-0.09309584741705157,"[7, 0, 0]",9,0
quincas_borba,complexo,pt,sbert,150,301,48693,10,0.4310796856880188,2.3006163183078927,2.3025850929940455,0.001968774686152752,-2.013386463923946,0.9991449720176928,0.9999999999999998,0.0008550279823069662,10,10.0,0,0.0,0.06736002761191151,0.008741839776516214,0.0586181878353953,8.0,10.0,-2.0,4.1818866881304695,4.310796856880188,-0.1289101687497185,"[8, 0, 0]",10,0
quincas_borba,complexo,pt,sbert,150,302,48848,9,0.4310796856880188,2.1928556171728806,2.1972245773362196,0.004368960163338986,-0.2651868917469638,0.9980116005398795,1.0,0.001988399460120527,9,9.0,0,0.0,0.11051901552196647,1.7534658776513645e-308,0.11051901552196647,6.0,9.0,-3.0,3.665924883273876,3.879717171192169,-0.2137922879182934,"[6, 0, 0]",9,0
quincas_borba,complexo,pt,sbert,150,303,49003,11,0.4310796856880188,2.3945891397396473,2.3978952727983707,0.003306133058723404,-0.17750423866880974,0.9986212354241538,1.0,0.0013787645758461808,11,11.0,0,0.0,0.09209545961575016,0.0441188211070348,0.047976638508715364,8.0,11.0,-3.0,4.557987633751294,4.741876542568207,-0.1838889088169129,"[8, 0, 0]",11,0
quincas_borba,complexo,pt,sbert,150,304,49207,13,0.4310796856880188,2.5633061779617363,2.564949357461537,0.001643179499800862,-1.780549562641799,0.9993593715622414,1.0000000000000002,0.0006406284377588056,13,13.0,0,0.0,0.07468542809547912,0.04802524718311407,0.02666018091236505,11.0,13.0,-2.0,5.474701060654176,5.604035913944244,-0.129334853290068,"[11, 0, 0]",13,0
quincas_borba,complexo,pt,sbert,150,305,49381,7,0.4310796856880188,1.945910149055313,1.945910149055313,0.0,0.0,0.9999999999999999,0.9999999999999999,0.0,7,7.0,0,0.0,2.131254035680755e-308,2.131254035680755e-308,0.0,7.0,7.0,0.0,3.0175577998161316,3.0175577998161316,0.0,"[7, 0, 0]",7,0
quincas_borba,complexo,pt,sbert,150,306,49535,9,0.4310796856880188,2.191316585855703,2.1972245773362196,0.005907991480516461,-0.35860292577910186,0.9973111572019284,1.0,0.002688842798071578,9,9.0,0,0.0,0.13264605430039333,1.7534658776513645e-308,0.13264605430039333,7.0,9.0,-2.0,3.693621919331415,3.879717171192169,-0.18609525186075437,"[7, 0, 0]",9,0
quincas_borba,complexo,pt,sbert,150,307,49697,13,0.4310796856880188,2.5061395844366063,2.564949357461537,0.058809773024930845,-63.72627923564919,0.9770717605578253,1.0000000000000002,0.022928239442174925,13,13.0,0,0.0,0.2155398428440094,0.04802524718311407,0.16751459566089533,9.0,13.0,-4.0,4.937485302449186,5.604035913944244,-0.6665506114950581,"[9, 0, 0]",13,0
quincas_borba,complexo,pt,sbert,150,308,49873,10,0.4310796856880188,2.3025850929940455,2.3025850929940455,0.0,0.0,0.9999999999999998,0.9999999999999998,0.0,10,10.0,0,0.0,1.77674289996071e-308,0.008741839776516214,0.0,10.0,10.0,0.0,4.310796856880188,4.310796856880188,0.0,"[10, 0, 0]",10,0
quincas_borba,complexo,pt,sbert,150,309,50030,17,0.4310796856880188,2.8331628930841615,2.8331969674887265,3.407440456504318e-05,-0.010450258524201327,0.9999821930204583,0.9999942197902167,1.2026769758421985e-05,17,17.0,0,0.0,0.018241741971983694,0.047031536150197145,0.0,16.0,16.0,0.0,7.3101129147243356,7.318032633477028,-0.007919718752692262,"[16, 0, 0]",17,0
quincas_borba,complexo,pt,sbert,150,310,50188,18,0.4310796856880188,2.886195375341181,2.890246389658701,0.004051014317520085,-0.4231986272138133,0.9985550707989123,0.9999566255665484,0.0014015547676361484,18,18.0,0,0.0,0.1364405207774652,0.04811101558435532,0.08832950519310989,16.0,17.0,-1.0,7.596609804282332,7.72165337759981,-0.12504357331747773,"[16, 0, 0]",18,0
quincas_borba,complexo,pt,sbert,150,311,50339,10,0.4310796856880188,2.3016535526895563,2.3025850929940455,0.0009315403044891646,-0.9526486971056859,0.9995954371860897,0.9999999999999998,0.0004045628139101032,10,10.0,0,0.0,0.06009745296307656,0.008741839776516214,0.051355613186560345,8.0,10.0,-2.0,4.239817436679859,4.310796856880188,-0.0709794202003291,"[8, 0, 0]",10,0
quincas_borba,complexo,pt,sbert,150,312,50489,10,0.4310796856880188,2.302386388240977,2.3025850929940455,0.00019870475306849045,-0.20320733650189185,0.9999137036222142,0.9999999999999998,8.629637778556631e-05,10,10.0,0,0.0,0.027574476057206365,0.008741839776516214,0.01883263628069015,8.0,10.0,-2.0,4.273558805570882,4.310796856880188,-0.037238051309305575,"[8, 0, 0]",10,0
quincas_borba,complexo,pt,sbert,150,313,50643,9,0.4310796856880188,2.1902367320578495,2.1972245773362196,0.006987845278370042,-0.4241478292545072,0.9968196945590142,1.0,0.003180305440985798,9,9.0,0,0.0,0.14789963758593466,1.7534658776513645e-308,0.14789963758593466,6.0,9.0,-3.0,3.6669773642650227,3.879717171192169,-0.21273980692714645,"[6, 0, 0]",9,0
quincas_borba,complexo,pt,sbert,150,314,50793,6,0.4310796856880188,1.7917594692280547,1.7917594692280547,0.0,0.0,0.9999999999999999,0.9999999999999999,0.0,6,6.0,0,0.0,2.1339657240448646e-308,2.1339657240448646e-308,0.0,6.0,6.0,0.0,2.586478114128113,2.586478114128113,0.0,"[6, 0, 0]",6,0
quincas_borba,complexo,pt,sbert,150,315,50959,13,0.4310796856880188,2.4891224718334786,2.564949357461537,0.07582688562805862,-82.1660251103984,0.9704372776766625,1.0000000000000002,0.029562722323337676,13,13.0,0,0.0,0.2155398428440094,0.04802524718311407,0.16751459566089533,12.0,13.0,-1.0,5.176765532740406,5.604035913944244,-0.4272703812038383,"[12, 0, 0]",13,0
quincas_borba,complexo,pt,sbert,150,316,51130,8,0.4310796856880188,2.0794401278174472,2.0794415416798357,1.4138623884996093e-06,-0.0015544481783729776,0.9999993200759145,1.0,6.79924085478234e-07,8,8.0,0,0.0,0.0021890970777403984,1.6700365859936965e-308,0.0021890970777403984,7.0,8.0,-1.0,3.44644838842641,3.4486374855041504,-0.0021890970777405094,"[7, 0, 0]",8,0
quincas_borba,complexo,pt,sbert,150,317,51302,10,0.4310796856880188,2.2990842178498734,2.3025850929940455,0.0035008751441720776,-3.5802038073426194,0.9984795892430536,0.9999999999999998,0.0015204107569462,10,10.0,0,0.0,0.11287100286747004,0.008741839776516214,0.10412916309095382,8.0,10.0,-2.0,4.18048479542635,4.310796856880188,-0.13031206145383756,"[8, 0, 0]",10,0
quincas_borba,complexo,pt,sbert,150,318,51462,9,0.4310796856880188,2.1972245773362196,2.1972245773362196,0.0,0.0,1.0,1.0,0.0,9,9.0,0,0.0,1.7534658776513645e-308,1.7534658776513645e-308,0.0,9.0,9.0,0.0,3.879717171192169,3.879717171192169,0.0,"[9, 0, 0]",9,0
quincas_borba,complexo,pt,sbert,150,319,51613,11,0.4310796856880188,2.3978952727983707,2.3978952727983707,0.0,0.0,1.0,1.0,0.0,11,11.0,0,0.0,1.4278175975554427e-308,0.0441188211070348,0.0,11.0,11.0,0.0,4.741876542568207,4.741876542568207,0.0,"[11, 0, 0]",11,0
quincas_borba,complexo,pt,sbert,150,320,51767,7,0.4310796856880188,1.945910149055313,1.945910149055313,0.0,0.0,0.9999999999999999,0.9999999999999999,0.0,7,7.0,0,0.0,2.131254035680755e-308,2.131254035680755e-308,0.0,7.0,7.0,0.0,3.0175577998161316,3.0175577998161316,0.0,"[7, 0, 0]",7,0
quincas_borba,complexo,pt,sbert,150,321,51923,9,0.4310796856880188,2.1941647205435038,2.1972245773362196,0.0030598567927158093,-0.18572701093960062,0.9986073991597048,1.0,0.0013926008402952439,9,9.0,0,0.0,0.10102563696830247,1.7534658776513645e-308,0.10102563696830247,8.0,9.0,-1.0,3.7786915342238667,3.879717171192169,-0.10102563696830247,"[8, 0, 0]",9,0
quincas_borba,complexo,pt,sbert,150,322,52094,8,0.4310796856880188,2.0775905070500458,2.0794415416798357,0.0018510346297899716,-2.0350901415771805,0.9991098405063628,1.0,0.0008901594936372437,8,8.0,0,0.0,0.07573718943131741,1.6700365859936965e-308,0.07573718943131741,7.0,8.0,-1.0,3.372900296072833,3.4486374855041504,-0.07573718943131746,"[7, 0, 0]",8,0
quincas_borba,complexo,pt,sbert,150,323,52256,13,0.4310796856880188,2.5631421231529496,2.564949357461537,0.0018072343085875353,-1.9583193790676952,0.9992954113096503,1.0000000000000002,0.0007045886903499499,13,13.0,0,0.0,0.07991162757208697,0.04802524718311407,0.0318863803889729,11.0,13.0,-2.0,5.469648458787331,5.604035913944244,-0.1343874551569133,"[11, 0, 0]",13,0
quincas_borba,complexo,pt,sbert,150,324,52415,9,0.4310796856880188,2.1971250721838493,2.1972245773362196,9.950515237022728e-05,-0.00603975799351348,0.9999547132535306,1.0,4.528674646941955e-05,9,9.0,0,0.0,0.014891342779953742,1.7534658776513645e-308,0.014891342779953742,7.0,9.0,-2.0,3.8507883972035697,3.879717171192169,-0.0289287739885995,"[7, 0, 0]",9,0
quincas_borba,complexo,pt,sbert,150,325,52567,9,0.4310796856880188,2.1972245773362196,2.1972245773362196,0.0,0.0,1.0,1.0,0.0,9,9.0,0,0.0,1.7534658776513645e-308,1.7534658776513645e-308,0.0,9.0,9.0,0.0,3.879717171192169,3.879717171192169,0.0,"[9, 0, 0]",9,0
quincas_borba,complexo,pt,sbert,150,326,52723,11,0.4310796856880188,2.396152163396502,2.3978952727983707,0.0017431094018687254,-0.09358646545660342,0.9992730669176246,1.0,0.0007269330823753695,11,11.0,0,0.0,0.08477157224143594,0.0441188211070348,0.040652751134401144,9.0,11.0,-2.0,4.648937205786663,4.741876542568207,-0.09293933678154342,"[9, 0, 0]",11,0
quincas_borba,complexo,pt,sbert,150,327,52873,14,0.4310796856880188,2.6315082408127886,2.639057329615258,0.007549088802469406,-5.952595230944699,0.9971394752521081,0.9999999999999998,0.0028605247478916684,14,14.0,0,0.0,0.16477090358739177,0.02599323496270181,0.13877766862468996,10.0,14.0,-4.0,5.690372855127828,6.035115599632263,-0.3447427445044351,"[10, 0, 0]",14,0
quincas_borba,complexo,pt,sbert,150,328,53024,13,0.4310796856880188,2.5551386279780224,2.564949357461537,0.009810729483514802,-10.630908000730475,0.9961750786794388,1.0000000000000002,0.0038249213205614474,13,13.0,0,0.0,0.19502492258718157,0.04802524718311407,0.1469996754040675,10.0,13.0,-3.0,5.303302516302901,5.604035913944244,-0.3007333976413431,"[10, 0, 0]",13,0
quincas_borba,complexo,pt,sbert,150,329,53192,11,0.4310796856880188,2.299912505013652,2.3978952727983707,0.09798276778471848,-5.26063418784631,0.9988393097877141,1.0,0.0011606902122859308,10,11.0,0,0.0,0.2155398428440094,0.0441188211070348,0.1714210217369746,9.0,11.0,-2.0,4.211599185055079,4.741876542568207,-0.5302773575131274,"[9, 0, 0]",10,0
quincas_borba,complexo,pt,sbert,150,330,53355,9,0.4310796856880188,2.1972245773362196,2.1972245773362196,0.0,0.0,1.0,1.0,0.0,9,9.0,0,0.0,1.7534658776513645e-308,1.7534658776513645e-308,0.0,9.0,9.0,0.0,3.879717171192169,3.879717171192169,0.0,"[9, 0, 0]",9,0
quincas_borba,complexo,pt,sbert,150,331,53505,9,0.4310796856880188,2.1962628060440346,2.1972245773362196,0.0009617712921849986,-0.05837753836397513,0.9995622790214048,1.0,0.00043772097859517967,9,9.0,0,0.0,0.049817275058208654,1.7534658776513645e-308,0.049817275058208654,5.0,9.0,-4.0,3.7582986511809198,3.879717171192169,-0.12141852001124942,"[5, 0, 0]",9,0
quincas_borba,complexo,pt,sbert,150,332,53668,9,0.4310796856880188,2.1972245773362196,2.1972245773362196,0.0,0.0,1.0,1.0,0.0,9,9.0,0,0.0,1.7534658776513645e-308,1.7534658776513645e-308,0.0,9.0,9.0,0.0,3.879717171192169,3.879717171192169,0.0,"[9, 0, 0]",9,0
quincas_borba,complexo,pt,sbert,150,333,53826,7,0.4310796856880188,1.945910149055313,1.945910149055313,0.0,0.0,0.9999999999999999,0.9999999999999999,0.0,7,7.0,0,0.0,2.131254035680755e-308,2.131254035680755e-308,0.0,7.0,7.0,0.0,3.0175577998161316,3.0175577998161316,0.0,"[7, 0, 0]",7,0
quincas_borba,complexo,pt,sbert,150,334,53986,8,0.4310796856880188,2.0784648300337656,2.0794415416798357,0.0009767116460701608,-1.07382985174434,0.9995303009839454,1.0,0.0004696990160546477,8,8.0,0,0.0,0.04675552026695701,1.6700365859936965e-308,0.04675552026695701,5.0,8.0,-3.0,3.340072764367384,3.4486374855041504,-0.10856472113676618,"[5, 0, 0]",8,0
quincas_borba,complexo,pt,sbert,150,335,54141,15,0.4310796856880188,2.707633826486075,2.708037949872125,0.00040412338604989273,-0.04176529004530168,0.999846245606538,0.9999954759959471,0.00014923038940906075,15,15.0,0,0.0,0.04847762162056496,0.07439534752953236,0.0,13.0,14.0,-1.0,6.409054574072903,6.457885858069595,-0.04883128399669179,"[13, 0, 0]",15,0
quincas_borba,complexo,pt,sbert,150,336,54329,8,0.4310796856880188,2.0794415416798357,2.0794415416798357,0.0,0.0,1.0,1.0,0.0,8,8.0,0,0.0,1.6700365859936965e-308,1.6700365859936965e-308,0.0,8.0,8.0,0.0,3.4486374855041504,3.4486374855041504,0.0,"[8, 0, 0]",8,0
quincas_borba,complexo,pt,sbert,150,337,54509,8,0.4310796856880188,2.0755463984441853,2.0794415416798357,0.0038951432356504334,-4.282452349258681,0.9981268320567916,1.0,0.0018731679432083537,8,8.0,0,0.0,0.10677061694094919,1.6700365859936965e-308,0.10677061694094919,6.0,8.0,-2.0,3.3091109058055452,3.4486374855041504,-0.13952657969860516,"[6, 0, 0]",8,0
quincas_borba,complexo,pt,sbert,150,338,54670,11,0.4310796856880188,2.3978661733160602,2.3978952727983707,2.9099482310446234e-05,-0.0015623332036027381,0.9999878645733029,1.0,1.2135426697090779e-05,11,11.0,0,0.0,0.011370663402748726,0.0441188211070348,0.0,10.0,11.0,-1.0,4.730505879165458,4.741876542568207,-0.01137066340274906,"[10, 0, 0]",11,0
quincas_borba,complexo,pt,sbert,150,339,54863,6,0.4310796856880188,1.7917594692280547,1.7917594692280547,0.0,0.0,0.9999999999999999,0.9999999999999999,0.0,6,6.0,0,0.0,2.1339657240448646e-308,2.1339657240448646e-308,0.0,6.0,6.0,0.0,2.586478114128113,2.586478114128113,0.0,"[6, 0, 0]",6,0
quincas_borba,complexo,pt,sbert,150,340,55018,6,0.4310796856880188,1.7851252251787386,1.7917594692280547,0.006634244049316118,-4.4548160210701395,0.9962973578969422,0.9999999999999999,0.0037026421030577072,6,6.0,0,0.0,0.12235149188288513,2.1339657240448646e-308,0.12235149188288513,5.0,6.0,-1.0,2.4641266222452276,2.586478114128113,-0.12235149188288519,"[5, 0, 0]",6,0
quincas_borba,complexo,pt,sbert,150,341,55169,8,0.4310796856880188,2.079441366469275,2.0794415416798357,1.7521056072666852e-07,-0.00019263242248229105,0.999999915741531,1.0,8.425846897974765e-08,8,8.0,0,0.0,0.0007712573598471217,1.6700365859936965e-308,0.0007712573598471217,7.0,8.0,-1.0,3.4478662281443033,3.4486374855041504,-0.0007712573598470662,"[7, 0, 0]",8,0
quincas_borba,complexo,pt,sbert,150,342,55323,9,0.4310796856880188,2.1972245773362196,2.1972245773362196,0.0,0.0,1.0,1.0,0.0,9,9.0,0,0.0,1.7534658776513645e-308,1.7534658776513645e-308,0.0,9.0,9.0,0.0,3.879717171192169,3.879717171192169,0.0,"[9, 0, 0]",9,0
quincas_borba,complexo,pt,sbert,150,343,55475,8,0.4310796856880188,2.0728848335553054,2.0794415416798357,0.006556708124530353,-7.208666899411141,0.9968468899013946,1.0,0.003153110098605416,8,8.0,0,0.0,0.12386130057128253,1.6700365859936965e-308,0.12386130057128253,6.0,8.0,-2.0,3.246822604167444,3.4486374855041504,-0.20181488133670644,"[6, 0, 0]",8,0
quincas_borba,complexo,pt,sbert,150,344,55630,9,0.4310796856880188,2.197118075613193,2.1972245773362196,0.0001065017230263976,-0.0064644354352459375,0.999951528976999,1.0,4.847102300098438e-05,9,9.0,0,0.0,0.01979650604349792,1.7534658776513645e-308,0.01979650604349792,8.0,9.0,-1.0,3.859920665148671,3.879717171192169,-0.01979650604349814,"[8, 0, 0]",9,0
quincas_borba,complexo,pt,sbert,150,345,55785,10,0.4310796856880188,2.3025850929940455,2.3025850929940455,0.0,0.0,0.9999999999999998,0.9999999999999998,0.0,10,10.0,0,0.0,1.77674289996071e-308,0.008741839776516214,0.0,10.0,10.0,0.0,4.310796856880188,4.310796856880188,0.0,"[10, 0, 0]",10,0
quincas_borba,complexo,pt,sbert,150,346,55940,8,0.4310796856880188,2.0742453505805063,2.0794415416798357,0.00519619109932945,-5.7128684195369805,0.9975011602898287,1.0,0.0024988397101712856,8,8.0,0,0.0,0.11788608983560472,1.6700365859936965e-308,0.11788608983560472,6.0,8.0,-2.0,3.2765190330816525,3.4486374855041504,-0.1721184524224979,"[6, 0, 0]",8,0
quincas_borba,complexo,pt,sbert,150,347,56098,8,0.4310796856880188,2.079428801418147,2.0794415416798357,1.274026168873732e-05,-0.014007075041488902,0.999993873229214,1.0,6.126770786041291e-06,8,8.0,0,0.0,0.006554587662659539,1.6700365859936965e-308,0.006554587662659539,7.0,8.0,-1.0,3.442082897841491,3.4486374855041504,-0.006554587662659372,"[7, 0, 0]",8,0
quincas_borba,complexo,pt,sbert,150,348,56269,11,0.4310796856880188,2.378122645659306,2.3978952727983707,0.019772627139064802,-1.0615801192699583,0.9917541740194559,1.0,0.00824582598054413,11,11.0,0,0.0,0.21423296759545535,0.0441188211070348,0.17011414648842055,7.0,11.0,-4.0,4.279559253117213,4.741876542568207,-0.4623172894509935,"[7, 0, 0]",11,0
quincas_borba,complexo,pt,sbert,150,349,56430,10,0.4310796856880188,2.3025581004552618,2.3025850929940455,2.699253878368779e-05,-0.027604180710093983,0.9999882772893535,0.9999999999999998,1.1722710646311363e-05,10,10.0,0,0.0,0.010497586519609747,0.008741839776516214,0.0017557467430935336,9.0,10.0,-1.0,4.300299270360578,4.310796856880188,-0.010497586519609747,"[9, 0, 0]",10,0
quincas_borba,complexo,pt,sbert,150,350,56598,11,0.4310796856880188,2.396398947919323,2.3978952727983707,0.0014963248790476058,-0.0803367570932253,0.9993759840573432,1.0,0.0006240159426568193,11,11.0,0,0.0,0.07882492520876339,0.0441188211070348,0.034706104101728585,7.0,11.0,-4.0,4.6164452493278105,4.741876542568207,-0.12543129324039626,"[7, 0, 0]",11,0
quincas_borba,complexo,pt,sbert,150,351,56755,11,0.4310796856880188,2.394837489907445,2.3978952727983707,0.003057782890925509,-0.1641704717951745,0.9987248054885411,1.0,0.0012751945114588548,11,11.0,0,0.0,0.10715582234382931,0.0441188211070348,0.06303700123679451,8.0,11.0,-3.0,4.573236213128518,4.741876542568207,-0.16864032943968876,"[8, 0, 0]",11,0
quincas_borba,complexo,pt,sbert,150,352,56940,11,0.4310796856880188,2.3978952727983707,2.3978952727983707,0.0,0.0,1.0,1.0,0.0,11,11.0,0,0.0,1.4278175975554427e-308,0.0441188211070348,0.0,11.0,11.0,0.0,4.741876542568207,4.741876542568207,0.0,"[11, 0, 0]",11,0
quincas_borba,complexo,pt,sbert,150,353,57118,8,0.4310796856880188,2.0779817378057053,2.0794415416798357,0.001459803874130472,-1.604957803094254,0.9992979827300404,1.0,0.0007020172699595539,8,8.0,0,0.0,0.06760745663780016,1.6700365859936965e-308,0.06760745663780016,7.0,8.0,-1.0,3.38103002886635,3.4486374855041504,-0.06760745663780021,"[7, 0, 0]",8,0
quincas_borba,complexo,pt,sbert,150,354,57296,9,0.4310796856880188,2.197221449273953,2.1972245773362196,3.1280622665441626e-06,-0.00018986694285210557,0.9999985763575109,1.0,1.42364248911786e-06,9,9.0,0,0.0,0.00342432932933745,1.7534658776513645e-308,0.00342432932933745,8.0,9.0,-1.0,3.8762928418628317,3.879717171192169,-0.00342432932933745,"[8, 0, 0]",9,0
quincas_borba,complexo,pt,sbert,150,355,57451,14,0.4310796856880188,2.6268045904304302,2.639057329615258,0.012252739184827721,-9.661509984325066,0.9953571530836678,0.9999999999999998,0.0046428469163319885,14,14.0,0,0.0,0.2155398428440094,0.02599323496270181,0.1895466078813076,9.0,14.0,-5.0,5.708970210348084,6.035115599632263,-0.32614538928417947,"[9, 0, 0]",14,0
quincas_borba,complexo,pt,sbert,150,356,57628,8,0.4310796856880188,2.0683615207704213,2.0794415416798357,0.011080020909414401,-12.18175011873051,0.9946716362603473,1.0,0.005328363739652731,8,8.0,0,0.0,0.13894151927457726,1.6700365859936965e-308,0.13894151927457726,5.0,8.0,-3.0,3.1712702182286487,3.4486374855041504,-0.27736726727550165,"[5, 0, 0]",8,0
quincas_borba,complexo,pt,sbert,150,357,57784,6,0.4310796856880188,1.7828620345251458,1.7917594692280547,0.008897434702908935,-5.9745216435066215,0.9950342471432606,0.9999999999999999,0.004965752856739281,6,6.0,0,0.0,0.12555839271109231,2.1339657240448646e-308,0.12555839271109231,4.0,6.0,-2.0,2.3719835550945865,2.586478114128113,-0.21449455903352632,"[4, 0, 0]",6,0
quincas_borba,complexo,pt,sbert,150,358,57942,8,0.4310796856880188,2.0794415416798357,2.0794415416798357,0.0,0.0,1.0,1.0,0.0,8,8.0,0,0.0,1.6700365859936965e-308,1.6700365859936965e-308,0.0,8.0,8.0,0.0,3.4486374855041504,3.4486374855041504,0.0,"[8, 0, 0]",8,0
quincas_borba,complexo,pt,sbert,150,359,58106,13,0.4310796856880188,2.556906124019409,2.564949357461537,0.008043233442128095,-8.715649014208545,0.996864174562071,1.0000000000000002,0.0031358254379292294,13,13.0,0,0.0,0.14020737475066591,0.04802524718311407,0.09218212756755184,10.0,13.0,-3.0,5.283411692818085,5.604035913944244,-0.3206242211261596,"[10, 0, 0]",13,0
quincas_borba,complexo,pt,sbert,150,360,58290,11,0.4310796856880188,2.3964822878289223,2.3978952727983707,0.0014129849694484165,-0.07586228890293303,0.9994107394991444,1.0,0.0005892605008556151,11,11.0,0,0.0,0.07640669980331816,0.0441188211070348,0.032287878696283356,10.0,11.0,-1.0,4.665469842764889,4.741876542568207,-0.07640669980331793,"[10, 0, 0]",11,0
quincas_borba,complexo,pt,sbert,150,361,58443,9,0.4310796856880188,2.193239781191691,2.1972245773362196,0.003984796144528513,-0.24186892631339638,0.9981864411195693,1.0,0.0018135588804306657,9,9.0,0,0.0,0.11432822982657198,1.7534658776513645e-308,0.11432822982657198,6.0,9.0,-3.0,3.735939806108611,3.879717171192169,-0.1437773650835581,"[6, 0, 0]",9,0
quincas_borba,complexo,pt,sbert,150,362,58604,9,0.4310796856880188,2.1379208551757465,2.1972245773362196,0.05930372216047308,-3.599613903721734,0.9730097129022791,1.0,0.02699028709772089,9,9.0,0,0.0,0.2155398428440094,1.7534658776513645e-308,0.2155398428440094,5.0,9.0,-4.0,3.293243080572382,3.879717171192169,-0.5864740906197872,"[5, 0, 0]",9,0
quincas_borba,complexo,pt,sbert,150,363,58761,10,0.4310796856880188,2.2957851410690466,2.3025850929940455,0.006799951924998826,-6.9540365677294025,0.9970468184017655,0.9999999999999998,0.0029531815982343224,10,10.0,0,0.0,0.1165997752937371,0.008741839776516214,0.1078579355172209,6.0,10.0,-4.0,4.007182787294601,4.310796856880188,-0.3036140695855867,"[6, 0, 0]",10,0
quincas_borba,complexo,pt,sbert,150,364,58926,10,0.4310796856880188,2.2962682011353754,2.3025850929940455,0.006316891858670015,-6.460030521405638,0.9972566087229998,0.9999999999999998,0.0027433912769999624,10,10.0,0,0.0,0.1477941647409447,0.008741839776516214,0.1390523249644285,9.0,10.0,-1.0,4.163002692139243,4.310796856880188,-0.14779416474094464,"[9, 0, 0]",10,0
quincas_borba,complexo,pt,sbert,150,365,59091,10,0.4310796856880188,2.3025522743602638,2.3025850929940455,3.2818633781683815e-05,-0.033562293077651156,0.9999857470484448,0.9999999999999998,1.4252951554993842e-05,10,10.0,0,0.0,0.011568383402308036,0.008741839776516214,0.002826543625791822,9.0,10.0,-1.0,4.29922847347788,4.310796856880188,-0.011568383402307703,"[9, 0, 0]",10,0
quincas_borba,complexo,pt,sbert,150,366,59241,8,0.4310796856880188,2.07628535106271,2.0794415416798357,0.003156190617125798,-3.4700228220905367,0.9984821931495241,1.0,0.0015178068504758668,8,8.0,0,0.0,0.0887453690207109,1.6700365859936965e-308,0.0887453690207109,5.0,8.0,-3.0,3.275067616766784,3.4486374855041504,-0.17356986873736657,"[5, 0, 0]",8,0
quincas_borba,complexo,pt,sbert,150,367,59415,9,0.4310796856880188,2.193656593836903,2.1972245773362196,0.0035679834993165294,-0.2165692564395194,0.9983761407294824,1.0,0.001623859270517558,9,9.0,0,0.0,0.10942563241585423,1.7534658776513645e-308,0.10942563241585423,6.0,9.0,-3.0,3.756572317721789,3.879717171192169,-0.12314485347038007,"[6, 0, 0]",9,0
quincas_borba,complexo,pt,sbert,150,368,59566,10,0.4310796856880188,2.29952870045075,2.3025850929940455,0.003056392543295594,-3.1256493789721462,0.9986726255839163,0.9999999999999998,0.0013273744160834378,10,10.0,0,0.0,0.10565526152825322,0.008741839776516214,0.096913421751737,9.0,10.0,-1.0,4.205141595351934,4.310796856880188,-0.10565526152825377,"[9, 0, 0]",10,0
quincas_borba,complexo,pt,sbert,150,369,59716,13,0.4310796856880188,2.564949357461537,2.564949357461537,0.0,0.0,1.0000000000000002,1.0000000000000002,0.0,13,13.0,0,0.0,1.8461871597871595e-308,0.04802524718311407,0.0,13.0,13.0,0.0,5.604035913944244,5.604035913944244,0.0,"[13, 0, 0]",13,0
quincas_borba,complexo,pt,sbert,150,370,59868,11,0.4310796856880188,2.3976406901026253,2.3978952727983707,0.0002545826957454089,-0.013668387443544407,0.999893830769578,1.0,0.00010616923042194859,11,11.0,0,0.0,0.024125914322082387,0.0441188211070348,0.0,7.0,11.0,-4.0,4.665706812861039,4.741876542568207,-0.07616972970716773,"[7, 0, 0]",11,0
quincas_borba,complexo,pt,sbert,150,371,60018,13,0.4310796856880188,2.564949357461537,2.564949357461537,0.0,0.0,1.0000000000000002,1.0000000000000002,0.0,13,13.0,0,0.0,1.8461871597871595e-308,0.04802524718311407,0.0,13.0,13.0,0.0,5.604035913944244,5.604035913944244,0.0,"[13, 0, 0]",13,0
quincas_borba,complexo,pt,sbert,150,372,60175,11,0.4310796856880188,2.3884356248712497,2.3978952727983707,0.009459647927120951,-0.507882645239617,0.9960550204029214,1.0,0.003944979597078624,11,11.0,0,0.0,0.18405508624591593,0.0441188211070348,0.13993626513888113,9.0,11.0,-2.0,4.5238668721238895,4.741876542568207,-0.2180096704443173,"[9, 0, 0]",11,0
quincas_borba,complexo,pt,sbert,150,373,60330,12,0.4310796856880188,2.473641738158994,2.484906649788001,0.011264911629006669,-4.270355567438894,0.9954666660697425,1.0000000000000002,0.004533333930257677,12,12.0,0,0.0,0.20177835771808927,0.02023596982198511,0.18154238789610416,10.0,12.0,-2.0,4.905602931754913,5.172956228256226,-0.26735329650131234,"[10, 0, 0]",12,0
quincas_borba,complexo,pt,sbert,150,374,60481,12,0.4310796856880188,2.481405928652876,2.484906649788001,0.0035007211351247847,-1.3270697970623448,0.9985912061785408,1.0000000000000002,0.0014087938214594198,12,12.0,0,0.0,0.11821733799888112,0.02023596982198511,0.09798136817689601,10.0,12.0,-2.0,5.012688465607124,5.172956228256226,-0.16026776264910136,"[10, 0, 0]",12,0
quincas_borba,complexo,pt,sbert,150,375,60639,15,0.4310796856880188,2.6945809540096453,2.708037949872125,0.013456995862479726,-1.3907518216862165,0.9950262195704191,0.9999954759959471,0.004969256425527924,15,15.0,0,0.0,0.19548699430900135,0.07439534752953236,0.12109164677946899,9.0,14.0,-5.0,5.892430177283096,6.457885858069595,-0.5654556807864992,"[9, 0, 0]",15,0
quincas_borba,complexo,pt,sbert,150,376,60793,11,0.4310796856880188,2.360103218977057,2.3978952727983707,0.037792053821313676,-2.029031990585769,0.9842394894180637,1.0,0.015760510581936282,11,11.0,0,0.0,0.2155398428440094,0.0441188211070348,0.1714210217369746,5.0,11.0,-6.0,4.017008739846619,4.741876542568207,-0.7248678027215876,"[5, 0, 0]",11,0
quincas_borba,complexo,pt,sbert,150,377,60953,12,0.4310796856880188,2.4843918748106675,2.484906649788001,0.000514774977333321,-0.19514331428691553,0.9997928393095262,1.0000000000000002,0.00020716069047399532,12,12.0,0,0.0,0.043238808722620925,0.02023596982198511,0.023002838900635814,9.0,12.0,-3.0,5.087079664273235,5.172956228256226,-0.08587656398299082,"[9, 0, 0]",12,0
quincas_borba,complexo,pt,sbert,150,378,61103,8,0.4310796856880188,1.945910149055313,2.0794415416798357,0.13353139262452274,-146.80893395931338,0.9999999999999999,1.0,1.1102230246251565e-16,7,8.0,0,0.0,0.2155398428440094,1.6700365859936965e-308,0.2155398428440094,7.0,8.0,-1.0,3.0175577998161316,3.4486374855041504,-0.4310796856880188,"[7, 0, 0]",7,0
quincas_borba,complexo,pt,sbert,150,379,61256,9,0.4310796856880188,2.1968247983675337,2.1972245773362196,0.00039977896868581553,-0.024265760759552255,0.9998180527503608,1.0,0.00018194724963915831,9,9.0,0,0.0,0.03795380112573826,1.7534658776513645e-308,0.03795380112573826,8.0,9.0,-1.0,3.841763370066431,3.879717171192169,-0.037953801125738096,"[8, 0, 0]",9,0
quincas_borba,complexo,pt,sbert,150,380,61409,8,0.4310796856880188,2.0794415416798357,2.0794415416798357,0.0,0.0,1.0,1.0,0.0,8,8.0,0,0.0,1.6700365859936965e-308,1.6700365859936965e-308,0.0,8.0,8.0,0.0,3.4486374855041504,3.4486374855041504,0.0,"[8, 0, 0]",8,0
quincas_borba,complexo,pt,sbert,150,381,61563,6,0.4310796856880188,1.7873362086734055,1.7917594692280547,0.004423260554649255,-2.970166885291224,0.9975313312804451,0.9999999999999999,0.0024686687195547563,6,6.0,0,0.0,0.09990857380218104,2.1339657240448646e-308,0.09990857380218104,4.0,6.0,-2.0,2.4432134327399333,2.586478114128113,-0.1432646813881795,"[4, 0, 0]",6,0
quincas_borba,complexo,pt,sbert,150,382,61715,13,0.4310796856880188,2.561519327645513,2.564949357461537,0.0034300298160241383,-3.716780844399691,0.9986627300043778,1.0000000000000002,0.0013372699956224476,13,13.0,0,0.0,0.1099530204188146,0.04802524718311407,0.061927773235700534,10.0,13.0,-3.0,5.401127452525545,5.604035913944244,-0.20290846141869956,"[10, 0, 0]",13,0
quincas_borba,complexo,pt,sbert,150,383,61865,13,0.4310796856880188,2.564949357461537,2.564949357461537,0.0,0.0,1.0000000000000002,1.0000000000000002,0.0,13,13.0,0,0.0,1.8461871597871595e-308,0.04802524718311407,0.0,13.0,13.0,0.0,5.604035913944244,5.604035913944244,0.0,"[13, 0, 0]",13,0
quincas_borba,complexo,pt,sbert,150,384,62039,7,0.4310796856880188,1.9458970301264444,1.945910149055313,1.31189288685718e-05,-0.011434757947240805,0.9999932582042007,0.9999999999999999,6.741795799181105e-06,7,7.0,0,0.0,0.006286072905881068,2.131254035680755e-308,0.006286072905881068,6.0,7.0,-1.0,3.0112717269102505,3.0175577998161316,-0.006286072905881124,"[6, 0, 0]",7,0
quincas_borba,complexo,pt,sbert,150,385,62196,11,0.4310796856880188,2.3931508327939577,2.3978952727983707,0.004744440004412986,-0.25472604881134264,0.9980214148389908,1.0,0.0019785851610092386,11,11.0,0,0.0,0.13537379483096867,0.0441188211070348,0.09125497372393387,8.0,11.0,-3.0,4.584569062277925,4.741876542568207,-0.15730748029028163,"[8, 0, 0]",11,0
quincas_borba,complexo,pt,sbert,150,386,62359,5,0.4310796856880188,1.6094379124341005,1.6094379124341005,0.0,0.0,1.0000000000000002,1.0000000000000002,0.0,5,5.0,0,0.0,1.7080381481378566e-308,1.7080381481378566e-308,0.0,5.0,5.0,0.0,2.155398428440094,2.155398428440094,0.0,"[5, 0, 0]",5,0
quincas_borba,complexo,pt,sbert,150,387,62514,11,0.4310796856880188,2.3877929040506203,2.3978952727983707,0.01010236874775039,-0.5423899284965326,0.9957869850020761,1.0,0.004213014997923925,11,11.0,0,0.0,0.16740819111035693,0.0441188211070348,0.12328937000332213,6.0,11.0,-5.0,4.322449133235559,4.741876542568207,-0.41942740933264755,"[6, 0, 0]",11,0
quincas_borba,complexo,pt,sbert,150,388,62685,9,0.4310796856880188,2.1972245773362196,2.1972245773362196,0.0,0.0,1.0,1.0,0.0,9,9.0,0,0.0,1.7534658776513645e-308,1.7534658776513645e-308,0.0,9.0,9.0,0.0,3.879717171192169,3.879717171192169,0.0,"[9, 0, 0]",9,0
quincas_borba,complexo,pt,sbert,150,389,62841,6,0.4310796856880188,1.7917490777622798,1.7917594692280547,1.039146577497263e-05,-0.006977745749573693,0.9999942004125254,0.9999999999999999,5.799587474486501e-06,6,6.0,0,0.0,0.0052553548314139276,2.1339657240448646e-308,0.0052553548314139276,5.0,6.0,-1.0,2.5812227592966988,2.586478114128113,-0.005255354831414039,"[5, 0, 0]",6,0
quincas_borba,complexo,pt,sbert,150,390,63005,7,0.4310796856880188,1.945910149055313,1.945910149055313,0.0,0.0,0.9999999999999999,0.9999999999999999,0.0,7,7.0,0,0.0,2.131254035680755e-308,2.131254035680755e-308,0.0,7.0,7.0,0.0,3.0175577998161316,3.0175577998161316,0.0,"[7, 0, 0]",7,0
quincas_borba,complexo,pt,sbert,150,391,63190,6,0.4310796856880188,1.7917489251163516,1.7917594692280547,1.054411170309244e-05,-0.007080245675877933,0.9999941152192109,0.9999999999999999,5.8847807890005654e-06,6,6.0,0,0.0,0.005399675902524603,2.1339657240448646e-308,0.005399675902524603,4.0,6.0,-2.0,2.580119733025585,2.586478114128113,-0.006358381102527844,"[4, 0, 0]",6,0
quincas_borba,complexo,pt,sbert,150,392,63376,8,0.4310796856880188,2.07850386706259,2.0794415416798357,0.0009376746172455874,-1.0309112205967597,0.9995490738265774,1.0,0.00045092617342257224,8,8.0,0,0.0,0.05496756836227562,1.6700365859936965e-308,0.05496756836227562,6.0,8.0,-2.0,3.3900862774053078,3.4486374855041504,-0.05855120809884262,"[6, 0, 0]",8,0
quincas_borba,complexo,pt,sbert,150,393,63529,8,0.4310796856880188,2.0781474168260585,2.0794415416798357,0.0012941248537772232,-1.422804678803263,0.9993776574970548,1.0,0.000622342502945239,8,8.0,0,0.0,0.06380814436868493,1.6700365859936965e-308,0.06380814436868493,7.0,8.0,-1.0,3.3848293411354655,3.4486374855041504,-0.06380814436868487,"[7, 0, 0]",8,0
quincas_borba,complexo,pt,sbert,150,394,63679,8,0.4310796856880188,2.0794415416798357,2.0794415416798357,0.0,0.0,1.0,1.0,0.0,8,8.0,0,0.0,1.6700365859936965e-308,1.6700365859936965e-308,0.0,8.0,8.0,0.0,3.4486374855041504,3.4486374855041504,0.0,"[8, 0, 0]",8,0
quincas_borba,complexo,pt,sbert,150,395,63829,7,0.4310796856880188,1.945910149055313,1.945910149055313,0.0,0.0,0.9999999999999999,0.9999999999999999,0.0,7,7.0,0,0.0,2.131254035680755e-308,2.131254035680755e-308,0.0,7.0,7.0,0.0,3.0175577998161316,3.0175577998161316,0.0,"[7, 0, 0]",7,0
quincas_borba,complexo,pt,sbert,150,396,63980,12,0.4310796856880188,2.48402028080468,2.484906649788001,0.0008863689833207289,-0.33600891399647803,0.9996432988807061,1.0000000000000002,0.00035670111929408943,12,12.0,0,0.0,0.057924005922562916,0.02023596982198511,0.037688036100577804,8.0,12.0,-4.0,5.062855435143298,5.172956228256226,-0.11010079311292742,"[8, 0, 0]",12,0
quincas_borba,complexo,pt,sbert,150,397,64134,19,0.4310796856880188,2.9444380501087615,2.9442215583496374,0.00021649175912408225,0.03536674857365617,0.9999996844703913,0.9999261588308193,7.352563957208069e-05,19,19.0,0,0.0,0.0338430528863809,0.04466476529837757,0.0,18.0,18.0,0.0,8.187885721153677,8.140241285316044,0.04764443583763267,"[18, 0, 0]",19,0
quincas_borba,complexo,pt,sbert,150,398,64288,13,0.4310796856880188,2.564949357461537,2.564949357461537,0.0,0.0,1.0000000000000002,1.0000000000000002,0.0,13,13.0,0,0.0,1.8461871597871595e-308,0.04802524718311407,0.0,13.0,13.0,0.0,5.604035913944244,5.604035913944244,0.0,"[13, 0, 0]",13,0
quincas_borba,complexo,pt,sbert,150,399,64448,7,0.4310796856880188,1.945910149055313,1.945910149055313,0.0,0.0,0.9999999999999999,0.9999999999999999,0.0,7,7.0,0,0.0,2.131254035680755e-308,2.131254035680755e-308,0.0,7.0,7.0,0.0,3.0175577998161316,3.0175577998161316,0.0,"[7, 0, 0]",7,0
quincas_borba,complexo,pt,sbert,150,400,64606,8,0.4310796856880188,2.078337419765821,2.0794415416798357,0.0011041219140146552,-1.2139090139904662,0.9994690295967047,1.0,0.0005309704032953055,8,8.0,0,0.0,0.059111966545019934,1.6700365859936965e-308,0.059111966545019934,7.0,8.0,-1.0,3.3895255189591307,3.4486374855041504,-0.05911196654501971,"[7, 0, 0]",8,0
quincas_borba,complexo,pt,sbert,150,401,64768,8,0.4310796856880188,2.0792272611206544,2.0794415416798357,0.000214280559181379,-0.23558730155748087,0.9998969528333034,1.0,0.00010304716669662373,8,8.0,0,0.0,0.026564750297052908,1.6700365859936965e-308,0.026564750297052908,7.0,8.0,-1.0,3.4220727352070974,3.4486374855041504,-0.026564750297052964,"[7, 0, 0]",8,0
quincas_borba,complexo,pt,sbert,150,402,64928,15,0.4310796856880188,2.702430439132205,2.708037949872125,0.005607510739920052,-0.5795242754300568,0.99792479402054,0.9999954759959471,0.0020706819754070516,15,15.0,0,0.0,0.11330798362887784,0.07439534752953236,0.03891263609934548,10.0,14.0,-4.0,6.134635630522813,6.457885858069595,-0.3232502275467821,"[10, 0, 0]",15,0
quincas_borba,complexo,pt,sbert,150,403,65122,14,0.4310796856880188,2.638711853884487,2.639057329615258,0.00034547573077103877,-0.2724139616323124,0.9998690912368994,0.9999999999999998,0.00013090876310040134,14,14.0,0,0.0,0.029825547603787417,0.02599323496270181,0.0038323126410856057,11.0,14.0,-3.0,5.954313696055797,6.035115599632263,-0.08080190357646622,"[11, 0, 0]",14,0
quincas_borba,complexo,pt,sbert,150,404,65272,12,0.4310796856880188,2.4844562835147546,2.484906649788001,0.0004503662732462388,-0.1707269604664773,0.9998187592788308,1.0000000000000002,0.0001812407211694289,12,12.0,0,0.0,0.037838240152660574,0.02023596982198511,0.017602270330675462,10.0,12.0,-2.0,5.105705893761474,5.172956228256226,-0.06725033449475148,"[10, 0, 0]",12,0
quincas_borba,complexo,pt,sbert,150,405,65429,15,0.4310796856880188,2.698290590849157,2.708037949872125,0.009747359022968194,-1.0073687661314772,0.9963960748404587,0.9999954759959471,0.003599401155488402,15,15.0,0,0.0,0.14239826875576028,0.07439534752953236,0.06800292122622792,10.0,14.0,-4.0,5.918001395728992,6.457885858069595,-0.5398844623406029,"[10, 0, 0]",15,0
quincas_borba,complexo,pt,sbert,150,406,65586,13,0.4310796856880188,2.515511760661122,2.564949357461537,0.04943759680041504,-53.57058761487016,0.9807257025731917,1.0000000000000002,0.01927429742680853,13,13.0,0,0.0,0.2155398428440094,0.04802524718311407,0.16751459566089533,11.0,13.0,-2.0,5.108164746419035,5.604035913944244,-0.495871167525209,"[11, 0, 0]",13,0
quincas_borba,complexo,pt,sbert,150,407,65747,14,0.4310796856880188,2.6374713397166856,2.639057329615258,0.001585989898572393,-1.2505821766834029,0.9993990316615047,0.9999999999999998,0.0006009683384951003,14,14.0,0,0.0,0.08607314361012197,0.02599323496270181,0.06007990864742016,12.0,14.0,-2.0,5.915419655761441,6.035115599632263,-0.1196959438708225,"[12, 0, 0]",14,0
quincas_borba,complexo,pt,sbert,150,408,65915,7,0.4310796856880188,1.945035587523685,1.945910149055313,0.0008745615316279043,-0.7622877998897154,0.999550564278596,0.9999999999999999,0.0004494357214038791,7,7.0,0,0.0,0.0499353977087269,2.131254035680755e-308,0.0499353977087269,6.0,7.0,-1.0,2.9676224021074047,3.0175577998161316,-0.0499353977087269,"[6, 0, 0]",7,0
quincas_borba,complexo,pt,sbert,150,409,66065,10,0.4310796856880188,2.298300992869185,2.3025850929940455,0.004284100124860579,-4.381176404875791,0.9981394389558518,0.9999999999999998,0.0018605610441480014,10,10.0,0,0.0,0.12202068677115563,0.008741839776516214,0.11327884699463941,7.0,10.0,-3.0,4.140511439569251,4.310796856880188,-0.17028541731093672,"[7, 0, 0]",10,0
quincas_borba,complexo,pt,sbert,150,410,66216,10,0.4310796856880188,2.3025850929940455,2.3025850929940455,0.0,0.0,0.9999999999999998,0.9999999999999998,0.0,10,10.0,0,0.0,1.77674289996071e-308,0.008741839776516214,0.0,10.0,10.0,0.0,4.310796856880188,4.310796856880188,0.0,"[10, 0, 0]",10,0
quincas_borba,complexo,pt,sbert,150,411,66385,11,0.4310796856880188,2.395231671932258,2.3978952727983707,0.0026636008661125032,-0.1430070827335196,0.9988891921610054,1.0,0.001110807838994643,11,11.0,0,0.0,0.10323875451806114,0.0441188211070348,0.05911993341102634,10.0,11.0,-1.0,4.638637788050145,4.741876542568207,-0.10323875451806153,"[10, 0, 0]",11,0
quincas_borba,complexo,pt,sbert,150,412,66549,11,0.4310796856880188,2.3974824009945817,2.3978952727983707,0.00041287180378901667,-0.02216683173292659,0.9998278190843142,1.0,0.00017218091568582672,11,11.0,0,0.0,0.03989600343940514,0.0441188211070348,0.0,9.0,11.0,-2.0,4.683924922583816,4.741876542568207,-0.05795161998439102,"[9, 0, 0]",11,0
quincas_borba,complexo,pt,sbert,150,413,66703,12,0.4310796856880188,2.484906649788001,2.484906649788001,0.0,0.0,1.0000000000000002,1.0000000000000002,0.0,12,12.0,0,0.0,1.1844518471044315e-308,0.02023596982198511,0.0,12.0,12.0,0.0,5.172956228256226,5.172956228256226,0.0,"[12, 0, 0]",12,0
quincas_borba,complexo,pt,sbert,150,414,66857,7,0.4310796856880188,1.945910149055313,1.945910149055313,0.0,0.0,0.9999999999999999,0.9999999999999999,0.0,7,7.0,0,0.0,2.131254035680755e-308,2.131254035680755e-308,0.0,7.0,7.0,0.0,3.0175577998161316,3.0175577998161316,0.0,"[7, 0, 0]",7,0
quincas_borba,complexo,pt,sbert,150,415,67010,10,0.4310796856880188,2.3025850929940455,2.3025850929940455,0.0,0.0,0.9999999999999998,0.9999999999999998,0.0,10,10.0,0,0.0,1.77674289996071e-308,0.008741839776516214,0.0,10.0,10.0,0.0,4.310796856880188,4.310796856880188,0.0,"[10, 0, 0]",10,0
quincas_borba,complexo,pt,sbert,150,416,67163,10,0.4310796856880188,2.29734017971964,2.3025850929940455,0.0052449132744052385,-5.3637612599429785,0.9977221631068645,0.9999999999999998,0.002277836893135321,10,10.0,0,0.0,0.13575530554736515,0.008741839776516214,0.12701346577084893,9.0,10.0,-1.0,4.175041551332823,4.310796856880188,-0.1357553055473648,"[9, 0, 0]",10,0
quincas_borba,complexo,pt,sbert,150,417,67322,10,0.4310796856880188,2.2942187456545793,2.3025850929940455,0.008366347339466174,-8.555925979871308,0.9963665415167837,0.9999999999999998,0.0036334584832160566,10,10.0,0,0.0,0.158581484205379,0.008741839776516214,0.14983964442886277,6.0,10.0,-4.0,4.066702655783074,4.310796856880188,-0.24409420109711366,"[6, 0, 0]",10,0
quincas_borba,complexo,pt,sbert,150,418,67495,11,0.4310796856880188,2.3977486023240338,2.3978952727983707,0.0001466704743369185,-0.00787464703323848,0.999938833661336,1.0,6.116633866404264e-05,11,11.0,0,0.0,0.02545144796769183,0.0441188211070348,0.0,9.0,11.0,-2.0,4.7142462736011845,4.741876542568207,-0.027630268967022253,"[9, 0, 0]",11,0
quincas_borba,complexo,pt,sbert,150,419,67669,10,0.4310796856880188,2.2912379354964907,2.3025850929940455,0.011347157497554772,-11.604280301995571,0.9950719921135247,0.9999999999999998,0.004928007886475072,10,10.0,0,0.0,0.1920249852772108,0.008741839776516214,0.18328314550069458,9.0,10.0,-1.0,4.118771871602977,4.310796856880188,-0.1920249852772109,"[9, 0, 0]",10,0
quincas_borba,complexo,pt,sbert,150,420,67822,15,0.4310796856880188,2.6974271303168993,2.708037949872125,0.010610819555225692,-1.0966055705760305,0.9960772253110423,0.9999954759959471,0.0039182506849048115,15,15.0,0,0.0,0.2113851292186658,0.07439534752953236,0.13698978168913345,14.0,14.0,0.0,6.244950588823251,6.457885858069595,-0.2129352692463442,"[14, 0, 0]",15,0
quincas_borba,complexo,pt,sbert,150,421,67989,11,0.4310796856880188,2.397879653979837,2.3978952727983707,1.561881853362479e-05,-0.0008385647048905745,0.9999934864467557,1.0,6.51355324432501e-06,11,11.0,0,0.0,0.008343896183668154,0.0441188211070348,0.0,10.0,11.0,-1.0,4.733532646384539,4.741876542568207,-0.00834389618366771,"[10, 0, 0]",11,0
quincas_borba,complexo,pt,sbert,150,422,68152,13,0.4310796856880188,2.484906649788001,2.564949357461537,0.08004270767353638,-86.73429053737141,1.0000000000000002,1.0000000000000002,0.0,12,13.0,0,0.0,0.2155398428440094,0.04802524718311407,0.16751459566089533,12.0,13.0,-1.0,5.172956228256226,5.604035913944244,-0.4310796856880188,"[12, 0, 0]",12,0
quincas_borba,complexo,pt,sbert,150,423,68303,15,0.4310796856880188,2.70805020110221,2.708037949872125,1.2251230085080778e-05,0.0012661385002152624,1.0,0.9999954759959471,4.524004052930408e-06,15,15.0,0,0.0,0.008309427250687174,0.07439534752953236,0.0,15.0,14.0,1.0,6.466195285320282,6.457885858069595,0.008309427250686952,"[15, 0, 0]",15,0
quincas_borba,complexo,pt,sbert,150,424,68457,8,0.4310796856880188,2.079438283208921,2.0794415416798357,3.2584709148686386e-06,-0.003582473244283692,0.9999984330067234,1.0,1.5669932765804973e-06,8,8.0,0,0.0,0.003321102874637105,1.6700365859936965e-308,0.003321102874637105,7.0,8.0,-1.0,3.445316382629513,3.4486374855041504,-0.0033211028746373827,"[7, 0, 0]",8,0
quincas_borba,complexo,pt,sbert,150,425,68610,13,0.4310796856880188,2.5649493079809407,2.564949357461537,4.94805965089995e-08,-5.361718210580865e-05,0.9999999807089384,1.0000000000000002,1.9291061859050274e-08,13,13.0,0,0.0,0.0005087811295336753,0.04802524718311407,0.0,12.0,13.0,-1.0,5.603527132814711,5.604035913944244,-0.0005087811295334532,"[12, 0, 0]",13,0
quincas_borba,complexo,pt,sbert,150,426,68766,14,0.4310796856880188,2.6321774024333844,2.639057329615258,0.00687992718187358,-5.424948997642082,0.9973930361024491,0.9999999999999998,0.0026069638975506626,14,14.0,0,0.0,0.15291140299461387,0.02599323496270181,0.12691816803191205,10.0,14.0,-4.0,5.725319031929181,6.035115599632263,-0.3097965677030823,"[10, 0, 0]",14,0
quincas_borba,complexo,pt,sbert,150,427,68924,12,0.4310796856880188,2.484906649788001,2.484906649788001,0.0,0.0,1.0000000000000002,1.0000000000000002,0.0,12,12.0,0,0.0,1.1844518471044315e-308,0.02023596982198511,0.0,12.0,12.0,0.0,5.172956228256226,5.172956228256226,0.0,"[12, 0, 0]",12,0
quincas_borba,complexo,pt,sbert,150,428,69085,8,0.4310796856880188,2.074230733800752,2.0794415416798357,0.005210807879083568,-5.728938602071915,0.997494131104607,1.0,0.0025058688953929487,8,8.0,0,0.0,0.11736867729451494,1.6700365859936965e-308,0.11736867729451494,5.0,8.0,-3.0,3.2665297426594355,3.4486374855041504,-0.18210774284471487,"[5, 0, 0]",8,0
quincas_borba,complexo,pt,sbert,150,429,69242,13,0.4310796856880188,2.397237296855763,2.564949357461537,0.16771206060577404,-181.73281506832078,0.9997256027191548,1.0000000000000002,0.0002743972808454398,11,13.0,0,0.0,0.2155398428440094,0.04802524718311407,0.16751459566089533,8.0,13.0,-5.0,4.641069782275018,5.604035913944244,-0.9629661316692264,"[8, 0, 0]",11,0
quincas_borba,complexo,pt,sbert,150,430,69393,11,0.4310796856880188,2.3978952727983707,2.3978952727983707,0.0,0.0,1.0,1.0,0.0,11,11.0,0,0.0,1.4278175975554427e-308,0.0441188211070348,0.0,11.0,11.0,0.0,4.741876542568207,4.741876542568207,0.0,"[11, 0, 0]",11,0
quincas_borba,complexo,pt,sbert,150,431,69544,10,0.4310796856880188,2.2937739665503876,2.3025850929940455,0.00881112644365789,-9.01078363022325,0.9961733764061673,0.9999999999999998,0.0038266235938324566,10,10.0,0,0.0,0.1700872077547843,0.008741839776516214,0.1613453679782681,6.0,10.0,-4.0,4.019259930405083,4.310796856880188,-0.2915369264751053,"[6, 0, 0]",10,0
quincas_borba,complexo,pt,sbert,150,432,69705,12,0.4310796856880188,2.484904026023433,2.484906649788001,2.6237645678328647e-06,-0.0009946289859072755,0.9999989441194631,1.0000000000000002,1.0558805371152502e-06,12,12.0,0,0.0,0.0035663147935690587,0.02023596982198511,0.0,11.0,12.0,-1.0,5.169389913462656,5.172956228256226,-0.0035663147935691697,"[11, 0, 0]",12,0
quincas_borba,complexo,pt,sbert,150,433,69859,12,0.4310796856880188,2.484906649788001,2.484906649788001,0.0,0.0,1.0000000000000002,1.0000000000000002,0.0,12,12.0,0,0.0,1.1844518471044315e-308,0.02023596982198511,0.0,12.0,12.0,0.0,5.172956228256226,5.172956228256226,0.0,"[12, 0, 0]",12,0
quincas_borba,complexo,pt,sbert,150,434,70012,9,0.4310796856880188,2.1972245773362196,2.1972245773362196,0.0,0.0,1.0,1.0,0.0,9,9.0,0,0.0,1.7534658776513645e-308,1.7534658776513645e-308,0.0,9.0,9.0,0.0,3.879717171192169,3.879717171192169,0.0,"[9, 0, 0]",9,0
quincas_borba,complexo,pt,sbert,150,435,70163,8,0.4310796856880188,2.0794415416798357,2.0794415416798357,0.0,0.0,1.0,1.0,0.0,8,8.0,0,0.0,1.6700365859936965e-308,1.6700365859936965e-308,0.0,8.0,8.0,0.0,3.4486374855041504,3.4486374855041504,0.0,"[8, 0, 0]",8,0
quincas_borba,complexo,pt,sbert,150,436,70340,11,0.4310796856880188,2.394364384096344,2.3978952727983707,0.003530888702026669,-0.18957123011847307,0.998527505040741,1.0,0.001472494959259052,11,11.0,0,0.0,0.09072310132369427,0.0441188211070348,0.046604280216659466,5.0,11.0,-6.0,4.502692412358433,4.741876542568207,-0.23918413020977347,"[5, 0, 0]",11,0
quincas_borba,complexo,pt,sbert,150,437,70491,10,0.4310796856880188,2.302524105207394,2.3025850929940455,6.098778665153404e-05,-0.06236974955668088,0.9999735133407935,0.9999999999999998,2.6486659206237384e-05,10,10.0,0,0.0,0.013647591544530047,0.008741839776516214,0.004905751768013833,8.0,10.0,-2.0,4.287652510590571,4.310796856880188,-0.023144346289616813,"[8, 0, 0]",10,0
quincas_borba,complexo,pt,sbert,150,438,70645,17,0.4310796856880188,2.687144456232971,2.8331969674887265,0.14605251125575558,-44.792756328815855,0.9922801486985986,0.9999942197902167,0.0077140710916181465,15,17.0,0,0.0,0.2155398428440094,0.047031536150197145,0.16850830669381225,10.0,16.0,-6.0,6.025351519787624,7.318032633477028,-1.2926811136894036,"[10, 0, 0]",15,0
quincas_borba,complexo,pt,sbert,150,439,70796,12,0.4310796856880188,2.484906649788001,2.484906649788001,0.0,0.0,1.0000000000000002,1.0000000000000002,0.0,12,12.0,0,0.0,1.1844518471044315e-308,0.02023596982198511,0.0,12.0,12.0,0.0,5.172956228256226,5.172956228256226,0.0,"[12, 0, 0]",12,0
quincas_borba,complexo,pt,sbert,150,440,70965,8,0.4310796856880188,2.0794415416798357,2.0794415416798357,0.0,0.0,1.0,1.0,0.0,8,8.0,0,0.0,1.6700365859936965e-308,1.6700365859936965e-308,0.0,8.0,8.0,0.0,3.4486374855041504,3.4486374855041504,0.0,"[8, 0, 0]",8,0
quincas_borba,complexo,pt,sbert,150,441,71119,11,0.4310796856880188,2.388121359363459,2.3978952727983707,0.00977391343491174,-0.5247553659406438,0.9959239615066652,1.0,0.0040760384933348215,11,11.0,0,0.0,0.18716292222997133,0.0441188211070348,0.14304410112293653,10.0,11.0,-1.0,4.5547136203382355,4.741876542568207,-0.18716292222997133,"[10, 0, 0]",11,0
quincas_borba,complexo,pt,sbert,150,442,71277,16,0.4310796856880188,2.7056627495656436,2.7725041009422102,0.06684135137656666,-7.308597083999872,0.9991183872678598,0.9999694793184102,0.0008510920505503394,15,16.0,0,0.0,0.20415794842091048,0.06534875824548556,0.13880919017542492,10.0,15.0,-5.0,6.182272615098975,6.874511182162103,-0.6922385670631286,"[10, 0, 0]",15,0
quincas_borba,complexo,pt,sbert,150,443,71453,11,0.4310796856880188,2.3892592403935597,2.3978952727983707,0.008636032404810923,-0.4636632373553179,0.9963984947538044,1.0,0.0036015052461956243,11,11.0,0,0.0,0.15643556950157583,0.0441188211070348,0.11231674839454103,8.0,11.0,-3.0,4.48196689574694,4.741876542568207,-0.25990964682126716,"[8, 0, 0]",11,0
quincas_borba,complexo,pt,sbert,150,444,71610,12,0.4310796856880188,2.484906649788001,2.484906649788001,0.0,0.0,1.0000000000000002,1.0000000000000002,0.0,12,12.0,0,0.0,1.1844518471044315e-308,0.02023596982198511,0.0,12.0,12.0,0.0,5.172956228256226,5.172956228256226,0.0,"[12, 0, 0]",12,0
quincas_borba,complexo,pt,sbert,150,445,71765,9,0.4310796856880188,2.1972245773362196,2.1972245773362196,0.0,0.0,1.0,1.0,0.0,9,9.0,0,0.0,1.7534658776513645e-308,1.7534658776513645e-308,0.0,9.0,9.0,0.0,3.879717171192169,3.879717171192169,0.0,"[9, 0, 0]",9,0
quincas_borba,complexo,pt,sbert,150,446,71922,7,0.4310796856880188,1.9457570394458565,1.945910149055313,0.0001531096094564699,-0.13345383156436796,0.9999213172254994,0.9999999999999999,7.868277450051586e-05,7,7.0,0,0.0,0.021277021678592134,2.131254035680755e-308,0.021277021678592134,6.0,7.0,-1.0,2.9962807781375393,3.0175577998161316,-0.021277021678592245,"[6, 0, 0]",7,0
quincas_borba,complexo,pt,sbert,150,447,72093,12,0.4310796856880188,2.481880686455157,2.484906649788001,0.003025963332843773,-1.1470963812980044,0.9987822627730899,1.0000000000000002,0.0012177372269103204,12,12.0,0,0.0,0.1109512184525932,0.02023596982198511,0.09071524863060809,9.0,12.0,-3.0,5.010073513744221,5.172956228256226,-0.16288271451200487,"[9, 0, 0]",12,0
quincas_borba,complexo,pt,sbert,150,448,72245,13,0.4310796856880188,2.564949357461537,2.564949357461537,0.0,0.0,1.0000000000000002,1.0000000000000002,0.0,13,13.0,0,0.0,1.8461871597871595e-308,0.04802524718311407,0.0,13.0,13.0,0.0,5.604035913944244,5.604035913944244,0.0,"[13, 0, 0]",13,0
quincas_borba,complexo,pt,sbert,150,449,72421,10,0.4310796856880188,2.3025850929940455,2.3025850929940455,0.0,0.0,0.9999999999999998,0.9999999999999998,0.0,10,10.0,0,0.0,1.77674289996071e-308,0.008741839776516214,0.0,10.0,10.0,0.0,4.310796856880188,4.310796856880188,0.0,"[10, 0, 0]",10,0
quincas_borba,complexo,pt,sbert,150,450,72576,6,0.4310796856880188,1.7917087248983545,1.7917594692280547,5.074432970020304e-05,-0.034074214220417856,0.999971679050357,0.9999999999999999,2.8320949642890447e-05,6,6.0,0,0.0,0.01156575941180904,2.1339657240448646e-308,0.01156575941180904,5.0,6.0,-1.0,2.5749123547163038,2.586478114128113,-0.01156575941180904,"[5, 0, 0]",6,0
quincas_borba,complexo,pt,sbert,150,451,72751,9,0.4310796856880188,2.195788723777725,2.1972245773362196,0.0014358535584944043,-0.08715335639269013,0.9993465148836833,1.0,0.0006534851163166877,9,9.0,0,0.0,0.07053865133725651,1.7534658776513645e-308,0.07053865133725651,8.0,9.0,-1.0,3.8091785198549126,3.879717171192169,-0.07053865133725656,"[8, 0, 0]",9,0
quincas_borba,complexo,pt,sbert,150,452,72929,12,0.4310796856880188,2.484863349140394,2.484906649788001,4.330064760660335e-05,-0.016414612708051345,0.9999825745375144,1.0000000000000002,1.7425462485842758e-05,12,12.0,0,0.0,0.014406212300007493,0.02023596982198511,0.0,11.0,12.0,-1.0,5.158550015956218,5.172956228256226,-0.014406212300007937,"[11, 0, 0]",12,0
quincas_borba,complexo,pt,sbert,150,453,73082,11,0.4310796856880188,2.3978952727983707,2.3978952727983707,0.0,0.0,1.0,1.0,0.0,11,11.0,0,0.0,1.4278175975554427e-308,0.0441188211070348,0.0,11.0,11.0,0.0,4.741876542568207,4.741876542568207,0.0,"[11, 0, 0]",11,0
quincas_borba,complexo,pt,sbert,150,454,73239,9,0.4310796856880188,2.195008636154924,2.1972245773362196,0.002215941181295644,-0.13450306988214403,0.9989914817064435,1.0,0.0010085182935565262,9,9.0,0,0.0,0.08160921556114747,1.7534658776513645e-308,0.08160921556114747,7.0,9.0,-2.0,3.757044091460779,3.879717171192169,-0.12267307973139019,"[7, 0, 0]",9,0
quincas_borba,complexo,pt,sbert,150,455,73404,9,0.4310796856880188,2.197221242659392,2.1972245773362196,3.334676827559946e-06,-0.00020240802154749114,0.9999984823231717,1.0,1.5176768283220454e-06,9,9.0,0,0.0,0.0035353926637614608,1.7534658776513645e-308,0.0035353926637614608,8.0,9.0,-1.0,3.876181778528408,3.879717171192169,-0.0035353926637613498,"[8, 0, 0]",9,0
quincas_borba,complexo,pt,sbert,150,456,73565,13,0.4310796856880188,2.5497163147720427,2.564949357461537,0.015233042689494436,-16.506527437672055,0.9940610746776811,1.0000000000000002,0.0059389253223191,13,13.0,0,0.0,0.2155398428440094,0.04802524718311407,0.16751459566089533,4.0,13.0,-9.0,5.074315389823598,5.604035913944244,-0.5297205241206466,"[4, 0, 0]",13,0
quincas_borba,complexo,pt,sbert,150,457,73724,10,0.4310796856880188,2.1204928364792064,2.3025850929940455,0.18209225651483907,-186.21840631686112,0.9650778797722908,0.9999999999999998,0.03492212022770902,9,10.0,0,0.0,0.2155398428440094,0.008741839776516214,0.20679800306749319,6.0,10.0,-4.0,3.3671794756975815,4.310796856880188,-0.9436173811826065,"[6, 0, 0]",9,0
quincas_borba,complexo,pt,sbert,150,458,73877,11,0.4310796856880188,2.3977777006449155,2.3978952727983707,0.00011757215345520322,-0.006312376186025819,0.9999509686036797,1.0,4.903139632028708e-05,11,11.0,0,0.0,0.022716482649086267,0.0441188211070348,0.0,10.0,11.0,-1.0,4.719160059919121,4.741876542568207,-0.02271648264908599,"[10, 0, 0]",11,0
quincas_borba,complexo,pt,sbert,150,459,74038,13,0.4310796856880188,2.5627019458957285,2.564949357461537,0.0022474115658086546,-2.4352955237462983,0.9991237988542462,1.0000000000000002,0.0008762011457540408,13,13.0,0,0.0,0.10271418938208626,0.04802524718311407,0.05468894219897219,11.0,13.0,-2.0,5.498857926379941,5.604035913944244,-0.10517798756430352,"[11, 0, 0]",13,0
quincas_borba,complexo,pt,sbert,150,460,74192,12,0.4310796856880188,2.484906649788001,2.484906649788001,0.0,0.0,1.0000000000000002,1.0000000000000002,0.0,12,12.0,0,0.0,1.1844518471044315e-308,0.02023596982198511,0.0,12.0,12.0,0.0,5.172956228256226,5.172956228256226,0.0,"[12, 0, 0]",12,0
quincas_borba,complexo,pt,sbert,150,461,74356,9,0.4310796856880188,2.1972245773362196,2.1972245773362196,0.0,0.0,1.0,1.0,0.0,9,9.0,0,0.0,1.7534658776513645e-308,1.7534658776513645e-308,0.0,9.0,9.0,0.0,3.879717171192169,3.879717171192169,0.0,"[9, 0, 0]",9,0
quincas_borba,complexo,pt,sbert,150,462,74512,8,0.4310796856880188,2.0794415416798357,2.0794415416798357,0.0,0.0,1.0,1.0,0.0,8,8.0,0,0.0,1.6700365859936965e-308,1.6700365859936965e-308,0.0,8.0,8.0,0.0,3.4486374855041504,3.4486374855041504,0.0,"[8, 0, 0]",8,0
quincas_borba,complexo,pt,sbert,150,463,74664,7,0.4310796856880188,1.945881026096141,1.945910149055313,2.912295917201213e-05,-0.025384236180829984,0.9999850337595565,0.9999999999999999,1.4966240443392564e-05,7,7.0,0,0.0,0.009348297575166753,2.131254035680755e-308,0.009348297575166753,6.0,7.0,-1.0,3.0082095022409647,3.0175577998161316,-0.009348297575166864,"[6, 0, 0]",7,0
quincas_borba,complexo,pt,sbert,150,464,74819,9,0.4310796856880188,2.1972245773362196,2.1972245773362196,0.0,0.0,1.0,1.0,0.0,9,9.0,0,0.0,1.7534658776513645e-308,1.7534658776513645e-308,0.0,9.0,9.0,0.0,3.879717171192169,3.879717171192169,0.0,"[9, 0, 0]",9,0
quincas_borba,complexo,pt,sbert,150,465,74983,10,0.4310796856880188,2.298522730442292,2.3025850929940455,0.004062362551753296,-4.154414332314831,0.9982357383602829,0.9999999999999998,0.0017642616397168798,10,10.0,0,0.0,0.11504826135554885,0.008741839776516214,0.10630642157903264,5.0,10.0,-5.0,4.082569845294591,4.310796856880188,-0.22822701158559688,"[5, 0, 0]",10,0
quincas_borba,complexo,pt,sbert,150,466,75159,10,0.4310796856880188,2.3017822341308034,2.3025850929940455,0.0008028588632420508,-0.8210513773171778,0.9996513228259467,0.9999999999999998,0.0003486771740530692,10,10.0,0,0.0,0.055805248571875965,0.008741839776516214,0.04706340879535975,9.0,10.0,-1.0,4.254991608308313,4.310796856880188,-0.05580524857187541,"[9, 0, 0]",10,0
quincas_borba,complexo,pt,sbert,150,467,75314,9,0.4310796856880188,2.1928929511486652,2.1972245773362196,0.004331626187554338,-0.26292079624031106,0.998028591964502,1.0,0.0019714080354980013,9,9.0,0,0.0,0.11482213062059504,1.7534658776513645e-308,0.11482213062059504,6.0,9.0,-3.0,3.7154578913298786,3.879717171192169,-0.1642592798622906,"[6, 0, 0]",9,0
quincas_borba,complexo,pt,sbert,150,468,75470,12,0.4310796856880188,2.484906649788001,2.484906649788001,0.0,0.0,1.0000000000000002,1.0000000000000002,0.0,12,12.0,0,0.0,1.1844518471044315e-308,0.02023596982198511,0.0,12.0,12.0,0.0,5.172956228256226,5.172956228256226,0.0,"[12, 0, 0]",12,0
quincas_borba,complexo,pt,sbert,150,469,75631,10,0.4310796856880188,2.2991889381156176,2.3025850929940455,0.003396154878427815,-3.473110615302432,0.9985250686766098,0.9999999999999998,0.0014749313233899386,10,10.0,0,0.0,0.11099908991006219,0.008741839776516214,0.10225725013354597,9.0,10.0,-1.0,4.199797766970126,4.310796856880188,-0.11099908991006213,"[9, 0, 0]",10,0
quincas_borba,complexo,pt,sbert,150,470,75790,9,0.4310796856880188,2.1969463895091734,2.1972245773362196,0.0002781878270461391,-0.016885428664524,0.9998733912637262,1.0,0.0001266087362737922,9,9.0,0,0.0,0.03177458361892305,1.7534658776513645e-308,0.03177458361892305,8.0,9.0,-1.0,3.8479425875732463,3.879717171192169,-0.031774583618922936,"[8, 0, 0]",9,0
quincas_borba,complexo,pt,sbert,150,471,75981,5,0.4310796856880188,1.6094379124341005,1.6094379124341005,0.0,0.0,1.0000000000000002,1.0000000000000002,0.0,5,5.0,0,0.0,1.7080381481378566e-308,1.7080381481378566e-308,0.0,5.0,5.0,0.0,2.155398428440094,2.155398428440094,0.0,"[5, 0, 0]",5,0
quincas_borba,complexo,pt,sbert,250,0,0,15,0.4310796856880188,2.707419867533743,2.708037949872125,0.0006180823383821199,-0.06387749144322105,0.9997672371183479,0.9999954759959471,0.00022823887759915173,15,15.0,0,0.0,0.054823356010305135,0.07439534752953236,0.0,13.0,14.0,-1.0,6.3836916704680515,6.457885858069595,-0.0741941876015435,"[13, 0, 0]",15,0
quincas_borba,complexo,pt,sbert,250,1,260,9,0.4310796856880188,2.1972122571657806,2.1972245773362196,1.232017043895084e-05,-0.00074780899398297,0.9999943928487939,1.0,5.607151206121763e-06,9,9.0,0,0.0,0.006783073550551633,1.7534658776513645e-308,0.006783073550551633,8.0,9.0,-1.0,3.8729340976416173,3.879717171192169,-0.006783073550551855,"[8, 0, 0]",9,0
quincas_borba,complexo,pt,sbert,250,2,512,16,0.4310796856880188,2.7643705270482846,2.7725041009422102,0.00813357389392566,-0.8893448923368549,0.9970359126380426,0.9999694793184102,0.002933566680367594,16,16.0,0,0.0,0.15765324634439887,0.06534875824548556,0.09230448809891331,12.0,15.0,-3.0,6.499379129498994,6.874511182162103,-0.37513205266310923,"[12, 0, 0]",16,0
quincas_borba,complexo,pt,sbert,250,3,784,16,0.4310796856880188,2.7723779925762697,2.7725041009422102,0.00012610836594051378,-0.013788997627955648,0.999923995339871,0.9999694793184102,4.548397853920694e-05,16,16.0,0,0.0,0.02977332323413784,0.06534875824548556,0.0,14.0,15.0,-1.0,6.845204930321682,6.874511182162103,-0.02930625184042146,"[14, 0, 0]",16,0
quincas_borba,complexo,pt,sbert,250,4,1040,14,0.4310796856880188,2.6374537242767024,2.639057329615258,0.001603605338555525,-1.2644722747837567,0.9993923567629394,0.9999999999999998,0.0006076432370604179,14,14.0,0,0.0,0.09036613155396411,0.02599323496270181,0.0643728965912623,13.0,14.0,-1.0,5.9447494680782995,6.035115599632263,-0.09036613155396367,"[13, 0, 0]",14,0
quincas_borba,complexo,pt,sbert,250,5,1345,22,0.4310796856880188,3.0718315303105053,3.090650170333123,0.018818640022617572,-2.7872740291712677,0.9937849695247832,0.999873090379342,0.006088120854558787,22,22.0,0,0.0,0.18788436472841616,0.0714145125807068,0.11646985214770936,12.0,20.0,-8.0,8.551741762107184,9.412790540603215,-0.8610487784960306,"[12, 0, 0]",22,0
quincas_borba,complexo,pt,sbert,250,6,1599,14,0.4310796856880188,2.639057329615258,2.639057329615258,0.0,0.0,0.9999999999999998,0.9999999999999998,0.0,14,14.0,0,0.0,1.717888299203142e-308,0.02599323496270181,0.0,14.0,14.0,0.0,6.035115599632263,6.035115599632263,0.0,"[14, 0, 0]",14,0
quincas_borba,complexo,pt,sbert,250,7,1879,12,0.4310796856880188,2.484905722325302,2.484906649788001,9.274626986410794e-07,-0.0003515869124561501,0.9999996267615533,1.0000000000000002,3.7323844692682684e-07,12,12.0,0,0.0,0.0021219248377349897,0.02023596982198511,0.0,11.0,12.0,-1.0,5.1708343034184905,5.172956228256226,-0.0021219248377351008,"[11, 0, 0]",12,0
quincas_borba,complexo,pt,sbert,250,8,2136,12,0.4310796856880188,2.459470597792631,2.484906649788001,0.0254360519953698,-9.642417963794603,0.9897637796584675,1.0000000000000002,0.010236220341532709,12,12.0,0,0.0,0.2155398428440094,0.02023596982198511,0.1953038730220243,9.0,12.0,-3.0,4.6967796276974285,5.172956228256226,-0.47617660055879707,"[9, 0, 0]",12,0
quincas_borba,complexo,pt,sbert,250,9,2422,18,0.4310796856880188,2.8633145085106735,2.890246389658701,0.026931881148027692,-2.8135015669626515,0.9906388341528823,0.9999566255665484,0.009317791413666066,18,18.0,0,0.0,0.20205165271776465,0.04811101558435532,0.15394063713340933,16.0,17.0,-1.0,7.322909258778353,7.72165337759981,-0.3987441188214573,"[16, 0, 0]",18,0
quincas_borba,complexo,pt,sbert,250,10,2675,14,0.4310796856880188,2.6305490921228603,2.639057329615258,0.008508237492397708,-6.70890159676284,0.9967760315788068,0.9999999999999998,0.003223968421192991,14,14.0,0,0.0,0.1686489629873092,0.02599323496270181,0.14265572802460738,9.0,14.0,-5.0,5.614326741440527,6.035115599632263,-0.4207888581917363,"[9, 0, 0]",14,0
quincas_borba,complexo,pt,sbert,250,11,2927,18,0.4310796856880188,2.8843599134258833,2.890246389658701,0.0058864762328179054,-0.6149444227045553,0.9979200445569475,0.9999566255665484,0.002036581009600913,18,18.0,0,0.0,0.15737277625364873,0.04811101558435532,0.10926176066929341,16.0,17.0,-1.0,7.5352978872449645,7.72165337759981,-0.18635549035484544,"[16, 0, 0]",18,0
quincas_borba,complexo,pt,sbert,250,12,3188,13,0.4310796856880188,2.5648545281423196,2.564949357461537,9.482931921755977e-05,-0.1027570651160804,0.9999630287752305,1.0000000000000002,3.697122476975512e-05,13,13.0,0,0.0,0.022048331991186942,0.04802524718311407,0.0,11.0,13.0,-2.0,5.578670015186735,5.604035913944244,-0.025365898757509164,"[11, 0, 0]",13,0
quincas_borba,complexo,pt,sbert,250,13,3445,21,0.4310796856880188,3.0389684245078548,3.0436688816995408,0.004700457191685992,-0.6407362345110701,0.9981757358241967,0.9997485913584523,0.0015728555342555683,21,21.0,0,0.0,0.1217863731093849,0.068321142289549,0.053465230819835896,19.0,19.0,0.0,8.809437582247089,8.95145917769921,-0.14202159545212112,"[19, 0, 0]",21,0
quincas_borba,complexo,pt,sbert,250,14,3720,18,0.4310796856880188,2.8843070103743567,2.890246389658701,0.005939379284344515,-0.6204710629547897,0.9979017413572355,0.9999566255665484,0.0020548842093128794,18,18.0,0,0.0,0.11251436066507861,0.04811101558435532,0.06440334508072329,12.0,17.0,-5.0,7.285865592419331,7.72165337759981,-0.4357877851804792,"[12, 0, 0]",18,0
quincas_borba,complexo,pt,sbert,250,15,3975,21,0.4310796856880188,3.0207210351305407,3.0436688816995408,0.022947846569000063,-3.1281035442182,0.9921822213237883,0.9997485913584523,0.007566370034663983,21,21.0,0,0.0,0.2007908681730565,0.068321142289549,0.1324697258835075,17.0,19.0,-2.0,8.364023269768584,8.95145917769921,-0.587435907930626,"[17, 0, 0]",21,0
quincas_borba,complexo,pt,sbert,250,16,4249,26,0.4310796856880188,3.2298573176089556,3.2577457924043594,0.027888474795403795,-3.246532654280778,0.9913326016945848,0.9998923464627185,0.008559744768133704,26,26.0,0,0.0,0.19097429066835872,0.06536339293820326,0.12561089773015546,17.0,24.0,-7.0,10.065696044245525,11.117490184071979,-1.0517941398264536,"[17, 0, 0]",26,0
quincas_borba,complexo,pt,sbert,250,17,4529,14,0.4310796856880188,2.6336140847838148,2.639057329615258,0.005443244831443206,-4.2920985661096305,0.997937428349752,0.9999999999999998,0.002062571650247813,14,14.0,0,0.0,0.12449511599057211,0.02599323496270181,0.0985018810278703,10.0,14.0,-4.0,5.739447854389834,6.035115599632263,-0.29566774524242945,"[10, 0, 0]",14,0
quincas_borba,complexo,pt,sbert,250,18,4790,10,0.4310796856880188,2.3025850929940455,2.3025850929940455,0.0,0.0,0.9999999999999998,0.9999999999999998,0.0,10,10.0,0,0.0,1.77674289996071e-308,0.008741839776516214,0.0,10.0,10.0,0.0,4.310796856880188,4.310796856880188,0.0,"[10, 0, 0]",10,0
quincas_borba,complexo,pt,sbert,250,19,5048,21,0.4310796856880188,3.033788989448432,3.0436688816995408,0.009879892251108746,-1.3467636657871327,0.9964745051171253,0.9997485913584523,0.003274086241326968,21,21.0,0,0.0,0.14440369089964625,0.068321142289549,0.07608254861009725,15.0,19.0,-4.0,8.415940037904354,8.95145917769921,-0.5355191397948555,"[15, 0, 0]",21,0
quincas_borba,complexo,pt,sbert,250,20,5310,19,0.4310796856880188,2.933328405211369,2.9442215583496374,0.010893153138268552,-1.7795384442077926,0.996226590520746,0.9999261588308193,0.0036995683100732313,19,19.0,0,0.0,0.17034684284945373,0.04466476529837757,0.12568207755107616,13.0,18.0,-5.0,7.628654575197022,8.140241285316044,-0.5115867101190226,"[13, 0, 0]",19,0
quincas_borba,complexo,pt,sbert,250,21,5572,23,0.4310796856880188,3.1236428959286986,3.135255994097508,0.011613098168809621,-1.987913319010774,0.9962202704950808,0.9999240241520997,0.0037037536570189156,23,23.0,0,0.0,0.17333580149414707,0.08235631409059033,0.09097948740355674,16.0,21.0,-5.0,9.245158049929072,9.847078125164819,-0.6019200752357463,"[16, 0, 0]",23,0
quincas_borba,complexo,pt,sbert,250,22,5830,17,0.4310796856880188,2.8058059021922643,2.8331969674887265,0.02739106529646218,-8.400549246720088,0.9903263755546508,0.9999942197902167,0.009667844235565992,17,17.0,0,0.0,0.21037883123436338,0.047031536150197145,0.16334729508416623,13.0,16.0,-3.0,6.688437538833098,7.318032633477028,-0.6295950946439302,"[13, 0, 0]",17,0
quincas_borba,complexo,pt,sbert,250,23,6114,14,0.4310796856880188,2.637206091514495,2.639057329615258,0.0018512381007629308,-1.459735257894948,0.9992985229687931,0.9999999999999998,0.0007014770312067098,14,14.0,0,0.0,0.08237207351991555,0.02599323496270181,0.056378838557213734,11.0,14.0,-3.0,5.87775189060139,6.035115599632263,-0.15736370903087327,"[11, 0, 0]",14,0
quincas_borba,complexo,pt,sbert,250,24,6381,12,0.4310796856880188,2.4848994876869486,2.484906649788001,7.162101052227143e-06,-0.002715042879181031,0.9999971177585072,1.0000000000000002,2.8822414930296247e-06,12,12.0,0,0.0,0.0058851188080134564,0.02023596982198511,0.0,11.0,12.0,-1.0,5.167071109448212,5.172956228256226,-0.005885118808013345,"[11, 0, 0]",12,0
quincas_borba,complexo,pt,sbert,250,25,6663,14,0.4310796856880188,2.636238221833937,2.639057329615258,0.0028191077813208842,-2.222918285067795,0.9989317747099749,0.9999999999999998,0.0010682252900249267,14,14.0,0,0.0,0.10940394077508525,0.02599323496270181,0.08341070581238344,12.0,14.0,-2.0,5.871541337555378,6.035115599632263,-0.1635742620768852,"[12, 0, 0]",14,0
quincas_borba,complexo,pt,sbert,250,26,6960,13,0.4310796856880188,2.5626356934944816,2.564949357461537,0.002313663967055568,-2.5070866360857944,0.9990979689480712,1.0000000000000002,0.0009020310519289865,13,13.0,0,0.0,0.07046240658338249,0.04802524718311407,0.022437159400268414,9.0,13.0,-4.0,5.365789617831745,5.604035913944244,-0.23824629611249915,"[9, 0, 0]",13,0
quincas_borba,complexo,pt,sbert,250,27,7217,17,0.4310796856880188,2.824149852440362,2.8331969674887265,0.009047115048364418,-2.7746542415180877,0.9968009851305873,0.9999942197902167,0.003193234659629396,17,17.0,0,0.0,0.20706634084001257,0.047031536150197145,0.16003480468981543,15.0,16.0,-1.0,7.083121601793925,7.318032633477028,-0.23491103168310268,"[15, 0, 0]",17,0
quincas_borba,complexo,pt,sbert,250,28,7473,20,0.4310796856880188,2.995732273553991,2.9955105157778403,0.00022175777615052183,0.02496310066466063,1.0,0.999925975435753,7.402456424698833e-05,20,20.0,0,0.0,0.040814546664997536,0.060413154174164374,0.0,20.0,18.5,1.5,8.621593713760376,8.568270871048703,0.053322842711672536,"[20, 0, 0]",20,0
quincas_borba,complexo,pt,sbert,250,29,7732,17,0.4310796856880188,2.8321988269470237,2.8331969674887265,0.0009981405417027744,-0.3061191189524497,0.999641919973545,0.9999942197902167,0.0003522998166717306,17,17.0,0,0.0,0.0710330220109473,0.047031536150197145,0.024001485860750155,14.0,16.0,-2.0,7.218647853335019,7.318032633477028,-0.09938478014200847,"[14, 0, 0]",17,0
quincas_borba,complexo,pt,sbert,250,30,7985,17,0.4310796856880188,2.833213344056216,2.8331969674887265,1.6376567489650995e-05,0.0050225195770979055,1.0,0.9999942197902167,5.7802097832571064e-06,17,17.0,0,0.0,0.010322023219292042,0.047031536150197145,0.0,17.0,16.0,1.0,7.32835465669632,7.318032633477028,0.010322023219291765,"[17, 0, 0]",17,0
quincas_borba,complexo,pt,sbert,250,31,8246,14,0.4310796856880188,2.6347337306700704,2.639057329615258,0.004323598945187523,-3.409237211942982,0.9983616881313381,0.9999999999999998,0.0016383118686617015,14,14.0,0,0.0,0.11260587623106627,0.02599323496270181,0.08661264126836446,8.0,14.0,-6.0,5.725326609663344,6.035115599632263,-0.30978898996891946,"[8, 0, 0]",14,0
quincas_borba,complexo,pt,sbert,250,32,8506,13,0.4310796856880188,2.5647270873825225,2.564949357461537,0.00022227007901465257,-0.24085189233790982,0.9999133432875126,1.0000000000000002,8.665671248764273e-05,13,13.0,0,0.0,0.033522963438535225,0.04802524718311407,0.0,12.0,13.0,-1.0,5.570512950505709,5.604035913944244,-0.03352296343853567,"[12, 0, 0]",13,0
quincas_borba,complexo,pt,sbert,250,33,8764,12,0.4310796856880188,2.4835565214199495,2.484906649788001,0.0013501283680512621,-0.5118129980193458,0.9994566683749806,1.0000000000000002,0.0005433316250196274,12,12.0,0,0.0,0.07769950502656958,0.02023596982198511,0.05746353520458447,11.0,12.0,-1.0,5.095256723229656,5.172956228256226,-0.07769950502656986,"[11, 0, 0]",12,0
quincas_borba,complexo,pt,sbert,250,34,9025,11,0.4310796856880188,2.3816401650964676,2.3978952727983707,0.016255107701903082,-0.872726676711533,0.9932210935622167,1.0,0.006778906437783339,11,11.0,0,0.0,0.18354040433809415,0.0441188211070348,0.13942158323105935,7.0,11.0,-4.0,4.282140891231279,4.741876542568207,-0.45973565133692773,"[7, 0, 0]",11,0
quincas_borba,complexo,pt,sbert,250,35,9277,18,0.4310796856880188,2.8831225202169497,2.890246389658701,0.007123869441751474,-0.744211580581438,0.9974919358869977,0.9999566255665484,0.0024646896795507134,18,18.0,0,0.0,0.14382821146489533,0.04811101558435532,0.09571719588054,14.0,17.0,-3.0,7.343701526965713,7.72165337759981,-0.37795185063409686,"[14, 0, 0]",18,0
quincas_borba,complexo,pt,sbert,250,36,9540,15,0.4310796856880188,2.706900813879468,2.708037949872125,0.001137135992657079,-0.11752057958955023,0.9995755665008447,0.9999954759959471,0.0004199094951023996,15,15.0,0,0.0,0.07951736345641158,0.07439534752953236,0.00512201592687922,14.0,14.0,0.0,6.38667792186387,6.457885858069595,-0.07120793620572474,"[14, 0, 0]",15,0
quincas_borba,complexo,pt,sbert,250,37,9811,11,0.4310796856880188,2.396650191596077,2.3978952727983707,0.0012450812022937185,-0.06684763951373761,0.9994807608086901,1.0,0.000519239191309917,11,11.0,0,0.0,0.0725058174852044,0.0441188211070348,0.028386996378169604,8.0,11.0,-3.0,4.652328040941125,4.741876542568207,-0.08954850162708183,"[8, 0, 0]",11,0
quincas_borba,complexo,pt,sbert,250,38,10080,18,0.4310796856880188,2.8879634465088597,2.890246389658701,0.0022829431498414543,-0.23849296282209254,0.9991667814423091,0.9999566255665484,0.000789844124239325,18,18.0,0,0.0,0.08051658259103009,0.04811101558435532,0.03240556700667477,14.0,17.0,-3.0,7.511350341833136,7.72165337759981,-0.21030303576667375,"[14, 0, 0]",18,0
quincas_borba,complexo,pt,sbert,250,39,10343,14,0.4310796856880188,2.6367403177437354,2.639057329615258,0.0023170118715225563,-1.8270064344660772,0.9991220304896291,0.9999999999999998,0.0008779695103706686,14,14.0,0,0.0,0.0850929297380768,0.02599323496270181,0.059099694775374995,11.0,14.0,-3.0,5.850533128384346,6.035115599632263,-0.18458247124791693,"[11, 0, 0]",14,0
quincas_borba,complexo,pt,sbert,250,40,10600,14,0.4310796856880188,2.639057329615258,2.639057329615258,0.0,0.0,0.9999999999999998,0.9999999999999998,0.0,14,14.0,0,0.0,1.717888299203142e-308,0.02599323496270181,0.0,14.0,14.0,0.0,6.035115599632263,6.035115599632263,0.0,"[14, 0, 0]",14,0
quincas_borba,complexo,pt,sbert,250,41,10850,15,0.4310796856880188,2.5597805523215778,2.708037949872125,0.14825739755054723,-15.3220858376549,0.9979848315036229,0.9999954759959471,0.0020106444923241318,13,15.0,0,0.0,0.2155398428440094,0.07439534752953236,0.14114449531447704,8.0,14.0,-6.0,5.316992567759175,6.457885858069595,-1.1408932903104203,"[8, 0, 0]",13,0
quincas_borba,complexo,pt,sbert,250,42,11104,22,0.4310796856880188,3.0570900333545397,3.090650170333123,0.03356013697858318,-4.970672593949969,0.9890158674569842,0.999873090379342,0.010857222922357801,22,22.0,0,0.0,0.18788436472841616,0.0714145125807068,0.11646985214770936,16.0,20.0,-4.0,8.726594148016376,9.412790540603215,-0.6861963925868384,"[16, 0, 0]",22,0
quincas_borba,complexo,pt,sbert,250,43,11354,12,0.4310796856880188,2.484906649788001,2.484906649788001,0.0,0.0,1.0000000000000002,1.0000000000000002,0.0,12,12.0,0,0.0,1.1844518471044315e-308,0.02023596982198511,0.0,12.0,12.0,0.0,5.172956228256226,5.172956228256226,0.0,"[12, 0, 0]",12,0
quincas_borba,complexo,pt,sbert,250,44,11610,12,0.4310796856880188,2.484906649788001,2.484906649788001,0.0,0.0,1.0000000000000002,1.0000000000000002,0.0,12,12.0,0,0.0,1.1844518471044315e-308,0.02023596982198511,0.0,12.0,12.0,0.0,5.172956228256226,5.172956228256226,0.0,"[12, 0, 0]",12,0
quincas_borba,complexo,pt,sbert,250,45,11866,15,0.4310796856880188,2.7079913992450457,2.708037949872125,4.6550627079255946e-05,-0.004810908026777173,0.9999782862750697,0.9999954759959471,1.718972087738635e-05,15,15.0,0,0.0,0.018569383058735678,0.07439534752953236,0.0,14.0,14.0,0.0,6.447625902261546,6.457885858069595,-0.01025995580804917,"[14, 0, 0]",15,0
quincas_borba,complexo,pt,sbert,250,46,12116,15,0.4310796856880188,2.703196896829332,2.708037949872125,0.004841053042793142,-0.5003125071113402,0.9982078233738418,0.9999954759959471,0.0017876526221052291,15,15.0,0,0.0,0.1468922703386739,0.07439534752953236,0.07249692280914155,11.0,14.0,-3.0,6.234716976898987,6.457885858069595,-0.22316888117060785,"[11, 0, 0]",15,0
quincas_borba,complexo,pt,sbert,250,47,12367,17,0.4310796856880188,2.770571789574026,2.8331969674887265,0.06262517791470046,-19.206477932240098,0.999272545311327,0.9999942197902167,0.0007216744788897111,16,17.0,0,0.0,0.21037883123436338,0.047031536150197145,0.16334729508416623,15.0,16.0,-1.0,6.790308484555425,7.318032633477028,-0.5277241489216031,"[15, 0, 0]",16,0
quincas_borba,complexo,pt,sbert,250,48,12625,21,0.4310796856880188,3.043144422720177,3.0436688816995408,0.0005244589793638177,-0.07149089075579018,0.999547378930051,0.9997485913584523,0.0002012124284013206,21,21.0,0,0.0,0.05729068696510631,0.068321142289549,0.0,19.0,19.0,0.0,8.922681442493339,8.95145917769921,-0.028777735205871124,"[19, 0, 0]",21,0
quincas_borba,complexo,pt,sbert,250,49,12893,17,0.4310796856880188,2.8241073400601553,2.8331969674887265,0.009089627428571223,-2.787692337687669,0.9967859801256533,0.9999942197902167,0.003208239664563406,17,17.0,0,0.0,0.1394863023100075,0.047031536150197145,0.09245476615981035,12.0,16.0,-4.0,6.795496629372455,7.318032633477028,-0.5225360041045732,"[12, 0, 0]",17,0
quincas_borba,complexo,pt,sbert,250,50,13153,18,0.4310796856880188,2.886856644859895,2.890246389658701,0.003389744798806049,-0.3541175698283054,0.9987838543513766,0.9999566255665484,0.0011727712151717862,18,18.0,0,0.0,0.1067453593963873,0.04811101558435532,0.058634343812031975,16.0,17.0,-1.0,7.543830220125252,7.72165337759981,-0.1778231574745579,"[16, 0, 0]",18,0
quincas_borba,complexo,pt,sbert,250,51,13413,19,0.4310796856880188,2.93787001746107,2.9442215583496374,0.006351540888567264,-1.0376069304906268,0.9977690277326685,0.9999261588308193,0.002157131098150744,19,19.0,0,0.0,0.13496484055686592,0.04466476529837757,0.09030007525848835,16.0,18.0,-2.0,7.880082870544166,8.140241285316044,-0.26015841477187784,"[16, 0, 0]",19,0
quincas_borba,complexo,pt,sbert,250,52,13677,20,0.4310796856880188,2.971194327588646,2.9955105157778403,0.024316188189194232,-2.7372544227521067,0.9918090324085489,0.999925975435753,0.008116943027204115,20,20.0,0,0.0,0.21532819444364149,0.060413154174164374,0.1549150402694771,10.0,18.5,-8.5,7.667763688880638,8.568270871048703,-0.9005071821680657,"[10, 0, 0]",20,0
quincas_borba,complexo,pt,sbert,250,53,13953,15,0.4310796856880188,2.702671390295382,2.708037949872125,0.005366559576743146,-0.5546224866095656,0.9980137699055066,0.9999954759959471,0.0019817060904404604,15,15.0,0,0.0,0.12268305824494288,0.07439534752953236,0.04828771071541052,11.0,14.0,-3.0,6.112653114244453,6.457885858069595,-0.34523274382514213,"[11, 0, 0]",15,0
quincas_borba,complexo,pt,sbert,250,54,14213,16,0.4310796856880188,2.771636867810786,2.7725041009422102,0.0008672331314243387,-0.0948253948333258,0.9996566910839101,0.9999694793184102,0.0003127882345000943,16,16.0,0,0.0,0.07230793679776576,0.06534875824548556,0.006959178552280204,11.0,15.0,-4.0,6.779836673995611,6.874511182162103,-0.09467450816649237,"[11, 0, 0]",16,0
quincas_borba,complexo,pt,sbert,250,55,14463,13,0.4310796856880188,2.564949357461537,2.564949357461537,0.0,0.0,1.0000000000000002,1.0000000000000002,0.0,13,13.0,0,0.0,1.8461871597871595e-308,0.04802524718311407,0.0,13.0,13.0,0.0,5.604035913944244,5.604035913944244,0.0,"[13, 0, 0]",13,0
quincas_borba,complexo,pt,sbert,250,56,14716,18,0.4310796856880188,2.8894245635601044,2.890246389658701,0.0008218260985968229,-0.08585397371480284,0.9996722932496581,0.9999566255665484,0.00028433231689029004,18,18.0,0,0.0,0.07086583631552296,0.04811101558435532,0.022754820731167635,15.0,17.0,-2.0,7.6679572270335425,7.72165337759981,-0.05369615056626742,"[15, 0, 0]",18,0
quincas_borba,complexo,pt,sbert,250,57,14975,13,0.4310796856880188,2.5645926841366293,2.564949357461537,0.0003566733249078524,-0.3864912705809913,0.9998609433266704,1.0000000000000002,0.0001390566733298071,13,13.0,0,0.0,0.042268631047460925,0.04802524718311407,0.0,12.0,13.0,-1.0,5.561767282896783,5.604035913944244,-0.04226863104746137,"[12, 0, 0]",13,0
quincas_borba,complexo,pt,sbert,250,58,15243,17,0.4310796856880188,2.833213344056216,2.8331969674887265,1.6376567489650995e-05,0.0050225195770979055,1.0,0.9999942197902167,5.7802097832571064e-06,17,17.0,0,0.0,0.010322023219292042,0.047031536150197145,0.0,17.0,16.0,1.0,7.32835465669632,7.318032633477028,0.010322023219291765,"[17, 0, 0]",17,0
quincas_borba,complexo,pt,sbert,250,59,15518,9,0.4310796856880188,2.1971980820101784,2.1972245773362196,2.649532604115379e-05,-0.0016082117703051253,0.9999879414574575,1.0,1.205854254249239e-05,9,9.0,0,0.0,0.009929602738027288,1.7534658776513645e-308,0.009929602738027288,8.0,9.0,-1.0,3.869787568454142,3.879717171192169,-0.009929602738027121,"[8, 0, 0]",9,0
quincas_borba,complexo,pt,sbert,250,60,15784,19,0.4310796856880188,2.936078585433531,2.9442215583496374,0.008142972916106217,-1.3302606848926688,0.997160615726098,0.9999261588308193,0.002765543104721213,19,19.0,0,0.0,0.16233263876366816,0.04466476529837757,0.11766787346529059,15.0,18.0,-3.0,7.81573506629168,8.140241285316044,-0.3245062190243644,"[15, 0, 0]",19,0
quincas_borba,complexo,pt,sbert,250,61,16037,12,0.4310796856880188,2.483901355376459,2.484906649788001,0.001005294411541957,-0.3810917234529565,0.9995954397676761,1.0000000000000002,0.00040456023232415816,12,12.0,0,0.0,0.05156433697005958,0.02023596982198511,0.031328367148074465,10.0,12.0,-2.0,5.072672594513989,5.172956228256226,-0.10028363374223659,"[10, 0, 0]",12,0
quincas_borba,complexo,pt,sbert,250,62,16293,16,0.4310796856880188,2.77248546819518,2.7725041009422102,1.8632747030178365e-05,-0.0020373502002446167,0.9999627589754756,0.9999694793184102,6.720342934585233e-06,16,16.0,0,0.0,0.01699072010267849,0.06534875824548556,0.0,13.0,15.0,-2.0,6.85038388395706,6.874511182162103,-0.02412729820504289,"[13, 0, 0]",16,0
quincas_borba,complexo,pt,sbert,250,63,16546,21,0.4310796856880188,3.0345086511495256,3.0436688816995408,0.009160230550015136,-1.2486639895904954,0.9967108842917954,0.9997485913584523,0.0030377070666568473,21,21.0,0,0.0,0.16107641226915262,0.068321142289549,0.09275526997960362,19.0,19.0,0.0,8.683131889934248,8.95145917769921,-0.2683272877649614,"[19, 0, 0]",21,0
quincas_borba,complexo,pt,sbert,250,64,16806,15,0.4310796856880188,2.693422298743193,2.708037949872125,0.01461565112893215,-1.5104963723268157,0.9945983636665733,0.9999954759959471,0.005397112329373788,15,15.0,0,0.0,0.20537067184862134,0.07439534752953236,0.13097532431908898,7.0,14.0,-7.0,5.895437276050217,6.457885858069595,-0.5624485820193783,"[7, 0, 0]",15,0
quincas_borba,complexo,pt,sbert,250,65,17065,14,0.4310796856880188,2.638785826328515,2.639057329615258,0.00027150328674308,-0.21408533031483287,0.9998971211107479,0.9999999999999998,0.00010287888925186728,14,14.0,0,0.0,0.035446147250701,0.02599323496270181,0.009452912287999188,11.0,14.0,-3.0,5.973358695921892,6.035115599632263,-0.06175690371037135,"[11, 0, 0]",14,0
quincas_borba,complexo,pt,sbert,250,66,17326,14,0.4310796856880188,2.628859355649937,2.639057329615258,0.010197973965321072,-8.041289853606067,0.996135751258269,0.9999999999999998,0.003864248741730747,14,14.0,0,0.0,0.21041540899463895,0.02599323496270181,0.18442217403193714,9.0,14.0,-5.0,5.736621866671025,6.035115599632263,-0.29849373296123805,"[9, 0, 0]",14,0
quincas_borba,complexo,pt,sbert,250,67,17593,15,0.4310796856880188,2.7040623229651,2.708037949872125,0.0039756269070250205,-0.4108725617361477,0.9985273987404344,0.9999954759959471,0.0014680772555126786,15,15.0,0,0.0,0.10672090234359574,0.07439534752953236,0.03232555481406338,11.0,14.0,-3.0,6.189997205591527,6.457885858069595,-0.26788865247806815,"[11, 0, 0]",15,0
quincas_borba,complexo,pt,sbert,250,68,17870,17,0.4310796856880188,2.8259857671888335,2.8331969674887265,0.0072112002998929725,-2.211598657867382,0.997448982483954,0.9999942197902167,0.002545237306262771,17,17.0,0,0.0,0.141467235508684,0.047031536150197145,0.09443569935848686,13.0,16.0,-3.0,6.929963072303028,7.318032633477028,-0.3880695611739995,"[13, 0, 0]",17,0
quincas_borba,complexo,pt,sbert,250,69,18140,22,0.4310796856880188,3.064170207818673,3.090650170333123,0.026479962514449618,-3.922010927529713,0.9913064133071201,0.999873090379342,0.008566677072221918,22,22.0,0,0.0,0.18788436472841616,0.0714145125807068,0.11646985214770936,16.0,20.0,-4.0,8.60727160325419,9.412790540603215,-0.8055189373490244,"[16, 0, 0]",22,0
quincas_borba,complexo,pt,sbert,250,70,18396,16,0.4310796856880188,2.770253651657578,2.7725041009422102,0.00225044928463225,-0.2460696371426011,0.9991578013127325,0.9999694793184102,0.0008116780056777184,16,16.0,0,0.0,0.08515501833172667,0.06534875824548556,0.019806260086241118,14.0,15.0,-1.0,6.731203576747546,6.874511182162103,-0.14330760541455678,"[14, 0, 0]",16,0
quincas_borba,complexo,pt,sbert,250,71,18653,10,0.4310796856880188,2.3017582097487743,2.3025850929940455,0.0008268832452711372,-0.8456201438305376,0.9996408891694003,0.9999999999999998,0.0003591108305994739,10,10.0,0,0.0,0.056607582433699066,0.008741839776516214,0.04786574265718285,9.0,10.0,-1.0,4.254189274446489,4.310796856880188,-0.05660758243369912,"[9, 0, 0]",10,0
quincas_borba,complexo,pt,sbert,250,72,18937,14,0.4310796856880188,2.638878471792024,2.639057329615258,0.00017885782323379118,-0.14103268003025057,0.99993222662455,0.9999999999999998,6.777337544983109e-05,14,14.0,0,0.0,0.03116136544356579,0.02599323496270181,0.0051681304808639805,13.0,14.0,-1.0,6.003954234188697,6.035115599632263,-0.03116136544356607,"[13, 0, 0]",14,0
quincas_borba,complexo,pt,sbert,250,73,19189,11,0.4310796856880188,2.396103628840816,2.3978952727983707,0.0017916439575547116,-0.0961922557267314,0.9992528264358002,1.0,0.0007471735641998434,11,11.0,0,0.0,0.06840183015250512,0.0441188211070348,0.024283009045470316,5.0,11.0,-6.0,4.5107374212413,4.741876542568207,-0.2311391213269065,"[5, 0, 0]",11,0
quincas_borba,complexo,pt,sbert,250,74,19453,20,0.4310796856880188,2.9920911728665143,2.9955105157778403,0.003419342911326062,-0.38491277638213894,0.9987845707309629,0.999925975435753,0.0011414047047900722,20,20.0,0,0.0,0.11427935026580929,0.060413154174164374,0.05386619609164492,16.0,18.5,-2.5,8.399328132377509,8.568270871048703,-0.1689427386711948,"[16, 0, 0]",20,0
quincas_borba,complexo,pt,sbert,250,75,19706,16,0.4310796856880188,2.772290297065764,2.7725041009422102,0.00021380387644631682,-0.023377839552346943,0.9998923658703422,0.9999694793184102,7.711344806793363e-05,16,16.0,0,0.0,0.04259546205816095,0.06534875824548556,0.0,15.0,15.0,0.0,6.85467950895014,6.874511182162103,-0.01983167321196344,"[15, 0, 0]",16,0
quincas_borba,complexo,pt,sbert,250,76,19969,17,0.4310796856880188,2.831244732095033,2.8331969674887265,0.001952235393693602,-0.598729891970696,0.999305166352787,0.9999942197902167,0.0006890534374297541,17,17.0,0,0.0,0.09964731750010367,0.047031536150197145,0.05261578134990652,15.0,16.0,-1.0,7.193971429293251,7.318032633477028,-0.12406120418377675,"[15, 0, 0]",17,0
quincas_borba,complexo,pt,sbert,250,77,20224,10,0.4310796856880188,2.2954827885940046,2.3025850929940455,0.007102304400040893,-7.263240249016662,0.9969155083902649,0.9999999999999998,0.0030844916097348962,10,10.0,0,0.0,0.1539985771883029,0.008741839776516214,0.14525673741178668,7.0,10.0,-3.0,4.108662690205936,4.310796856880188,-0.2021341666742522,"[7, 0, 0]",10,0
quincas_borba,complexo,pt,sbert,250,78,20480,18,0.4310796856880188,2.8849046779706637,2.890246389658701,0.005341711688037432,-0.5580343282354282,0.9981085201546945,0.9999566255665484,0.0018481054118538731,18,18.0,0,0.0,0.1515916936259963,0.04811101558435532,0.10348067804164099,17.0,17.0,0.0,7.5808662685058525,7.72165337759981,-0.14078710909395742,"[17, 0, 0]",18,0
quincas_borba,complexo,pt,sbert,250,79,20733,18,0.4310796856880188,2.8868177959221235,2.890246389658701,0.0034285937365776675,-0.3581760144165063,0.9987704135413267,0.9999566255665484,0.0011862120252217334,18,18.0,0,0.0,0.12668875357150225,0.04811101558435532,0.07857773798714693,17.0,17.0,0.0,7.612614600610655,7.72165337759981,-0.10903877698915476,"[17, 0, 0]",18,0
quincas_borba,complexo,pt,sbert,250,80,21000,17,0.4310796856880188,2.829303270723428,2.8331969674887265,0.0038936967652984933,-1.1941555056242887,0.9986199156724321,0.9999942197902167,0.0013743041177846083,17,17.0,0,0.0,0.11249537690451886,0.047031536150197145,0.06546384075432171,14.0,16.0,-2.0,7.103681510302884,7.318032633477028,-0.2143511231741435,"[14, 0, 0]",17,0
quincas_borba,complexo,pt,sbert,250,81,21254,18,0.4310796856880188,2.8897739673067893,2.890246389658701,0.0004724223519119164,-0.04935269913255565,0.9997931786498597,0.9999566255665484,0.00016344691668868094,18,18.0,0,0.0,0.06016190342417779,0.04811101558435532,0.012050887839822472,17.0,17.0,0.0,7.696357919956981,7.72165337759981,-0.025295457642829255,"[17, 0, 0]",18,0
quincas_borba,complexo,pt,sbert,250,82,21516,15,0.4310796856880188,2.706029652326286,2.708037949872125,0.0020082975458390884,-0.2075532681221316,0.9992538732202595,0.9999954759959471,0.0007416027756875776,15,15.0,0,0.0,0.09825886262227704,0.07439534752953236,0.023863515092744675,14.0,14.0,0.0,6.362198562519609,6.457885858069595,-0.09568729554998612,"[14, 0, 0]",15,0
quincas_borba,complexo,pt,sbert,250,83,21766,12,0.4310796856880188,2.484906649788001,2.484906649788001,0.0,0.0,1.0000000000000002,1.0000000000000002,0.0,12,12.0,0,0.0,1.1844518471044315e-308,0.02023596982198511,0.0,12.0,12.0,0.0,5.172956228256226,5.172956228256226,0.0,"[12, 0, 0]",12,0
quincas_borba,complexo,pt,sbert,250,84,22044,10,0.4310796856880188,2.3025850929940455,2.3025850929940455,0.0,0.0,0.9999999999999998,0.9999999999999998,0.0,10,10.0,0,0.0,1.77674289996071e-308,0.008741839776516214,0.0,10.0,10.0,0.0,4.310796856880188,4.310796856880188,0.0,"[10, 0, 0]",10,0
quincas_borba,complexo,pt,sbert,250,85,22312,16,0.4310796856880188,2.772588722239781,2.7725041009422102,8.46212975709193e-05,0.009252699951963088,1.0,0.9999694793184102,3.0520681589818466e-05,16,16.0,0,0.0,0.022763788846197786,0.06534875824548556,0.0,16.0,15.0,1.0,6.897274971008301,6.874511182162103,0.022763788846197563,"[16, 0, 0]",16,0
quincas_borba,complexo,pt,sbert,250,86,22563,15,0.4310796856880188,2.7068251617989803,2.708037949872125,0.0012127880731447327,-0.12533906075932663,0.9995476305045117,0.9999954759959471,0.00044784549143539465,15,15.0,0,0.0,0.06911394776985735,0.07439534752953236,0.0,12.0,14.0,-2.0,6.342530850013567,6.457885858069595,-0.11535500805602794,"[12, 0, 0]",15,0
quincas_borba,complexo,pt,sbert,250,87,22823,20,0.4310796856880188,2.9954859247249894,2.9955105157778403,2.4591052850908568e-05,-0.0027681957242867844,0.9999177667406476,0.999925975435753,8.20869510542721e-06,20,20.0,0,0.0,0.04301024699511358,0.060413154174164374,0.0,19.0,18.5,0.5,8.578583466765263,8.568270871048703,0.010312595716559514,"[19, 0, 0]",20,0
quincas_borba,complexo,pt,sbert,250,88,23090,23,0.4310796856880188,3.134202166999096,3.135255994097508,0.0010538270984121745,-0.18039259587889758,0.9995879281411237,0.9999240241520997,0.0003360960109759503,23,23.0,0,0.0,0.07362620169860912,0.08235631409059033,0.0,19.0,21.0,-2.0,9.733962234859561,9.847078125164819,-0.1131158903052576,"[19, 0, 0]",23,0
quincas_borba,complexo,pt,sbert,250,89,23349,18,0.4310796856880188,2.8897806086308577,2.890246389658701,0.0004657810278434482,-0.04865889777606517,0.9997954763902976,0.9999566255665484,0.0001611491762507633,18,18.0,0,0.0,0.05491446919104115,0.04811101558435532,0.0068034536066858275,16.0,17.0,-1.0,7.670354959620111,7.72165337759981,-0.05129841797969892,"[16, 0, 0]",18,0
quincas_borba,complexo,pt,sbert,250,90,23616,14,0.4310796856880188,2.635315787879176,2.639057329615258,0.003741541736081988,-2.9502744075943,0.9985822431009379,0.9999999999999998,0.0014177568990618727,14,14.0,0,0.0,0.113309648285088,0.02599323496270181,0.08731641332238618,12.0,14.0,-2.0,5.8381907423367565,6.035115599632263,-0.19692485729550668,"[12, 0, 0]",14,0
quincas_borba,complexo,pt,sbert,250,91,23868,16,0.4310796856880188,2.766991893312934,2.7725041009422102,0.0055122076292764,-0.6027182840569415,0.9979813706656334,0.9999694793184102,0.0019881086527767655,16,16.0,0,0.0,0.13195440062041985,0.06534875824548556,0.0666056423749343,13.0,15.0,-2.0,6.607645440799139,6.874511182162103,-0.26686574136296404,"[13, 0, 0]",16,0
quincas_borba,complexo,pt,sbert,250,92,24131,17,0.4310796856880188,2.83305051721029,2.8331969674887265,0.0001464502784362942,-0.04491474730480303,0.9999425292676009,0.9999942197902167,5.1690522615888135e-05,17,17.0,0,0.0,0.023912234299155954,0.047031536150197145,0.0,13.0,16.0,-3.0,7.268218549831387,7.318032633477028,-0.049814083645641105,"[13, 0, 0]",17,0
quincas_borba,complexo,pt,sbert,250,93,24383,23,0.4310796856880188,3.090503475747167,3.135255994097508,0.04475251835034122,-7.660671251953818,0.9998256324138921,0.9999240241520997,9.839173820758162e-05,22,23.0,0,0.0,0.1940641636342723,0.08235631409059033,0.11170784954368199,21.0,21.0,0.0,9.417915389396661,9.847078125164819,-0.42916273576815733,"[21, 0, 0]",22,0
quincas_borba,complexo,pt,sbert,250,94,24640,20,0.4310796856880188,2.9950900633832624,2.9955105157778403,0.00042045239457788597,-0.047329999573143176,0.9997856249784409,0.999925975435753,0.0001403504573120884,20,20.0,0,0.0,0.05223491138835962,0.060413154174164374,0.0,17.0,18.5,-1.5,8.498606401449706,8.568270871048703,-0.06966446959899741,"[17, 0, 0]",20,0
quincas_borba,complexo,pt,sbert,250,95,24894,14,0.4310796856880188,2.6273545577397996,2.639057329615258,0.011702771875458318,-9.227850655551915,0.9955655484463595,0.9999999999999998,0.004434451553640306,14,14.0,0,0.0,0.2011791011918893,0.02599323496270181,0.1751858662291875,12.0,14.0,-2.0,5.712514752408334,6.035115599632263,-0.3226008472239288,"[12, 0, 0]",14,0
quincas_borba,complexo,pt,sbert,250,96,25160,19,0.4310796856880188,2.941897352782802,2.9442215583496374,0.0023242055668353245,-0.3796892512136882,0.9991368045316539,0.9999261588308193,0.000789354299165379,19,19.0,0,0.0,0.10204564473204147,0.04466476529837757,0.057380879433663906,16.0,18.0,-2.0,8.046143252576499,8.140241285316044,-0.09409803273954509,"[16, 0, 0]",19,0
quincas_borba,complexo,pt,sbert,250,97,25420,16,0.4310796856880188,2.772319850883752,2.7725041009422102,0.0001842500584583462,-0.020146352702970202,0.9999030251570049,0.9999694793184102,6.64541614052716e-05,16,16.0,0,0.0,0.037057377118616786,0.06534875824548556,0.0,13.0,15.0,-2.0,6.832451236667586,6.874511182162103,-0.042059945494517414,"[13, 0, 0]",16,0
quincas_borba,complexo,pt,sbert,250,98,25677,17,0.4310796856880188,2.8309540571022147,2.8331969674887265,0.0022429103865118094,-0.6878768296867237,0.9992025708340174,0.9999942197902167,0.0007916489561993201,17,17.0,0,0.0,0.10718703241390679,0.047031536150197145,0.06015549626370964,13.0,16.0,-3.0,7.155935849196159,7.318032633477028,-0.1620967842808687,"[13, 0, 0]",17,0
quincas_borba,complexo,pt,sbert,250,99,25952,12,0.4310796856880188,2.48468858265155,2.484906649788001,0.0002180671364508946,-0.08266591349200396,0.9999122433285496,1.0000000000000002,8.775667145066723e-05,12,12.0,0,0.0,0.029603337018006548,0.02023596982198511,0.009367367196021437,8.0,12.0,-4.0,5.109093168263791,5.172956228256226,-0.06386305999243458,"[8, 0, 0]",12,0
quincas_borba,complexo,pt,sbert,250,100,26208,23,0.4310796856880188,3.1347519629105185,3.135255994097508,0.0005040311869897174,-0.08627932832814193,0.9997632739952572,0.9999240241520997,0.00016075015684247074,23,23.0,0,0.0,0.054205408885602185,0.08235631409059033,0.0,20.0,21.0,-1.0,9.785381355886932,9.847078125164819,-0.06169676927788714,"[20, 0, 0]",23,0
quincas_borba,complexo,pt,sbert,250,101,26464,15,0.4310796856880188,2.6972893926776687,2.708037949872125,0.010748557194456332,-1.1108404618275667,0.9960263630193555,0.9999954759959471,0.003969112976591527,15,15.0,0,0.0,0.2113851292186658,0.07439534752953236,0.13698978168913345,13.0,14.0,-1.0,6.238911141762937,6.457885858069595,-0.21897471630665777,"[13, 0, 0]",15,0
quincas_borba,complexo,pt,sbert,250,102,26723,20,0.4310796856880188,2.9937870065310257,2.9955105157778403,0.0017235092468146362,-0.19401409759585536,0.9993506539151921,0.999925975435753,0.0005753215205609452,20,20.0,0,0.0,0.08859807882049603,0.060413154174164374,0.028184924646331655,17.0,18.5,-1.5,8.457538664166114,8.568270871048703,-0.11073220688258978,"[17, 0, 0]",20,0
quincas_borba,complexo,pt,sbert,250,103,26982,14,0.4310796856880188,2.6337883592368923,2.639057329615258,0.005268970378365712,-4.15467995766443,0.9980034649799994,0.9999999999999998,0.0019965350200004117,14,14.0,0,0.0,0.15596397322538053,0.02599323496270181,0.12997073826267871,11.0,14.0,-3.0,5.82518557534814,6.035115599632263,-0.2099300242841231,"[11, 0, 0]",14,0
quincas_borba,complexo,pt,sbert,250,104,27253,13,0.4310796856880188,2.5600777885145383,2.564949357461537,0.0048715689469989165,-5.278832871886186,0.9981007153483062,1.0000000000000002,0.0018992846516939776,13,13.0,0,0.0,0.13666339730839022,0.04802524718311407,0.08863815012527615,8.0,13.0,-5.0,5.308478840656041,5.604035913944244,-0.2955570732882036,"[8, 0, 0]",13,0
quincas_borba,complexo,pt,sbert,250,105,27522,13,0.4310796856880188,2.560082173016949,2.564949357461537,0.004867184444588002,-5.274081824388878,0.998102424739721,1.0000000000000002,0.0018975752602792273,13,13.0,0,0.0,0.13578498807003286,0.04802524718311407,0.08775974088691879,8.0,13.0,-5.0,5.283312309128931,5.604035913944244,-0.3207236048153135,"[8, 0, 0]",13,0
quincas_borba,complexo,pt,sbert,250,106,27772,15,0.4310796856880188,2.7079352392985556,2.708037949872125,0.00010271057356936453,-0.010614918720180671,0.9999575481268377,0.9999954759959471,3.792786910938872e-05,15,15.0,0,0.0,0.025906716785137618,0.07439534752953236,0.0,13.0,14.0,-1.0,6.437389800827062,6.457885858069595,-0.020496057242533006,"[13, 0, 0]",15,0
quincas_borba,complexo,pt,sbert,250,107,28028,13,0.4310796856880188,2.5649344356940182,2.564949357461537,1.4921767518938367e-05,-0.016169229614237654,0.9999941824319162,1.0000000000000002,5.817568084043323e-06,13,13.0,0,0.0,0.008798176967891591,0.04802524718311407,0.0,12.0,13.0,-1.0,5.595237736976353,5.604035913944244,-0.008798176967891536,"[12, 0, 0]",13,0
quincas_borba,complexo,pt,sbert,250,108,28306,16,0.4310796856880188,2.7721206135889935,2.7725041009422102,0.0003834873532166938,-0.041931446533454604,0.9998311654927279,0.9999694793184102,0.00013831382568230133,16,16.0,0,0.0,0.04791610725566531,0.06534875824548556,0.0,14.0,15.0,-1.0,6.82290764214188,6.874511182162103,-0.05160354002022327,"[14, 0, 0]",16,0
quincas_borba,complexo,pt,sbert,250,109,28567,18,0.4310796856880188,2.8824664830006386,2.890246389658701,0.0077799066580626075,-0.8127460333340026,0.9972649625869303,0.9999566255665484,0.0026916629796180924,18,18.0,0,0.0,0.13673178342838418,0.04811101558435532,0.08862076784402886,12.0,17.0,-5.0,7.278292639278319,7.72165337759981,-0.44336073832149125,"[12, 0, 0]",18,0
quincas_borba,complexo,pt,sbert,250,110,28830,12,0.4310796856880188,2.479865870134996,2.484906649788001,0.005040779653004979,-1.910882407635953,0.9979714410384654,1.0000000000000002,0.0020285589615348654,12,12.0,0,0.0,0.1397999802686622,0.02023596982198511,0.11956401044667708,9.0,12.0,-3.0,4.959049743845014,5.172956228256226,-0.2139064844112113,"[9, 0, 0]",12,0
quincas_borba,complexo,pt,sbert,250,111,29089,13,0.4310796856880188,2.564949357461537,2.564949357461537,0.0,0.0,1.0000000000000002,1.0000000000000002,0.0,13,13.0,0,0.0,1.8461871597871595e-308,0.04802524718311407,0.0,13.0,13.0,0.0,5.604035913944244,5.604035913944244,0.0,"[13, 0, 0]",13,0
quincas_borba,complexo,pt,sbert,250,112,29351,20,0.4310796856880188,2.9957120344428914,2.9955105157778403,0.0002015186650510259,0.02268479964401442,0.9999932440187402,0.999925975435753,6.726858298722327e-05,20,20.0,0,0.0,0.02830391441673666,0.060413154174164374,0.0,19.0,18.5,0.5,8.609083081512114,8.568270871048703,0.04081221046341099,"[19, 0, 0]",20,0
quincas_borba,complexo,pt,sbert,250,113,29601,18,0.4310796856880188,2.882075959663569,2.890246389658701,0.008170429995132178,-0.8535429615077773,0.9971298507847883,0.9999566255665484,0.0028267747817600775,18,18.0,0,0.0,0.15730464341070446,0.04811101558435532,0.10919362782634914,12.0,17.0,-5.0,7.246970068422399,7.72165337759981,-0.47468330917741053,"[12, 0, 0]",18,0
quincas_borba,complexo,pt,sbert,250,114,29859,15,0.4310796856880188,2.70598064582852,2.708037949872125,0.002057304043605157,-0.21261798514657917,0.999235776621553,0.9999954759959471,0.0007596993743940184,15,15.0,0,0.0,0.08649805789317394,0.07439534752953236,0.012102710363641578,8.0,14.0,-6.0,6.252524675666381,6.457885858069595,-0.20536118240321422,"[8, 0, 0]",15,0
quincas_borba,complexo,pt,sbert,250,115,30125,13,0.4310796856880188,2.5623479898212604,2.564949357461537,0.0026013676402767416,-2.8188423813263372,0.9989858015587291,1.0000000000000002,0.0010141984412711524,13,13.0,0,0.0,0.09675997019585486,0.04802524718311407,0.04873472301274079,10.0,13.0,-3.0,5.413644571407651,5.604035913944244,-0.19039134253659373,"[10, 0, 0]",13,0
quincas_borba,complexo,pt,sbert,250,116,30385,13,0.4310796856880188,2.563834211899779,2.564949357461537,0.0011151455617581796,-1.2083719049021138,0.999565236811201,1.0000000000000002,0.00043476318879920317,13,13.0,0,0.0,0.07347443026170514,0.04802524718311407,0.025449183078591064,12.0,13.0,-1.0,5.530561483682539,5.604035913944244,-0.07347443026170541,"[12, 0, 0]",13,0
quincas_borba,complexo,pt,sbert,250,117,30645,16,0.4310796856880188,2.772548851149991,2.7725041009422102,4.4750207780719364e-05,0.004893097332098757,0.9999856195441212,0.9999694793184102,1.6140225711058775e-05,16,16.0,0,0.0,0.015780803023172196,0.06534875824548556,0.0,15.0,15.0,0.0,6.881494167985128,6.874511182162103,0.006982985823024812,"[15, 0, 0]",16,0
quincas_borba,complexo,pt,sbert,250,118,30896,15,0.4310796856880188,2.70805020110221,2.708037949872125,1.2251230085080778e-05,0.0012661385002152624,1.0,0.9999954759959471,4.524004052930408e-06,15,15.0,0,0.0,0.008309427250687174,0.07439534752953236,0.0,15.0,14.0,1.0,6.466195285320282,6.457885858069595,0.008309427250686952,"[15, 0, 0]",15,0
quincas_borba,complexo,pt,sbert,250,119,31158,18,0.4310796856880188,2.888692320207066,2.890246389658701,0.001554069451635165,-0.16234947768082397,0.9994189544357017,0.9999566255665484,0.0005376711308466842,18,18.0,0,0.0,0.05749033398827336,0.04811101558435532,0.009379318403918036,13.0,17.0,-4.0,7.496897046309927,7.72165337759981,-0.22475633128988282,"[13, 0, 0]",18,0
quincas_borba,complexo,pt,sbert,250,120,31409,16,0.4310796856880188,2.7720819468183464,2.7725041009422102,0.000422154123863816,-0.04615936594829641,0.9998172194031629,0.9999694793184102,0.0001522599152472548,16,16.0,0,0.0,0.050886480105654774,0.06534875824548556,0.0,12.0,15.0,-3.0,6.798643944025027,6.874511182162103,-0.07586723813707597,"[12, 0, 0]",16,0
quincas_borba,complexo,pt,sbert,250,121,31663,16,0.4310796856880188,2.7719342755687673,2.7725041009422102,0.000569825373442967,-0.06230610209048596,0.9997639582583004,0.9999694793184102,0.0002055210601097368,16,16.0,0,0.0,0.05932382817992149,0.06534875824548556,0.0,13.0,15.0,-2.0,6.809149962616732,6.874511182162103,-0.06536121954537144,"[13, 0, 0]",16,0
quincas_borba,complexo,pt,sbert,250,122,31924,19,0.4310796856880188,2.935925142249982,2.9442215583496374,0.008296416099655257,-1.3553276274630321,0.9971085028500511,0.9999261588308193,0.002817655980768108,19,19.0,0,0.0,0.16231288541182637,0.04466476529837757,0.1176481201134488,14.0,18.0,-4.0,7.778894187445436,8.140241285316044,-0.3613470978706079,"[14, 0, 0]",19,0
quincas_borba,complexo,pt,sbert,250,123,32197,13,0.4310796856880188,2.560406676899661,2.564949357461537,0.004542680561876011,-4.922449366396052,0.9982289394725627,1.0000000000000002,0.0017710605274374736,13,13.0,0,0.0,0.12719579384899143,0.04802524718311407,0.07917054666587736,11.0,13.0,-2.0,5.399688506199065,5.604035913944244,-0.20434740774517923,"[11, 0, 0]",13,0
quincas_borba,complexo,pt,sbert,250,124,32447,11,0.4310796856880188,2.39669852184807,2.3978952727983707,0.0011967509503008067,-0.06425281818250356,0.9995009160892568,1.0,0.0004990839107431588,11,11.0,0,0.0,0.07024051624956118,0.0441188211070348,0.02612169514252638,9.0,11.0,-2.0,4.6557064270765345,4.741876542568207,-0.0861701154916723,"[9, 0, 0]",11,0
quincas_borba,complexo,pt,sbert,250,125,32703,15,0.4310796856880188,2.7041634654818507,2.708037949872125,0.0038744843902742687,-0.4004196983438634,0.9985647475741856,0.9999954759959471,0.0014307284217615068,15,15.0,0,0.0,0.1353793995518747,0.07439534752953236,0.06098405202234233,14.0,14.0,0.0,6.325078025590011,6.457885858069595,-0.1328078324795836,"[14, 0, 0]",15,0
quincas_borba,complexo,pt,sbert,250,126,32960,13,0.4310796856880188,2.563478098155008,2.564949357461537,0.001471259306529138,-1.5942568143593627,0.9994263983020761,1.0000000000000002,0.0005736016979240866,13,13.0,0,0.0,0.08389984904827663,0.04802524718311407,0.03587460186516256,12.0,13.0,-1.0,5.520136064895968,5.604035913944244,-0.08389984904827674,"[12, 0, 0]",13,0
quincas_borba,complexo,pt,sbert,250,127,33221,14,0.4310796856880188,2.639057329615258,2.639057329615258,0.0,0.0,0.9999999999999998,0.9999999999999998,0.0,14,14.0,0,0.0,1.717888299203142e-308,0.02599323496270181,0.0,14.0,14.0,0.0,6.035115599632263,6.035115599632263,0.0,"[14, 0, 0]",14,0
quincas_borba,complexo,pt,sbert,250,128,33490,18,0.4310796856880188,2.8887951027842247,2.890246389658701,0.0014512868744764873,-0.1516120568410778,0.999454514766956,0.9999566255665484,0.0005021107995923924,18,18.0,0,0.0,0.08905955433159375,0.04811101558435532,0.04094853874723843,17.0,17.0,0.0,7.65901327628548,7.72165337759981,-0.06264010131433029,"[17, 0, 0]",18,0
quincas_borba,complexo,pt,sbert,250,129,33746,18,0.4310796856880188,2.8801658841759696,2.890246389658701,0.010080505482731539,-1.0530834372673514,0.9964690100184125,0.9999566255665484,0.003487615548135925,18,18.0,0,0.0,0.19403052383781325,0.04811101558435532,0.14591950825345792,14.0,17.0,-3.0,7.3950622857023145,7.72165337759981,-0.32659109189749547,"[14, 0, 0]",18,0
quincas_borba,complexo,pt,sbert,250,130,34025,21,0.4310796856880188,3.0406803087831293,3.0436688816995408,0.002988572916411414,-0.40738312869016297,0.9987380191741445,0.9997485913584523,0.0010105721843077786,21,21.0,0,0.0,0.09189432686549265,0.068321142289549,0.02357318457594365,17.0,19.0,-2.0,8.77649049996286,8.95145917769921,-0.1749686777363504,"[17, 0, 0]",21,0
quincas_borba,complexo,pt,sbert,250,131,34298,12,0.4310796856880188,2.484906649788001,2.484906649788001,0.0,0.0,1.0000000000000002,1.0000000000000002,0.0,12,12.0,0,0.0,1.1844518471044315e-308,0.02023596982198511,0.0,12.0,12.0,0.0,5.172956228256226,5.172956228256226,0.0,"[12, 0, 0]",12,0
quincas_borba,complexo,pt,sbert,250,132,34564,21,0.4310796856880188,3.0445222986692535,3.0436688816995408,0.0008534169697127503,0.11633233818377998,0.9999999543264428,0.9997485913584523,0.0002513629679905538,21,21.0,0,0.0,0.067269522898849,0.068321142289549,0.0,20.0,19.0,1.0,9.051606421543664,8.95145917769921,0.10014724384445373,"[20, 0, 0]",21,0
quincas_borba,complexo,pt,sbert,250,133,34820,15,0.4310796856880188,2.7039848854477526,2.708037949872125,0.004053064424372366,-0.4188755639974439,0.9984988034369515,0.9999954759959471,0.0014966725589955487,15,15.0,0,0.0,0.09515015333832927,0.07439534752953236,0.020754805808796906,11.0,14.0,-3.0,6.1636717304073665,6.457885858069595,-0.29421412766222854,"[11, 0, 0]",15,0
quincas_borba,complexo,pt,sbert,250,134,35085,12,0.4310796856880188,2.4843600270853843,2.484906649788001,0.0005466227026165171,-0.20721629945114564,0.99978002284204,1.0000000000000002,0.0002199771579601828,12,12.0,0,0.0,0.04145453598338161,0.02023596982198511,0.0212185661613965,9.0,12.0,-3.0,5.087461093069586,5.172956228256226,-0.08549513518663954,"[9, 0, 0]",12,0
quincas_borba,complexo,pt,sbert,250,135,35337,11,0.4310796856880188,2.393684358415416,2.3978952727983707,0.0042109143829547335,-0.226081388247131,0.9982439123047936,1.0,0.0017560876952064097,11,11.0,0,0.0,0.10206614173108086,0.0441188211070348,0.05794732062404606,2.0,11.0,-9.0,4.248687419900972,4.741876542568207,-0.4931891226672347,"[2, 0, 0]",11,0
quincas_borba,complexo,pt,sbert,250,136,35597,15,0.4310796856880188,2.7024606768564103,2.708037949872125,0.0055772730157146455,-0.5763992711235931,0.9979359598860004,0.9999954759959471,0.002059516109946702,15,15.0,0,0.0,0.10048079134181384,0.07439534752953236,0.026085443812281478,9.0,14.0,-5.0,6.0037589958212685,6.457885858069595,-0.45412686224832655,"[9, 0, 0]",15,0
quincas_borba,complexo,pt,sbert,250,137,35868,13,0.4310796856880188,2.5626293765608112,2.564949357461537,0.0023199809007259375,-2.513931666397685,0.9990955061572749,1.0000000000000002,0.0009044938427252847,13,13.0,0,0.0,0.10131215950005618,0.04802524718311407,0.0532869123169421,10.0,13.0,-3.0,5.455842168512779,5.604035913944244,-0.14819374543146502,"[10, 0, 0]",13,0
quincas_borba,complexo,pt,sbert,250,138,36155,16,0.4310796856880188,2.763702179719707,2.7725041009422102,0.008801921222503228,-0.9624236263262697,0.99679485729391,0.9999694793184102,0.00317462202450014,16,16.0,0,0.0,0.12296000055272391,0.06534875824548556,0.05761124230723835,8.0,15.0,-7.0,6.168639903761935,6.874511182162103,-0.705871278400168,"[8, 0, 0]",16,0
quincas_borba,complexo,pt,sbert,250,139,36426,17,0.4310796856880188,2.830111175732247,2.8331969674887265,0.0030857917564794946,-0.9463796071771255,0.9989050706927958,0.9999942197902167,0.0010891490974209717,17,17.0,0,0.0,0.1258878601785888,0.047031536150197145,0.07885632402839166,16.0,16.0,0.0,7.193931601054219,7.318032633477028,-0.1241010324228089,"[16, 0, 0]",17,0
quincas_borba,complexo,pt,sbert,250,140,36690,15,0.4310796856880188,2.7077711352082017,2.708037949872125,0.0002668146639233093,-0.02757472646168744,0.9998969495122746,0.9999954759959471,9.852648367247863e-05,15,15.0,0,0.0,0.04001400868523469,0.07439534752953236,0.0,14.0,14.0,0.0,6.426181276635047,6.457885858069595,-0.03170458143454802,"[14, 0, 0]",15,0
quincas_borba,complexo,pt,sbert,250,141,36941,20,0.4310796856880188,2.987876289364337,2.9955105157778403,0.00763422641350342,-0.8593789393330752,0.9973776080529606,0.999925975435753,0.0025483673827924047,20,20.0,0,0.0,0.14426246453227753,0.060413154174164374,0.08384931035811316,16.0,18.5,-2.5,8.239097285643023,8.568270871048703,-0.3291735854056803,"[16, 0, 0]",20,0
quincas_borba,complexo,pt,sbert,250,142,37199,18,0.4310796856880188,2.8767958768431265,2.890246389658701,0.013450512815574633,-1.4051390868343345,0.9953030674978226,0.9999566255665484,0.004653558068725805,18,18.0,0,0.0,0.20205165271776465,0.04811101558435532,0.15394063713340933,16.0,17.0,-1.0,7.46943945189269,7.72165337759981,-0.2522139257071201,"[16, 0, 0]",18,0
quincas_borba,complexo,pt,sbert,250,143,37452,14,0.4310796856880188,2.6388951312212874,2.639057329615258,0.00016219839397058067,-0.12789641394870593,0.9999385392684915,0.9999999999999998,6.146073150825604e-05,14,14.0,0,0.0,0.028681748098016213,0.02599323496270181,0.002688513135314402,12.0,14.0,-2.0,5.9962111372454245,6.035115599632263,-0.038904462386838645,"[12, 0, 0]",14,0
quincas_borba,complexo,pt,sbert,250,144,37714,16,0.4310796856880188,2.7680403898885118,2.7725041009422102,0.004463711053698471,-0.4880731002442872,0.9983595358681272,0.9999694793184102,0.0016099434502829801,16,16.0,0,0.0,0.13666194651252733,0.06534875824548556,0.07131318826704178,15.0,15.0,0.0,6.741242898396421,6.874511182162103,-0.13326828376568223,"[15, 0, 0]",16,0
quincas_borba,complexo,pt,sbert,250,145,37991,17,0.4310796856880188,2.8328371400278893,2.8331969674887265,0.000359827460837181,-0.11035526630194262,0.9998672164843795,0.9999942197902167,0.00012700330583725883,17,17.0,0,0.0,0.03890785695515292,0.047031536150197145,0.0,12.0,16.0,-4.0,7.216199756214825,7.318032633477028,-0.10183287726220325,"[12, 0, 0]",17,0
quincas_borba,complexo,pt,sbert,250,146,38243,14,0.4310796856880188,2.649116317281709,2.639057329615258,0.010058987666451191,7.93169660315326,0.955466743420089,0.9999999999999998,0.04453325657991081,16,14.0,2,0.0,0.0913367085770283,0.02599323496270181,0.06534347361432649,6.0,14.0,-8.0,5.70708657382471,6.035115599632263,-0.32802902580755333,"[6, 0, 0]",16,0
quincas_borba,complexo,pt,sbert,250,147,38493,13,0.4310796856880188,2.5642797738023875,2.564949357461537,0.0006695836591497084,-0.7255609576407176,0.9997389485850076,1.0000000000000002,0.0002610514149926635,13,13.0,0,0.0,0.05744116118508841,0.04802524718311407,0.009415914001974335,12.0,13.0,-1.0,5.546594752759156,5.604035913944244,-0.05744116118508824,"[12, 0, 0]",13,0
quincas_borba,complexo,pt,sbert,250,148,38756,13,0.4310796856880188,2.5577597106158203,2.564949357461537,0.007189646845716879,-7.790702445010789,0.9971969634313436,1.0000000000000002,0.0028030365686566583,13,13.0,0,0.0,0.17464270839867102,0.04802524718311407,0.12661746121555695,11.0,13.0,-2.0,5.3974380273452045,5.604035913944244,-0.20659788659903988,"[11, 0, 0]",13,0
quincas_borba,complexo,pt,sbert,250,149,39014,18,0.4310796856880188,2.884848638877779,2.890246389658701,0.005397750780922195,-0.5638885823358326,0.998089131959134,0.9999566255665484,0.00186749360741445,18,18.0,0,0.0,0.14852966316552382,0.04811101558435532,0.1004186475811685,15.0,17.0,-2.0,7.507278909369834,7.72165337759981,-0.21437446822997597,"[15, 0, 0]",18,0
quincas_borba,complexo,pt,sbert,250,150,39297,15,0.4310796856880188,2.702332401900894,2.708037949872125,0.0057055479712309065,-0.589656214194993,0.9978885918735965,0.9999954759959471,0.002106884122350605,15,15.0,0,0.0,0.12340502938800893,0.07439534752953236,0.04900968185847657,11.0,14.0,-3.0,6.18258056052513,6.457885858069595,-0.275305297544465,"[11, 0, 0]",15,0
quincas_borba,complexo,pt,sbert,250,151,39547,21,0.4310796856880188,3.037949618534286,3.0436688816995408,0.005719263165254951,-0.7796133429669422,0.9978411000990841,0.9997485913584523,0.001907491259368177,21,21.0,0,0.0,0.11103947759557986,0.068321142289549,0.042718335306030863,16.0,19.0,-3.0,8.63545054228106,8.95145917769921,-0.31600863541815016,"[16, 0, 0]",21,0
quincas_borba,complexo,pt,sbert,250,152,39803,13,0.4310796856880188,2.5643132831896476,2.564949357461537,0.0006360742718896084,-0.6892501803716508,0.9997520129315463,1.0000000000000002,0.0002479870684539698,13,13.0,0,0.0,0.055941459141949645,0.04802524718311407,0.007916211958835573,11.0,13.0,-2.0,5.538311627563264,5.604035913944244,-0.0657242863809806,"[11, 0, 0]",13,0
quincas_borba,complexo,pt,sbert,250,153,40068,18,0.4310796856880188,2.890371757896165,2.890246389658701,0.00012536823746378545,0.013096884343615086,1.0000000000000002,0.9999566255665484,4.337443345181491e-05,18,18.0,0,0.0,0.026976380252489468,0.04811101558435532,0.0,18.0,17.0,1.0,7.759434342384338,7.72165337759981,0.037780964784528415,"[18, 0, 0]",18,0
quincas_borba,complexo,pt,sbert,250,154,40328,17,0.4310796856880188,2.832012700976986,2.8331969674887265,0.0011842665117405282,-0.36320198011439386,0.9995762256726098,0.9999942197902167,0.0004179941176069013,17,17.0,0,0.0,0.06819549330969832,0.047031536150197145,0.021163957159501173,12.0,16.0,-4.0,7.168972500734759,7.318032633477028,-0.14906013274226915,"[12, 0, 0]",17,0
quincas_borba,complexo,pt,sbert,250,155,40592,13,0.4310796856880188,2.5573813272464347,2.564949357461537,0.007568030215102439,-8.20071872317884,0.9970494426359389,1.0000000000000002,0.002950557364061357,13,13.0,0,0.0,0.1348048665803086,0.04802524718311407,0.08677961939719453,5.0,13.0,-8.0,4.934331203357052,5.604035913944244,-0.669704710587192,"[5, 0, 0]",13,0
quincas_borba,complexo,pt,sbert,250,156,40853,17,0.4310796856880188,2.8285747376001047,2.8331969674887265,0.0046222298886218205,-1.4175888885214072,0.9983627754451169,0.9999942197902167,0.001631444345099875,17,17.0,0,0.0,0.1511499763984689,0.047031536150197145,0.10411844024827174,14.0,16.0,-2.0,7.136224585538143,7.318032633477028,-0.18180804793888505,"[14, 0, 0]",17,0
quincas_borba,complexo,pt,sbert,250,157,41105,19,0.4310796856880188,2.9421417928054936,2.9442215583496374,0.0020797655441437968,-0.3397567897710558,0.9992198220519425,0.9999261588308193,0.0007063367788767705,19,19.0,0,0.0,0.07928452286684046,0.04466476529837757,0.03461975756846289,13.0,18.0,-5.0,7.891228565723344,8.140241285316044,-0.24901271959270055,"[13, 0, 0]",19,0
quincas_borba,complexo,pt,sbert,250,158,41355,14,0.4310796856880188,2.6299676796630713,2.639057329615258,0.00908964995218664,-7.16735600442848,0.9965557209196694,0.9999999999999998,0.0034442790803304035,14,14.0,0,0.0,0.15414288636550894,0.02599323496270181,0.12814965140280712,5.0,14.0,-9.0,5.40457198929159,6.035115599632263,-0.6305436103406734,"[5, 0, 0]",14,0
quincas_borba,complexo,pt,sbert,250,159,41621,17,0.4310796856880188,2.8179322568151983,2.8331969674887265,0.015264710673528192,-4.681524882731368,0.9946064466789711,0.9999942197902167,0.005387773111245608,17,17.0,0,0.0,0.21037883123436338,0.047031536150197145,0.16334729508416623,13.0,16.0,-3.0,6.944536248055808,7.318032633477028,-0.37349638542121966,"[13, 0, 0]",17,0
quincas_borba,complexo,pt,sbert,250,160,41888,17,0.4310796856880188,2.8331793075686096,2.8331969674887265,1.7659920116930294e-05,-0.005416110218048983,0.9999879866132644,0.9999942197902167,6.233176952363806e-06,17,17.0,0,0.0,0.01499287816931999,0.047031536150197145,0.0,15.0,16.0,-1.0,7.311311404582193,7.318032633477028,-0.006721228894834397,"[15, 0, 0]",17,0
quincas_borba,complexo,pt,sbert,250,161,42146,16,0.4310796856880188,2.767639753659765,2.7725041009422102,0.004864347282445447,-0.5318796468335201,0.9982150368930238,0.9999694793184102,0.00175444242538636,16,16.0,0,0.0,0.1351480153352378,0.06534875824548556,0.06979925708975224,14.0,15.0,-1.0,6.678935833673265,6.874511182162103,-0.1955753484888385,"[14, 0, 0]",16,0
quincas_borba,complexo,pt,sbert,250,162,42407,14,0.4310796856880188,2.6353833130267694,2.639057329615258,0.003674016588488538,-2.897029587980822,0.9986078299447081,0.9999999999999998,0.001392170055291686,14,14.0,0,0.0,0.11079565066545383,0.02599323496270181,0.08480241570275202,8.0,14.0,-6.0,5.75847264113997,6.035115599632263,-0.27664295849229337,"[8, 0, 0]",14,0
quincas_borba,complexo,pt,sbert,250,163,42667,21,0.4310796856880188,3.0440721558807278,3.0436688816995408,0.00040327418118701885,0.05497175482979424,0.9998521009938649,0.9997485913584523,0.00010350963541261304,21,21.0,0,0.0,0.049342166341325155,0.068321142289549,0.0,19.0,19.0,0.0,8.96989852556043,8.95145917769921,0.0184393478612197,"[19, 0, 0]",21,0
quincas_borba,complexo,pt,sbert,250,164,42924,16,0.4310796856880188,2.7661916026876012,2.7725041009422102,0.006312498254609,-0.6902240213019373,0.9976927268365241,0.9999694793184102,0.0022767524818860796,16,16.0,0,0.0,0.1293351989141046,0.06534875824548556,0.06398644066861905,14.0,15.0,-1.0,6.628516403512203,6.874511182162103,-0.2459947786499006,"[14, 0, 0]",16,0
quincas_borba,complexo,pt,sbert,250,165,43178,15,0.4310796856880188,2.70759664901855,2.708037949872125,0.00044130085357485527,-0.04560750202295285,0.9998325171064129,0.9999954759959471,0.0001629588895342149,15,15.0,0,0.0,0.04642243909828159,0.07439534752953236,0.0,10.0,14.0,-4.0,6.370782846528135,6.457885858069595,-0.08710301154146016,"[10, 0, 0]",15,0
quincas_borba,complexo,pt,sbert,250,166,43444,18,0.4310796856880188,2.8903289447140263,2.890246389658701,8.255505532517304e-05,0.008624305752777783,0.9999851876555252,0.9999566255665484,2.8562088976835653e-05,18,18.0,0,0.0,0.017190506550000317,0.04811101558435532,0.0,16.0,17.0,-1.0,7.739298708616891,7.72165337759981,0.01764533101708121,"[16, 0, 0]",18,0
quincas_borba,complexo,pt,sbert,250,167,43698,13,0.4310796856880188,2.564949357461537,2.564949357461537,0.0,0.0,1.0000000000000002,1.0000000000000002,0.0,13,13.0,0,0.0,1.8461871597871595e-308,0.04802524718311407,0.0,13.0,13.0,0.0,5.604035913944244,5.604035913944244,0.0,"[13, 0, 0]",13,0
quincas_borba,complexo,pt,sbert,250,168,43964,13,0.4310796856880188,2.564556350944077,2.564949357461537,0.00039300651746021487,-0.42586192370582,0.9998467780596461,1.0000000000000002,0.0001532219403541646,13,13.0,0,0.0,0.04069783553353046,0.04802524718311407,0.0,11.0,13.0,-2.0,5.541974278559136,5.604035913944244,-0.062061635385108005,"[11, 0, 0]",13,0
quincas_borba,complexo,pt,sbert,250,169,44230,18,0.4310796856880188,2.8663158349824376,2.890246389658701,0.023930554676263593,-2.499961020542515,0.9916772218494009,0.9999566255665484,0.008279403717147527,18,18.0,0,0.0,0.20205165271776465,0.04811101558435532,0.15394063713340933,10.0,17.0,-7.0,6.955251121841052,7.72165337759981,-0.7664022557587575,"[10, 0, 0]",18,0
quincas_borba,complexo,pt,sbert,250,170,44482,11,0.4310796856880188,2.3789037634853534,2.3978952727983707,0.018991509313017296,-1.019642386407889,0.9920799254544366,1.0,0.007920074545563427,11,11.0,0,0.0,0.20774213675437064,0.0441188211070348,0.16362331564733584,6.0,11.0,-5.0,4.2143505410975335,4.741876542568207,-0.5275260014706733,"[6, 0, 0]",11,0
quincas_borba,complexo,pt,sbert,250,171,44738,13,0.4310796856880188,2.5628722960275594,2.564949357461537,0.0020770614339777893,-2.250704094286413,0.9991902134722719,1.0000000000000002,0.00080978652772834,13,13.0,0,0.0,0.07623181446537514,0.04802524718311407,0.028206567282261064,11.0,13.0,-2.0,5.457379779062076,5.604035913944244,-0.14665613488216867,"[11, 0, 0]",13,0
quincas_borba,complexo,pt,sbert,250,172,44993,19,0.4310796856880188,2.9417853666983294,2.9442215583496374,0.0024361916513080395,-0.39798363668738523,0.9990987714512385,0.9999261588308193,0.0008273873795807685,19,19.0,0,0.0,0.09674137449295284,0.04466476529837757,0.05207660919457527,15.0,18.0,-3.0,7.986316866337373,8.140241285316044,-0.15392441897867126,"[15, 0, 0]",19,0
quincas_borba,complexo,pt,sbert,250,173,45251,16,0.4310796856880188,2.771031038435026,2.7725041009422102,0.001473062507184153,-0.1610682627271059,0.9994381843249017,0.9999694793184102,0.0005312949935084577,16,16.0,0,0.0,0.08807402407372861,0.06534875824548556,0.022725265828243052,15.0,15.0,0.0,6.802620914645267,6.874511182162103,-0.07189026751683603,"[15, 0, 0]",16,0
quincas_borba,complexo,pt,sbert,250,174,45517,18,0.4310796856880188,2.8834276950426876,2.890246389658701,0.0068186946160135875,-0.7123307830355163,0.9975975191307116,0.9999566255665484,0.002359106435836811,18,18.0,0,0.0,0.13989797058525252,0.04811101558435532,0.0917869550008972,14.0,17.0,-3.0,7.354070082092535,7.72165337759981,-0.3675832955072753,"[14, 0, 0]",18,0
quincas_borba,complexo,pt,sbert,250,175,45774,19,0.4310796856880188,2.94152122933423,2.9442215583496374,0.002700329015407288,-0.44113391539915925,0.9990090642554134,0.9999261588308193,0.0009170945754058968,19,19.0,0,0.0,0.08870079502770309,0.04466476529837757,0.04403602972932552,14.0,18.0,-4.0,7.885550457295069,8.140241285316044,-0.2546908280209754,"[14, 0, 0]",19,0
quincas_borba,complexo,pt,sbert,250,176,46031,25,0.4310796856880188,3.1784581542857193,3.2184258113732778,0.03996765708755845,-4.8434370619177125,0.9874435446467911,0.9998700750502714,0.012426530403480296,25,25.0,0,0.0,0.2155398428440094,0.050667994328736976,0.16487184851527242,18.0,23.0,-5.0,9.738751209560807,10.690591426568737,-0.9518402170079305,"[18, 0, 0]",25,0
quincas_borba,complexo,pt,sbert,250,177,46287,19,0.4310796856880188,2.9359207156326796,2.9442215583496374,0.008300842716957746,-1.3560507730543576,0.9971069994677995,0.9999261588308193,0.0028191593630197964,19,19.0,0,0.0,0.1428196393561309,0.04466476529837757,0.09815487405775333,12.0,18.0,-6.0,7.640032796308478,8.140241285316044,-0.5002084890075658,"[12, 0, 0]",19,0
quincas_borba,complexo,pt,sbert,250,178,46543,21,0.4310796856880188,3.040150200196695,3.0436688816995408,0.003518681502845844,-0.4796441377160002,0.9985639003764422,0.9997485913584523,0.0011846909820101281,21,21.0,0,0.0,0.09235748200504157,0.068321142289549,0.024036339715492572,13.0,19.0,-6.0,8.531613992964498,8.95145917769921,-0.41984518473471155,"[13, 0, 0]",21,0
quincas_borba,complexo,pt,sbert,250,179,46797,14,0.4310796856880188,2.639057329615258,2.639057329615258,0.0,0.0,0.9999999999999998,0.9999999999999998,0.0,14,14.0,0,0.0,1.717888299203142e-308,0.02599323496270181,0.0,14.0,14.0,0.0,6.035115599632263,6.035115599632263,0.0,"[14, 0, 0]",14,0
quincas_borba,complexo,pt,sbert,250,180,47067,17,0.4310796856880188,2.816144054055459,2.8331969674887265,0.017052913433267314,-5.2299477054190815,0.9939752895642093,0.9999942197902167,0.006018930226007413,17,17.0,0,0.0,0.21037883123436338,0.047031536150197145,0.16334729508416623,13.0,16.0,-3.0,6.926596825241826,7.318032633477028,-0.39143580823520185,"[13, 0, 0]",17,0
quincas_borba,complexo,pt,sbert,250,181,47335,15,0.4310796856880188,2.703677503359801,2.708037949872125,0.004360446512324145,-0.45064284721141645,0.9983852966460409,0.9999954759959471,0.001610179349906149,15,15.0,0,0.0,0.14178781694833073,0.07439534752953236,0.06739246941879837,14.0,14.0,0.0,6.317234377953278,6.457885858069595,-0.14065148011631745,"[14, 0, 0]",15,0
quincas_borba,complexo,pt,sbert,250,182,47608,18,0.4310796856880188,2.8601573468481223,2.890246389658701,0.030089042810578892,-3.14332179882539,0.9895465311804615,0.9999566255665484,0.010410094386086866,18,18.0,0,0.0,0.2155398428440094,0.04811101558435532,0.16742882725965408,13.0,17.0,-4.0,7.176192955169796,7.72165337759981,-0.5454604224300139,"[13, 0, 0]",18,0
quincas_borba,complexo,pt,sbert,250,183,47881,18,0.4310796856880188,2.820210892794612,2.890246389658701,0.07003549686408927,-7.316420976577541,0.9954107052019637,0.9999566255665484,0.004545920364584677,17,18.0,0,0.0,0.2155398428440094,0.04811101558435532,0.16742882725965408,14.0,17.0,-3.0,7.017683934275,7.72165337759981,-0.7039694433248096,"[14, 0, 0]",17,0
quincas_borba,complexo,pt,sbert,250,184,48131,21,0.4310796856880188,3.0422899025847965,3.0436688816995408,0.001378979114744272,-0.18797360542150407,0.9992667043241449,0.9997485913584523,0.00048188703430740443,21,21.0,0,0.0,0.07474916326362413,0.068321142289549,0.006428020974075133,15.0,19.0,-4.0,8.754205152437642,8.95145917769921,-0.197254025261568,"[15, 0, 0]",21,0
quincas_borba,complexo,pt,sbert,250,185,48383,16,0.4310796856880188,2.6930151713185944,2.7725041009422102,0.07948892962361587,-8.691514269131027,0.9944480239777327,0.9999694793184102,0.005521455340677495,15,16.0,0,0.0,0.20415794842091048,0.06534875824548556,0.13880919017542492,10.0,15.0,-5.0,5.8667811495628985,6.874511182162103,-1.0077300325992047,"[10, 0, 0]",15,0
quincas_borba,complexo,pt,sbert,250,186,48638,14,0.4310796856880188,2.6371018660881784,2.639057329615258,0.0019554635270795373,-1.541918921628307,0.9992590295386402,0.9999999999999998,0.0007409704613595691,14,14.0,0,0.0,0.06736002761191151,0.02599323496270181,0.0413667926492097,10.0,14.0,-4.0,5.844360359743446,6.035115599632263,-0.19075523988881748,"[10, 0, 0]",14,0
quincas_borba,complexo,pt,sbert,250,187,48890,15,0.4310796856880188,2.705100269066407,2.708037949872125,0.0029376808057177684,-0.30360304586820064,0.9989106804465433,0.9999954759959471,0.001084795549403772,15,15.0,0,0.0,0.1047811553435706,0.07439534752953236,0.03038580781403824,12.0,14.0,-2.0,6.252402997401989,6.457885858069595,-0.20548286066760646,"[12, 0, 0]",15,0
quincas_borba,complexo,pt,sbert,250,188,49141,17,0.4310796856880188,2.8319142889487945,2.8331969674887265,0.001282678539932025,-0.39338390551030217,0.9995414905445977,0.9999942197902167,0.0004527292456190102,17,17.0,0,0.0,0.06998345309454687,0.047031536150197145,0.022951916944349726,15.0,16.0,-1.0,7.199019803406251,7.318032633477028,-0.11901283007077712,"[15, 0, 0]",17,0
quincas_borba,complexo,pt,sbert,250,189,49393,12,0.4310796856880188,2.4807039189566944,2.484906649788001,0.0042027308313064005,-1.5931909272775133,0.9983086966942342,1.0000000000000002,0.0016913033057660565,12,12.0,0,0.0,0.13264605430039333,0.02023596982198511,0.11241008447840822,11.0,12.0,-1.0,5.040310173955833,5.172956228256226,-0.1326460543003929,"[11, 0, 0]",12,0
quincas_borba,complexo,pt,sbert,250,190,49665,19,0.4310796856880188,2.9041187333634113,2.9442215583496374,0.04010282498622608,-6.5513187851565835,0.9863063061967603,0.9999261588308193,0.01361985263405896,19,19.0,0,0.0,0.19730416294147848,0.04466476529837757,0.15263939764310092,14.0,18.0,-4.0,7.508180991939378,8.140241285316044,-0.6320602933766661,"[14, 0, 0]",19,0
quincas_borba,complexo,pt,sbert,250,191,49921,22,0.4310796856880188,3.0894343759011624,3.090650170333123,0.0012157944319604042,-0.1800742370830956,0.9994797620927508,0.999873090379342,0.0003933282865912213,22,22.0,0,0.0,0.07166909439657523,0.0714145125807068,0.0002545818158684321,19.0,20.0,-1.0,9.33775237633895,9.412790540603215,-0.07503816426426546,"[19, 0, 0]",22,0
quincas_borba,complexo,pt,sbert,250,192,50172,26,0.4310796856880188,3.2548545542934963,3.2577457924043594,0.0028912381108630036,-0.336572688434176,0.999004945467345,0.9998923464627185,0.000887400995373544,26,26.0,0,0.0,0.11540226546764529,0.06536339293820326,0.05003887252944203,23.0,24.0,-1.0,10.985149836823407,11.117490184071979,-0.13234034724857224,"[23, 0, 0]",26,0
quincas_borba,complexo,pt,sbert,250,193,50423,18,0.4310796856880188,2.870849353608369,2.890246389658701,0.01939703605033216,-2.0263564591750467,0.993245711651291,0.9999566255665484,0.006710913915257355,18,18.0,0,0.0,0.20205165271776465,0.04811101558435532,0.15394063713340933,11.0,17.0,-6.0,7.16474038513849,7.72165337759981,-0.5569129924613199,"[11, 0, 0]",18,0
quincas_borba,complexo,pt,sbert,250,194,50677,11,0.4310796856880188,2.3974213203311763,2.3978952727983707,0.000473952467194394,-0.025446214765182336,0.9998023464691845,1.0,0.000197653530815467,11,11.0,0,0.0,0.04041386678418102,0.0441188211070348,0.0,9.0,11.0,-2.0,4.677036373226995,4.741876542568207,-0.0648401693412115,"[9, 0, 0]",11,0
quincas_borba,complexo,pt,sbert,250,195,50959,18,0.4310796856880188,2.836103547419646,2.890246389658701,0.05414284223905508,-5.656157868888739,0.9812244877053397,0.9999566255665484,0.018732137861208753,18,18.0,0,0.0,0.20205165271776465,0.04811101558435532,0.15394063713340933,15.0,17.0,-2.0,7.29871694929302,7.72165337759981,-0.42293642830679,"[15, 0, 0]",18,0
quincas_borba,complexo,pt,sbert,250,196,51213,14,0.4310796856880188,2.6362687505836195,2.639057329615258,0.0027885790316384274,-2.1988458049948285,0.9989433427609375,0.9999999999999998,0.0010566572390622309,14,14.0,0,0.0,0.11287100286747004,0.02599323496270181,0.08687776790476823,11.0,14.0,-3.0,5.86162664801017,6.035115599632263,-0.173488951622093,"[11, 0, 0]",14,0
quincas_borba,complexo,pt,sbert,250,197,51468,15,0.4310796856880188,2.70805020110221,2.708037949872125,1.2251230085080778e-05,0.0012661385002152624,1.0,0.9999954759959471,4.524004052930408e-06,15,15.0,0,0.0,0.008309427250687174,0.07439534752953236,0.0,15.0,14.0,1.0,6.466195285320282,6.457885858069595,0.008309427250686952,"[15, 0, 0]",15,0
quincas_borba,complexo,pt,sbert,250,198,51733,15,0.4310796856880188,2.701137688261698,2.708037949872125,0.006900261610427005,-0.713127320754371,0.9974474207170537,0.9999954759959471,0.0025480552788933464,15,15.0,0,0.0,0.1455267319107657,0.07439534752953236,0.07113138438123334,13.0,14.0,-1.0,6.196908037002194,6.457885858069595,-0.2609778210674012,"[13, 0, 0]",15,0
quincas_borba,complexo,pt,sbert,250,199,52001,13,0.4310796856880188,2.5559357389757853,2.564949357461537,0.009013618485751884,-9.767158399049261,0.9964858493367401,1.0000000000000002,0.003514150663260107,13,13.0,0,0.0,0.18539166032083065,0.04802524718311407,0.13736641313771658,11.0,13.0,-2.0,5.342907064192096,5.604035913944244,-0.261128849752148,"[11, 0, 0]",13,0
quincas_borba,complexo,pt,sbert,250,200,52256,19,0.4310796856880188,2.9431354907833787,2.9442215583496374,0.0010860675662587305,-0.17742328255488052,0.9995573050104674,0.9999261588308193,0.00036885382035189984,19,19.0,0,0.0,0.05634340602184615,0.04466476529837757,0.01167864072346858,14.0,18.0,-4.0,8.006024023089093,8.140241285316044,-0.13421726222695085,"[14, 0, 0]",19,0
quincas_borba,complexo,pt,sbert,250,201,52519,17,0.4310796856880188,2.833203328154279,2.8331969674887265,6.360665552485045e-06,0.0019507486706794152,0.9999964648260753,0.9999942197902167,2.2450358585501817e-06,17,17.0,0,0.0,0.00816776454010748,0.047031536150197145,0.0,16.0,16.0,0.0,7.320186892156212,7.318032633477028,0.0021542586791838403,"[16, 0, 0]",17,0
quincas_borba,complexo,pt,sbert,250,202,52775,21,0.4310796856880188,3.0325668300897104,3.0436688816995408,0.011102051609830355,-1.5133606059453872,0.9960730761956044,0.9997485913584523,0.00367551516284792,21,21.0,0,0.0,0.15044912002244396,0.068321142289549,0.08212797773289496,14.0,19.0,-5.0,8.33186948572757,8.95145917769921,-0.6195896919716404,"[14, 0, 0]",21,0
quincas_borba,complexo,pt,sbert,250,203,53031,20,0.4310796856880188,2.936294742077467,2.9955105157778403,0.05921577370037312,-6.66587366395133,0.9972340275527535,0.999925975435753,0.0026919478829995347,19,20.0,0,0.0,0.1954947992727066,0.060413154174164374,0.13508164509854223,13.0,18.5,-5.5,7.731678270423952,8.568270871048703,-0.8365926006247513,"[13, 0, 0]",19,0
quincas_borba,complexo,pt,sbert,250,204,53301,15,0.4310796856880188,2.7028423845988727,2.708037949872125,0.005195565273252267,-0.5369505900356089,0.998076912864755,0.9999954759959471,0.001918563131192097,15,15.0,0,0.0,0.14622403461041072,0.07439534752953236,0.07182868708087836,11.0,14.0,-3.0,6.211845446409838,6.457885858069595,-0.24604041165975676,"[11, 0, 0]",15,0
quincas_borba,complexo,pt,sbert,250,205,53553,14,0.4310796856880188,2.6388129123886213,2.639057329615258,0.0002444172266367062,-0.19272747423006395,0.9999073846468228,0.9999999999999998,9.261535317695024e-05,14,14.0,0,0.0,0.036079595864790925,0.02599323496270181,0.010086360902089114,12.0,14.0,-2.0,5.99128671971417,6.035115599632263,-0.04382887991809348,"[12, 0, 0]",14,0
quincas_borba,complexo,pt,sbert,250,206,53806,11,0.4310796856880188,2.397405726627269,2.3978952727983707,0.0004895461711016402,-0.026283431081319163,0.9997958433895529,1.0,0.00020415661044714817,11,11.0,0,0.0,0.03677940216016207,0.0441188211070348,0.0,9.0,11.0,-2.0,4.673819734118938,4.741876542568207,-0.06805680844926876,"[9, 0, 0]",11,0
quincas_borba,complexo,pt,sbert,250,207,54070,20,0.4310796856880188,2.9953934549299523,2.9955105157778403,0.00011706084788798421,-0.013177448748109657,0.9998868995647476,0.999925975435753,3.907587100537846e-05,20,20.0,0,0.0,0.04847762162056496,0.060413154174164374,0.0,17.0,18.5,-1.5,8.548967950092745,8.568270871048703,-0.019302920955958314,"[17, 0, 0]",20,0
quincas_borba,complexo,pt,sbert,250,208,54329,12,0.4310796856880188,2.484906649788001,2.484906649788001,0.0,0.0,1.0000000000000002,1.0000000000000002,0.0,12,12.0,0,0.0,1.1844518471044315e-308,0.02023596982198511,0.0,12.0,12.0,0.0,5.172956228256226,5.172956228256226,0.0,"[12, 0, 0]",12,0
quincas_borba,complexo,pt,sbert,250,209,54581,15,0.4310796856880188,2.7058131605022178,2.708037949872125,0.0022247893699072208,-0.2299272364119194,0.9991739294201113,0.9999954759959471,0.0008215465758357743,15,15.0,0,0.0,0.10103275676255333,0.07439534752953236,0.026637409233020964,12.0,14.0,-2.0,6.315298042218928,6.457885858069595,-0.14258781585066682,"[12, 0, 0]",15,0
quincas_borba,complexo,pt,sbert,250,210,54863,9,0.4310796856880188,2.1966410569482644,2.1972245773362196,0.000583520387955172,-0.035418486817822725,0.9997344284266734,1.0,0.0002655715733266284,9,9.0,0,0.0,0.045646404649872074,1.7534658776513645e-308,0.045646404649872074,8.0,9.0,-1.0,3.834070766542297,3.879717171192169,-0.04564640464987235,"[8, 0, 0]",9,0
quincas_borba,complexo,pt,sbert,250,211,55117,15,0.4310796856880188,2.708050101440742,2.708037949872125,1.215156861711364e-05,0.0012558387000560255,0.9999999631980722,0.9999954759959471,4.487202125091905e-06,15,15.0,0,0.0,0.007538169890840052,0.07439534752953236,0.0,14.0,14.0,0.0,6.4654240279604345,6.457885858069595,0.007538169890839441,"[14, 0, 0]",15,0
quincas_borba,complexo,pt,sbert,250,212,55382,14,0.4310796856880188,2.6349944707513004,2.639057329615258,0.004062858863957519,-3.2036388669429665,0.9984604885925118,0.9999999999999998,0.0015395114074879812,14,14.0,0,0.0,0.12386130057128253,0.02599323496270181,0.09786806560858072,11.0,14.0,-3.0,5.817169529257789,6.035115599632263,-0.21794607037447378,"[11, 0, 0]",14,0
quincas_borba,complexo,pt,sbert,250,213,55637,15,0.4310796856880188,2.705243470269964,2.708037949872125,0.0027944796021608376,-0.28880350689607814,0.9989635602652035,0.9999954759959471,0.0010319157307435711,15,15.0,0,0.0,0.11510459399282522,0.07439534752953236,0.04070924646329285,12.0,14.0,-2.0,6.306003867270816,6.457885858069595,-0.1518819907987794,"[12, 0, 0]",15,0
quincas_borba,complexo,pt,sbert,250,214,55908,16,0.4310796856880188,2.769736298737602,2.7725041009422102,0.0027678022046080386,-0.30263827264238335,0.9989712056897229,0.9999694793184102,0.0009982736286873184,16,16.0,0,0.0,0.10224095877698597,0.06534875824548556,0.03689220053150041,13.0,15.0,-2.0,6.707082432375453,6.874511182162103,-0.1674287497866498,"[13, 0, 0]",16,0
quincas_borba,complexo,pt,sbert,250,215,56203,17,0.4310796856880188,2.827782541786237,2.8331969674887265,0.0054144257024897335,-1.6605469434716265,0.9783456173279644,0.9999942197902167,0.02164860246225231,18,17.0,1,0.0,0.2039109443761633,0.047031536150197145,0.15687940822596616,5.0,16.0,-11.0,6.405815772970919,7.318032633477028,-0.912216860506109,"[5, 0, 0]",18,0
quincas_borba,complexo,pt,sbert,250,216,56481,16,0.4310796856880188,2.770541964875907,2.7725041009422102,0.001962136066303355,-0.21454476364197475,0.9992617883253089,0.9999694793184102,0.0007076909931013065,16,16.0,0,0.0,0.0806560011241258,0.06534875824548556,0.015307242878640243,12.0,15.0,-3.0,6.703946484140008,6.874511182162103,-0.17056469802209495,"[12, 0, 0]",16,0
quincas_borba,complexo,pt,sbert,250,217,56741,18,0.4310796856880188,2.874192534624579,2.890246389658701,0.016053855034122044,-1.677103283132578,0.9944023729032829,0.9999566255665484,0.00555425266326548,18,18.0,0,0.0,0.19474817704574163,0.04811101558435532,0.1466371614613863,10.0,17.0,-7.0,7.022158749741193,7.72165337759981,-0.6994946278586172,"[10, 0, 0]",18,0
quincas_borba,complexo,pt,sbert,250,218,56992,11,0.4310796856880188,2.3968002478304804,2.3978952727983707,0.001095024967890268,-0.05879121311704026,0.9995433391189714,1.0,0.00045666088102858104,11,11.0,0,0.0,0.06760745663780016,0.0441188211070348,0.023488635530765356,10.0,11.0,-1.0,4.674269085930407,4.741876542568207,-0.06760745663780021,"[10, 0, 0]",11,0
quincas_borba,complexo,pt,sbert,250,219,57245,16,0.4310796856880188,2.7722132355241182,2.7725041009422102,0.00029086541809197897,-0.03180393727420528,0.9998645717943484,0.9999694793184102,0.00010490752406178139,16,16.0,0,0.0,0.04792516355820642,0.06534875824548556,0.0,12.0,15.0,-3.0,6.841647412150403,6.874511182162103,-0.03286377001170049,"[12, 0, 0]",16,0
quincas_borba,complexo,pt,sbert,250,220,57499,17,0.4310796856880188,2.817319920767812,2.8331969674887265,0.01587704672091439,-4.869321854697772,0.994390318921183,0.9999942197902167,0.005603900869033729,17,17.0,0,0.0,0.21037883123436338,0.047031536150197145,0.16334729508416623,11.0,16.0,-5.0,6.735225548058301,7.318032633477028,-0.5828070854187271,"[11, 0, 0]",17,0
quincas_borba,complexo,pt,sbert,250,221,57764,12,0.4310796856880188,2.4797777430511245,2.484906649788001,0.005128906736876271,-1.9442900361772086,0.9979359760909677,1.0000000000000002,0.0020640239090324863,12,12.0,0,0.0,0.12555839271109231,0.02023596982198511,0.1053224228891072,9.0,12.0,-3.0,4.944028508682395,5.172956228256226,-0.2289277195738304,"[9, 0, 0]",12,0
quincas_borba,complexo,pt,sbert,250,222,58054,18,0.4310796856880188,2.88430487264027,2.890246389658701,0.005941517018431153,-0.6206943863152876,0.9979010017519994,0.9999566255665484,0.0020556238145490457,18,18.0,0,0.0,0.13430379416367483,0.04811101558435532,0.0861927785793195,15.0,17.0,-2.0,7.438810121258179,7.72165337759981,-0.2828432563416312,"[15, 0, 0]",18,0
quincas_borba,complexo,pt,sbert,250,223,58320,16,0.4310796856880188,2.768987652578856,2.7725041009422102,0.0035164483633542964,-0.3844970774103377,0.9987011886645719,0.9999694793184102,0.0012682906538382666,16,16.0,0,0.0,0.0991809368737834,0.06534875824548556,0.03383217862829785,13.0,15.0,-2.0,6.644523377815624,6.874511182162103,-0.22998780434647959,"[13, 0, 0]",16,0
quincas_borba,complexo,pt,sbert,250,224,58571,17,0.4310796856880188,2.7969611612727365,2.8331969674887265,0.036235806215989985,-11.113137489082836,0.9872045700831062,0.9999942197902167,0.012789649707110495,17,17.0,0,0.0,0.21037883123436338,0.047031536150197145,0.16334729508416623,6.0,16.0,-10.0,6.197080950886169,7.318032633477028,-1.1209516825908592,"[6, 0, 0]",17,0
quincas_borba,complexo,pt,sbert,250,225,58834,14,0.4310796856880188,2.6344651547021796,2.639057329615258,0.004592174913078395,-3.6210142975550355,0.9982599184710594,0.9999999999999998,0.0017400815289403404,14,14.0,0,0.0,0.1477941647409447,0.02599323496270181,0.12180092977824289,13.0,14.0,-1.0,5.8873214348913185,6.035115599632263,-0.14779416474094464,"[13, 0, 0]",14,0
quincas_borba,complexo,pt,sbert,250,226,59091,15,0.4310796856880188,2.7035280516069524,2.708037949872125,0.004509898265172563,-0.46608836712181895,0.9983301086909626,0.9999954759959471,0.0016653673049844553,15,15.0,0,0.0,0.11882514636253813,0.07439534752953236,0.04442979883300577,11.0,14.0,-3.0,6.167480700717116,6.457885858069595,-0.2904051573524793,"[11, 0, 0]",15,0
quincas_borba,complexo,pt,sbert,250,227,59378,17,0.4310796856880188,2.829692122723906,2.8331969674887265,0.0035048447648207137,-1.0748987208171232,0.9987571633672778,0.9999942197902167,0.0012370564229389203,17,17.0,0,0.0,0.10254943360503388,0.047031536150197145,0.055517897454836734,7.0,16.0,-9.0,6.9452007886961065,7.318032633477028,-0.37283184478092135,"[7, 0, 0]",17,0
quincas_borba,complexo,pt,sbert,250,228,59636,20,0.4310796856880188,2.9949603884270717,2.9955105157778403,0.0005501273507686477,-0.06192740869794525,0.9997423384146397,0.999925975435753,0.00018363702111334756,20,20.0,0,0.0,0.05684450202071184,0.060413154174164374,0.0,16.0,18.5,-2.5,8.489330776593789,8.568270871048703,-0.07894009445491434,"[16, 0, 0]",20,0
quincas_borba,complexo,pt,sbert,250,229,59888,19,0.4310796856880188,2.9443348722751526,2.9442215583496374,0.00011331392551516828,0.018511305602593557,0.9999646428769541,0.9999261588308193,3.848404613482348e-05,19,19.0,0,0.0,0.0207389764244143,0.04466476529837757,0.0,17.0,18.0,-1.0,8.150454632755526,8.140241285316044,0.010213347439481879,"[17, 0, 0]",19,0
quincas_borba,complexo,pt,sbert,250,230,60139,18,0.4310796856880188,2.8844646063692494,2.890246389658701,0.005781783289451781,-0.6040074310183249,0.9979562658295503,0.9999566255665484,0.002000359736998081,18,18.0,0,0.0,0.15707870599342647,0.04811101558435532,0.10896769040907114,14.0,17.0,-3.0,7.518561672491875,7.72165337759981,-0.20309170510793528,"[14, 0, 0]",18,0
quincas_borba,complexo,pt,sbert,250,231,60393,21,0.4310796856880188,3.0325484539880705,3.0436688816995408,0.01112042771147026,-1.5158655184867824,0.9960670404044366,0.9997485913584523,0.0036815509540156777,21,21.0,0,0.0,0.16336958524925793,0.068321142289549,0.09504844295970893,15.0,19.0,-4.0,8.454922439965475,8.95145917769921,-0.4965367377337344,"[15, 0, 0]",21,0
quincas_borba,complexo,pt,sbert,250,232,60653,19,0.4310796856880188,2.932286879263581,2.9442215583496374,0.011934679086056388,-1.9496852732482417,0.9958728640705947,0.9999261588308193,0.004053294760224535,19,19.0,0,0.0,0.16732506175462675,0.04466476529837757,0.12266029645624918,12.0,18.0,-6.0,7.570075336927694,8.140241285316044,-0.5701659483883503,"[12, 0, 0]",19,0
quincas_borba,complexo,pt,sbert,250,233,60910,21,0.4310796856880188,3.0063608806435225,3.0436688816995408,0.03730800105601828,-5.08558787771747,0.9874655030926833,0.9997485913584523,0.01228308826576896,21,21.0,0,0.0,0.2155398428440094,0.068321142289549,0.1472187005544604,9.0,19.0,-10.0,7.590471022976278,8.95145917769921,-1.360988154722932,"[9, 0, 0]",21,0
quincas_borba,complexo,pt,sbert,250,234,61189,16,0.4310796856880188,2.7077996654779573,2.7725041009422102,0.06470443546425297,-7.074941463880796,0.9999074848671008,0.9999694793184102,6.199445130938841e-05,15,16.0,0,0.0,0.20415794842091048,0.06534875824548556,0.13880919017542492,14.0,15.0,-1.0,6.428241484194544,6.874511182162103,-0.44626969796755933,"[14, 0, 0]",15,0
quincas_borba,complexo,pt,sbert,250,235,61441,12,0.4310796856880188,2.482373969760986,2.484906649788001,0.0025326800270146776,-0.9601002307070131,0.9989807745787028,1.0000000000000002,0.0010192254212973983,12,12.0,0,0.0,0.09990857380218104,0.02023596982198511,0.07967260398019593,9.0,12.0,-3.0,5.01154163111081,5.172956228256226,-0.1614145971454155,"[9, 0, 0]",12,0
quincas_borba,complexo,pt,sbert,250,236,61715,22,0.4310796856880188,3.0888524993017645,3.090650170333123,0.0017976710313583055,-0.26625737952776807,0.99929151602102,0.999873090379342,0.0005815743583220678,22,22.0,0,0.0,0.07164536813399475,0.0714145125807068,0.00023085555328794527,18.0,20.0,-2.0,9.25464992810905,9.412790540603215,-0.1581406124941651,"[18, 0, 0]",22,0
quincas_borba,complexo,pt,sbert,250,237,61968,14,0.4310796856880188,2.626685982461093,2.639057329615258,0.01237134715416488,-9.755034547501149,0.9953122097745527,0.9999999999999998,0.004687790225447075,14,14.0,0,0.0,0.2035146860917736,0.02599323496270181,0.17752145112907178,10.0,14.0,-4.0,5.663807137721321,6.035115599632263,-0.37130846191094236,"[10, 0, 0]",14,0
quincas_borba,complexo,pt,sbert,250,238,62238,13,0.4310796856880188,2.560877854236987,2.564949357461537,0.004071503224550188,-4.411881530073912,0.9984126379678002,1.0000000000000002,0.0015873620322000015,13,13.0,0,0.0,0.13537379483096867,0.04802524718311407,0.0873485476478546,12.0,13.0,-1.0,5.468662119113276,5.604035913944244,-0.13537379483096856,"[12, 0, 0]",13,0
quincas_borba,complexo,pt,sbert,250,239,62514,17,0.4310796856880188,2.825789798531024,2.8331969674887265,0.007407168957702659,-2.2717001669881878,0.9973798141460946,0.9999942197902167,0.0026144056441221863,17,17.0,0,0.0,0.1570861678910649,0.047031536150197145,0.11005463174086774,8.0,16.0,-8.0,6.782931710905732,7.318032633477028,-0.5351009225712957,"[8, 0, 0]",17,0
quincas_borba,complexo,pt,sbert,250,240,62779,11,0.4310796856880188,2.390360687917738,2.3978952727983707,0.007534584880632522,-0.40452720116431684,0.9968578340488409,1.0,0.003142165951159126,11,11.0,0,0.0,0.1643010820722987,0.0441188211070348,0.12018226096526391,8.0,11.0,-3.0,4.52347763994549,4.741876542568207,-0.21839890262271666,"[8, 0, 0]",11,0
quincas_borba,complexo,pt,sbert,250,241,63049,9,0.4310796856880188,2.1958846860239385,2.1972245773362196,0.0013398913122810718,-0.08132864551253373,0.9993901891840726,1.0,0.0006098108159273696,9,9.0,0,0.0,0.0662603403092204,1.7534658776513645e-308,0.0662603403092204,7.0,9.0,-2.0,3.7873347865621705,3.879717171192169,-0.0923823846299987,"[7, 0, 0]",9,0
quincas_borba,complexo,pt,sbert,250,242,63310,13,0.4310796856880188,2.563462186158387,2.564949357461537,0.0014871713031503475,-1.6114990563834908,0.9994201946721389,1.0000000000000002,0.0005798053278612825,13,13.0,0,0.0,0.06982233707770819,0.04802524718311407,0.021797089894594113,10.0,13.0,-3.0,5.46961036276655,5.604035913944244,-0.13442555117769395,"[10, 0, 0]",13,0
quincas_borba,complexo,pt,sbert,250,243,63563,13,0.4310796856880188,2.564117312365114,2.564949357461537,0.0008320450964229842,-0.9016041964458185,0.9996756095421525,1.0000000000000002,0.0003243904578477119,13,13.0,0,0.0,0.06380814436868493,0.04802524718311407,0.015782897185570854,12.0,13.0,-1.0,5.5402277695755595,5.604035913944244,-0.06380814436868487,"[12, 0, 0]",13,0
quincas_borba,complexo,pt,sbert,250,244,63829,16,0.4310796856880188,2.771331942314011,2.7725041009422102,0.0011721586281994156,-0.1281666955501877,0.9995467124584005,0.9999694793184102,0.0004227668600096379,16,16.0,0,0.0,0.0688101215414687,0.06534875824548556,0.0034613632959831497,10.0,15.0,-5.0,6.735618689894631,6.874511182162103,-0.13889249226747236,"[10, 0, 0]",16,0
quincas_borba,complexo,pt,sbert,250,245,64083,25,0.4310796856880188,3.2154193425304185,3.2184258113732778,0.0030064688428592667,-0.36433565738178664,0.9989261833864239,0.9998700750502714,0.0009438916638474515,25,25.0,0,0.0,0.09626752036223724,0.050667994328736976,0.04559952603350026,21.0,23.0,-2.0,10.500610088800435,10.690591426568737,-0.18998133776830173,"[21, 0, 0]",25,0
quincas_borba,complexo,pt,sbert,250,246,64336,17,0.4310796856880188,2.833213344056216,2.8331969674887265,1.6376567489650995e-05,0.0050225195770979055,1.0,0.9999942197902167,5.7802097832571064e-06,17,17.0,0,0.0,0.010322023219292042,0.047031536150197145,0.0,17.0,16.0,1.0,7.32835465669632,7.318032633477028,0.010322023219291765,"[17, 0, 0]",17,0
quincas_borba,complexo,pt,sbert,250,247,64606,14,0.4310796856880188,2.638394422131996,2.639057329615258,0.0006629074832620319,-0.522714731098716,0.9997488089872761,0.9999999999999998,0.0002511910127236394,14,14.0,0,0.0,0.059111966545019934,0.02599323496270181,0.03311873158231812,13.0,14.0,-1.0,5.9760036330872435,6.035115599632263,-0.05911196654501971,"[13, 0, 0]",14,0
quincas_borba,complexo,pt,sbert,250,248,64893,19,0.4310796856880188,2.939840505974607,2.9442215583496374,0.004381052375030503,-0.715701966959939,0.9984382514888676,0.9999261588308193,0.0014879073419516997,19,19.0,0,0.0,0.11330798362887784,0.04466476529837757,0.06864321833050027,13.0,18.0,-5.0,7.852886302136527,8.140241285316044,-0.287354983179517,"[13, 0, 0]",19,0
quincas_borba,complexo,pt,sbert,250,249,65146,23,0.4310796856880188,3.1323548646791846,3.135255994097508,0.002901129418323656,-0.4966111305550714,0.9989987698800348,0.9999240241520997,0.0009252542720649126,23,23.0,0,0.0,0.11055645462065791,0.08235631409059033,0.028200140530067586,15.0,21.0,-6.0,9.588199442474505,9.847078125164819,-0.2588786826903142,"[15, 0, 0]",23,0
quincas_borba,complexo,pt,sbert,250,250,65417,21,0.4310796856880188,3.0370766856314035,3.0436688816995408,0.006592196068137213,-0.8986059682296302,0.9975543776587874,0.9997485913584523,0.002194213699664882,21,21.0,0,0.0,0.11724532763672982,0.068321142289549,0.04892418534718082,14.0,19.0,-5.0,8.451009142543143,8.95145917769921,-0.5004500351560672,"[14, 0, 0]",21,0
quincas_borba,complexo,pt,sbert,250,251,65679,24,0.4310796856880188,3.1504113735344617,3.1775922244776797,0.027180850943218093,-6.5421923678178135,0.9913020803645551,0.9998376610513413,0.00853558068678617,24,24.0,0,0.0,0.18417464470787273,0.07189518778046988,0.11227945692740285,16.0,22.0,-6.0,9.596666612730075,10.25986566346212,-0.6631990507320449,"[16, 0, 0]",24,0
quincas_borba,complexo,pt,sbert,250,252,65949,14,0.4310796856880188,2.6286789609922794,2.639057329615258,0.010378368622978584,-8.183534355817876,0.9960673955406296,0.9999999999999998,0.003932604459370159,14,14.0,0,0.0,0.17199019766702422,0.02599323496270181,0.1459969627043224,10.0,14.0,-4.0,5.631374018624333,6.035115599632263,-0.4037415810079299,"[10, 0, 0]",14,0
quincas_borba,complexo,pt,sbert,250,253,66203,17,0.4310796856880188,2.8320826558784553,2.8331969674887265,0.0011143116102712014,-0.3417475536989878,0.9996009166834778,0.9999942197902167,0.000393303106738907,17,17.0,0,0.0,0.06748137775329788,0.047031536150197145,0.020449841603100732,14.0,16.0,-2.0,7.191289828495261,7.318032633477028,-0.1267428049817667,"[14, 0, 0]",17,0
quincas_borba,complexo,pt,sbert,250,254,66462,17,0.4310796856880188,2.8324634543341984,2.8331969674887265,0.000733513154528076,-0.22496070565484633,0.9997353218303906,0.9999942197902167,0.00025889795982614316,17,17.0,0,0.0,0.05484546168036475,0.047031536150197145,0.007813925530167604,14.0,16.0,-2.0,7.212778555165642,7.318032633477028,-0.10525407831138622,"[14, 0, 0]",17,0
quincas_borba,complexo,pt,sbert,250,255,66724,15,0.4310796856880188,2.7078701881345943,2.708037949872125,0.00016776173753063617,-0.01733781777629113,0.9999335267243042,0.9999954759959471,6.194927164282493e-05,15,15.0,0,0.0,0.0320553558241678,0.07439534752953236,0.0,13.0,14.0,-1.0,6.427591237799321,6.457885858069595,-0.030294620270273853,"[13, 0, 0]",15,0
quincas_borba,complexo,pt,sbert,250,256,66981,20,0.4310796856880188,2.992855317100534,2.9955105157778403,0.0026551986773064584,-0.29889365332237483,0.9990396483427927,0.999925975435753,0.0008863270929603262,20,20.0,0,0.0,0.11190049612433203,0.060413154174164374,0.05148734195016766,18.0,18.5,-0.5,8.46341732798732,8.568270871048703,-0.10485354306138284,"[18, 0, 0]",20,0
quincas_borba,complexo,pt,sbert,250,257,67253,14,0.4310796856880188,2.632829708153871,2.639057329615258,0.006227621461386779,-4.910593951292975,0.9976402098614905,0.9999999999999998,0.002359790138509288,14,14.0,0,0.0,0.158581484205379,0.02599323496270181,0.13258824924267718,10.0,14.0,-4.0,5.7910213985351495,6.035115599632263,-0.24409420109711366,"[10, 0, 0]",14,0
quincas_borba,complexo,pt,sbert,250,258,67519,18,0.4310796856880188,2.8839432812586363,2.890246389658701,0.006303108400064872,-0.6584688705124734,0.9977758997194854,0.9999566255665484,0.00218072584706297,18,18.0,0,0.0,0.16504860502472132,0.04811101558435532,0.116937589440366,16.0,17.0,-1.0,7.565230536107798,7.72165337759981,-0.15642284149201213,"[16, 0, 0]",18,0
quincas_borba,complexo,pt,sbert,250,259,67782,21,0.4310796856880188,3.036834914934168,3.0436688816995408,0.006833966765372956,-0.931562601987714,0.9974749659605059,0.9997485913584523,0.0022736253979463994,21,21.0,0,0.0,0.15290819569344924,0.068321142289549,0.08458705340390024,16.0,19.0,-3.0,8.755670634307403,8.95145917769921,-0.1957885433918065,"[16, 0, 0]",21,0
quincas_borba,complexo,pt,sbert,250,260,68057,22,0.4310796856880188,3.0440091179532804,3.090650170333123,0.046641052379842396,-6.908118431263183,0.999831395635722,0.999873090379342,4.1694743620035446e-05,21,22.0,0,0.0,0.18788436472841616,0.0714145125807068,0.11646985214770936,18.0,20.0,-2.0,8.953343791831006,9.412790540603215,-0.4594467487722085,"[18, 0, 0]",21,0
quincas_borba,complexo,pt,sbert,250,261,68322,19,0.4310796856880188,2.944316518754995,2.9442215583496374,9.496040535772465e-05,0.01551301903743241,0.9999584095943874,0.9999261588308193,3.2250763568164587e-05,19,19.0,0,0.0,0.02977903569405871,0.04466476529837757,0.0,17.0,18.0,-1.0,8.157413889503662,8.140241285316044,0.01717260418761768,"[17, 0, 0]",19,0
quincas_borba,complexo,pt,sbert,250,262,68576,19,0.4310796856880188,2.9444389444216985,2.9442215583496374,0.00021738607206112093,0.03551284623999868,0.9999999881998771,0.9999261588308193,7.382936905786508e-05,19,19.0,0,0.0,0.0359625786755281,0.04466476529837757,0.0,18.0,18.0,0.0,8.190005246942825,8.140241285316044,0.04976396162678043,"[18, 0, 0]",19,0
quincas_borba,complexo,pt,sbert,250,263,68830,22,0.4310796856880188,3.090895765118886,3.090650170333123,0.0002455947857633589,0.03637563433039599,0.9999525440877493,0.999873090379342,7.945370840722887e-05,22,22.0,0,0.0,0.031097507375062117,0.0714145125807068,0.0,20.0,20.0,0.0,9.435183613688519,9.412790540603215,0.022393073085304138,"[20, 0, 0]",22,0
quincas_borba,complexo,pt,sbert,250,264,69085,19,0.4310796856880188,2.887318875063645,2.9442215583496374,0.05690268328599224,-9.295794450026301,0.9989437750268009,0.9999261588308193,0.000982383804018383,18,19.0,0,0.0,0.19730416294147848,0.04466476529837757,0.15263939764310092,12.0,18.0,-6.0,7.425032042638724,8.140241285316044,-0.7152092426773198,"[12, 0, 0]",18,0
quincas_borba,complexo,pt,sbert,250,265,69357,17,0.4310796856880188,2.8322707712784134,2.8331969674887265,0.0009261962103130905,-0.2840545554781897,0.9996673131658863,0.9999942197902167,0.0003269066243304364,17,17.0,0,0.0,0.059309305500960696,0.047031536150197145,0.012277769350763551,11.0,16.0,-5.0,7.148201754532707,7.318032633477028,-0.16983087894432103,"[11, 0, 0]",17,0
quincas_borba,complexo,pt,sbert,250,266,69610,19,0.4310796856880188,2.9431589642133806,2.9442215583496374,0.001062594136256756,-0.17358859203178614,0.9995652771335672,0.9999261588308193,0.00036088169725201347,19,19.0,0,0.0,0.06624561431873821,0.04466476529837757,0.021580849020360643,16.0,18.0,-2.0,8.056024510843974,8.140241285316044,-0.0842167744720701,"[16, 0, 0]",19,0
quincas_borba,complexo,pt,sbert,250,267,69875,18,0.4310796856880188,2.890371757896165,2.890246389658701,0.00012536823746378545,0.013096884343615086,1.0000000000000002,0.9999566255665484,4.337443345181491e-05,18,18.0,0,0.0,0.026976380252489468,0.04811101558435532,0.0,18.0,17.0,1.0,7.759434342384338,7.72165337759981,0.037780964784528415,"[18, 0, 0]",18,0
quincas_borba,complexo,pt,sbert,250,268,70135,14,0.4310796856880188,2.639006538120066,2.639057329615258,5.0791495191937486e-05,-0.04005002722357404,0.9999807539250389,0.9999999999999998,1.924607496084363e-05,14,14.0,0,0.0,0.016729133451852896,0.02599323496270181,0.0,13.0,14.0,-1.0,6.01838646618041,6.035115599632263,-0.016729133451852896,"[13, 0, 0]",14,0
quincas_borba,complexo,pt,sbert,250,269,70389,17,0.4310796856880188,2.832080616579561,2.8331969674887265,0.0011163509091653978,-0.34237298504326236,0.9996001969004448,0.9999942197902167,0.0003940228897719722,17,17.0,0,0.0,0.0740579287445838,0.047031536150197145,0.02702639259438666,12.0,16.0,-4.0,7.195639617774434,7.318032633477028,-0.12239301570259364,"[12, 0, 0]",17,0
quincas_borba,complexo,pt,sbert,250,270,70645,25,0.4310796856880188,3.0760344232778385,3.2184258113732778,0.14239138809543928,-17.255545524935084,0.9951446703476454,0.9998700750502714,0.004725404702625946,22,25.0,0,0.0,0.2155398428440094,0.050667994328736976,0.16487184851527242,15.0,23.0,-8.0,8.92774166957502,10.690591426568737,-1.7628497569937167,"[15, 0, 0]",22,0
quincas_borba,complexo,pt,sbert,250,271,70901,14,0.4310796856880188,2.639057329615258,2.639057329615258,0.0,0.0,0.9999999999999998,0.9999999999999998,0.0,14,14.0,0,0.0,1.717888299203142e-308,0.02599323496270181,0.0,14.0,14.0,0.0,6.035115599632263,6.035115599632263,0.0,"[14, 0, 0]",14,0
quincas_borba,complexo,pt,sbert,250,272,71161,24,0.4310796856880188,3.0844619038185854,3.1775922244776797,0.09313032065909432,-22.415651161957953,0.9978710905336867,0.9998376610513413,0.0019665705176545867,22,24.0,0,0.0,0.2125845062191583,0.07189518778046988,0.14068931843868843,12.0,22.0,-10.0,8.854374703800907,10.25986566346212,-1.405490959661213,"[12, 0, 0]",22,0
quincas_borba,complexo,pt,sbert,250,273,71413,17,0.4310796856880188,2.8270582315439814,2.8331969674887265,0.006138735944745122,-1.88268521352847,0.9978275153457301,0.9999942197902167,0.0021667044444866335,17,17.0,0,0.0,0.1461135462822838,0.047031536150197145,0.09908201013208665,11.0,16.0,-5.0,6.942111414977639,7.318032633477028,-0.3759212184993892,"[11, 0, 0]",17,0
quincas_borba,complexo,pt,sbert,250,274,71675,17,0.4310796856880188,2.8329820498527063,2.8331969674887265,0.00021491763602021763,-0.06591295978582072,0.9999183632944568,0.9999942197902167,7.585649575991837e-05,17,17.0,0,0.0,0.03718359165096635,0.047031536150197145,0.0,15.0,16.0,-1.0,7.277935158323261,7.318032633477028,-0.04009747515376638,"[15, 0, 0]",17,0
quincas_borba,complexo,pt,sbert,250,275,71959,15,0.4310796856880188,2.7066168994044535,2.708037949872125,0.001421050467671492,-0.14686253505750863,0.9994707255806509,0.9999954759959471,0.0005247504152962046,15,15.0,0,0.0,0.08649805789317394,0.07439534752953236,0.012102710363641578,13.0,14.0,-1.0,6.357666937408494,6.457885858069595,-0.10021892066110105,"[13, 0, 0]",15,0
quincas_borba,complexo,pt,sbert,250,276,72217,21,0.4310796856880188,2.9933630834116025,3.0436688816995408,0.05030579828793824,-6.857364391297759,0.9992091449014642,0.9997485913584523,0.000539446456988113,20,21.0,0,0.0,0.1813715924422187,0.068321142289549,0.11305045015266971,18.0,19.0,-1.0,8.460564557113331,8.95145917769921,-0.4908946205858786,"[18, 0, 0]",20,0
quincas_borba,complexo,pt,sbert,250,277,72477,11,0.4310796856880188,2.397865159897263,2.3978952727983707,3.011290110777054e-05,-0.001616743031905647,0.9999874419448384,1.0,1.2558055161648873e-05,11,11.0,0,0.0,0.01156575941180904,0.0441188211070348,0.0,10.0,11.0,-1.0,4.730310783156398,4.741876542568207,-0.01156575941180904,"[10, 0, 0]",11,0
quincas_borba,complexo,pt,sbert,250,278,72751,15,0.4310796856880188,2.707141660128514,2.708037949872125,0.0008962897436108896,-0.09262963342071064,0.9996645036442359,0.9999954759959471,0.00033097235171120065,15,15.0,0,0.0,0.07053865133725651,0.07439534752953236,0.0,13.0,14.0,-1.0,6.381250421683018,6.457885858069595,-0.0766354363865771,"[13, 0, 0]",15,0
quincas_borba,complexo,pt,sbert,250,279,73011,19,0.4310796856880188,2.9442633202077966,2.9442215583496374,4.176185815918387e-05,0.006822343462219343,0.9999403421297277,0.9999261588308193,1.4183298908454489e-05,19,19.0,0,0.0,0.0355726306201985,0.04466476529837757,0.0,18.0,18.0,0.0,8.15494139745216,8.140241285316044,0.014700112136114996,"[18, 0, 0]",19,0
quincas_borba,complexo,pt,sbert,250,280,73295,15,0.4310796856880188,2.7044562107943304,2.708037949872125,0.003581739077794577,-0.3701650946580293,0.9986728494521937,0.9999954759959471,0.001322626543753369,15,15.0,0,0.0,0.10774577151180495,0.07439534752953236,0.03335042398227259,8.0,14.0,-6.0,6.1464545332024265,6.457885858069595,-0.3114313248671685,"[8, 0, 0]",15,0
quincas_borba,complexo,pt,sbert,250,281,73550,20,0.4310796856880188,2.8970519381449127,2.9955105157778403,0.09845857763292765,-11.083405630302597,0.983906258082841,0.999925975435753,0.016019717352911966,19,20.0,0,0.0,0.2155398428440094,0.060413154174164374,0.15512668866984503,7.0,18.5,-11.5,7.06174824626363,8.568270871048703,-1.5065226247850738,"[7, 0, 0]",19,0
quincas_borba,complexo,pt,sbert,250,282,73825,20,0.4310796856880188,2.944364303970241,2.9955105157778403,0.05114621180759915,-5.757489347758087,0.9999746385655375,0.999925975435753,4.86631297844653e-05,19,20.0,0,0.0,0.19513256951151062,0.060413154174164374,0.13471941533734624,17.0,18.5,-1.5,8.161045134516588,8.568270871048703,-0.4072257365321157,"[17, 0, 0]",19,0
quincas_borba,complexo,pt,sbert,250,283,74105,20,0.4310796856880188,2.9408746737265528,2.9955105157778403,0.054635842051287575,-6.150314314565607,0.9987894789244719,0.999925975435753,0.0011364965112811154,19,20.0,0,0.0,0.19513256951151062,0.060413154174164374,0.13471941533734624,14.0,18.5,-4.5,7.924549789178512,8.568270871048703,-0.6437210818701917,"[14, 0, 0]",19,0
quincas_borba,complexo,pt,sbert,250,284,74356,14,0.4310796856880188,2.564949357461537,2.639057329615258,0.07410797215372078,-58.435497734894824,1.0000000000000002,0.9999999999999998,4.440892098500626e-16,13,14.0,0,0.0,0.2155398428440094,0.02599323496270181,0.1895466078813076,13.0,14.0,-1.0,5.604035913944244,6.035115599632263,-0.4310796856880188,"[13, 0, 0]",13,0
quincas_borba,complexo,pt,sbert,250,285,74612,12,0.4310796856880188,2.484888512986729,2.484906649788001,1.8136801271939618e-05,-0.006875383743599744,0.9999927012142396,1.0000000000000002,7.29878576066767e-06,12,12.0,0,0.0,0.009348297575166753,0.02023596982198511,0.0,11.0,12.0,-1.0,5.163607930681058,5.172956228256226,-0.009348297575167308,"[11, 0, 0]",12,0
quincas_borba,complexo,pt,sbert,250,286,74877,17,0.4310796856880188,2.8297892064188797,2.8331969674887265,0.0034077610698468597,-1.0451241811322154,0.9987914296519462,0.9999942197902167,0.0012027901382705153,17,17.0,0,0.0,0.10781324192728661,0.047031536150197145,0.06078170577708947,10.0,16.0,-6.0,6.964468206910527,7.318032633477028,-0.3535644265665008,"[10, 0, 0]",17,0
quincas_borba,complexo,pt,sbert,250,287,75159,16,0.4310796856880188,2.76979086399464,2.7725041009422102,0.0027132369475704188,-0.2966719737830718,0.998990885946156,0.9999694793184102,0.000978593372254144,16,16.0,0,0.0,0.09967483766780647,0.06534875824548556,0.03432607942232091,13.0,15.0,-2.0,6.697338087312258,6.874511182162103,-0.17717309484984511,"[13, 0, 0]",16,0
quincas_borba,complexo,pt,sbert,250,288,75415,19,0.4310796856880188,2.9425671025787836,2.9442215583496374,0.0016544557708537688,-0.2702768988101906,0.9993642671487162,0.9999261588308193,0.0005618916821030773,19,19.0,0,0.0,0.06941307341431607,0.04466476529837757,0.024748308115938505,16.0,18.0,-2.0,7.984579880755903,8.140241285316044,-0.15566140456014121,"[16, 0, 0]",19,0
quincas_borba,complexo,pt,sbert,250,289,75697,15,0.4310796856880188,2.705627838101224,2.708037949872125,0.00241011177090078,-0.2490799113042161,0.9991054955332808,0.9999954759959471,0.0008899804626663066,15,15.0,0,0.0,0.10526122973166632,0.07439534752953236,0.03086588220213396,13.0,14.0,-1.0,6.3234216117912965,6.457885858069595,-0.13446424627829856,"[13, 0, 0]",15,0
quincas_borba,complexo,pt,sbert,250,290,75981,5,0.4310796856880188,1.6094379124341005,1.6094379124341005,0.0,0.0,1.0000000000000002,1.0000000000000002,0.0,5,5.0,0,0.0,1.7080381481378566e-308,1.7080381481378566e-308,0.0,5.0,5.0,0.0,2.155398428440094,2.155398428440094,0.0,"[5, 0, 0]",5,0
quincas_borba,complexo,pt,sbert,400,0,0,21,0.4310796856880188,3.0440587902314373,3.0436688816995408,0.0003899085318965767,0.05314983507839199,0.9998477109295564,0.9997485913584523,9.911957110408931e-05,21,21.0,0,0.0,0.0475718801605666,0.068321142289549,0.0,18.0,19.0,-1.0,8.965457966966913,8.95145917769921,0.013998789267702705,"[18, 0, 0]",21,0
quincas_borba,complexo,pt,sbert,400,1,404,20,0.4310796856880188,2.9873909265914618,2.9955105157778403,0.008119589186378562,-0.9140158497877369,0.9972155899790627,0.999925975435753,0.002710385456690334,20,20.0,0,0.0,0.13960248852559912,0.060413154174164374,0.07918933435143474,15.0,18.5,-3.5,8.104278865950487,8.568270871048703,-0.46399200509821625,"[15, 0, 0]",20,0
quincas_borba,complexo,pt,sbert,400,2,816,24,0.4310796856880188,3.1749874680143355,3.1775922244776797,0.0026047564633442377,-0.6269420295234228,0.9990351446207962,0.9998376610513413,0.0008025164305450749,24,24.0,0,0.0,0.10931049302819668,0.07189518778046988,0.03741530524772679,19.0,22.0,-3.0,10.05670458158916,10.25986566346212,-0.20316108187295967,"[19, 0, 0]",24,0
quincas_borba,complexo,pt,sbert,400,3,1223,29,0.4310796856880188,3.3486967034932555,3.366244275967515,0.017547572474259532,-2.3672250392446563,0.9944765392076368,0.9997135849561409,0.005237045748504143,29,29.0,0,0.0,0.17938471638382028,0.08194588245550324,0.09743883392831704,15.0,26.0,-11.0,11.20117654569739,12.363497575278997,-1.1623210295816069,"[15, 0, 0]",29,0
quincas_borba,complexo,pt,sbert,400,4,1623,20,0.4310796856880188,2.9956083419539463,2.9955105157778403,9.78261761059862e-05,0.011012216681479404,0.9999586306155799,0.999925975435753,3.2655179826868164e-05,20,20.0,0,0.0,0.030690300666492754,0.060413154174164374,0.0,19.0,18.5,0.5,8.590903413093884,8.568270871048703,0.02263254204518006,"[19, 0, 0]",20,0
quincas_borba,complexo,pt,sbert,400,5,2045,19,0.4310796856880188,2.924958417565874,2.9442215583496374,0.019263140783763344,-3.1468849419244065,0.9933839479308615,0.9999261588308193,0.006542210899957768,19,19.0,0,0.0,0.20046841536047677,0.04466476529837757,0.1558036500620992,14.0,18.0,-4.0,7.556806490317246,8.140241285316044,-0.5834347949987979,"[14, 0, 0]",19,0
quincas_borba,complexo,pt,sbert,400,6,2462,25,0.4310796856880188,3.198472009003228,3.2184258113732778,0.019953802370049623,-2.418079841746953,0.9936611982023855,0.9998700750502714,0.006208876847885847,25,25.0,0,0.0,0.1847788903177578,0.050667994328736976,0.13411089598902082,20.0,23.0,-3.0,10.210744604029557,10.690591426568737,-0.4798468225391801,"[20, 0, 0]",25,0
quincas_borba,complexo,pt,sbert,400,7,2864,27,0.4310796856880188,3.2839970000214835,3.2950125208100616,0.011015520788578037,-1.61240170503112,0.9964076298481364,0.9997726526920654,0.003365022843929033,27,27.0,0,0.0,0.1686489629873092,0.07080468694985895,0.09784427603745025,20.0,24.5,-4.5,10.934798812051067,11.521043391454109,-0.5862445794030418,"[20, 0, 0]",27,0
quincas_borba,complexo,pt,sbert,400,8,3266,24,0.4310796856880188,3.1658075950308335,3.1775922244776797,0.011784629446846218,-2.836456922771764,0.9961466243270739,0.9998376610513413,0.0036910367242674047,24,24.0,0,0.0,0.18159626621954678,0.07189518778046988,0.1097010784390769,18.0,22.0,-4.0,9.62353526190547,10.25986566346212,-0.6363304015566502,"[18, 0, 0]",24,0
quincas_borba,complexo,pt,sbert,400,9,3666,33,0.4310796856880188,3.469122466483491,3.4955502801439753,0.0264278136604843,-4.788789301029325,0.992167871940336,0.9997262178600572,0.0075583459197212655,33,33.0,0,0.0,0.2037709291010667,0.08200552175283782,0.12176540734822888,19.0,29.0,-10.0,12.71104770030141,14.047207147317582,-1.336159447016172,"[19, 0, 0]",33,0
quincas_borba,complexo,pt,sbert,400,10,4079,35,0.4310796856880188,3.5319442997932105,3.554319875738591,0.022375575945380533,-10.292184044957807,0.9934173078721303,0.9997108058808757,0.006293498008745346,35,35.0,0,0.0,0.17405371018325114,0.08402546848463277,0.09002824169861837,17.0,30.0,-13.0,13.461894581858289,14.883350140002015,-1.4214555581437267,"[17, 0, 0]",35,0
quincas_borba,complexo,pt,sbert,400,11,4479,20,0.4310796856880188,2.989716904106907,2.9955105157778403,0.005793611670933174,-0.652182367013321,0.9979920203483513,0.999925975435753,0.0019339550874016842,20,20.0,0,0.0,0.12449511599057211,0.060413154174164374,0.06408196181640774,14.0,18.5,-4.5,8.154010540109201,8.568270871048703,-0.4142603309395021,"[14, 0, 0]",20,0
quincas_borba,complexo,pt,sbert,400,12,4881,26,0.4310796856880188,3.2491260482754916,3.2577457924043594,0.00861974412886779,-1.003435325567761,0.9972467084258227,0.9998923464627185,0.00264563803689577,26,26.0,0,0.0,0.1400877522193082,0.06536339293820326,0.07472435928110494,20.0,24.0,-4.0,10.571338466344448,11.117490184071979,-0.5461517177275308,"[20, 0, 0]",26,0
quincas_borba,complexo,pt,sbert,400,13,5295,34,0.4310796856880188,3.515709346125462,3.5252604551823,0.009551109056838314,-1.3868069393445674,0.9969795548650378,0.9996880439687938,0.0027084891037560954,34,34.0,0,0.0,0.13546949406302766,0.06606582670085798,0.06940366736216969,24.0,30.0,-6.0,13.589477141600664,14.473207145458147,-0.8837300038574831,"[24, 0, 0]",34,0
quincas_borba,complexo,pt,sbert,400,14,5718,27,0.4310796856880188,3.273077492538409,3.2950125208100616,0.021935028271652612,-3.2107494201991384,0.9930945084992898,0.9997726526920654,0.00667814419277557,27,27.0,0,0.0,0.19524728075849093,0.07080468694985895,0.12444259380863198,20.0,24.5,-4.5,10.729675866434153,11.521043391454109,-0.7913675250199557,"[20, 0, 0]",27,0
quincas_borba,complexo,pt,sbert,400,15,6118,18,0.4310796856880188,2.888889211308485,2.890246389658701,0.0013571783502159818,-0.14178079110007089,0.9994870740818619,0.9999566255665484,0.00046955148468652563,18,18.0,0,0.0,0.07468313486193301,0.04811101558435532,0.026572119277577688,14.0,17.0,-3.0,7.596185514545452,7.72165337759981,-0.1254678630543582,"[14, 0, 0]",18,0
quincas_borba,complexo,pt,sbert,400,16,6530,21,0.4310796856880188,3.04257592535715,3.0436688816995408,0.0010929563423909272,-0.14898481206194483,0.9993606510032067,0.9997485913584523,0.00038794035524558623,21,21.0,0,0.0,0.05601508174865086,0.068321142289549,0.0,19.0,19.0,0.0,8.88909913737151,8.95145917769921,-0.06236004032770026,"[19, 0, 0]",21,0
quincas_borba,complexo,pt,sbert,400,17,6960,21,0.4310796856880188,3.040771934151043,3.0436688816995408,0.0028969475484976748,-0.3948933450736712,0.9987681143269272,0.9997485913584523,0.00098047703152504,21,21.0,0,0.0,0.07856250553509309,0.068321142289549,0.010241363245544088,10.0,19.0,-9.0,8.39651531515955,8.95145917769921,-0.554943862539659,"[10, 0, 0]",21,0
quincas_borba,complexo,pt,sbert,400,18,7378,31,0.4310796856880188,3.4288777856236856,3.4322249856127023,0.0033471999890166693,-0.47256237678081553,0.9985121031159384,0.9995246248568141,0.001012521740875738,31,31.0,0,0.0,0.11522654086480533,0.08216346507560537,0.03306307578919995,29.0,27.0,2.0,13.104724894882494,13.14858563606222,-0.04386074117972605,"[29, 0, 0]",31,0
quincas_borba,complexo,pt,sbert,400,19,7787,27,0.4310796856880188,3.295739773851417,3.2950125208100616,0.0007272530413553469,0.10645198410285961,0.9999705409712739,0.9997726526920654,0.0001978882792085246,27,27.0,0,0.0,0.050662376152492195,0.07080468694985895,0.0,24.0,24.5,-0.5,11.587901516895815,11.521043391454109,0.06685812544170666,"[24, 0, 0]",27,0
quincas_borba,complexo,pt,sbert,400,20,8187,27,0.4310796856880188,3.293287775368297,3.2950125208100616,0.0017247454417645969,-0.25246037336060234,0.9992265725702855,0.9997726526920654,0.0005460801217799238,27,27.0,0,0.0,0.07344023186771514,0.07080468694985895,0.0026355449178561974,20.0,24.5,-4.5,11.301773073452537,11.521043391454109,-0.2192703180015716,"[20, 0, 0]",27,0
quincas_borba,complexo,pt,sbert,400,21,8616,17,0.4310796856880188,2.8320491719057617,2.8331969674887265,0.00114779558296485,-0.3520167330297076,0.9995890983102643,0.9999942197902167,0.00040512147995241943,17,17.0,0,0.0,0.07046448559830734,0.047031536150197145,0.023432949448110196,14.0,16.0,-2.0,7.189830633247528,7.318032633477028,-0.1282020002294999,"[14, 0, 0]",17,0
quincas_borba,complexo,pt,sbert,400,22,9025,25,0.4310796856880188,3.208121848829723,3.2184258113732778,0.01030396254355459,-1.248674495948867,0.9966590895009385,0.9998700750502714,0.0032109855493328565,25,25.0,0,0.0,0.1440626510943026,0.050667994328736976,0.09339465676556563,16.0,23.0,-7.0,9.96378469642263,10.690591426568737,-0.726806730146107,"[16, 0, 0]",25,0
quincas_borba,complexo,pt,sbert,400,23,9443,21,0.4310796856880188,3.0436702472075705,3.0436688816995408,1.3655080297603206e-06,0.00018613731335130658,0.9997200905779857,0.9997485913584523,2.850078046656712e-05,21,21.0,0,0.0,0.0500526870410887,0.068321142289549,0.0,19.0,19.0,0.0,8.956925985511795,8.95145917769921,0.005466807812585017,"[19, 0, 0]",21,0
quincas_borba,complexo,pt,sbert,400,24,9854,22,0.4310796856880188,3.088595885859475,3.090650170333123,0.0020542844736479715,-0.304265013574149,0.9992084976069536,0.999873090379342,0.0006645927723883949,22,22.0,0,0.0,0.07893580439120518,0.0714145125807068,0.007521291810498376,13.0,20.0,-7.0,9.135459714087705,9.412790540603215,-0.27733082651550944,"[13, 0, 0]",22,0
quincas_borba,complexo,pt,sbert,400,25,10268,24,0.4310796856880188,3.174578382060333,3.1775922244776797,0.0030138424173467016,-0.7254054297917708,0.9989064224606818,0.9998376610513413,0.0009312385906594667,24,24.0,0,0.0,0.0850929297380768,0.07189518778046988,0.013197741957606923,18.0,22.0,-4.0,9.963070143206442,10.25986566346212,-0.296795520255678,"[18, 0, 0]",24,0
quincas_borba,complexo,pt,sbert,400,26,10675,24,0.4310796856880188,3.0876747368209565,3.1775922244776797,0.08991748765672325,-21.642350444070395,0.9989104916583399,0.9998376610513413,0.0009271693930014147,22,24.0,0,0.0,0.2125845062191583,0.07189518778046988,0.14068931843868843,15.0,22.0,-7.0,9.137596297746539,10.25986566346212,-1.1222693657155816,"[15, 0, 0]",22,0
quincas_borba,complexo,pt,sbert,400,27,11104,30,0.4310796856880188,3.3761677679389455,3.4002792400359514,0.024111472097005926,-11.020979488049838,0.9926409405528303,0.9997300534126146,0.007089112859784308,30,30.0,0,0.0,0.17408981407861643,0.06956822504422244,0.10452158903439399,24.0,26.5,-2.5,12.175231633520525,12.779542290254259,-0.604310656733734,"[24, 0, 0]",30,0
quincas_borba,complexo,pt,sbert,400,28,11530,20,0.4310796856880188,2.9953251382467663,2.9955105157778403,0.0001853775310740602,-0.020867804725940967,0.9998640948956559,0.999925975435753,6.188054009714783e-05,20,20.0,0,0.0,0.04365590163697047,0.060413154174164374,0.0,18.0,18.5,-0.5,8.541800672587723,8.568270871048703,-0.026470198460980754,"[18, 0, 0]",20,0
quincas_borba,complexo,pt,sbert,400,29,11939,26,0.4310796856880188,3.238624046154997,3.2577457924043594,0.01912174624936247,-2.2259866866458164,0.994023353317115,0.9998923464627185,0.005868993145603518,26,26.0,0,0.0,0.19097429066835872,0.06536339293820326,0.12561089773015546,15.0,24.0,-9.0,10.303097238159918,11.117490184071979,-0.8143929459120614,"[15, 0, 0]",26,0
quincas_borba,complexo,pt,sbert,400,30,12367,27,0.4310796856880188,3.255376144278692,3.2950125208100616,0.03963637653136942,-5.801792064765869,0.9991650358695504,0.9997726526920654,0.0006076168225149781,26,27.0,0,0.0,0.17739721097969666,0.07080468694985895,0.10659252402983771,23.0,24.5,-1.5,10.929777252644993,11.521043391454109,-0.5912661388091163,"[23, 0, 0]",26,0
quincas_borba,complexo,pt,sbert,400,31,12771,29,0.4310796856880188,3.3563101612771304,3.366244275967515,0.009934114690384632,-1.3401446309626375,0.9967375397755333,0.9997135849561409,0.002976045180607678,29,29.0,0,0.0,0.13906515789313828,0.08194588245550324,0.057119275437635036,19.0,26.0,-7.0,11.50526558283912,12.363497575278997,-0.858231992439876,"[19, 0, 0]",29,0
quincas_borba,complexo,pt,sbert,400,32,13176,31,0.4310796856880188,3.427251351452482,3.4322249856127023,0.004973634160220453,-0.7021846282577553,0.9980384746268516,0.9995246248568141,0.0014861502299625684,31,31.0,0,0.0,0.10491549393241231,0.08216346507560537,0.02275202885680694,24.0,27.0,-3.0,12.695912536486745,13.14858563606222,-0.45267309957547575,"[24, 0, 0]",31,0
quincas_borba,complexo,pt,sbert,400,33,13582,29,0.4310796856880188,3.3494244551216097,3.366244275967515,0.016819820845905387,-2.26904895936135,0.9946926626684486,0.9997135849561409,0.005020922287692353,29,29.0,0,0.0,0.2002024552919372,0.08194588245550324,0.11825657283643395,17.0,26.0,-9.0,11.470351741654,12.363497575278997,-0.8931458336249971,"[17, 0, 0]",29,0
quincas_borba,complexo,pt,sbert,400,34,14028,25,0.4310796856880188,3.203030435947107,3.2184258113732778,0.015395375426170865,-1.8656718295470218,0.9950773531558204,0.9998700750502714,0.004792721894451013,25,25.0,0,0.0,0.1847788903177578,0.050667994328736976,0.13411089598902082,13.0,23.0,-10.0,9.985080924688518,10.690591426568737,-0.7055105018802195,"[13, 0, 0]",25,0
quincas_borba,complexo,pt,sbert,400,35,14433,23,0.4310796856880188,3.1347501696472873,3.135255994097508,0.0005058244502209597,-0.08658629652991373,0.999762702071628,0.9999240241520997,0.00016132208047170415,23,23.0,0,0.0,0.0680562258145653,0.08235631409059033,0.0,21.0,21.0,0.0,9.835280956135714,9.847078125164819,-0.011797169029104992,"[21, 0, 0]",23,0
quincas_borba,complexo,pt,sbert,400,36,14834,23,0.4310796856880188,3.1294417173551854,3.135255994097508,0.0058142767423228214,-0.995279468791649,0.9980696827494638,0.9999240241520997,0.0018543414026358507,23,23.0,0,0.0,0.1326478235300528,0.08235631409059033,0.05029150943946248,21.0,21.0,0.0,9.609980709113609,9.847078125164819,-0.23709741605120982,"[21, 0, 0]",23,0
quincas_borba,complexo,pt,sbert,400,37,15243,22,0.4310796856880188,3.091042453358315,3.090650170333123,0.0003922830251923415,0.058101982230874594,0.9999999999999997,0.999873090379342,0.00012690962065764477,22,22.0,0,0.0,0.05531095623118645,0.0714145125807068,0.0,22.0,20.0,2.0,9.483753085136414,9.412790540603215,0.07096254453319872,"[22, 0, 0]",22,0
quincas_borba,complexo,pt,sbert,400,38,15667,25,0.4310796856880188,3.2124078976834793,3.2184258113732778,0.0060179136897984264,-0.729274326406913,0.9979906254429725,0.9998700750502714,0.0018794496072989109,25,25.0,0,0.0,0.13728209351622672,0.050667994328736976,0.08661409918748975,20.0,23.0,-3.0,10.392283577681765,10.690591426568737,-0.2983078488869726,"[20, 0, 0]",25,0
quincas_borba,complexo,pt,sbert,400,39,16077,22,0.4310796856880188,3.0904034644643357,3.090650170333123,0.00024670586878716705,-0.03654019950900568,0.9997932772184069,0.999873090379342,7.981316093508273e-05,22,22.0,0,0.0,0.05156433697005958,0.0714145125807068,0.0,16.0,20.0,-4.0,9.315965392365705,9.412790540603215,-0.0968251482375102,"[16, 0, 0]",22,0
quincas_borba,complexo,pt,sbert,400,40,16488,31,0.4310796856880188,3.4267215684365278,3.4322249856127023,0.00550341717617453,-0.7769801355530682,0.9978841982756579,0.9995246248568141,0.0016404265811562624,31,31.0,0,0.0,0.1186062115652845,0.08216346507560537,0.03644274648967913,22.0,27.0,-5.0,12.806088086903186,13.14858563606222,-0.3424975491590345,"[22, 0, 0]",31,0
quincas_borba,complexo,pt,sbert,400,41,16889,22,0.4310796856880188,3.080080490065571,3.090650170333123,0.010569680267551895,-1.565500762594087,0.9964536354779484,0.999873090379342,0.003419454901393615,22,22.0,0,0.0,0.15836914286812206,0.0714145125807068,0.08695463028741526,15.0,20.0,-5.0,8.885996869188142,9.412790540603215,-0.5267936714150725,"[15, 0, 0]",22,0
quincas_borba,complexo,pt,sbert,400,42,17296,20,0.4310796856880188,2.987579050466776,2.9955105157778403,0.007931465311064478,-0.8928388912232538,0.9812964468413551,0.999925975435753,0.018629528594397926,21,20.0,1,0.0,0.16960086232964142,0.060413154174164374,0.10918770815547704,10.0,18.5,-8.5,7.811635916606138,8.568270871048703,-0.756634954442565,"[10, 0, 0]",21,0
quincas_borba,complexo,pt,sbert,400,43,17699,26,0.4310796856880188,3.2552482877977873,3.2577457924043594,0.002497504606572054,-0.29073767278191676,0.9991257931769497,0.9998923464627185,0.0007665532857688007,26,26.0,0,0.0,0.08545226396717179,0.06536339293820326,0.02008887102896853,20.0,24.0,-4.0,10.847796733024659,11.117490184071979,-0.26969345104732056,"[20, 0, 0]",26,0
quincas_borba,complexo,pt,sbert,400,44,18119,32,0.4310796856880188,3.4464705183968958,3.464710921523374,0.01824040312647801,-2.227896808176988,0.9944411850922433,0.9997424069698496,0.005301221877606288,32,32.0,0,0.0,0.17211079069915594,0.08320430589271385,0.08890648480644209,18.0,29.0,-11.0,12.644978822115325,13.601802606172107,-0.9568237840567821,"[18, 0, 0]",32,0
quincas_borba,complexo,pt,sbert,400,45,18525,17,0.4310796856880188,2.8312375902720484,2.8331969674887265,0.00195937721667816,-0.6009202133416901,0.999302645602629,0.9999942197902167,0.0006915741875876957,17,17.0,0,0.0,0.09024736282436022,0.047031536150197145,0.04321582667416307,14.0,16.0,-2.0,7.171349410944931,7.318032633477028,-0.1466832225320971,"[14, 0, 0]",17,0
quincas_borba,complexo,pt,sbert,400,46,18937,22,0.4310796856880188,3.0953872699933624,3.090650170333123,0.004737099660239608,0.7016232225449278,0.98720873228468,0.999873090379342,0.012664358094662043,23,22.0,1,0.0,0.062234846224351215,0.0714145125807068,0.0,14.0,20.0,-6.0,9.153665541991689,9.412790540603215,-0.2591249986115258,"[14, 0, 0]",23,0
quincas_borba,complexo,pt,sbert,400,47,19350,27,0.4310796856880188,3.290223111487181,3.2950125208100616,0.004789409322880633,-0.7010518981827952,0.9982967134766128,0.9997726526920654,0.0014759392154526374,27,27.0,0,0.0,0.12825786619987656,0.07080468694985895,0.05745317925001761,20.0,24.5,-4.5,11.178578939453025,11.521043391454109,-0.34246445200108333,"[20, 0, 0]",27,0
quincas_borba,complexo,pt,sbert,400,48,19755,26,0.4310796856880188,3.2557577406466294,3.2577457924043594,0.0019880517577299806,-0.2314316217441331,0.9992821583560956,0.9998923464627185,0.0006101881066229442,26,26.0,0,0.0,0.08551556481429318,0.06536339293820326,0.02015217187608992,20.0,24.0,-4.0,10.898469159714049,11.117490184071979,-0.21902102435793047,"[20, 0, 0]",26,0
quincas_borba,complexo,pt,sbert,400,49,20160,19,0.4310796856880188,2.940498145941259,2.9442215583496374,0.003723412408378479,-0.6082679129032251,0.998661601326071,0.9999261588308193,0.0012645575047482982,19,19.0,0,0.0,0.12514606993415764,0.04466476529837757,0.08048130463578007,16.0,18.0,-2.0,7.988379861398105,8.140241285316044,-0.15186142391793922,"[16, 0, 0]",19,0
quincas_borba,complexo,pt,sbert,400,50,20572,30,0.4310796856880188,3.3915696596815863,3.4002792400359514,0.008709580354365087,-3.981013935971952,0.9971693139502935,0.9997300534126146,0.002560739462321049,30,30.0,0,0.0,0.171802138522868,0.06956822504422244,0.10223391347864555,26.0,26.5,-0.5,12.464295248725218,12.779542290254259,-0.31524704152904093,"[26, 0, 0]",30,0
quincas_borba,complexo,pt,sbert,400,51,21000,27,0.4310796856880188,3.2927349848758993,3.2950125208100616,0.0022775359341622448,-0.3333753250523251,0.9990588487068566,0.9997726526920654,0.0007138039852088163,27,27.0,0,0.0,0.08193839357666896,0.07080468694985895,0.011133706626810014,22.0,24.5,-2.5,11.29327798772892,11.521043391454109,-0.22776540372518816,"[22, 0, 0]",27,0
quincas_borba,complexo,pt,sbert,400,52,21414,27,0.4310796856880188,3.2935952488981317,3.2950125208100616,0.0014172719119298627,-0.20745380006526384,0.9993198640596205,0.9997726526920654,0.0004527886324449115,27,27.0,0,0.0,0.0920330140566254,0.07080468694985895,0.021228327106766448,24.0,24.5,-0.5,11.42144735206857,11.521043391454109,-0.0995960393855384,"[24, 0, 0]",27,0
quincas_borba,complexo,pt,sbert,400,53,21815,15,0.4310796856880188,2.7027495399412595,2.708037949872125,0.005288409930865434,-0.5465458873834637,0.9980426281762453,0.9999954759959471,0.0019528478197017307,15,15.0,0,0.0,0.15306678225026754,0.07439534752953236,0.07867143472073518,13.0,14.0,-1.0,6.271709553447591,6.457885858069595,-0.18617630462200374,"[13, 0, 0]",15,0
quincas_borba,complexo,pt,sbert,400,54,22218,23,0.4310796856880188,3.1348801504468398,3.135255994097508,0.0003758436506684504,-0.06433637158395172,0.9998041567166062,0.9999240241520997,0.00011986743549352585,23,23.0,0,0.0,0.06074440981667292,0.08235631409059033,0.0,21.0,21.0,0.0,9.833252525469067,9.847078125164819,-0.013825599695751478,"[21, 0, 0]",23,0
quincas_borba,complexo,pt,sbert,400,55,22628,27,0.4310796856880188,3.2906651181328783,3.2950125208100616,0.004347402677183254,-0.6363529808246138,0.9984308240723939,0.9997726526920654,0.0013418286196714702,27,27.0,0,0.0,0.11389606865853319,0.07080468694985895,0.04309138170867424,24.0,24.5,-0.5,11.308069402581024,11.521043391454109,-0.2129739888730846,"[24, 0, 0]",27,0
quincas_borba,complexo,pt,sbert,400,56,23030,32,0.4310796856880188,3.464744141177566,3.464710921523374,3.321965419234019e-05,0.004057474005956818,0.999713838085193,0.9997424069698496,2.856888465663232e-05,32,32.0,0,0.0,0.05212999415754646,0.08320430589271385,0.0,27.0,29.0,-2.0,13.587726238685295,13.601802606172107,-0.014076367486811847,"[27, 0, 0]",32,0
quincas_borba,complexo,pt,sbert,400,57,23463,27,0.4310796856880188,3.2929833620870936,3.2950125208100616,0.0020291587229679386,-0.29701900141524074,0.9991342096003997,0.9997726526920654,0.0006384430916657191,27,27.0,0,0.0,0.07941607496569109,0.07080468694985895,0.008611388015832139,21.0,24.5,-3.5,11.247700273307453,11.521043391454109,-0.2733431181466557,"[21, 0, 0]",27,0
quincas_borba,complexo,pt,sbert,400,58,23868,27,0.4310796856880188,3.2889234661624998,3.2950125208100616,0.00608905464756182,-0.8912880547542158,0.9979023840915371,0.9997726526920654,0.001870268600528302,27,27.0,0,0.0,0.13042974703933208,0.07080468694985895,0.05962506008947313,21.0,24.5,-3.5,11.058305036708482,11.521043391454109,-0.4627383547456265,"[21, 0, 0]",27,0
quincas_borba,complexo,pt,sbert,400,59,24299,36,0.4310796856880188,3.554872453373879,3.581844856952306,0.026972403578426896,-5.435615686221964,0.9998662274108444,0.999532838661507,0.00033338874933741547,35,36.0,0,0.0,0.15890381902045103,0.07610283981991237,0.08280097920053867,30.0,31.0,-1.0,14.938304017989708,15.240293495980378,-0.30198947799067,"[30, 0, 0]",35,0
quincas_borba,complexo,pt,sbert,400,60,24699,25,0.4310796856880188,3.213483629641111,3.2184258113732778,0.004942181732166873,-0.5989129189101533,0.9983248203657218,0.9998700750502714,0.0015452546845495796,25,25.0,0,0.0,0.1396571961393861,0.050667994328736976,0.08898920181064912,22.0,23.0,-1.0,10.504926384675034,10.690591426568737,-0.18566504189370292,"[22, 0, 0]",25,0
quincas_borba,complexo,pt,sbert,400,61,25108,29,0.4310796856880188,3.32818419466485,3.366244275967515,0.03806008130266525,-5.134429710292929,0.9883848532186192,0.9997135849561409,0.011328731737521691,29,29.0,0,0.0,0.17392707759048745,0.08194588245550324,0.0919811951349842,24.0,26.0,-2.0,11.746090496209256,12.363497575278997,-0.617407079069741,"[24, 0, 0]",29,0
quincas_borba,complexo,pt,sbert,400,62,25525,25,0.4310796856880188,3.216646033113852,3.2184258113732778,0.0017797782594257683,-0.21568049297494504,0.9993072762431151,0.9998700750502714,0.0005627988071562617,25,25.0,0,0.0,0.06703643357535187,0.050667994328736976,0.016368439246614894,13.0,23.0,-10.0,10.30363508247279,10.690591426568737,-0.3869563440959478,"[13, 0, 0]",25,0
quincas_borba,complexo,pt,sbert,400,63,25952,28,0.4310796856880188,3.330898824755575,3.3309505442365985,5.1719481023670966e-05,-0.00993721218923405,0.9996081616792601,0.9996500389829717,4.187730371152387e-05,28,28.0,0,0.0,0.05248624545139466,0.08470751626504552,0.0,18.0,25.0,-7.0,11.724668662409751,11.888662545553741,-0.16399388314398955,"[18, 0, 0]",28,0
quincas_borba,complexo,pt,sbert,400,64,26354,24,0.4310796856880188,3.170919735717991,3.1775922244776797,0.006672488759688733,-1.6060095075455165,0.9977552001914411,0.9998376610513413,0.0020824608599001593,24,24.0,0,0.0,0.15987330708960656,0.07189518778046988,0.08797811930913668,21.0,22.0,-1.0,10.05692359375679,10.25986566346212,-0.2029420697053297,"[21, 0, 0]",24,0
quincas_borba,complexo,pt,sbert,400,65,26754,28,0.4310796856880188,3.3258203350824918,3.3309505442365985,0.00513020915410678,-0.9857016337069872,0.9980840986580454,0.9996500389829717,0.001565940324926296,28,28.0,0,0.0,0.11220730350010519,0.08470751626504552,0.027499787235059664,21.0,25.0,-4.0,11.465401823079327,11.888662545553741,-0.4232607224744136,"[21, 0, 0]",28,0
quincas_borba,complexo,pt,sbert,400,66,27163,20,0.4310796856880188,2.9896391462481504,2.9955105157778403,0.005871369529689918,-0.6609355087939975,0.9979660641374298,0.999925975435753,0.0019599112983231803,20,20.0,0,0.0,0.13261262820403402,0.060413154174164374,0.07219947402986965,12.0,18.5,-6.5,8.060034140369474,8.568270871048703,-0.5082367306792293,"[12, 0, 0]",20,0
quincas_borba,complexo,pt,sbert,400,67,27597,23,0.4310796856880188,3.134541868644007,3.135255994097508,0.0007141254535012465,-0.12224296047651964,0.9996962688432641,0.9999240241520997,0.00022775530883556439,23,23.0,0,0.0,0.05378846812192753,0.08235631409059033,0.0,19.0,21.0,-2.0,9.72992903981509,9.847078125164819,-0.11714908534972857,"[19, 0, 0]",23,0
quincas_borba,complexo,pt,sbert,400,68,28000,23,0.4310796856880188,3.1354738109651796,3.135255994097508,0.0002178168676714165,0.0372855758261105,0.9999934922654724,0.9999240241520997,6.946811337271708e-05,23,23.0,0,0.0,0.03239071892214118,0.08235631409059033,0.0,21.0,21.0,0.0,9.895473954359208,9.847078125164819,0.048395829194388895,"[21, 0, 0]",23,0
quincas_borba,complexo,pt,sbert,400,69,28415,26,0.4310796856880188,3.249495052058997,3.2577457924043594,0.008250740345362217,-0.9604791280168847,0.997359965899688,0.9998923464627185,0.002532380563030512,26,26.0,0,0.0,0.12635879557158725,0.06536339293820326,0.06099540263338399,17.0,24.0,-7.0,10.454583793775605,11.117490184071979,-0.6629063902963743,"[17, 0, 0]",26,0
quincas_borba,complexo,pt,sbert,400,70,28830,20,0.4310796856880188,2.9924297201839476,2.9955105157778403,0.003080795593892738,-0.3468027677432423,0.9988975806018455,0.999925975435753,0.0010283948339074866,20,20.0,0,0.0,0.10693709659432679,0.060413154174164374,0.04652394242016242,15.0,18.5,-3.5,8.347038477415953,8.568270871048703,-0.22123239363275005,"[15, 0, 0]",20,0
quincas_borba,complexo,pt,sbert,400,71,29240,27,0.4310796856880188,3.2934928607927754,3.2950125208100616,0.0015196600172862063,-0.22244090406334777,0.9992887981696753,0.9997726526920654,0.0004838545223900814,27,27.0,0,0.0,0.07959619771689525,0.07080468694985895,0.008791510767036298,24.0,24.5,-0.5,11.42023228818536,11.521043391454109,-0.10081110326874843,"[24, 0, 0]",27,0
quincas_borba,complexo,pt,sbert,400,72,29640,28,0.4310796856880188,3.3256378708243526,3.3309505442365985,0.00531267341224595,-1.0207597204122705,0.9980293408370347,0.9996500389829717,0.0016206981459370162,28,28.0,0,0.0,0.10405223939308879,0.08470751626504552,0.019344723128043265,17.0,25.0,-8.0,11.291395546702244,11.888662545553741,-0.5972669988514969,"[17, 0, 0]",28,0
quincas_borba,complexo,pt,sbert,400,73,30056,20,0.4310796856880188,2.993027748531393,2.9955105157778403,0.0024827672464473594,-0.27948318104488656,0.9990972073684711,0.999925975435753,0.0008287680672819375,20,20.0,0,0.0,0.09213699763651734,0.060413154174164374,0.03172384346235296,12.0,18.5,-6.5,8.266174631273003,8.568270871048703,-0.3020962397757003,"[12, 0, 0]",20,0
quincas_borba,complexo,pt,sbert,400,74,30477,23,0.4310796856880188,3.1350336763985016,3.135255994097508,0.00022231769900660225,-0.03805602161308123,0.9998531205931401,0.9999240241520997,7.090355895955636e-05,23,23.0,0,0.0,0.046146752216823794,0.08235631409059033,0.0,20.0,21.0,-1.0,9.809908154516478,9.847078125164819,-0.03716997064834082,"[20, 0, 0]",23,0
quincas_borba,complexo,pt,sbert,400,75,30883,26,0.4310796856880188,3.256657362365033,3.2577457924043594,0.0010884300393265711,-0.1267055186953497,0.9995582771597912,0.9998923464627185,0.00033406930292734227,26,26.0,0,0.0,0.06798854803888468,0.06536339293820326,0.0026251551006814255,24.0,24.0,0.0,11.051084429991628,11.117490184071979,-0.06640575408035154,"[24, 0, 0]",26,0
quincas_borba,complexo,pt,sbert,400,76,31288,26,0.4310796856880188,3.2556914329890136,3.2577457924043594,0.002054359415345708,-0.23915058010444495,0.999261806700814,0.9998923464627185,0.000630539761904525,26,26.0,0,0.0,0.09353403957119558,0.06536339293820326,0.02817064663299232,17.0,24.0,-7.0,10.869597307464371,11.117490184071979,-0.24789287660760806,"[17, 0, 0]",26,0
quincas_borba,complexo,pt,sbert,400,77,31690,27,0.4310796856880188,3.2781430665183047,3.2950125208100616,0.016869454291756902,-2.46927379876377,0.9946314698799169,0.9997726526920654,0.0051411828121484815,27,27.0,0,0.0,0.1967916071079201,0.07080468694985895,0.12598692015806115,20.0,24.5,-4.5,10.786194952358063,11.521043391454109,-0.7348484390960461,"[20, 0, 0]",27,0
quincas_borba,complexo,pt,sbert,400,78,32093,23,0.4310796856880188,3.131425857170309,3.135255994097508,0.003830136927199135,-0.6556372899407442,0.9987024824545451,0.9999240241520997,0.0012215416975546178,23,23.0,0,0.0,0.10608148916423402,0.08235631409059033,0.02372517507364369,19.0,21.0,-2.0,9.563099629640051,9.847078125164819,-0.2839784955247673,"[19, 0, 0]",23,0
quincas_borba,complexo,pt,sbert,400,79,32540,22,0.4310796856880188,3.0878260625023555,3.090650170333123,0.002824107830767364,-0.4182854022828684,0.9989594478547307,0.999873090379342,0.0009136425246113467,22,22.0,0,0.0,0.09477995926250804,0.0714145125807068,0.02336544668180124,20.0,20.0,0.0,9.272395309156582,9.412790540603215,-0.14039523144663235,"[20, 0, 0]",22,0
quincas_borba,complexo,pt,sbert,400,80,32940,21,0.4310796856880188,3.0418725893394907,3.0436688816995408,0.001796292360050078,-0.2448590756012523,0.9991296341419268,0.9997485913584523,0.0006189572165254953,21,21.0,0,0.0,0.08365375221631682,0.068321142289549,0.015332609926767826,19.0,19.0,0.0,8.853812347687217,8.95145917769921,-0.09764683001199259,"[19, 0, 0]",21,0
quincas_borba,complexo,pt,sbert,400,81,33350,26,0.4310796856880188,3.256991260440529,3.2577457924043594,0.0007545319638304626,-0.0878360210533246,0.9996607597202677,0.9998923464627185,0.00023158674245082889,26,26.0,0,0.0,0.07772997259330652,0.06536339293820326,0.012366579655103266,25.0,24.0,1.0,11.10765076178963,11.117490184071979,-0.00983942228234902,"[25, 0, 0]",26,0
quincas_borba,complexo,pt,sbert,400,82,33750,27,0.4310796856880188,3.2914099523763403,3.2950125208100616,0.0036025684337213093,-0.5273275405232448,0.9986568165209718,0.9997726526920654,0.001115836171093565,27,27.0,0,0.0,0.10067278648036315,0.07080468694985895,0.029868099530504205,17.0,24.5,-7.5,11.088348082302081,11.521043391454109,-0.43269530915202736,"[17, 0, 0]",27,0
quincas_borba,complexo,pt,sbert,400,83,34151,23,0.4310796856880188,3.135354579031953,3.135255994097508,9.858493444481198e-05,0.016875626244424846,0.9999554657455634,0.9999240241520997,3.144159346368802e-05,23,23.0,0,0.0,0.03475912803938286,0.08235631409059033,0.0,22.0,21.0,1.0,9.88007364278505,9.847078125164819,0.032995517620230785,"[22, 0, 0]",23,0
quincas_borba,complexo,pt,sbert,400,84,34564,31,0.4310796856880188,3.4325222621107594,3.4322249856127023,0.00029727649805710854,0.04196991184987874,0.9995733990003011,0.9995246248568141,4.877414348691822e-05,31,31.0,0,0.0,0.0757624262482181,0.08216346507560537,0.0,28.0,27.0,1.0,13.181959625860122,13.14858563606222,0.033373989797901515,"[28, 0, 0]",31,0
quincas_borba,complexo,pt,sbert,400,85,34983,20,0.4310796856880188,2.987177061938266,2.9955105157778403,0.00833345383957429,-0.9380904277304465,0.9971442002039871,0.999925975435753,0.002781775231765926,20,20.0,0,0.0,0.16001713770872247,0.060413154174164374,0.0996039835345581,12.0,18.5,-6.5,8.073675711807129,8.568270871048703,-0.49459515924157493,"[12, 0, 0]",20,0
quincas_borba,complexo,pt,sbert,400,86,35402,20,0.4310796856880188,3.018900807792921,2.9955105157778403,0.023390292015080583,2.63302700939757,0.9628149822302644,0.999925975435753,0.03711099320548861,23,20.0,3,0.0,0.11726419983530972,0.060413154174164374,0.05685104566114535,12.0,18.5,-6.5,7.922044127234635,8.568270871048703,-0.6462267438140685,"[8, 2, 0]",23,0
quincas_borba,complexo,pt,sbert,400,87,35802,18,0.4310796856880188,2.8868047895502986,2.890246389658701,0.003441600108402554,-0.35953475528234796,0.9987659136454952,0.9999566255665484,0.0011907119210532446,18,18.0,0,0.0,0.08779332756989089,0.04811101558435532,0.03968231198553557,11.0,17.0,-6.0,7.38464035382988,7.72165337759981,-0.3370130237699298,"[11, 0, 0]",18,0
quincas_borba,complexo,pt,sbert,400,88,36203,28,0.4310796856880188,3.324468535083765,3.3309505442365985,0.006482009152833701,-1.24543207103693,0.9976784212770206,0.9996500389829717,0.001971617705951112,28,28.0,0,0.0,0.11042997476782948,0.08470751626504552,0.025722458502783957,18.0,25.0,-7.0,11.150035209407942,11.888662545553741,-0.7386273361457985,"[18, 0, 0]",28,0
quincas_borba,complexo,pt,sbert,400,89,36604,22,0.4310796856880188,3.0902090801490254,3.090650170333123,0.00044109018409743683,-0.06533092790868693,0.9997303908885544,0.999873090379342,0.00014269949078760114,22,22.0,0,0.0,0.05890489115661729,0.0714145125807068,0.0,19.0,20.0,-1.0,9.363009792623696,9.412790540603215,-0.04978074797951848,"[19, 0, 0]",22,0
quincas_borba,complexo,pt,sbert,400,90,37008,32,0.4310796856880188,3.4547531848000936,3.464710921523374,0.009957736723280153,-1.2162455900033737,0.9968310574412895,0.9997424069698496,0.002911349528560092,32,32.0,0,0.0,0.14426246453227753,0.08320430589271385,0.06105815863956368,22.0,29.0,-7.0,12.852705480337141,13.601802606172107,-0.7490971258349663,"[22, 0, 0]",32,0
quincas_borba,complexo,pt,sbert,400,91,37418,22,0.4310796856880188,3.090251552491078,3.090650170333123,0.00039861784204475725,-0.05904024718897325,0.9997441313475398,0.999873090379342,0.00012895903180221158,22,22.0,0,0.0,0.055418682778947265,0.0714145125807068,0.0,17.0,20.0,-3.0,9.333514297944474,9.412790540603215,-0.07927624265874123,"[17, 0, 0]",22,0
quincas_borba,complexo,pt,sbert,400,92,37819,25,0.4310796856880188,3.2185542684652773,3.2184258113732778,0.00012845709199948985,0.015566933005191819,0.9999001028867162,0.9998700750502714,3.0027836444790346e-05,25,25.0,0,0.0,0.03890785695515292,0.050667994328736976,0.0,19.0,23.0,-4.0,10.643242461159371,10.690591426568737,-0.04734896540936617,"[19, 0, 0]",25,0
quincas_borba,complexo,pt,sbert,400,93,38224,25,0.4310796856880188,3.2297784628826096,3.2184258113732778,0.011352651509331846,1.3757587278852652,0.9913083989966519,0.9998700750502714,0.00856167605361946,26,25.0,1,0.0,0.06863815149287816,0.050667994328736976,0.017970157164141187,12.0,23.0,-11.0,10.316477720514365,10.690591426568737,-0.3741137060543718,"[12, 0, 0]",26,0
quincas_borba,complexo,pt,sbert,400,94,38657,20,0.4310796856880188,2.9909686948159777,2.9955105157778403,0.004541820961862619,-0.5112692589182765,0.9984098783525933,0.999925975435753,0.0015160970831596954,20,20.0,0,0.0,0.13382816173367348,0.060413154174164374,0.07341500755950911,16.0,18.5,-2.5,8.40150224918891,8.568270871048703,-0.16676862185979324,"[16, 0, 0]",20,0
quincas_borba,complexo,pt,sbert,400,95,39062,23,0.4310796856880188,3.1310822505677787,3.135255994097508,0.0041737435297295455,-0.7144553703307648,0.9985928963482193,0.9999240241520997,0.0013311278038803387,23,23.0,0,0.0,0.13255468499853917,0.08235631409059033,0.05019837090794885,17.0,21.0,-4.0,9.605690374468553,9.847078125164819,-0.2413877506962656,"[17, 0, 0]",23,0
quincas_borba,complexo,pt,sbert,400,96,39472,32,0.4310796856880188,3.454709489399704,3.464710921523374,0.010001432123669662,-1.2215825796732176,0.9968184496137992,0.9997424069698496,0.002923957356050444,32,32.0,0,0.0,0.1397543500455556,0.08320430589271385,0.05655004415284173,19.0,29.0,-10.0,12.717445286306301,13.601802606172107,-0.8843573198658063,"[19, 0, 0]",32,0
quincas_borba,complexo,pt,sbert,400,97,39897,25,0.4310796856880188,3.217713374154199,3.2184258113732778,0.0007124372190787653,-0.08633592966473468,0.9996388643808435,0.9998700750502714,0.0002312106694278837,25,25.0,0,0.0,0.053656977159923264,0.050667994328736976,0.0029889828311862876,22.0,23.0,-1.0,10.640207633758312,10.690591426568737,-0.050383792810425376,"[22, 0, 0]",25,0
quincas_borba,complexo,pt,sbert,400,98,40300,27,0.4310796856880188,3.2823239200582854,3.2950125208100616,0.012688600751776136,-1.8572995212207304,0.9958999955108743,0.9997726526920654,0.0038726571811911192,27,27.0,0,0.0,0.16755677523877327,0.07080468694985895,0.09675208828891432,15.0,24.5,-9.5,10.480686959645514,11.521043391454109,-1.0403564318085952,"[15, 0, 0]",27,0
quincas_borba,complexo,pt,sbert,400,99,40751,26,0.4310796856880188,3.2489847349116925,3.2577457924043594,0.008761057492666868,-1.0198857931327916,0.9972033354434234,0.9998923464627185,0.0026890110192950845,26,26.0,0,0.0,0.1402458686707129,0.06536339293820326,0.07488247573250964,16.0,24.0,-8.0,10.437641205766166,11.117490184071979,-0.679848978305813,"[16, 0, 0]",26,0
quincas_borba,complexo,pt,sbert,400,100,41165,26,0.4310796856880188,3.2535681899988025,3.2577457924043594,0.004177602405556868,-0.4863199843570338,0.9871751310140631,0.9998923464627185,0.01271721544865545,27,26.0,1,0.0,0.1423786643321989,0.06536339293820326,0.07701527139399564,11.0,24.0,-13.0,10.019157359872967,11.117490184071979,-1.0983328241990122,"[11, 0, 0]",27,0
quincas_borba,complexo,pt,sbert,400,101,41589,26,0.4310796856880188,3.2479751801673786,3.2577457924043594,0.009770612236980725,-1.1374093388893771,0.9968934751515222,0.9998923464627185,0.0029988713111963605,26,26.0,0,0.0,0.19097429066835872,0.06536339293820326,0.12561089773015546,19.0,24.0,-5.0,10.803746143149002,11.117490184071979,-0.3137440409229768,"[19, 0, 0]",26,0
quincas_borba,complexo,pt,sbert,400,102,41997,27,0.4310796856880188,3.2901811808608423,3.2950125208100616,0.004831339949219249,-0.7071895120731444,0.9982839911763159,0.9997726526920654,0.0014886615157494454,27,27.0,0,0.0,0.13494690132090026,0.07080468694985895,0.06414221437104131,23.0,24.5,-1.5,11.247525134949777,11.521043391454109,-0.2735182565043317,"[23, 0, 0]",27,0
quincas_borba,complexo,pt,sbert,400,103,42407,25,0.4310796856880188,3.2155979084584163,3.2184258113732778,0.0028279029148614576,-0.3426963395762517,0.9989816580110175,0.9998700750502714,0.0008884170392539081,25,25.0,0,0.0,0.08333445269084291,0.050667994328736976,0.03266645836210594,14.0,23.0,-9.0,10.250390606584876,10.690591426568737,-0.4402008199838612,"[14, 0, 0]",25,0
quincas_borba,complexo,pt,sbert,400,104,42811,29,0.4310796856880188,3.3608479829294184,3.366244275967515,0.005396293038096633,-0.7279776172813905,0.9980851557503098,0.9997135849561409,0.0016284292058311722,29,29.0,0,0.0,0.12242422004835177,0.08194588245550324,0.04047833759284852,22.0,26.0,-4.0,11.939037975328151,12.363497575278997,-0.42445959995084515,"[22, 0, 0]",29,0
quincas_borba,complexo,pt,sbert,400,105,43215,24,0.4310796856880188,3.1676210946766243,3.1775922244776797,0.009971129801055412,-2.399963467636093,0.9967172564631547,0.9998376610513413,0.0031204045881866316,24,24.0,0,0.0,0.18417464470787273,0.07189518778046988,0.11227945692740285,16.0,22.0,-6.0,9.933393029021136,10.25986566346212,-0.32647263444098407,"[16, 0, 0]",24,0
quincas_borba,complexo,pt,sbert,400,106,43618,23,0.4310796856880188,3.1329488921304267,3.135255994097508,0.002307101967081504,-0.39492637210242326,0.9991882224544405,0.9999240241520997,0.0007358016976591886,23,23.0,0,0.0,0.09704460732850917,0.08235631409059033,0.014688293237918842,20.0,21.0,-1.0,9.67099062723379,9.847078125164819,-0.17608749793102874,"[20, 0, 0]",23,0
quincas_borba,complexo,pt,sbert,400,107,44034,25,0.4310796856880188,3.2009999448898623,3.2184258113732778,0.017425866483415486,-2.1117346802917174,0.9944465456417318,0.9998700750502714,0.005423529408539518,25,25.0,0,0.0,0.1847788903177578,0.050667994328736976,0.13411089598902082,14.0,23.0,-9.0,9.85529003163416,10.690591426568737,-0.8353013949345769,"[14, 0, 0]",25,0
quincas_borba,complexo,pt,sbert,400,108,44456,19,0.4310796856880188,2.9278287257994666,2.9442215583496374,0.016392832550170766,-2.6779827073216502,0.9943587714045017,0.9999261588308193,0.0055673874263175716,19,19.0,0,0.0,0.180840539786502,0.04466476529837757,0.13617577448812443,12.0,18.0,-6.0,7.411723166398388,8.140241285316044,-0.7285181189176564,"[12, 0, 0]",19,0
quincas_borba,complexo,pt,sbert,400,109,44869,29,0.4310796856880188,3.3640075832275906,3.366244275967515,0.0022366927399244396,-0.3017371814142797,0.9990234755349973,0.9997135849561409,0.0006901094211436698,29,29.0,0,0.0,0.09786733635721548,0.08194588245550324,0.015921453901712235,21.0,26.0,-5.0,12.13173425668754,12.363497575278997,-0.23176331859145627,"[21, 0, 0]",29,0
quincas_borba,complexo,pt,sbert,400,110,45278,23,0.4310796856880188,3.1252665084053985,3.135255994097508,0.009989485692109668,-1.7099856876046626,0.9967380875806463,0.9999240241520997,0.003185936571453385,23,23.0,0,0.0,0.15410604097535635,0.08235631409059033,0.07174972688476602,18.0,21.0,-3.0,9.286823669984612,9.847078125164819,-0.5602544551802069,"[18, 0, 0]",23,0
quincas_borba,complexo,pt,sbert,400,111,45679,32,0.4310796856880188,3.45963066802497,3.464710921523374,0.005080253498403575,-0.620506053256769,0.9982384016133993,0.9997424069698496,0.0015040053564503442,32,32.0,0,0.0,0.10628944843662633,0.08320430589271385,0.023085142543912474,21.0,29.0,-8.0,12.939277584227433,13.601802606172107,-0.6625250219446741,"[21, 0, 0]",32,0
quincas_borba,complexo,pt,sbert,400,112,46083,36,0.4310796856880188,3.531726292648684,3.581844856952306,0.05011856430362194,-10.100147489917552,0.9855469869988354,0.999532838661507,0.013985851662671633,36,36.0,0,0.0,0.20890254301035585,0.07610283981991237,0.13279970319044349,20.0,31.0,-11.0,13.408893966398747,15.240293495980378,-1.8313995295816312,"[20, 0, 0]",36,0
quincas_borba,complexo,pt,sbert,400,113,46497,31,0.4310796856880188,3.425995018365315,3.4322249856127023,0.006229967247387336,-0.8795554909633255,0.9976726220443126,0.9995246248568141,0.0018520028125015298,31,31.0,0,0.0,0.10421904426051168,0.08216346507560537,0.022055579184906304,17.0,27.0,-10.0,12.393767355469176,13.14858563606222,-0.7548182805930441,"[17, 0, 0]",31,0
quincas_borba,complexo,pt,sbert,400,114,46902,24,0.4310796856880188,3.165208184442138,3.1775922244776797,0.012384040035541943,-2.980729792916501,0.9959580150017782,0.9998376610513413,0.0038796460495631457,24,24.0,0,0.0,0.18417464470787273,0.07189518778046988,0.11227945692740285,18.0,22.0,-4.0,9.838358014048708,10.25986566346212,-0.421507649413412,"[18, 0, 0]",24,0
quincas_borba,complexo,pt,sbert,400,115,47335,26,0.4310796856880188,3.209176325577471,3.2577457924043594,0.04856946682688834,-5.654033116235066,0.9969866811214668,0.9998923464627185,0.0029056653412516953,25,26.0,0,0.0,0.20402155630645652,0.06536339293820326,0.13865816336825326,21.0,24.0,-3.0,10.378239142709894,11.117490184071979,-0.7392510413620847,"[21, 0, 0]",25,0
quincas_borba,complexo,pt,sbert,400,116,47745,26,0.4310796856880188,3.209961988221694,3.2577457924043594,0.04778380418266526,-5.562573133269659,0.997230760945284,0.9998923464627185,0.0026615855174345615,25,26.0,0,0.0,0.20402155630645652,0.06536339293820326,0.13865816336825326,20.0,24.0,-4.0,10.449483666215121,11.117490184071979,-0.6680065178568579,"[20, 0, 0]",25,0
quincas_borba,complexo,pt,sbert,400,117,48150,30,0.4310796856880188,3.3587245934300785,3.4002792400359514,0.041554646605872936,-18.993983695145467,0.9974545638431684,0.9997300534126146,0.002275489569446121,29,30.0,0,0.0,0.17408981407861643,0.06956822504422244,0.10452158903439399,19.0,26.5,-7.5,11.596969356865335,12.779542290254259,-1.1825729333889239,"[19, 0, 0]",29,0
quincas_borba,complexo,pt,sbert,400,118,48568,26,0.4310796856880188,3.2522736410402806,3.2577457924043594,0.005472151364078748,-0.6370200673568794,0.9982127917594678,0.9998923464627185,0.001679554703250763,26,26.0,0,0.0,0.10907873148255001,0.06536339293820326,0.043715338544346755,16.0,24.0,-8.0,10.517209265288432,11.117490184071979,-0.6002809187835467,"[16, 0, 0]",26,0
quincas_borba,complexo,pt,sbert,400,119,48980,25,0.4310796856880188,3.2164817936802654,3.2184258113732778,0.0019440176930123343,-0.23558367013438813,0.9992562523942553,0.9998700750502714,0.0006138226560160609,25,25.0,0,0.0,0.07518619528991316,0.050667994328736976,0.024518200961176184,18.0,23.0,-5.0,10.418171186131353,10.690591426568737,-0.2724202404373841,"[18, 0, 0]",25,0
quincas_borba,complexo,pt,sbert,400,120,49381,24,0.4310796856880188,3.1471272293368484,3.1775922244776797,0.03046499514083134,-7.332657064795941,0.9902686981838469,0.9998376610513413,0.009568962867494424,24,24.0,0,0.0,0.18417464470787273,0.07189518778046988,0.11227945692740285,20.0,22.0,-2.0,9.708022236199866,10.25986566346212,-0.5518434272622539,"[20, 0, 0]",24,0
quincas_borba,complexo,pt,sbert,400,121,49787,32,0.4310796856880188,3.46300846720273,3.464710921523374,0.0017024543206436427,-0.20793907463170486,0.9992130284379739,0.9997424069698496,0.0005293785318757349,32,32.0,0,0.0,0.06950030545745584,0.08320430589271385,0.0,23.0,29.0,-6.0,13.350580296999098,13.601802606172107,-0.25122230917300925,"[23, 0, 0]",32,0
quincas_borba,complexo,pt,sbert,400,122,50188,34,0.4310796856880188,3.5229615900876814,3.5252604551823,0.0022988650946187406,-0.3337918190298227,0.9990361352718324,0.9996880439687938,0.0006519086969614118,34,34.0,0,0.0,0.08835522006057975,0.06606582670085798,0.02228939335972177,27.0,30.0,-3.0,14.229463058268669,14.473207145458147,-0.24374408718947826,"[27, 0, 0]",34,0
quincas_borba,complexo,pt,sbert,400,123,50591,22,0.4310796856880188,3.087767618223368,3.090650170333123,0.0028825521097548545,-0.4269417249916129,0.99894054022733,0.999873090379342,0.0009325501520119905,22,22.0,0,0.0,0.10156233711817214,0.0714145125807068,0.03014782453746534,18.0,20.0,-2.0,9.229098679403283,9.412790540603215,-0.1836918611999323,"[18, 0, 0]",22,0
quincas_borba,complexo,pt,sbert,400,124,51005,26,0.4310796856880188,3.2112388805340797,3.2577457924043594,0.046506911870279666,-5.413928482797661,0.9856180880644324,0.9998923464627185,0.01427425839828611,26,26.0,0,0.0,0.20402155630645652,0.06536339293820326,0.13865816336825326,17.0,24.0,-7.0,10.291279414434317,11.117490184071979,-0.8262107696376617,"[17, 0, 0]",26,0
quincas_borba,complexo,pt,sbert,400,125,51422,23,0.4310796856880188,3.135359132430714,3.135255994097508,0.00010313833320596544,0.017655070447210913,0.9999569179564264,0.9999240241520997,3.289380432669464e-05,23,23.0,0,0.0,0.03419686466335692,0.08235631409059033,0.0,22.0,21.0,1.0,9.880635906161075,9.847078125164819,0.03355778099625617,"[22, 0, 0]",23,0
quincas_borba,complexo,pt,sbert,400,126,51827,22,0.4310796856880188,3.0844547198467755,3.090650170333123,0.006195450486347287,-0.9176230704693797,0.9978687664077913,0.999873090379342,0.0020043239715507033,22,22.0,0,0.0,0.1300807040896442,0.0714145125807068,0.0586661915089374,18.0,20.0,-2.0,9.097891539791423,9.412790540603215,-0.314899000811792,"[18, 0, 0]",22,0
quincas_borba,complexo,pt,sbert,400,127,52235,29,0.4310796856880188,3.3663929709356752,3.366244275967515,0.00014869496816016792,0.020059438555092207,0.9997318741517277,0.9997135849561409,1.8289195586773666e-05,29,29.0,0,0.0,0.04752254225844926,0.08194588245550324,0.0,23.0,26.0,-3.0,12.31208904211134,12.363497575278997,-0.051408533167656145,"[23, 0, 0]",29,0
quincas_borba,complexo,pt,sbert,400,128,52666,34,0.4310796856880188,3.516696837849912,3.5252604551823,0.008563617332387974,-1.2434245983134418,0.9891287089277809,0.9996880439687938,0.010559335041012918,35,34.0,1,0.0,0.15933973063343962,0.06606582670085798,0.09327390393258164,21.0,30.0,-9.0,13.405369955463787,14.473207145458147,-1.0678371899943606,"[21, 0, 0]",35,0
quincas_borba,complexo,pt,sbert,400,129,53082,26,0.4310796856880188,3.2171741664712323,3.2577457924043594,0.04057162593312702,-4.7229943335183595,0.9994713500956385,0.9998923464627185,0.00042099636708003985,25,26.0,0,0.0,0.19097429066835872,0.06536339293820326,0.12561089773015546,18.0,24.0,-6.0,10.49768672079644,11.117490184071979,-0.6198034632755398,"[18, 0, 0]",25,0
quincas_borba,complexo,pt,sbert,400,130,53492,23,0.4310796856880188,3.1350052964192225,3.135255994097508,0.0002506976782856718,-0.042914065348011184,0.9998440693950436,0.9999240241520997,7.99547570561332e-05,23,23.0,0,0.0,0.04761536136963418,0.08235631409059033,0.0,19.0,21.0,-2.0,9.793414250813182,9.847078125164819,-0.053663874351636665,"[19, 0, 0]",23,0
quincas_borba,complexo,pt,sbert,400,131,53899,26,0.4310796856880188,3.256243625578333,3.2577457924043594,0.0015021668260262189,-0.17486914177447835,0.9994312898891958,0.9998923464627185,0.00046105657352268903,26,26.0,0,0.0,0.07268202646909169,0.06536339293820326,0.007318633530888435,18.0,24.0,-6.0,10.876942423855503,11.117490184071979,-0.24054776021647584,"[18, 0, 0]",26,0
quincas_borba,complexo,pt,sbert,400,132,54329,20,0.4310796856880188,2.99400914591512,2.9955105157778403,0.0015013698627202032,-0.16900803962127012,0.9994248058633002,0.999925975435753,0.0005011695724528309,20,20.0,0,0.0,0.08236925845561283,0.060413154174164374,0.021956104281448452,18.0,18.5,-0.5,8.48206713406177,8.568270871048703,-0.08620373698693307,"[18, 0, 0]",20,0
quincas_borba,complexo,pt,sbert,400,133,54730,17,0.4310796856880188,2.8328886865436713,2.8331969674887265,0.0003082809450551949,-0.09454649655762248,0.9998854101427886,0.9999942197902167,0.00010880964742809862,17,17.0,0,0.0,0.045646404649872074,0.047031536150197145,0.0,16.0,16.0,0.0,7.282708252046447,7.318032633477028,-0.03532438143058059,"[16, 0, 0]",17,0
quincas_borba,complexo,pt,sbert,400,134,55139,23,0.4310796856880188,3.1322423969464657,3.135255994097508,0.0030135971510425463,-0.5158631940940936,0.9989629006597543,0.9999240241520997,0.0009611234923453393,23,23.0,0,0.0,0.10355406433724904,0.08235631409059033,0.02119775024665871,19.0,21.0,-2.0,9.667388081219615,9.847078125164819,-0.17969004394520383,"[19, 0, 0]",23,0
quincas_borba,complexo,pt,sbert,400,135,55547,24,0.4310796856880188,3.1745299951259787,3.1775922244776797,0.0030622293517010846,-0.7370517403983315,0.998891197125638,0.9998376610513413,0.0009464639257033003,24,24.0,0,0.0,0.09738806763644825,0.07189518778046988,0.025492879855978368,16.0,22.0,-6.0,9.900822103031699,10.25986566346212,-0.35904356043042185,"[16, 0, 0]",24,0
quincas_borba,complexo,pt,sbert,400,136,55949,23,0.4310796856880188,3.1286363163528876,3.135255994097508,0.006619677744620578,-1.1331468454674505,0.9844503848477457,0.9999240241520997,0.01547363930435397,24,23.0,1,0.0,0.17128160917598123,0.08235631409059033,0.0889252950853909,12.0,21.0,-9.0,8.876656229895026,9.847078125164819,-0.9704218952697925,"[10, 1, 0]",24,0
quincas_borba,complexo,pt,sbert,400,137,56381,26,0.4310796856880188,3.2511222661066146,3.2577457924043594,0.006623526297744764,-0.771053080882708,0.9978594029263778,0.9998923464627185,0.002032943536340759,26,26.0,0,0.0,0.11428164826931894,0.06536339293820326,0.048918255331115684,16.0,24.0,-8.0,10.52007958390263,11.117490184071979,-0.5974106001693489,"[16, 0, 0]",26,0
quincas_borba,complexo,pt,sbert,400,138,56785,23,0.4310796856880188,3.1229564807115735,3.135255994097508,0.012299513385934713,-2.1054128813721342,0.9960013527839149,0.9999240241520997,0.003922671368184805,23,23.0,0,0.0,0.18314422496573726,0.08235631409059033,0.10078791087514694,18.0,21.0,-3.0,9.340347576802552,9.847078125164819,-0.5067305483622668,"[18, 0, 0]",23,0
quincas_borba,complexo,pt,sbert,400,139,57200,28,0.4310796856880188,3.325729743462671,3.3309505442365985,0.005220800773927614,-1.0031076117042148,0.9980569119654086,0.9996500389829717,0.0015931270175630896,28,28.0,0,0.0,0.13541461127606777,0.08470751626504552,0.050707095011022246,20.0,25.0,-5.0,11.691240974660383,11.888662545553741,-0.19742157089335777,"[20, 0, 0]",28,0
quincas_borba,complexo,pt,sbert,400,140,57628,19,0.4310796856880188,2.936142295398138,2.9442215583496374,0.008079262951499189,-1.3198528323766667,0.9971822531127302,0.9999261588308193,0.0027439057180890236,19,19.0,0,0.0,0.12790849469109755,0.04466476529837757,0.08324372939271998,9.0,18.0,-9.0,7.429296173044,8.140241285316044,-0.7109451122720438,"[9, 0, 0]",19,0
quincas_borba,complexo,pt,sbert,400,141,58054,28,0.4310796856880188,3.3277172862382494,3.3309505442365985,0.0032332579983491705,-0.6212276333056939,0.998653376789074,0.9996500389829717,0.0009966621938977127,28,28.0,0,0.0,0.09887155439205504,0.08470751626504552,0.014164038127009518,22.0,25.0,-3.0,11.64809931247216,11.888662545553741,-0.24056323308158056,"[22, 0, 0]",28,0
quincas_borba,complexo,pt,sbert,400,142,58467,25,0.4310796856880188,3.194010382194481,3.2184258113732778,0.0244154291787968,-2.9587572348348403,0.9803301851006789,0.9998700750502714,0.019539889949592437,26,25.0,1,0.0,0.1847788903177578,0.050667994328736976,0.13411089598902082,11.0,23.0,-12.0,9.28376064039044,10.690591426568737,-1.406830786178297,"[9, 1, 0]",26,0
quincas_borba,complexo,pt,sbert,400,143,58890,24,0.4310796856880188,3.175275586604533,3.1775922244776797,0.002316637873146732,-0.557594412491335,0.9991258034345162,0.9998376610513413,0.0007118576168251289,24,24.0,0,0.0,0.0940754325288182,0.07189518778046988,0.022180244748348316,20.0,22.0,-2.0,10.14170383716726,10.25986566346212,-0.11816182629486072,"[20, 0, 0]",24,0
quincas_borba,complexo,pt,sbert,400,144,59296,25,0.4310796856880188,3.2151479691756477,3.2184258113732778,0.0032778421976300542,-0.39722174227874024,0.99884187651361,0.9998700750502714,0.0010281985366613622,25,25.0,0,0.0,0.10189095242585722,0.050667994328736976,0.05122295809712024,11.0,23.0,-12.0,10.153912998095258,10.690591426568737,-0.5366784284734791,"[11, 0, 0]",25,0
quincas_borba,complexo,pt,sbert,400,145,59716,33,0.4310796856880188,3.4945472617360505,3.4955502801439753,0.0010030184079248272,-0.18174957195902441,0.9994393549288915,0.9997262178600572,0.00028686293116575445,33,33.0,0,0.0,0.0643954759048174,0.08200552175283782,0.0,26.0,29.0,-3.0,13.924182418625414,14.047207147317582,-0.12302472869216885,"[26, 0, 0]",33,0
quincas_borba,complexo,pt,sbert,400,146,60128,30,0.4310796856880188,3.3902277490743415,3.4002792400359514,0.010051490961609844,-4.5943804371022345,0.9967747733057312,0.9997300534126146,0.0029552801068833956,30,30.0,0,0.0,0.1617204747358957,0.06956822504422244,0.09215224969167327,19.0,26.5,-7.5,12.130056063621556,12.779542290254259,-0.6494862266327033,"[19, 0, 0]",30,0
quincas_borba,complexo,pt,sbert,400,147,60531,35,0.4310796856880188,3.532389177563952,3.554319875738591,0.021930698174638774,-10.08755181984049,0.9935424370474031,0.9997108058808757,0.006168368833472604,35,35.0,0,0.0,0.1817576898151385,0.08402546848463277,0.09773222133050574,17.0,30.0,-13.0,13.285135047079203,14.883350140002015,-1.5982150929228123,"[17, 0, 0]",35,0
quincas_borba,complexo,pt,sbert,400,148,60953,26,0.4310796856880188,3.215763484698811,3.2577457924043594,0.04198230770554856,-4.887213584393995,0.9990330971622625,0.9998923464627185,0.0008592493004559998,25,26.0,0,0.0,0.19097429066835872,0.06536339293820326,0.12561089773015546,19.0,24.0,-5.0,10.425270138380835,11.117490184071979,-0.692220045691144,"[19, 0, 0]",25,0
quincas_borba,complexo,pt,sbert,400,149,61359,21,0.4310796856880188,3.0402433544591356,3.0436688816995408,0.003425527240405124,-0.4669459449847706,0.9985944977079929,0.9997485913584523,0.0011540936504593757,21,21.0,0,0.0,0.09990857380218104,0.068321142289549,0.03158743151263205,16.0,19.0,-3.0,8.682570129242475,8.95145917769921,-0.2688890484567352,"[16, 0, 0]",21,0
quincas_borba,complexo,pt,sbert,400,150,61799,31,0.4310796856880188,3.4299440341829674,3.4322249856127023,0.0022809514297348343,-0.32202791362751904,0.9988226018149112,0.9995246248568141,0.0007020230419029216,31,31.0,0,0.0,0.07510769468099332,0.08216346507560537,0.0,23.0,27.0,-4.0,12.845292040845937,13.14858563606222,-0.3032935952162834,"[23, 0, 0]",31,0
quincas_borba,complexo,pt,sbert,400,151,62213,23,0.4310796856880188,3.0949382589614447,3.135255994097508,0.040317735136063515,-6.901531486626946,0.9870655296502638,0.9999240241520997,0.012858494501835849,23,23.0,0,0.0,0.20151440500763232,0.08235631409059033,0.11915809091704199,14.0,21.0,-7.0,8.798901366628776,9.847078125164819,-1.0481767585360426,"[14, 0, 0]",23,0
quincas_borba,complexo,pt,sbert,400,152,62643,19,0.4310796856880188,2.9382578439972473,2.9442215583496374,0.00596371435239007,-0.974250414516689,0.9979007426498128,0.9999261588308193,0.0020254161810064897,19,19.0,0,0.0,0.1292945247327329,0.04466476529837757,0.08462975943435533,14.0,18.0,-4.0,7.852741394395941,8.140241285316044,-0.2874998909201034,"[14, 0, 0]",19,0
quincas_borba,complexo,pt,sbert,400,153,63049,15,0.4310796856880188,2.7071926214898614,2.708037949872125,0.0008453283822635882,-0.08736288541442054,0.9996833221141914,0.9999954759959471,0.0003121538817556502,15,15.0,0,0.0,0.0662603403092204,0.07439534752953236,0.0,11.0,14.0,-3.0,6.3674545195877545,6.457885858069595,-0.09043133848184048,"[11, 0, 0]",15,0
quincas_borba,complexo,pt,sbert,400,154,63451,21,0.4310796856880188,3.0434760771058045,3.0436688816995408,0.00019280459373627323,-0.026281887984327183,0.9996563137112562,0.9997485913584523,9.227764719610398e-05,21,21.0,0,0.0,0.05496756836227562,0.068321142289549,0.0,16.0,19.0,-3.0,8.877009241431631,8.95145917769921,-0.07444993626757856,"[16, 0, 0]",21,0
quincas_borba,complexo,pt,sbert,400,155,63851,32,0.4310796856880188,3.4599971665673337,3.464710921523374,0.004713754956040095,-0.5757416405915773,0.9983441507393114,0.9997424069698496,0.0013982562305382418,32,32.0,0,0.0,0.10478651057584298,0.08320430589271385,0.02158220468312913,22.0,29.0,-7.0,13.136772810436227,13.601802606172107,-0.4650297957358802,"[22, 0, 0]",32,0
quincas_borba,complexo,pt,sbert,400,156,64252,28,0.4310796856880188,3.331624695852717,3.3309505442365985,0.0006741516161183903,0.12952929001776753,0.9998259967775939,0.9996500389829717,0.00017595779462220573,28,28.0,0,0.0,0.05016730666849545,0.08470751626504552,0.0,23.0,25.0,-2.0,11.929323279891143,11.888662545553741,0.04066073433740236,"[23, 0, 0]",28,0
quincas_borba,complexo,pt,sbert,400,157,64680,28,0.4310796856880188,3.32743487971753,3.3309505442365985,0.0035156645190683733,-0.6754882999725855,0.998568626132307,0.9996500389829717,0.0010814128506646536,28,28.0,0,0.0,0.09893993426733033,0.08470751626504552,0.014232418002284808,20.0,25.0,-5.0,11.547843784280943,11.888662545553741,-0.3408187612727982,"[20, 0, 0]",28,0
quincas_borba,complexo,pt,sbert,400,158,65122,36,0.4310796856880188,3.5646664853334973,3.581844856952306,0.01717837161880853,-3.4618726493336758,0.9947391227878554,0.999532838661507,0.004793715873651627,36,36.0,0,0.0,0.1818002560847305,0.07610283981991237,0.10569741626481813,14.0,31.0,-17.0,13.839344782125803,15.240293495980378,-1.400948713854575,"[14, 0, 0]",36,0
quincas_borba,complexo,pt,sbert,400,159,65532,34,0.4310796856880188,3.5064788657368053,3.5252604551823,0.018781589445494795,-2.7270590692590178,0.9943619891555131,0.9996880439687938,0.005326054813280745,34,34.0,0,0.0,0.17357967246245976,0.06606582670085798,0.10751384576160178,23.0,30.0,-7.0,13.772404206431524,14.473207145458147,-0.700802939026623,"[23, 0, 0]",34,0
quincas_borba,complexo,pt,sbert,400,160,65949,24,0.4310796856880188,3.1686559350335055,3.1775922244776797,0.008936289444174239,-2.1508864722601597,0.9970428772399329,0.9998376610513413,0.002794783811408408,24,24.0,0,0.0,0.15810001773651544,0.07189518778046988,0.08620482995604556,17.0,22.0,-5.0,9.718019034303286,10.25986566346212,-0.5418466291588349,"[17, 0, 0]",24,0
quincas_borba,complexo,pt,sbert,400,161,66357,26,0.4310796856880188,3.2563965848784937,3.2577457924043594,0.0013492075258656477,-0.1570629560152962,0.9994782373317824,0.9998923464627185,0.00041410913093609114,26,26.0,0,0.0,0.06783227697226316,0.06536339293820326,0.0024688840340598983,22.0,24.0,-2.0,10.981727333966054,11.117490184071979,-0.13576285010592493,"[22, 0, 0]",26,0
quincas_borba,complexo,pt,sbert,400,162,66760,26,0.4310796856880188,3.251893024598979,3.2577457924043594,0.005852767805380132,-0.6813281091019495,0.998095970039528,0.9998923464627185,0.0017963764231905266,26,26.0,0,0.0,0.17382202436270608,0.06536339293820326,0.10845863142450282,23.0,24.0,-1.0,10.928781015858474,11.117490184071979,-0.1887091682135047,"[23, 0, 0]",26,0
quincas_borba,complexo,pt,sbert,400,163,67163,25,0.4310796856880188,3.213251872668319,3.2184258113732778,0.005173938704958747,-0.6269981356372415,0.9982528210139601,0.9998700750502714,0.0016172540363112997,25,25.0,0,0.0,0.12966637841869785,0.050667994328736976,0.07899838408996088,19.0,23.0,-4.0,10.3670730025385,10.690591426568737,-0.3235184240302367,"[19, 0, 0]",25,0
quincas_borba,complexo,pt,sbert,400,164,67575,31,0.4310796856880188,3.423542453046402,3.4322249856127023,0.00868253256630025,-1.2258120935322596,0.9969584186495796,0.9995246248568141,0.002566206207234578,31,31.0,0,0.0,0.1364130354713923,0.08216346507560537,0.05424957039578693,23.0,27.0,-4.0,12.621434639614174,13.14858563606222,-0.5271509964480465,"[23, 0, 0]",31,0
quincas_borba,complexo,pt,sbert,400,165,67989,34,0.4310796856880188,3.4947980013189275,3.5252604551823,0.03046245386337265,-4.423103343893069,0.9995110663662241,0.9996880439687938,0.00017697760256973893,33,34.0,0,0.0,0.17357967246245976,0.06606582670085798,0.10751384576160178,29.0,30.0,-1.0,14.000126126210144,14.473207145458147,-0.47308101924800283,"[29, 0, 0]",33,0
quincas_borba,complexo,pt,sbert,400,166,68393,29,0.4310796856880188,3.367029243643976,3.366244275967515,0.0007849676764610791,0.1058947122995015,0.9999208307330398,0.9997135849561409,0.0002072457768989011,29,29.0,0,0.0,0.048291867696583196,0.08194588245550324,0.0,24.0,26.0,-2.0,12.414935006792405,12.363497575278997,0.05143743151340807,"[24, 0, 0]",29,0
quincas_borba,complexo,pt,sbert,400,167,68811,29,0.4310796856880188,3.365469855452992,3.366244275967515,0.0007744205145230332,-0.10447186558555657,0.9994577326657131,0.9997135849561409,0.0002558522904277938,29,29.0,0,0.0,0.052468724714255593,0.08194588245550324,0.0,24.0,26.0,-2.0,12.238297043210377,12.363497575278997,-0.1252005320686198,"[24, 0, 0]",29,0
quincas_borba,complexo,pt,sbert,400,168,69211,31,0.4310796856880188,3.3653101410049384,3.4322249856127023,0.06691484460776387,-9.447131367568355,0.9994103015945754,0.9995246248568141,0.00011432326223870248,29,31.0,0,0.0,0.18707400400486351,0.08216346507560537,0.10491053892925814,15.0,27.0,-12.0,11.964262933746419,13.14858563606222,-1.1843227023158018,"[15, 0, 0]",29,0
quincas_borba,complexo,pt,sbert,400,169,69627,30,0.4310796856880188,3.377931529312251,3.4002792400359514,0.02234771072370023,-10.214791552331452,0.9931595112723113,0.9997300534126146,0.0065705421403032815,30,30.0,0,0.0,0.17408981407861643,0.06956822504422244,0.10452158903439399,24.0,26.5,-2.5,12.262561310206358,12.779542290254259,-0.5169809800479008,"[24, 0, 0]",30,0
quincas_borba,complexo,pt,sbert,400,170,70034,23,0.4310796856880188,3.1335405882693586,3.135255994097508,0.0017154058281496631,-0.2936406843133546,0.9993769315057683,0.9999240241520997,0.0005470926463313486,23,23.0,0,0.0,0.08721533922397368,0.08235631409059033,0.004859025133383349,18.0,21.0,-3.0,9.659064021725015,9.847078125164819,-0.1880141034398033,"[18, 0, 0]",23,0
quincas_borba,complexo,pt,sbert,400,171,70434,34,0.4310796856880188,3.3882722924786166,3.5252604551823,0.13698816270368352,-19.890479054839567,0.9961998414872287,0.9996880439687938,0.003488202481565117,30,34.0,0,0.0,0.2155398428440094,0.06606582670085798,0.14947401614315142,21.0,30.0,-9.0,12.227795492068939,14.473207145458147,-2.2454116533892083,"[21, 0, 0]",30,0
quincas_borba,complexo,pt,sbert,400,172,70851,28,0.4310796856880188,3.328012937276234,3.3309505442365985,0.0029376069603643806,-0.5644222083425642,0.998742102147041,0.9996500389829717,0.0009079368359307116,28,28.0,0,0.0,0.10490925968536957,0.08470751626504552,0.020201743420324048,25.0,25.0,0.0,11.798674637116042,11.888662545553741,-0.0899879084376991,"[25, 0, 0]",28,0
quincas_borba,complexo,pt,sbert,400,173,71277,34,0.4310796856880188,3.4812282034874076,3.5252604551823,0.044032251694892555,-6.393417962464096,0.9956301086983309,0.9996880439687938,0.004057935270462942,33,34.0,0,0.0,0.1927233081229657,0.06606582670085798,0.12665748142210773,14.0,30.0,-16.0,12.798712142927586,14.473207145458147,-1.674495002530561,"[14, 0, 0]",33,0
quincas_borba,complexo,pt,sbert,400,174,71695,22,0.4310796856880188,3.0891283180494473,3.090650170333123,0.0015218522836755177,-0.22540520151433033,0.9993807476481634,0.999873090379342,0.0004923427311785966,22,22.0,0,0.0,0.07335066572138876,0.0714145125807068,0.001936153140681962,18.0,20.0,-2.0,9.295922128104731,9.412790540603215,-0.11686841249848356,"[18, 0, 0]",22,0
quincas_borba,complexo,pt,sbert,400,175,72108,31,0.4310796856880188,3.3978013912945926,3.4322249856127023,0.03442359431810971,-4.859971200311655,0.9990015309355839,0.9995246248568141,0.0005230939212302887,30,31.0,0,0.0,0.16355743162912836,0.08216346507560537,0.08139396655352299,21.0,27.0,-6.0,12.469236535487807,13.14858563606222,-0.679349100574413,"[21, 0, 0]",30,0
quincas_borba,complexo,pt,sbert,400,176,72518,18,0.4310796856880188,2.8878025990213763,2.890246389658701,0.0024437906373249163,-0.25529626949010326,0.9991111320307605,0.9999566255665484,0.000845493535787889,18,18.0,0,0.0,0.09045385634394074,0.04811101558435532,0.042342840759585415,15.0,17.0,-2.0,7.566745087089151,7.72165337759981,-0.1549082905106589,"[15, 0, 0]",18,0
quincas_borba,complexo,pt,sbert,400,177,72929,27,0.4310796856880188,3.294458521593479,3.2950125208100616,0.0005539992165823904,-0.08109187922640747,0.9995817922831475,0.9997726526920654,0.00019086040891791445,27,27.0,0,0.0,0.06167219633201626,0.07080468694985895,0.0,24.0,24.5,-0.5,11.480010360369056,11.521043391454109,-0.041033031085053295,"[24, 0, 0]",27,0
quincas_borba,complexo,pt,sbert,400,178,73330,29,0.4310796856880188,3.318465178719182,3.366244275967515,0.04777909724833318,-6.445556815603492,0.9756755654967185,0.9997135849561409,0.02403801945942241,30,29.0,2,0.0,0.21422144868615037,0.08194588245550324,0.13227556623064712,14.0,26.0,-12.0,10.707218779167764,12.363497575278997,-1.6562787961112324,"[10, 2, 0]",30,0
quincas_borba,complexo,pt,sbert,400,179,73739,27,0.4310796856880188,3.232409920998,3.2950125208100616,0.0626025998120614,-9.163483108398617,0.992116066321632,0.9997726526920654,0.007656586370433427,26,27.0,0,0.0,0.20483971054253824,0.07080468694985895,0.1340350235926793,21.0,24.5,-3.5,10.747883632748387,11.521043391454109,-0.773159758705722,"[21, 0, 0]",26,0
quincas_borba,complexo,pt,sbert,400,180,74145,29,0.4310796856880188,3.255406472482195,3.366244275967515,0.11083780348532013,-14.95238296295455,0.9991743444345818,0.9997135849561409,0.0005392405215591811,26,29.0,0,0.0,0.21422144868615037,0.08194588245550324,0.13227556623064712,21.0,26.0,-5.0,10.928063721909082,12.363497575278997,-1.435433853369915,"[21, 0, 0]",26,0
quincas_borba,complexo,pt,sbert,400,181,74563,21,0.4310796856880188,3.0445116811873945,3.0436688816995408,0.0008427994878537071,0.11488503102430073,0.9999964669217427,0.9997485913584523,0.0002478755632904228,21,21.0,0,0.0,0.06074246175680714,0.068321142289549,0.0,20.0,19.0,1.0,9.043325101873227,8.95145917769921,0.09186592417401762,"[20, 0, 0]",21,0
quincas_borba,complexo,pt,sbert,400,182,74983,24,0.4310796856880188,3.173452034218637,3.1775922244776797,0.004140190259042775,-0.9965074739789014,0.9985520081235361,0.9998376610513413,0.0012856529278052475,24,24.0,0,0.0,0.11176837834111841,0.07189518778046988,0.03987319056064853,10.0,22.0,-12.0,9.68090212044422,10.25986566346212,-0.5789635430179008,"[10, 0, 0]",24,0
quincas_borba,complexo,pt,sbert,400,183,75388,27,0.4310796856880188,3.2932837501957337,3.2950125208100616,0.001728770614327857,-0.25304955976663907,0.9992253512802984,0.9997726526920654,0.0005473014117669539,27,27.0,0,0.0,0.07273619008703383,0.07080468694985895,0.0019315031371748836,23.0,24.5,-1.5,11.322218276349991,11.521043391454109,-0.1988251151041176,"[23, 0, 0]",27,0
quincas_borba,complexo,pt,sbert,400,184,75790,14,0.4310796856880188,2.6388712448728744,2.639057329615258,0.0001860847423835743,-0.14673123857036868,0.9999294881773519,0.9999999999999998,7.051182264783407e-05,14,14.0,0,0.0,0.03177458361892305,0.02599323496270181,0.005781348656221236,13.0,14.0,-1.0,6.003341016013341,6.035115599632263,-0.03177458361892249,"[13, 0, 0]",14,0
