obra,nivel,idioma,embedder,janela_palavras,janela_idx,palavra_ini,n_sentencas,eps,H_obs,H_ref,delta_H,z_H,H_norm_obs,H_norm_ref,delta_H_norm,n_barras_obs,n_barras_ref,n_H1_obs,n_H1_ref,dB_obs_ref,dB_base,delta_dB,C_obs,C_ref,delta_T,Cpers_obs,Cpers_ref,delta_Tpers,beta_obs,n_barras,degenerado
memorias_braz_cubas,intermediario,pt,sbert,150,0,0,6,0.4667161703109741,1.7823056183431345,1.7917594692280547,0.009453850884920234,-1.040057424500472,0.994723705359295,0.9999999999999999,0.005276294640704893,6,6.0,0,0.0,0.1555514632097098,0.04458318674303163,0.11096827646667817,5.0,6.0,-1.0,2.644745558656135,2.8002970218658447,-0.1555514632097097,"[5, 0, 0]",6,0
memorias_braz_cubas,intermediario,pt,sbert,150,1,152,9,0.4667161703109741,2.1965449519863967,2.1972245773362196,0.0006796253498229099,-0.14875097628524964,0.9996906891735906,1.0,0.00030931082640939245,9,9.0,0,0.0,0.05322353315438927,0.03330910062640591,0.01991443252798336,8.0,9.0,-1.0,4.147221999644378,4.200445532798767,-0.0532235331543891,"[8, 0, 0]",9,0
memorias_braz_cubas,intermediario,pt,sbert,150,2,324,5,0.4667161703109741,1.5955057564592923,1.6094379124341005,0.013932155974808236,-5.184303437085288,0.9913434647791184,1.0000000000000002,0.008656535220881834,5,5.0,0,0.0,0.17225040228582017,1.849238202843262e-308,0.17225040228582017,4.0,5.0,-1.0,2.1613304492690504,2.3335808515548706,-0.17225040228582023,"[4, 0, 0]",5,0
memorias_braz_cubas,intermediario,pt,sbert,150,3,474,8,0.4667161703109741,2.07312530632859,2.0794415416798357,0.0063162353512455915,-2.0462420611746883,0.9969625328605568,1.0,0.003037467139443195,8,8.0,0,0.0,0.13442533056925077,0.02039056539882822,0.11403476517042255,6.0,8.0,-2.0,3.521727831581341,3.733729362487793,-0.21200153090645202,"[6, 0, 0]",8,0
memorias_braz_cubas,intermediario,pt,sbert,150,4,631,10,0.4667161703109741,2.3000395306051638,2.302579773524076,0.0025402429189123055,-1.4975359787089648,0.998894476301168,0.9999976897835454,0.0011032134823774076,10,10.0,0,0.0,0.10496104197334888,0.04953466404766449,0.05542637792568439,9.0,9.0,0.0,4.5622006611363926,4.662225961464445,-0.10002530032805268,"[9, 0, 0]",10,0
memorias_braz_cubas,intermediario,pt,sbert,150,5,785,5,0.4667161703109741,1.607916984482976,1.6094379124341005,0.0015209279511245732,-0.5659534689987376,0.9990549943310183,1.0000000000000002,0.0009450056689819242,5,5.0,0,0.0,0.06176274949346494,1.849238202843262e-308,0.06176274949346494,4.0,5.0,-1.0,2.2718181020614057,2.3335808515548706,-0.06176274949346494,"[4, 0, 0]",5,0
memorias_braz_cubas,intermediario,pt,sbert,150,6,939,8,0.4667161703109741,2.075797053999958,2.0794415416798357,0.0036444876798777948,-1.1806881104467142,0.9982473718992197,1.0,0.0017526281007802513,8,8.0,0,0.0,0.11423414420942446,0.02039056539882822,0.09384357881059624,5.0,8.0,-3.0,3.5907205371593416,3.733729362487793,-0.14300882532845138,"[5, 0, 0]",8,0
memorias_braz_cubas,intermediario,pt,sbert,150,7,1089,7,0.4667161703109741,1.9447653590492373,1.945910149055313,0.0011447900060757021,-0.3073396714221901,0.9994116943135162,0.9999999999999999,0.0005883056864837144,7,7.0,0,0.0,0.061779845598721295,1.361146598449481e-308,0.061779845598721295,5.0,7.0,-2.0,3.187436056920308,3.267013192176819,-0.07957713525651089,"[5, 0, 0]",7,0
memorias_braz_cubas,intermediario,pt,sbert,150,8,1246,9,0.4667161703109741,2.187969052005294,2.1972245773362196,0.00925552533092544,-2.0257755679165914,0.9957876288903766,1.0,0.0042123711096233585,9,9.0,0,0.0,0.15350026527738786,0.03330910062640591,0.12019116465098195,7.0,9.0,-2.0,3.9272879298994674,4.200445532798767,-0.2731576028992997,"[7, 0, 0]",9,0
memorias_braz_cubas,intermediario,pt,sbert,150,9,1422,5,0.4667161703109741,1.6040155300816625,1.6094379124341005,0.005422382352437971,-2.017726152202492,0.9966308844158909,1.0000000000000002,0.00336911558410935,5,5.0,0,0.0,0.11367836899316824,1.849238202843262e-308,0.11367836899316824,3.0,5.0,-2.0,2.212680602026925,2.3335808515548706,-0.12090024952794565,"[3, 0, 0]",5,0
memorias_braz_cubas,intermediario,pt,sbert,150,10,1592,9,0.4667161703109741,2.1972245773362196,2.1972245773362196,0.0,0.0,1.0,1.0,0.0,9,9.0,0,0.0,1.898421350758533e-308,0.03330910062640591,0.0,9.0,9.0,0.0,4.200445532798767,4.200445532798767,0.0,"[9, 0, 0]",9,0
memorias_braz_cubas,intermediario,pt,sbert,150,11,1766,7,0.4667161703109741,1.945910149055313,1.945910149055313,0.0,0.0,0.9999999999999999,0.9999999999999999,0.0,7,7.0,0,0.0,1.361146598449481e-308,1.361146598449481e-308,0.0,7.0,7.0,0.0,3.267013192176819,3.267013192176819,0.0,"[7, 0, 0]",7,0
memorias_braz_cubas,intermediario,pt,sbert,150,12,1943,8,0.4667161703109741,1.965505788873526,2.0794415416798357,0.11393575280630985,-36.91124802971392,0.9452084848154619,1.0,0.054791515184538064,8,8.0,0,0.0,0.23335808515548706,0.02039056539882822,0.21296751975665884,6.0,8.0,-2.0,3.254977728291112,3.733729362487793,-0.4787516341966809,"[6, 0, 0]",8,0
memorias_braz_cubas,intermediario,pt,sbert,150,13,2101,7,0.4667161703109741,1.945910149055313,1.945910149055313,0.0,0.0,0.9999999999999999,0.9999999999999999,0.0,7,7.0,0,0.0,1.361146598449481e-308,1.361146598449481e-308,0.0,7.0,7.0,0.0,3.267013192176819,3.267013192176819,0.0,"[7, 0, 0]",7,0
memorias_braz_cubas,intermediario,pt,sbert,150,14,2256,10,0.4667161703109741,2.3025850929940455,2.302579773524076,5.319469969400359e-06,0.003135959009089524,0.9999999999999998,0.9999976897835454,2.3102164543598036e-06,10,10.0,0,0.0,0.004935741645295866,0.04953466404766449,0.0,10.0,9.0,1.0,4.667161703109741,4.662225961464445,0.004935741645295977,"[10, 0, 0]",10,0
memorias_braz_cubas,intermediario,pt,sbert,150,15,2436,7,0.4667161703109741,1.945910149055313,1.945910149055313,0.0,0.0,0.9999999999999999,0.9999999999999999,0.0,7,7.0,0,0.0,1.361146598449481e-308,1.361146598449481e-308,0.0,7.0,7.0,0.0,3.267013192176819,3.267013192176819,0.0,"[7, 0, 0]",7,0
memorias_braz_cubas,intermediario,pt,sbert,150,16,2594,8,0.4667161703109741,2.0794415416798357,2.0794415416798357,0.0,0.0,1.0,1.0,0.0,8,8.0,0,0.0,1.8080951285147857e-308,0.02039056539882822,0.0,8.0,8.0,0.0,3.733729362487793,3.733729362487793,0.0,"[8, 0, 0]",8,0
memorias_braz_cubas,intermediario,pt,sbert,150,17,2748,7,0.4667161703109741,1.94562629874315,1.945910149055313,0.00028385031216293655,-0.07620477223791744,0.9998541297950982,0.9999999999999999,0.0001458702049016436,7,7.0,0,0.0,0.031616306613100775,1.361146598449481e-308,0.031616306613100775,5.0,7.0,-2.0,3.2306655445997845,3.267013192176819,-0.03634764757703435,"[5, 0, 0]",7,0
memorias_braz_cubas,intermediario,pt,sbert,150,18,2898,11,0.4667161703109741,2.382507966482241,2.3978923197490083,0.015384353266767459,-4.924817635655223,0.9935829948494069,0.9999982698138128,0.006415274964405859,11,11.0,0,0.0,0.22753863027659216,0.032835696813105886,0.19470293346348627,7.0,10.0,-3.0,4.692283249225627,5.129224062549035,-0.4369408133234085,"[7, 0, 0]",11,0
memorias_braz_cubas,intermediario,pt,sbert,150,19,3054,7,0.4667161703109741,1.9451995058465874,1.945910149055313,0.0007106432087256032,-0.19078507770768824,0.9996348016330194,0.9999999999999999,0.00036519836698045705,7,7.0,0,0.0,0.04888464487352334,1.361146598449481e-308,0.04888464487352334,6.0,7.0,-1.0,3.2181285473032952,3.267013192176819,-0.04888464487352362,"[6, 0, 0]",7,0
memorias_braz_cubas,intermediario,pt,sbert,150,20,3239,7,0.4667161703109741,1.945910149055313,1.945910149055313,0.0,0.0,0.9999999999999999,0.9999999999999999,0.0,7,7.0,0,0.0,1.361146598449481e-308,1.361146598449481e-308,0.0,7.0,7.0,0.0,3.267013192176819,3.267013192176819,0.0,"[7, 0, 0]",7,0
memorias_braz_cubas,intermediario,pt,sbert,150,21,3405,6,0.4667161703109741,1.7848317011484671,1.7917594692280547,0.006927768079587615,-0.7621525571008908,0.9961335390164995,0.9999999999999999,0.0038664609835004082,6,6.0,0,0.0,0.13630290792845934,0.04458318674303163,0.0917197211854277,4.0,6.0,-2.0,2.6532906357365595,2.8002970218658447,-0.14700638612928518,"[4, 0, 0]",6,0
memorias_braz_cubas,intermediario,pt,sbert,150,22,3590,7,0.4667161703109741,1.9380301517654677,1.945910149055313,0.007879997289845342,-2.11552840697027,0.9959504824548703,0.9999999999999999,0.004049517545129611,7,7.0,0,0.0,0.12525485028334316,1.361146598449481e-308,0.12525485028334316,3.0,7.0,-4.0,2.9176270897290966,3.267013192176819,-0.3493861024477223,"[3, 0, 0]",7,0
memorias_braz_cubas,intermediario,pt,sbert,150,23,3755,7,0.4667161703109741,1.945455894226809,1.945910149055313,0.00045425482850403043,-0.12195295992576993,0.9997665591966182,0.9999999999999999,0.00023344080338172368,7,7.0,0,0.0,0.03947152710766738,1.361146598449481e-308,0.03947152710766738,3.0,7.0,-4.0,3.200050742210353,3.267013192176819,-0.06696244996646605,"[3, 0, 0]",7,0
memorias_braz_cubas,intermediario,pt,sbert,150,24,3941,7,0.4667161703109741,1.9427355028503102,1.945910149055313,0.0031746462050028512,-0.8522914389093285,0.9983685545776385,0.9999999999999999,0.0016314454223613772,7,7.0,0,0.0,0.10655108173380068,1.361146598449481e-308,0.10655108173380068,2.0,7.0,-5.0,3.094834137527748,3.267013192176819,-0.1721790546490709,"[2, 0, 0]",7,0
memorias_braz_cubas,intermediario,pt,sbert,150,25,4094,5,0.4667161703109741,1.6094379124341005,1.6094379124341005,0.0,0.0,1.0000000000000002,1.0000000000000002,0.0,5,5.0,0,0.0,1.849238202843262e-308,1.849238202843262e-308,0.0,5.0,5.0,0.0,2.3335808515548706,2.3335808515548706,0.0,"[5, 0, 0]",5,0
memorias_braz_cubas,intermediario,pt,sbert,150,26,4247,9,0.4667161703109741,2.1961065080401276,2.1972245773362196,0.001118069296091928,-0.2447140904787801,0.999491144734305,1.0,0.0005088552656949963,9,9.0,0,0.0,0.06060476198426318,0.03330910062640591,0.02729566135785727,5.0,9.0,-4.0,4.06931989498269,4.200445532798767,-0.13112563781607722,"[5, 0, 0]",9,0
memorias_braz_cubas,intermediario,pt,sbert,150,27,4408,11,0.4667161703109741,2.3704319646999026,2.3978923197490083,0.02746035504910571,-8.790570424518446,0.988546910947275,0.9999982698138128,0.011451358866537809,11,11.0,0,0.0,0.2310311797196472,0.032835696813105886,0.19819548290654132,7.0,10.0,-3.0,4.450262033421359,5.129224062549035,-0.6789620291276757,"[7, 0, 0]",11,0
memorias_braz_cubas,intermediario,pt,sbert,150,28,4564,5,0.4667161703109741,1.609167093562506,1.6094379124341005,0.0002708188715945248,-0.10077458286956761,0.9998317307741404,1.0000000000000002,0.000168269225859774,5,5.0,0,0.0,0.026686439419693342,1.849238202843262e-308,0.026686439419693342,4.0,5.0,-1.0,2.3068944121351773,2.3335808515548706,-0.026686439419693286,"[4, 0, 0]",5,0
memorias_braz_cubas,intermediario,pt,sbert,150,29,4718,4,0.4667161703109741,1.3569139398342456,1.3862943611198906,0.029380421285644998,-776.0401911999397,0.9788065059559857,1.0,0.02119349404401427,4,4.0,0,0.0,0.18175754281355727,1.5740382326213016e-308,0.18175754281355727,2.0,4.0,-2.0,1.5040677963423952,1.8668646812438965,-0.3627968849015013,"[2, 0, 0]",4,0
memorias_braz_cubas,intermediario,pt,sbert,150,30,4879,5,0.4667161703109741,1.6094379124341005,1.6094379124341005,0.0,0.0,1.0000000000000002,1.0000000000000002,0.0,5,5.0,0,0.0,1.849238202843262e-308,1.849238202843262e-308,0.0,5.0,5.0,0.0,2.3335808515548706,2.3335808515548706,0.0,"[5, 0, 0]",5,0
memorias_braz_cubas,intermediario,pt,sbert,150,31,5037,5,0.4667161703109741,1.6094379124341005,1.6094379124341005,0.0,0.0,1.0000000000000002,1.0000000000000002,0.0,5,5.0,0,0.0,1.849238202843262e-308,1.849238202843262e-308,0.0,5.0,5.0,0.0,2.3335808515548706,2.3335808515548706,0.0,"[5, 0, 0]",5,0
memorias_braz_cubas,intermediario,pt,sbert,150,32,5207,5,0.4667161703109741,1.6094379124341005,1.6094379124341005,0.0,0.0,1.0000000000000002,1.0000000000000002,0.0,5,5.0,0,0.0,1.849238202843262e-308,1.849238202843262e-308,0.0,5.0,5.0,0.0,2.3335808515548706,2.3335808515548706,0.0,"[5, 0, 0]",5,0
memorias_braz_cubas,intermediario,pt,sbert,150,33,5363,7,0.4667161703109741,1.9391026182686382,1.945910149055313,0.0068075307866748425,-1.827605293607652,0.9965016212130966,0.9999999999999999,0.003498378786903289,7,7.0,0,0.0,0.14381890472579278,1.361146598449481e-308,0.14381890472579278,5.0,7.0,-2.0,3.1034098971194033,3.267013192176819,-0.16360329505741555,"[5, 0, 0]",7,0
memorias_braz_cubas,intermediario,pt,sbert,150,34,5524,7,0.4667161703109741,1.9448116111569107,1.945910149055313,0.0010985378984023075,-0.2949224529808327,0.9994354631949806,0.9999999999999999,0.0005645368050193333,7,7.0,0,0.0,0.05228851857035288,1.361146598449481e-308,0.05228851857035288,5.0,7.0,-2.0,3.174834457899545,3.267013192176819,-0.09217873427727374,"[5, 0, 0]",7,0
memorias_braz_cubas,intermediario,pt,sbert,150,35,5689,9,0.4667161703109741,2.196852268671019,2.1972245773362196,0.00037230866520054917,-0.08148795132858205,0.9998305550242607,1.0,0.00016944497573934125,9,9.0,0,0.0,0.03968463568572783,0.03330910062640591,0.006375535059321924,8.0,9.0,-1.0,4.16076089711304,4.200445532798767,-0.03968463568572744,"[8, 0, 0]",9,0
memorias_braz_cubas,intermediario,pt,sbert,150,36,5839,7,0.4667161703109741,1.9441530209008981,1.945910149055313,0.0017571281544148665,-0.4717329700280709,0.9990970147541148,0.9999999999999999,0.0009029852458850574,7,7.0,0,0.0,0.07563870999352362,1.361146598449481e-308,0.07563870999352362,6.0,7.0,-1.0,3.1913744821832952,3.267013192176819,-0.07563870999352362,"[6, 0, 0]",7,0
memorias_braz_cubas,intermediario,pt,sbert,150,37,5991,6,0.4667161703109741,1.7917594692280547,1.7917594692280547,0.0,0.0,0.9999999999999999,0.9999999999999999,0.0,6,6.0,0,0.0,1.405550587018897e-308,0.04458318674303163,0.0,6.0,6.0,0.0,2.8002970218658447,2.8002970218658447,0.0,"[6, 0, 0]",6,0
memorias_braz_cubas,intermediario,pt,sbert,150,38,6149,5,0.4667161703109741,1.6055077050664077,1.6094379124341005,0.003930207367692784,-1.4624719678440201,0.9975580248623891,1.0000000000000002,0.00244197513761113,5,5.0,0,0.0,0.09396132749429714,1.849238202843262e-308,0.09396132749429714,2.0,5.0,-3.0,2.1772250765586234,2.3335808515548706,-0.1563557749962472,"[2, 0, 0]",5,0
memorias_braz_cubas,intermediario,pt,sbert,150,39,6313,9,0.4667161703109741,2.1912428061514504,2.1972245773362196,0.005981771184769169,-1.3092423699045983,0.9972775786114585,1.0,0.002722421388541507,9,9.0,0,0.0,0.13946817543862994,0.03330910062640591,0.10615907481222403,5.0,9.0,-4.0,3.912295837977511,4.200445532798767,-0.2881496948212563,"[5, 0, 0]",9,0
memorias_braz_cubas,intermediario,pt,sbert,150,40,6477,5,0.4667161703109741,1.6091301605757713,1.6094379124341005,0.00030775185832920826,-0.11451774009639304,0.9998087830192446,1.0000000000000002,0.00019121698075563742,5,5.0,0,0.0,0.026452535289505863,1.849238202843262e-308,0.026452535289505863,3.0,5.0,-2.0,2.288428719501734,2.3335808515548706,-0.04515213205313673,"[3, 0, 0]",5,0
memorias_braz_cubas,intermediario,pt,sbert,150,41,6671,5,0.4667161703109741,1.6094379124341005,1.6094379124341005,0.0,0.0,1.0000000000000002,1.0000000000000002,0.0,5,5.0,0,0.0,1.849238202843262e-308,1.849238202843262e-308,0.0,5.0,5.0,0.0,2.3335808515548706,2.3335808515548706,0.0,"[5, 0, 0]",5,0
memorias_braz_cubas,intermediario,pt,sbert,150,42,6852,6,0.4667161703109741,1.789777061697106,1.7917594692280547,0.0019824075309486933,-0.21809289103952625,0.9988935972908222,0.9999999999999999,0.0011064027091777229,6,6.0,0,0.0,0.07525558905063529,0.04458318674303163,0.030672402307603652,5.0,6.0,-1.0,2.7250414328152095,2.8002970218658447,-0.07525558905063523,"[5, 0, 0]",6,0
memorias_braz_cubas,intermediario,pt,sbert,150,43,7012,10,0.4667161703109741,2.3025850929940455,2.302579773524076,5.319469969400359e-06,0.003135959009089524,0.9999999999999998,0.9999976897835454,2.3102164543598036e-06,10,10.0,0,0.0,0.004935741645295866,0.04953466404766449,0.0,10.0,9.0,1.0,4.667161703109741,4.662225961464445,0.004935741645295977,"[10, 0, 0]",10,0
memorias_braz_cubas,intermediario,pt,sbert,150,44,7202,8,0.4667161703109741,2.0779881419517334,2.0794415416798357,0.0014533997281023225,-0.4708513046076314,0.9993010624732791,1.0,0.0006989375267208997,8,8.0,0,0.0,0.06670678272216396,0.02039056539882822,0.04631621732333574,6.0,8.0,-2.0,3.626483787576587,3.733729362487793,-0.10724557491120601,"[6, 0, 0]",8,0
memorias_braz_cubas,intermediario,pt,sbert,150,45,7373,7,0.4667161703109741,1.945910149055313,1.945910149055313,0.0,0.0,0.9999999999999999,0.9999999999999999,0.0,7,7.0,0,0.0,1.361146598449481e-308,1.361146598449481e-308,0.0,7.0,7.0,0.0,3.267013192176819,3.267013192176819,0.0,"[7, 0, 0]",7,0
memorias_braz_cubas,intermediario,pt,sbert,150,46,7527,6,0.4667161703109741,1.7904850786128328,1.7917594692280547,0.001274390615221943,-0.1402010077384978,0.9992887490552673,0.9999999999999999,0.0007112509447325666,6,6.0,0,0.0,0.06089803412640138,0.04458318674303163,0.016314847383369746,5.0,6.0,-1.0,2.7393989877394436,2.8002970218658447,-0.06089803412640116,"[5, 0, 0]",6,0
memorias_braz_cubas,intermediario,pt,sbert,150,47,7689,6,0.4667161703109741,1.782089984810404,1.7917594692280547,0.009669484417650809,-1.0637801655736818,0.9946033579932373,0.9999999999999999,0.0053966420067625975,6,6.0,0,0.0,0.15758452059967942,0.04458318674303163,0.11300133385664779,4.0,6.0,-2.0,2.5939223137945584,2.8002970218658447,-0.20637470807128633,"[4, 0, 0]",6,0
memorias_braz_cubas,intermediario,pt,sbert,150,48,7855,6,0.4667161703109741,1.7917594692280547,1.7917594692280547,0.0,0.0,0.9999999999999999,0.9999999999999999,0.0,6,6.0,0,0.0,1.405550587018897e-308,0.04458318674303163,0.0,6.0,6.0,0.0,2.8002970218658447,2.8002970218658447,0.0,"[6, 0, 0]",6,0
memorias_braz_cubas,intermediario,pt,sbert,150,49,8055,9,0.4667161703109741,2.194692909155282,2.1972245773362196,0.0025316681809375297,-0.5541113403772935,0.9988477881564538,1.0,0.0011522118435461914,9,9.0,0,0.0,0.10003777271337039,0.03330910062640591,0.06672867208696448,8.0,9.0,-1.0,4.100407760085397,4.200445532798767,-0.10003777271337011,"[8, 0, 0]",9,0
memorias_braz_cubas,intermediario,pt,sbert,150,50,8210,7,0.4667161703109741,1.9453227299035876,1.945910149055313,0.0005874191517254435,-0.15770334132918779,0.9996981262716519,0.9999999999999999,0.0003018737283480011,7,7.0,0,0.0,0.044558657355637465,1.361146598449481e-308,0.044558657355637465,6.0,7.0,-1.0,3.2224545348211815,3.267013192176819,-0.044558657355637354,"[6, 0, 0]",7,0
memorias_braz_cubas,intermediario,pt,sbert,150,51,8362,6,0.4667161703109741,1.7871243500436171,1.7917594692280547,0.004635119184437597,-0.5099287242734599,0.9974130907278337,0.9999999999999999,0.0025869092721662046,6,6.0,0,0.0,0.11227715249402298,0.04458318674303163,0.06769396575099135,5.0,6.0,-1.0,2.688019869371822,2.8002970218658447,-0.11227715249402292,"[5, 0, 0]",6,0
memorias_braz_cubas,intermediario,pt,sbert,150,52,8514,8,0.4667161703109741,2.0794415416798357,2.0794415416798357,0.0,0.0,1.0,1.0,0.0,8,8.0,0,0.0,1.8080951285147857e-308,0.02039056539882822,0.0,8.0,8.0,0.0,3.733729362487793,3.733729362487793,0.0,"[8, 0, 0]",8,0
memorias_braz_cubas,intermediario,pt,sbert,150,53,8674,10,0.4667161703109741,2.302583656681149,2.302579773524076,3.883157072781529e-06,0.0022892170603740904,0.9999993762172346,0.9999976897835454,1.6864336891408982e-06,10,10.0,0,0.0,0.0030264369762576793,0.04953466404766449,0.0,9.0,9.0,0.0,4.6645284141427625,4.662225961464445,0.0023024526783173016,"[9, 0, 0]",10,0
memorias_braz_cubas,intermediario,pt,sbert,150,54,8829,11,0.4667161703109741,2.3974032643337315,2.3978923197490083,0.0004890554152767734,-0.15655573505130616,0.9997948165333905,0.9999982698138128,0.00020345328042226107,11,11.0,0,0.0,0.04704747506531748,0.032835696813105886,0.014211778252211593,9.0,10.0,-1.0,5.065519016800147,5.129224062549035,-0.06370504574888791,"[9, 0, 0]",11,0
memorias_braz_cubas,intermediario,pt,sbert,150,55,9003,8,0.4667161703109741,2.077319771088592,2.0794415416798357,0.0021217705912439655,-0.6873803755762036,0.9989796440300361,1.0,0.0010203559699638598,8,8.0,0,0.0,0.0800730334301219,0.02039056539882822,0.05968246803129368,4.0,8.0,-4.0,3.5621542520879594,3.733729362487793,-0.17157511039983353,"[4, 0, 0]",8,0
memorias_braz_cubas,intermediario,pt,sbert,150,56,9210,6,0.4667161703109741,1.7905354220737015,1.7917594692280547,0.0012240471543532028,-0.134662514389179,0.9993168462757556,0.9999999999999999,0.0006831537242443231,6,6.0,0,0.0,0.05972757413013213,0.04458318674303163,0.0151443873871005,5.0,6.0,-1.0,2.7405694477357123,2.8002970218658447,-0.05972757413013241,"[5, 0, 0]",6,0
memorias_braz_cubas,intermediario,pt,sbert,150,57,9382,7,0.4667161703109741,1.945910149055313,1.945910149055313,0.0,0.0,0.9999999999999999,0.9999999999999999,0.0,7,7.0,0,0.0,1.361146598449481e-308,1.361146598449481e-308,0.0,7.0,7.0,0.0,3.267013192176819,3.267013192176819,0.0,"[7, 0, 0]",7,0
memorias_braz_cubas,intermediario,pt,sbert,150,58,9558,12,0.4667161703109741,2.4849023793112517,2.4845225460609894,0.00037983325026225145,0.12199356155966976,0.9999982814337315,0.9998454252890974,0.000152856144634117,12,12.0,0,0.0,0.038320829009671376,0.0694845115964619,0.0,11.0,11.0,0.0,5.595670589339229,5.5318478372610596,0.06382275207816956,"[11, 0, 0]",12,0
memorias_braz_cubas,intermediario,pt,sbert,150,59,9754,8,0.4667161703109741,2.076125494753062,2.0794415416798357,0.003316046926773897,-1.0742846523373593,0.9984053185144628,1.0,0.0015946814855372082,8,8.0,0,0.0,0.0971663935386543,0.02039056539882822,0.07677582813982609,5.0,8.0,-3.0,3.541348644367302,3.733729362487793,-0.19238071812049107,"[5, 0, 0]",8,0
memorias_braz_cubas,intermediario,pt,sbert,150,60,9951,8,0.4667161703109741,2.078217459325618,2.0794415416798357,0.0012240823542177814,-0.39656039717522645,0.9994113408193102,1.0,0.0005886591806898434,8,8.0,0,0.0,0.06725869721387523,0.02039056539882822,0.04686813181504701,7.0,8.0,-1.0,3.6664706652739176,3.733729362487793,-0.06725869721387534,"[7, 0, 0]",8,0
memorias_braz_cubas,intermediario,pt,sbert,150,61,10117,8,0.4667161703109741,2.079401508310883,2.0794415416798357,4.003336895275211e-05,-0.012969428598871263,0.9999807480190472,1.0,1.925198095276137e-05,8,8.0,0,0.0,0.012542433984963242,0.02039056539882822,0.0,7.0,8.0,-1.0,3.7211869285028296,3.733729362487793,-0.012542433984963353,"[7, 0, 0]",8,0
memorias_braz_cubas,intermediario,pt,sbert,150,62,10292,5,0.4667161703109741,1.6094379124341005,1.6094379124341005,0.0,0.0,1.0000000000000002,1.0000000000000002,0.0,5,5.0,0,0.0,1.849238202843262e-308,1.849238202843262e-308,0.0,5.0,5.0,0.0,2.3335808515548706,2.3335808515548706,0.0,"[5, 0, 0]",5,0
memorias_braz_cubas,intermediario,pt,sbert,150,63,10446,8,0.4667161703109741,2.07568038277543,2.0794415416798357,0.003761158904405537,-1.218485556818047,0.9981912649002063,1.0,0.0018087350997937346,8,8.0,0,0.0,0.11460558003732113,0.02039056539882822,0.09421501463849291,7.0,8.0,-1.0,3.6191237824504716,3.733729362487793,-0.11460558003732135,"[7, 0, 0]",8,0
memorias_braz_cubas,intermediario,pt,sbert,150,64,10621,6,0.4667161703109741,1.78804218912417,1.7917594692280547,0.0037172801038847236,-0.40895343263348,0.9979253464721543,0.9999999999999999,0.002074653527845638,6,6.0,0,0.0,0.101296777299409,0.04458318674303163,0.05671359055637737,5.0,6.0,-1.0,2.699000244566436,2.8002970218658447,-0.10129677729940889,"[5, 0, 0]",6,0
memorias_braz_cubas,intermediario,pt,sbert,150,65,10792,8,0.4667161703109741,2.07142675670094,2.0794415416798357,0.00801478497889585,-2.59651346459938,0.9961457031523852,1.0,0.0038542968476148465,8,8.0,0,0.0,0.16282383026490804,0.02039056539882822,0.14243326486607982,6.0,8.0,-2.0,3.563634494939805,3.733729362487793,-0.17009486754798786,"[6, 0, 0]",8,0
memorias_braz_cubas,intermediario,pt,sbert,150,66,10976,7,0.4667161703109741,1.9455625159648082,1.945910149055313,0.0003476330905047842,-0.09332841765230757,0.9998213519310366,0.9999999999999999,0.000178648068963283,7,7.0,0,0.0,0.03448146604176078,1.361146598449481e-308,0.03448146604176078,6.0,7.0,-1.0,3.232531726135058,3.267013192176819,-0.03448146604176072,"[6, 0, 0]",7,0
memorias_braz_cubas,intermediario,pt,sbert,150,67,11143,11,0.4667161703109741,2.386816561429055,2.3978923197490083,0.011075758319953444,-3.5455562516358503,0.9953798185037552,0.9999982698138128,0.004618451310057559,11,11.0,0,0.0,0.17147302277042387,0.032835696813105886,0.13863732595731798,5.0,10.0,-5.0,4.601732332136162,5.129224062549035,-0.5274917304128728,"[5, 0, 0]",11,0
memorias_braz_cubas,intermediario,pt,sbert,150,68,11293,10,0.4667161703109741,2.2753684756786274,2.302579773524076,0.027211297845448623,-16.041732563267438,0.9881799732838412,0.9999976897835454,0.0118177164997042,10,10.0,0,0.0,0.2308902143328391,0.04953466404766449,0.1813555502851746,8.0,9.0,-1.0,4.259721112317525,4.662225961464445,-0.4025048491469203,"[8, 0, 0]",10,0
memorias_braz_cubas,intermediario,pt,sbert,150,69,11460,7,0.4667161703109741,1.9240900622237675,1.945910149055313,0.02182008683154546,-5.85799865618968,0.9887866935469046,0.9999999999999999,0.011213306453095262,7,7.0,0,0.0,0.23335808515548706,1.361146598449481e-308,0.23335808515548706,5.0,7.0,-2.0,2.9652590380876864,3.267013192176819,-0.3017541540891324,"[5, 0, 0]",7,0
memorias_braz_cubas,intermediario,pt,sbert,150,70,11614,9,0.4667161703109741,2.191819265847267,2.1972245773362196,0.005405311488952513,-1.1830714691808848,0.9975399367253094,1.0,0.002460063274690616,9,9.0,0,0.0,0.12324866685554453,0.03330910062640591,0.08993956622913862,7.0,9.0,-2.0,3.9882121355935545,4.200445532798767,-0.21223339720521261,"[7, 0, 0]",9,0
memorias_braz_cubas,intermediario,pt,sbert,150,71,11773,5,0.4667161703109741,1.602038802276704,1.6094379124341005,0.007399110157396471,-2.753287595238193,0.9954026743745549,1.0000000000000002,0.004597325625445348,5,5.0,0,0.0,0.11225122584918107,1.849238202843262e-308,0.11225122584918107,3.0,5.0,-2.0,2.125720694463123,2.3335808515548706,-0.20786015709174777,"[3, 0, 0]",5,0
memorias_braz_cubas,intermediario,pt,sbert,150,72,11936,6,0.4667161703109741,1.78126066340039,1.7917594692280547,0.010498805827664714,-1.1550172604127804,0.9941405049014821,0.9999999999999999,0.005859495098517797,6,6.0,0,0.0,0.1664698652871232,0.04458318674303163,0.12188667854409158,3.0,6.0,-3.0,2.598887142858472,2.8002970218658447,-0.20140987900737262,"[3, 0, 0]",6,0
memorias_braz_cubas,intermediario,pt,sbert,150,73,12087,9,0.4667161703109741,2.190484424088611,2.1972245773362196,0.006740153247608571,-1.475230987418612,0.9969324240602752,1.0,0.0030675759397248425,9,9.0,0,0.0,0.1271063022029258,0.03330910062640591,0.09379720157651988,3.0,9.0,-6.0,3.854243656772523,4.200445532798767,-0.3462018760262442,"[3, 0, 0]",9,0
memorias_braz_cubas,intermediario,pt,sbert,150,74,12260,4,0.4667161703109741,1.3805185407787919,1.3862943611198906,0.005775820341098692,-152.55971581431083,0.9958336263184157,1.0,0.0041663736815843455,4,4.0,0,0.0,0.11258223401385808,1.5740382326213016e-308,0.11258223401385808,1.0,4.0,-3.0,1.6883617003213247,1.8668646812438965,-0.17850298092257177,"[1, 0, 0]",4,0
memorias_braz_cubas,intermediario,pt,sbert,150,75,12411,9,0.4667161703109741,2.185599577625952,2.1972245773362196,0.011624999710267758,-2.544387222561164,0.9947092346270944,1.0,0.005290765372905626,9,9.0,0,0.0,0.19398812406302146,0.03330910062640591,0.16067902343661555,5.0,9.0,-4.0,3.8229573257759686,4.200445532798767,-0.3774882070227985,"[5, 0, 0]",9,0
memorias_braz_cubas,intermediario,pt,sbert,150,76,12570,4,0.4667161703109741,1.3862943611198906,1.3862943611198906,0.0,0.0,1.0,1.0,0.0,4,4.0,0,0.0,1.5740382326213016e-308,1.5740382326213016e-308,0.0,4.0,4.0,0.0,1.8668646812438965,1.8668646812438965,0.0,"[4, 0, 0]",4,0
memorias_braz_cubas,intermediario,pt,sbert,150,77,12739,11,0.4667161703109741,2.3978952727983707,2.3978923197490083,2.953049362375282e-06,0.000945326028764679,1.0,0.9999982698138128,1.7301861872098812e-06,11,11.0,0,0.0,0.004653810871679709,0.032835696813105886,0.0,11.0,10.0,1.0,5.133877873420715,5.129224062549035,0.004653810871680264,"[11, 0, 0]",11,0
memorias_braz_cubas,intermediario,pt,sbert,150,78,12909,12,0.4667161703109741,2.479813116359824,2.4845225460609894,0.004709429701165391,-1.512558739297801,0.9979502113575933,0.9998454252890974,0.0018952139315040473,12,12.0,0,0.0,0.11488943741087845,0.0694845115964619,0.04540492581441655,10.0,11.0,-1.0,5.42766891533798,5.5318478372610596,-0.10417892192307932,"[10, 0, 0]",12,0
memorias_braz_cubas,intermediario,pt,sbert,150,79,13093,5,0.4667161703109741,1.6094379124341005,1.6094379124341005,0.0,0.0,1.0000000000000002,1.0000000000000002,0.0,5,5.0,0,0.0,1.849238202843262e-308,1.849238202843262e-308,0.0,5.0,5.0,0.0,2.3335808515548706,2.3335808515548706,0.0,"[5, 0, 0]",5,0
memorias_braz_cubas,intermediario,pt,sbert,150,80,13250,6,0.4667161703109741,1.7776046407729897,1.7917594692280547,0.014154828455064994,-1.557231503482203,0.9921000398222182,0.9999999999999999,0.007899960177781717,6,6.0,0,0.0,0.1697089331398064,0.04458318674303163,0.12512574639677476,4.0,6.0,-2.0,2.5175872863346775,2.8002970218658447,-0.2827097355311672,"[4, 0, 0]",6,0
memorias_braz_cubas,intermediario,pt,sbert,150,81,13410,6,0.4667161703109741,1.7885938990077666,1.7917594692280547,0.003165570220288183,-0.3482575355234301,0.9982332616209628,0.9999999999999999,0.0017667383790370694,6,6.0,0,0.0,0.09203058300965272,0.04458318674303163,0.04744739626662109,4.0,6.0,-2.0,2.665975107070378,2.8002970218658447,-0.13432191479546685,"[4, 0, 0]",6,0
memorias_braz_cubas,intermediario,pt,sbert,150,82,13565,5,0.4667161703109741,1.606785059490882,1.6094379124341005,0.0026528529432185977,-0.9871547990474818,0.9983516897901291,1.0000000000000002,0.0016483102098711067,5,5.0,0,0.0,0.08051166932346165,1.849238202843262e-308,0.08051166932346165,4.0,5.0,-1.0,2.253069182231409,2.3335808515548706,-0.08051166932346154,"[4, 0, 0]",5,0
memorias_braz_cubas,intermediario,pt,sbert,150,83,13732,12,0.4667161703109741,2.482482236815355,2.4845225460609894,0.002040309245634475,-0.6552996384234908,0.9990243444465601,0.9998454252890974,0.0008210808425372917,12,12.0,0,0.0,0.08016739724543989,0.0694845115964619,0.010682885648977986,10.0,11.0,-1.0,5.4637306144652005,5.5318478372610596,-0.06811722279585908,"[10, 0, 0]",12,0
memorias_braz_cubas,intermediario,pt,sbert,150,84,13892,6,0.4667161703109741,1.7898994611547059,1.7917594692280547,0.001860008073348851,-0.20462721803694,0.9989619097287927,0.9999999999999999,0.0010380902712071594,6,6.0,0,0.0,0.06783936039212318,0.04458318674303163,0.02325617364909155,2.0,6.0,-4.0,2.6355319411561196,2.8002970218658447,-0.16476508070972518,"[2, 0, 0]",6,0
memorias_braz_cubas,intermediario,pt,sbert,150,85,14042,11,0.4667161703109741,2.3864401864833544,2.3978923197490083,0.011452133265653863,-3.6660408724751425,0.9952228579600776,0.9999982698138128,0.004775411853735201,11,11.0,0,0.0,0.21236716521318266,0.032835696813105886,0.17953146840007678,9.0,10.0,-1.0,4.88125978215441,5.129224062549035,-0.24796428039462537,"[9, 0, 0]",11,0
memorias_braz_cubas,intermediario,pt,sbert,150,86,14233,5,0.4667161703109741,1.6010277343676804,1.6094379124341005,0.008410178066420082,-3.129516719097818,0.9947744625614663,1.0000000000000002,0.005225537438533934,5,5.0,0,0.0,0.13412976750546218,1.849238202843262e-308,0.13412976750546218,2.0,5.0,-3.0,2.055718324765467,2.3335808515548706,-0.2778625267894035,"[2, 0, 0]",5,0
memorias_braz_cubas,intermediario,pt,sbert,150,87,14416,6,0.4667161703109741,1.7901346006641277,1.7917594692280547,0.0016248685639270732,-0.17875854340429773,0.9990931435877232,0.9999999999999999,0.0009068564122767242,6,6.0,0,0.0,0.0694664949096559,0.04458318674303163,0.024883308166624263,2.0,6.0,-4.0,2.652449348650731,2.8002970218658447,-0.14784767321511394,"[2, 0, 0]",6,0
memorias_braz_cubas,intermediario,pt,sbert,150,88,14580,7,0.4667161703109741,1.9410671670675903,1.945910149055313,0.004842981987722705,-1.3001864839059876,0.9975111995843826,0.9999999999999999,0.002488800415617276,7,7.0,0,0.0,0.11402230205150815,1.361146598449481e-308,0.11402230205150815,2.0,7.0,-5.0,3.0357556632369205,3.267013192176819,-0.23125752893989837,"[2, 0, 0]",7,0
memorias_braz_cubas,intermediario,pt,sbert,150,89,14745,6,0.4667161703109741,1.7803016344951101,1.7917594692280547,0.011457834732944594,-1.2605240158491196,0.9936052606782755,0.9999999999999999,0.0063947393217244075,6,6.0,0,0.0,0.1699057119953531,0.04458318674303163,0.12532252525232146,4.0,6.0,-2.0,2.5782845920591853,2.8002970218658447,-0.22201242980665947,"[4, 0, 0]",6,0
memorias_braz_cubas,intermediario,pt,sbert,150,90,14933,8,0.4667161703109741,2.0778057043024223,2.0794415416798357,0.0016358373774134627,-0.529954800725564,0.9992133285093016,1.0,0.0007866714906984429,8,8.0,0,0.0,0.07645678964070884,0.02039056539882822,0.056066224241880624,3.0,8.0,-5.0,3.5300864769608635,3.733729362487793,-0.20364288552692944,"[3, 0, 0]",8,0
memorias_braz_cubas,intermediario,pt,sbert,150,91,15104,9,0.4667161703109741,2.196807584585491,2.1972245773362196,0.00041699275072870634,-0.09126804759553109,0.9998102184205339,1.0,0.00018978157946614171,9,9.0,0,0.0,0.041947265177907034,0.03330910062640591,0.008638164551501126,8.0,9.0,-1.0,4.15849826762086,4.200445532798767,-0.0419472651779067,"[8, 0, 0]",9,0
memorias_braz_cubas,intermediario,pt,sbert,150,92,15265,9,0.4667161703109741,2.1972245773362196,2.1972245773362196,0.0,0.0,1.0,1.0,0.0,9,9.0,0,0.0,1.898421350758533e-308,0.03330910062640591,0.0,9.0,9.0,0.0,4.200445532798767,4.200445532798767,0.0,"[9, 0, 0]",9,0
memorias_braz_cubas,intermediario,pt,sbert,150,93,15421,11,0.4667161703109741,2.3978952727983707,2.3978923197490083,2.953049362375282e-06,0.000945326028764679,1.0,0.9999982698138128,1.7301861872098812e-06,11,11.0,0,0.0,0.004653810871679709,0.032835696813105886,0.0,11.0,10.0,1.0,5.133877873420715,5.129224062549035,0.004653810871680264,"[11, 0, 0]",11,0
memorias_braz_cubas,intermediario,pt,sbert,150,94,15598,8,0.4667161703109741,2.066035724573678,2.0794415416798357,0.013405817106157958,-4.3430216420966525,0.9935531647139605,1.0,0.0064468352860395095,8,8.0,0,0.0,0.20475120227353416,0.02039056539882822,0.18436063687470594,4.0,8.0,-4.0,3.375632514150774,3.733729362487793,-0.35809684833701905,"[4, 0, 0]",8,0
memorias_braz_cubas,intermediario,pt,sbert,150,95,15779,10,0.4667161703109741,2.297445431709084,2.302579773524076,0.0051343418149918385,-3.0268213869216978,0.9977678734650893,0.9999976897835454,0.0022298163184560904,10,10.0,0,0.0,0.14087208042868216,0.04953466404766449,0.09133741638101767,8.0,9.0,-1.0,4.518568578477881,4.662225961464445,-0.14365738298656439,"[8, 0, 0]",10,0
memorias_braz_cubas,intermediario,pt,sbert,150,96,15933,5,0.4667161703109741,1.6094366249686232,1.6094379124341005,1.287465477339822e-06,-0.0004790795991209365,0.999999200052722,1.0000000000000002,7.999472781961003e-07,5,5.0,0,0.0,0.0018700494732285522,1.849238202843262e-308,0.0018700494732285522,4.0,5.0,-1.0,2.331710802081642,2.3335808515548706,-0.0018700494732284412,"[4, 0, 0]",5,0
memorias_braz_cubas,intermediario,pt,sbert,150,97,16091,8,0.4667161703109741,2.0776070728386853,2.0794415416798357,0.0018344688411504606,-0.5943045333065684,0.9991178069667357,1.0,0.0008821930332643113,8,8.0,0,0.0,0.06411460814048797,0.02039056539882822,0.04372404274165975,6.0,8.0,-2.0,3.609108857367713,3.733729362487793,-0.12462050512008016,"[6, 0, 0]",8,0
memorias_braz_cubas,intermediario,pt,sbert,150,98,16260,10,0.4667161703109741,2.3025850929940455,2.302579773524076,5.319469969400359e-06,0.003135959009089524,0.9999999999999998,0.9999976897835454,2.3102164543598036e-06,10,10.0,0,0.0,0.004935741645295866,0.04953466404766449,0.0,10.0,9.0,1.0,4.667161703109741,4.662225961464445,0.004935741645295977,"[10, 0, 0]",10,0
memorias_braz_cubas,intermediario,pt,sbert,150,99,16450,6,0.4667161703109741,1.7917594692280547,1.7917594692280547,0.0,0.0,0.9999999999999999,0.9999999999999999,0.0,6,6.0,0,0.0,1.405550587018897e-308,0.04458318674303163,0.0,6.0,6.0,0.0,2.8002970218658447,2.8002970218658447,0.0,"[6, 0, 0]",6,0
memorias_braz_cubas,intermediario,pt,sbert,150,100,16614,8,0.4667161703109741,2.0794376464946884,2.0794415416798357,3.895185147317903e-06,-0.0012619054296216178,0.9999981268119016,1.0,1.8731880984113047e-06,8,8.0,0,0.0,0.003930578821863151,0.02039056539882822,0.0,7.0,8.0,-1.0,3.72979878366593,3.733729362487793,-0.0039305788218628734,"[7, 0, 0]",8,0
memorias_braz_cubas,intermediario,pt,sbert,150,101,16773,10,0.4667161703109741,2.3011052074035088,2.302579773524076,0.0014745661205672889,-0.8692931695998357,0.9993572938541816,0.9999976897835454,0.000640395929363824,10,10.0,0,0.0,0.08123453194766816,0.04953466404766449,0.031699867900003675,8.0,9.0,-1.0,4.584423555225228,4.662225961464445,-0.07780240623921753,"[8, 0, 0]",10,0
memorias_braz_cubas,intermediario,pt,sbert,150,102,16927,10,0.4667161703109741,2.3015593762816864,2.302579773524076,0.0010203972423896701,-0.6015493918621946,0.9995545368918263,0.9999976897835454,0.0004431528917191452,10,10.0,0,0.0,0.06006458026407291,0.04953466404766449,0.01052991621640842,6.0,9.0,-3.0,4.540338088268758,4.662225961464445,-0.12188787319568739,"[6, 0, 0]",10,0
memorias_braz_cubas,intermediario,pt,sbert,150,103,17097,8,0.4667161703109741,2.079441440531899,2.0794415416798357,1.0114793669302458e-07,-3.2768437360632135e-05,0.9999999513581245,1.0,4.8641875527444256e-08,8,8.0,0,0.0,0.0006345117490367813,0.02039056539882822,0.0,7.0,8.0,-1.0,3.7330948507387562,3.733729362487793,-0.0006345117490367258,"[7, 0, 0]",8,0
memorias_braz_cubas,intermediario,pt,sbert,150,104,17266,6,0.4667161703109741,1.7916383724281268,1.7917594692280547,0.00012109679992788891,-0.013322362218463502,0.9999324145891187,0.9999999999999999,6.758541088114356e-05,6,6.0,0,0.0,0.019264998295832114,0.04458318674303163,0.0,5.0,6.0,-1.0,2.7810320235700123,2.8002970218658447,-0.019264998295832392,"[5, 0, 0]",6,0
memorias_braz_cubas,intermediario,pt,sbert,150,105,17466,8,0.4667161703109741,2.061860422783478,2.0794415416798357,0.01758111889635794,-5.695675187458973,0.9915452689849817,1.0,0.008454731015018258,8,8.0,0,0.0,0.22511484513754576,0.02039056539882822,0.20472427973871754,4.0,8.0,-4.0,3.3213873699618675,3.733729362487793,-0.4123419925259255,"[4, 0, 0]",8,0
memorias_braz_cubas,intermediario,pt,sbert,150,106,17650,5,0.4667161703109741,1.6084435023304997,1.6094379124341005,0.0009944101036007957,-0.37003057726971084,0.9993821382633539,1.0000000000000002,0.0006178617366463524,5,5.0,0,0.0,0.05162387054850348,1.849238202843262e-308,0.05162387054850348,3.0,5.0,-2.0,2.2730752651485853,2.3335808515548706,-0.06050558640628534,"[3, 0, 0]",5,0
memorias_braz_cubas,intermediario,pt,sbert,150,107,17815,10,0.4667161703109741,2.3025850929940455,2.302579773524076,5.319469969400359e-06,0.003135959009089524,0.9999999999999998,0.9999976897835454,2.3102164543598036e-06,10,10.0,0,0.0,0.004935741645295866,0.04953466404766449,0.0,10.0,9.0,1.0,4.667161703109741,4.662225961464445,0.004935741645295977,"[10, 0, 0]",10,0
memorias_braz_cubas,intermediario,pt,sbert,150,108,18007,9,0.4667161703109741,2.195935517290797,2.1972245773362196,0.0012890600454227297,-0.2821391819726903,0.9994133234905894,1.0,0.0005866765094105775,9,9.0,0,0.0,0.07251830703407547,0.03330910062640591,0.03920920640766956,8.0,9.0,-1.0,4.127927225764692,4.200445532798767,-0.07251830703407514,"[8, 0, 0]",9,0
memorias_braz_cubas,intermediario,pt,sbert,150,109,18199,12,0.4667161703109741,2.429125578615313,2.4845225460609894,0.05539696744567646,-17.79221106534807,0.9775520455959799,0.9998454252890974,0.02229337969311751,12,12.0,0,0.0,0.21173594345442132,0.0694845115964619,0.1422514318579594,9.0,11.0,-2.0,5.01984581774622,5.5318478372610596,-0.5120020195148394,"[9, 0, 0]",12,0
memorias_braz_cubas,intermediario,pt,sbert,150,110,18355,14,0.4667161703109741,2.596619478408526,2.638980899176345,0.0423614207678189,-3.5900604574701855,0.9839193143966602,0.9999699245333467,0.016050610136686405,14,14.0,0,0.0,0.2253365912300137,0.0299868731048179,0.1953497181251958,6.0,13.0,-7.0,5.466992797614626,6.507105324978172,-1.0401125273635454,"[6, 0, 0]",14,0
memorias_braz_cubas,intermediario,pt,sbert,150,111,18517,13,0.4667161703109741,2.5539728394152994,2.5645129437501177,0.010540104334818334,-0.8823621820885259,0.9957205712407903,0.9998298548428843,0.00410928360209406,13,13.0,0,0.0,0.14142189243048792,0.0481267705836842,0.09329512184680372,6.0,12.0,-6.0,5.365630212711624,6.0168866246147825,-0.6512564119031587,"[6, 0, 0]",13,0
memorias_braz_cubas,intermediario,pt,sbert,150,112,18669,10,0.4667161703109741,2.19515688144499,2.302579773524076,0.10742289207908584,-63.32844966428775,0.999058951045534,0.9999976897835454,0.0009387387380114243,9,10.0,0,0.0,0.2308902143328391,0.04953466404766449,0.1813555502851746,7.0,9.0,-2.0,4.09860560718816,4.662225961464445,-0.563620354276285,"[7, 0, 0]",9,0
memorias_braz_cubas,intermediario,pt,sbert,150,113,18827,8,0.4667161703109741,2.0603912803061912,2.0794415416798357,0.019050261373644517,-6.171626598973323,0.9908387607962015,1.0,0.009161239203798521,8,8.0,0,0.0,0.23335808515548706,0.02039056539882822,0.21296751975665884,3.0,8.0,-5.0,3.233742783714855,3.733729362487793,-0.49998657877293784,"[3, 0, 0]",8,0
memorias_braz_cubas,intermediario,pt,sbert,150,114,18989,9,0.4667161703109741,2.1966071928643633,2.1972245773362196,0.0006173844718562194,-0.13512818931179615,0.999719016217903,1.0,0.0002809837820969552,9,9.0,0,0.0,0.05074933006376686,0.03330910062640591,0.017440229437360955,7.0,9.0,-2.0,4.1372805571140026,4.200445532798767,-0.06316497568476453,"[7, 0, 0]",9,0
memorias_braz_cubas,intermediario,pt,sbert,150,115,19145,7,0.4667161703109741,1.93964436588044,1.945910149055313,0.006265783174872919,-1.6821633067617698,0.9967800244127845,0.9999999999999999,0.003219975587215429,7,7.0,0,0.0,0.13845663953693121,1.361146598449481e-308,0.13845663953693121,5.0,7.0,-2.0,3.1051176049594145,3.267013192176819,-0.16189558721740438,"[5, 0, 0]",7,0
memorias_braz_cubas,intermediario,pt,sbert,150,116,19301,11,0.4667161703109741,2.39554280851803,2.3978923197490083,0.002349511230978152,-0.752122246860136,0.9990189461954295,0.9999982698138128,0.0009793236183832654,11,11.0,0,0.0,0.10092048761503358,0.032835696813105886,0.0680847908019277,9.0,10.0,-1.0,5.02599406867856,5.129224062549035,-0.10322999387047549,"[9, 0, 0]",11,0
memorias_braz_cubas,intermediario,pt,sbert,150,117,19464,12,0.4667161703109741,2.484906649788001,2.4845225460609894,0.0003841037270113645,0.1233651388710883,1.0000000000000002,0.9998454252890974,0.00015457471090285502,12,12.0,0,0.0,0.043244283402131434,0.0694845115964619,0.0,12.0,11.0,1.0,5.6005940437316895,5.5318478372610596,0.0687462064706299,"[12, 0, 0]",12,0
memorias_braz_cubas,intermediario,pt,sbert,150,118,19655,11,0.4667161703109741,2.397764183671187,2.3978923197490083,0.00012813607782113934,-0.04101874189150311,0.999945331587801,0.9999982698138128,5.293822601182274e-05,11,11.0,0,0.0,0.02595205288019914,0.032835696813105886,0.0,10.0,10.0,0.0,5.107925820540516,5.129224062549035,-0.02129824200851882,"[10, 0, 0]",11,0
memorias_braz_cubas,intermediario,pt,sbert,150,119,19832,8,0.4667161703109741,2.0778846184759585,2.0794415416798357,0.0015569232038772363,-0.5043893345684455,0.9992512782049071,1.0,0.0007487217950928882,8,8.0,0,0.0,0.07065321573630379,0.02039056539882822,0.05026265033747557,6.0,8.0,-2.0,3.624910340127194,3.733729362487793,-0.10881902236059915,"[6, 0, 0]",8,0
memorias_braz_cubas,intermediario,pt,sbert,150,120,19989,6,0.4667161703109741,1.7917577843235268,1.7917594692280547,1.6849045278988228e-06,-0.00018536334930042836,0.9999990596368782,0.9999999999999999,9.403631217042019e-07,6,6.0,0,0.0,0.0022957659345017034,0.04458318674303163,0.0,5.0,6.0,-1.0,2.798001255931343,2.8002970218658447,-0.002295765934501759,"[5, 0, 0]",6,0
memorias_braz_cubas,intermediario,pt,sbert,150,121,20140,9,0.4667161703109741,2.19240577506606,2.1972245773362196,0.004818802270159406,-1.0547010090170503,0.9978068685741712,1.0,0.002193131425828776,9,9.0,0,0.0,0.12977192248063774,0.03330910062640591,0.09646282185423183,5.0,9.0,-4.0,3.9742871175296792,4.200445532798767,-0.22615841526908786,"[5, 0, 0]",9,0
memorias_braz_cubas,intermediario,pt,sbert,150,122,20291,12,0.4667161703109741,2.3840736415171992,2.4845225460609894,0.10044890454379019,-32.26184019330468,0.9942359320534289,0.9998454252890974,0.005609493235668506,11,12.0,0,0.0,0.21173594345442132,0.0694845115964619,0.1422514318579594,8.0,11.0,-3.0,4.714735826555853,5.5318478372610596,-0.8171120107052063,"[8, 0, 0]",11,0
memorias_braz_cubas,intermediario,pt,sbert,150,123,20498,8,0.4667161703109741,2.0794415416798357,2.0794415416798357,0.0,0.0,1.0,1.0,0.0,8,8.0,0,0.0,1.8080951285147857e-308,0.02039056539882822,0.0,8.0,8.0,0.0,3.733729362487793,3.733729362487793,0.0,"[8, 0, 0]",8,0
memorias_braz_cubas,intermediario,pt,sbert,150,124,20656,5,0.4667161703109741,1.596342787216616,1.6094379124341005,0.01309512521748446,-4.8728353886377835,0.9918635412299445,1.0000000000000002,0.008136458770055754,5,5.0,0,0.0,0.16787683166977607,1.849238202843262e-308,0.16787683166977607,3.0,5.0,-2.0,2.0984817744124817,2.3335808515548706,-0.23509907714238887,"[3, 0, 0]",5,0
memorias_braz_cubas,intermediario,pt,sbert,150,125,20812,9,0.4667161703109741,2.1880483991242943,2.1972245773362196,0.00917617821192529,-2.0084087033348483,0.9958237413204936,1.0,0.004176258679506439,9,9.0,0,0.0,0.1733884352595383,0.03330910062640591,0.14007933463313238,6.0,9.0,-3.0,3.944462179917076,4.200445532798767,-0.25598335288169105,"[6, 0, 0]",9,0
memorias_braz_cubas,intermediario,pt,sbert,150,126,20982,9,0.4667161703109741,2.1972174984180075,2.1972245773362196,7.0789182120556404e-06,-0.001549377161050702,0.9999967782454806,1.0,3.2217545193891084e-06,9,9.0,0,0.0,0.00557181568724785,0.03330910062640591,0.0,8.0,9.0,-1.0,4.19487371711152,4.200445532798767,-0.005571815687247295,"[8, 0, 0]",9,0
memorias_braz_cubas,intermediario,pt,sbert,150,127,21161,10,0.4667161703109741,2.299371632723643,2.302579773524076,0.003208140800432968,-1.8912782858852255,0.9986044119367488,0.9999976897835454,0.001393277846796659,10,10.0,0,0.0,0.11217147505205155,0.04953466404766449,0.06263681100438706,9.0,9.0,0.0,4.550054486412394,4.662225961464445,-0.11217147505205105,"[9, 0, 0]",10,0
memorias_braz_cubas,intermediario,pt,sbert,150,128,21311,10,0.4667161703109741,2.3025850929940455,2.302579773524076,5.319469969400359e-06,0.003135959009089524,0.9999999999999998,0.9999976897835454,2.3102164543598036e-06,10,10.0,0,0.0,0.004935741645295866,0.04953466404766449,0.0,10.0,9.0,1.0,4.667161703109741,4.662225961464445,0.004935741645295977,"[10, 0, 0]",10,0
memorias_braz_cubas,intermediario,pt,sbert,150,129,21484,10,0.4667161703109741,2.294677150216449,2.302579773524076,0.007902623307626921,-4.658791740446107,0.996565624088483,0.9999976897835454,0.0034320656950623807,10,10.0,0,0.0,0.14867029591207137,0.04953466404766449,0.09913563186440688,6.0,9.0,-3.0,4.376230630524859,4.662225961464445,-0.2859953309395866,"[6, 0, 0]",10,0
memorias_braz_cubas,intermediario,pt,sbert,150,130,21663,6,0.4667161703109741,1.7847105764089883,1.7917594692280547,0.007048892819066399,-0.7754779930654604,0.9960659380122582,0.9999999999999999,0.0039340619877417105,6,6.0,0,0.0,0.1249571904924307,0.04458318674303163,0.08037400374939907,4.0,6.0,-2.0,2.5933655413912224,2.8002970218658447,-0.2069314804746223,"[4, 0, 0]",6,0
memorias_braz_cubas,intermediario,pt,sbert,150,131,21824,7,0.4667161703109741,1.9358916799851429,1.945910149055313,0.010018469070170122,-2.6896400002079055,0.9948515253517568,0.9999999999999999,0.005148474648243084,7,7.0,0,0.0,0.13570877997537967,1.361146598449481e-308,0.13570877997537967,4.0,7.0,-3.0,2.9509451984734434,3.267013192176819,-0.31606799370337546,"[4, 0, 0]",7,0
memorias_braz_cubas,intermediario,pt,sbert,150,132,21974,7,0.4667161703109741,1.942720268931573,1.945910149055313,0.0031898801237399965,-0.8563812611075464,0.9983607258920517,0.9999999999999999,0.0016392741079481743,7,7.0,0,0.0,0.10035625229355333,1.361146598449481e-308,0.10035625229355333,6.0,7.0,-1.0,3.1666569398832656,3.267013192176819,-0.10035625229355327,"[6, 0, 0]",7,0
memorias_braz_cubas,intermediario,pt,sbert,150,133,22132,12,0.4667161703109741,2.4757122784596093,2.4845225460609894,0.00881026760138015,-2.82965201767895,0.9962999127837758,0.9998454252890974,0.0035455125053215353,12,12.0,0,0.0,0.16199975450740506,0.0694845115964619,0.09251524291094315,9.0,11.0,-2.0,5.360381280833729,5.5318478372610596,-0.17146655642733055,"[9, 0, 0]",12,0
memorias_braz_cubas,intermediario,pt,sbert,150,134,22285,9,0.4667161703109741,2.1968785673382025,2.1972245773362196,0.00034600999801703836,-0.07573190879784446,0.9998425240634999,1.0,0.0001574759365000622,9,9.0,0,0.0,0.037000844145998746,0.03330910062640591,0.0036917435195928383,7.0,9.0,-2.0,4.148068139237643,4.200445532798767,-0.05237739356112403,"[7, 0, 0]",9,0
memorias_braz_cubas,intermediario,pt,sbert,150,135,22468,5,0.4667161703109741,1.6072304589119975,1.6094379124341005,0.0022074535221030533,-0.8214169366563098,0.9986284320103008,1.0000000000000002,0.001371567989699396,5,5.0,0,0.0,0.06887539426663625,1.849238202843262e-308,0.06887539426663625,3.0,5.0,-2.0,2.2173826565391965,2.3335808515548706,-0.11619819501567408,"[3, 0, 0]",5,0
memorias_braz_cubas,intermediario,pt,sbert,150,136,22623,13,0.4667161703109741,2.561612517566079,2.5645129437501177,0.002900426184038629,-0.24280844813659344,0.9986990620747538,0.9998298548428843,0.0011307927681305507,13,13.0,0,0.0,0.09400579377714174,0.0481267705836842,0.04587902319345755,6.0,12.0,-6.0,5.740891529872352,6.0168866246147825,-0.2759950947424308,"[6, 0, 0]",13,0
memorias_braz_cubas,intermediario,pt,sbert,150,137,22775,12,0.4667161703109741,2.477179400357569,2.4845225460609894,0.007343145703420539,-2.3584467573424703,0.9968903260687516,0.9998454252890974,0.0029550992203457582,12,12.0,0,0.0,0.1269949195139884,0.0694845115964619,0.057510407917526485,7.0,11.0,-4.0,5.155672602710663,5.5318478372610596,-0.3761752345503968,"[7, 0, 0]",12,0
memorias_braz_cubas,intermediario,pt,sbert,150,138,22927,9,0.4667161703109741,2.188569028557452,2.1972245773362196,0.008655548778767397,-1.89445748523321,0.996060689986792,1.0,0.0039393100132080194,9,9.0,0,0.0,0.1756922428831666,0.03330910062640591,0.1423831422567607,5.0,9.0,-4.0,3.919065444705384,4.200445532798767,-0.2813800880933832,"[5, 0, 0]",9,0
memorias_braz_cubas,intermediario,pt,sbert,150,139,23095,7,0.4667161703109741,1.9412498807832625,1.945910149055313,0.004660268272050461,-1.251133668069891,0.9976050958599948,0.9999999999999999,0.002394904140005094,7,7.0,0,0.0,0.10829763171865381,1.361146598449481e-308,0.10829763171865381,5.0,7.0,-2.0,3.0873909800298773,3.267013192176819,-0.17962221214694152,"[5, 0, 0]",7,0
memorias_braz_cubas,intermediario,pt,sbert,150,140,23246,10,0.4667161703109741,2.2939675863595665,2.302579773524076,0.00861218716450951,-5.07709716980566,0.9962574644208809,0.9999976897835454,0.0037402253626644955,10,10.0,0,0.0,0.17946811538253354,0.04953466404766449,0.12993345133486905,8.0,9.0,-1.0,4.4567416095430605,4.662225961464445,-0.2054843519213847,"[8, 0, 0]",10,0
memorias_braz_cubas,intermediario,pt,sbert,150,141,23399,9,0.4667161703109741,2.1972245773362196,2.1972245773362196,0.0,0.0,1.0,1.0,0.0,9,9.0,0,0.0,1.898421350758533e-308,0.03330910062640591,0.0,9.0,9.0,0.0,4.200445532798767,4.200445532798767,0.0,"[9, 0, 0]",9,0
memorias_braz_cubas,intermediario,pt,sbert,150,142,23554,8,0.4667161703109741,2.0794415416798357,2.0794415416798357,0.0,0.0,1.0,1.0,0.0,8,8.0,0,0.0,1.8080951285147857e-308,0.02039056539882822,0.0,8.0,8.0,0.0,3.733729362487793,3.733729362487793,0.0,"[8, 0, 0]",8,0
memorias_braz_cubas,intermediario,pt,sbert,150,143,23718,4,0.4667161703109741,1.3862917168453988,1.3862943611198906,2.644274491814258e-06,-0.06984458331151566,0.999998092559152,1.0,1.9074408480479477e-06,4,4.0,0,0.0,0.002474298022382415,1.5740382326213016e-308,0.002474298022382415,3.0,4.0,-1.0,1.864390383221514,1.8668646812438965,-0.002474298022382415,"[3, 0, 0]",4,0
memorias_braz_cubas,intermediario,pt,sbert,150,144,23891,6,0.4667161703109741,1.7917594692280547,1.7917594692280547,0.0,0.0,0.9999999999999999,0.9999999999999999,0.0,6,6.0,0,0.0,1.405550587018897e-308,0.04458318674303163,0.0,6.0,6.0,0.0,2.8002970218658447,2.8002970218658447,0.0,"[6, 0, 0]",6,0
memorias_braz_cubas,intermediario,pt,sbert,150,145,24090,8,0.4667161703109741,2.077379852858544,2.0794415416798357,0.002061688821291874,-0.6679159576200951,0.9990085372538887,1.0,0.0009914627461112824,8,8.0,0,0.0,0.08631722666714381,0.02039056539882822,0.06592666126831559,7.0,8.0,-1.0,3.647412135820649,3.733729362487793,-0.08631722666714392,"[7, 0, 0]",8,0
memorias_braz_cubas,intermediario,pt,sbert,150,146,24241,7,0.4667161703109741,1.945608430263995,1.945910149055313,0.00030171879131790647,-0.08100189003520501,0.9998449472132798,0.9999999999999999,0.00015505278672012235,7,7.0,0,0.0,0.03216708435334792,1.361146598449481e-308,0.03216708435334792,6.0,7.0,-1.0,3.234846107823471,3.267013192176819,-0.0321670843533477,"[6, 0, 0]",7,0
memorias_braz_cubas,intermediario,pt,sbert,150,147,24415,7,0.4667161703109741,1.9459079704008542,1.945910149055313,2.1786544588398016e-06,-0.0005848993631745907,0.9999988803930849,0.9999999999999999,1.1196069149566057e-06,7,7.0,0,0.0,0.0027797514594096184,1.361146598449481e-308,0.0027797514594096184,6.0,7.0,-1.0,3.264233440717409,3.267013192176819,-0.002779751459409674,"[6, 0, 0]",7,0
memorias_braz_cubas,intermediario,pt,sbert,150,148,24571,12,0.4667161703109741,2.4602180084463376,2.4845225460609894,0.02430453761465179,-7.806049374627377,0.9900645598321495,0.9998454252890974,0.009780865456947896,12,12.0,0,0.0,0.21173594345442132,0.0694845115964619,0.1422514318579594,9.0,11.0,-2.0,5.186034715070523,5.5318478372610596,-0.3458131221905365,"[9, 0, 0]",12,0
memorias_braz_cubas,intermediario,pt,sbert,150,149,24722,5,0.4667161703109741,1.6086411956782252,1.6094379124341005,0.0007967167558753374,-0.29646677968122614,0.9995049720466258,1.0000000000000002,0.0004950279533744162,5,5.0,0,0.0,0.046469208819013064,1.849238202843262e-308,0.046469208819013064,3.0,5.0,-2.0,2.2744092004605427,2.3335808515548706,-0.05917165109432787,"[3, 0, 0]",5,0
memorias_braz_cubas,intermediario,pt,sbert,150,150,24884,8,0.4667161703109741,2.0761477573094913,2.0794415416798357,0.0032937843703444436,-1.0670723531081612,0.9984160245410488,1.0,0.00158397545895117,8,8.0,0,0.0,0.1063252554938901,0.02039056539882822,0.08593469009506188,5.0,8.0,-3.0,3.572088506304916,3.733729362487793,-0.16164085618287682,"[5, 0, 0]",8,0
memorias_braz_cubas,intermediario,pt,sbert,150,151,25040,6,0.4667161703109741,1.7822155817062844,1.7917594692280547,0.009543887521770378,-1.0499627290978202,0.99467345495549,0.9999999999999999,0.005326545044509912,6,6.0,0,0.0,0.15621525296584593,0.04458318674303163,0.1116320662228143,5.0,6.0,-1.0,2.6440817688999987,2.8002970218658447,-0.15621525296584604,"[5, 0, 0]",6,0
memorias_braz_cubas,intermediario,pt,sbert,150,152,25197,7,0.4667161703109741,1.9687211572606873,1.945910149055313,0.022811008205374295,6.124029498371613,0.9467547501577249,0.9999999999999999,0.053245249842274966,8,7.0,1,0.0,0.05880511766614882,1.361146598449481e-308,0.05880511766614882,4.0,7.0,-3.0,3.087263293625622,3.267013192176819,-0.17974989855119672,"[2, 1, 0]",8,0
memorias_braz_cubas,intermediario,pt,sbert,150,153,25382,6,0.4667161703109741,1.7686010440597641,1.7917594692280547,0.023158425168290586,-2.547754595372216,0.987075036819385,0.9999999999999999,0.012924963180614868,6,6.0,0,0.0,0.22989651763788066,0.04458318674303163,0.18531333089484903,5.0,6.0,-1.0,2.570400504227964,2.8002970218658447,-0.22989651763788066,"[5, 0, 0]",6,0
memorias_braz_cubas,intermediario,pt,sbert,150,154,25560,10,0.4667161703109741,2.3012110908411034,2.302579773524076,0.0013686826829726328,-0.8068722663992561,0.999403278446854,0.9999976897835454,0.0005944113366914694,10,10.0,0,0.0,0.07573601014764053,0.04953466404766449,0.02620134609997604,7.0,9.0,-2.0,4.546771540254671,4.662225961464445,-0.11545442120977434,"[7, 0, 0]",10,0
memorias_braz_cubas,intermediario,pt,sbert,150,155,25722,8,0.4667161703109741,2.078383808917004,2.0794415416798357,0.001057732762831609,-0.3426688760674068,0.9994913380628256,1.0,0.0005086619371743595,8,8.0,0,0.0,0.04739131594632262,0.02039056539882822,0.0270007505474944,5.0,8.0,-3.0,3.606681601833148,3.733729362487793,-0.12704776065464518,"[5, 0, 0]",8,0
memorias_braz_cubas,intermediario,pt,sbert,150,156,25872,7,0.4667161703109741,1.9431109187888436,1.945910149055313,0.0027992302664694435,-0.7515042110481858,0.99856148020615,0.9999999999999999,0.0014385197938499017,7,7.0,0,0.0,0.09060054561930936,1.361146598449481e-308,0.09060054561930936,5.0,7.0,-2.0,3.1322127761879752,3.267013192176819,-0.13480041598884362,"[5, 0, 0]",7,0
memorias_braz_cubas,intermediario,pt,sbert,150,157,26052,6,0.4667161703109741,1.7814974208248437,1.7917594692280547,0.010262048403210988,-1.1289705922236846,0.9942726417359846,0.9999999999999999,0.00572735826401527,6,6.0,0,0.0,0.14893915251504486,0.04458318674303163,0.10435596577201323,3.0,6.0,-3.0,2.503301432191393,2.8002970218658447,-0.29699558967445183,"[3, 0, 0]",6,0
memorias_braz_cubas,intermediario,pt,sbert,150,158,26212,8,0.4667161703109741,2.074694820645464,2.0794415416798357,0.0047467210343716815,-1.5377736409518874,0.9977173097010762,1.0,0.0022826902989238063,8,8.0,0,0.0,0.1293184116655937,0.02039056539882822,0.1089278462667655,5.0,8.0,-3.0,3.551633170796314,3.733729362487793,-0.18209619169147917,"[5, 0, 0]",8,0
memorias_braz_cubas,intermediario,pt,sbert,150,159,26386,9,0.4667161703109741,2.181730411426491,2.1972245773362196,0.015494165909728519,-3.3912394621511766,0.9929483012025504,1.0,0.0070516987974496015,9,9.0,0,0.0,0.18116218910177806,0.03330910062640591,0.14785308847537215,3.0,9.0,-6.0,3.677540313607034,4.200445532798767,-0.5229052191917329,"[3, 0, 0]",9,0
memorias_braz_cubas,intermediario,pt,sbert,150,160,26545,8,0.4667161703109741,2.0777388378915385,2.0794415416798357,0.0017027037882972884,-0.5516172079699823,0.9991811725628402,1.0,0.0008188274371597748,8,8.0,0,0.0,0.07286718889841765,0.02039056539882822,0.052476623499589425,4.0,8.0,-4.0,3.591639298350424,3.733729362487793,-0.1420900641373688,"[4, 0, 0]",8,0
memorias_braz_cubas,intermediario,pt,sbert,150,161,26715,12,0.4667161703109741,2.483720861783101,2.4845225460609894,0.0008016842778886257,-0.25748225106280287,0.9995228038023075,0.9998454252890974,0.0003226214867898536,12,12.0,0,0.0,0.052124548336294596,0.0694845115964619,0.0,10.0,11.0,-1.0,5.483796739641027,5.5318478372610596,-0.048051097620032124,"[10, 0, 0]",12,0
memorias_braz_cubas,intermediario,pt,sbert,150,162,26892,6,0.4667161703109741,1.7849120742441662,1.7917594692280547,0.006847394983888533,-0.7533103788256595,0.996178396095298,0.9999999999999999,0.0038216039047018757,6,6.0,0,0.0,0.12338383257852326,0.04458318674303163,0.07880064583549162,4.0,6.0,-2.0,2.5961258397578844,2.8002970218658447,-0.20417118210796037,"[4, 0, 0]",6,0
memorias_braz_cubas,intermediario,pt,sbert,150,163,27059,8,0.4667161703109741,2.0794415416798357,2.0794415416798357,0.0,0.0,1.0,1.0,0.0,8,8.0,0,0.0,1.8080951285147857e-308,0.02039056539882822,0.0,8.0,8.0,0.0,3.733729362487793,3.733729362487793,0.0,"[8, 0, 0]",8,0
memorias_braz_cubas,intermediario,pt,sbert,150,164,27215,4,0.4667161703109741,1.378318954474504,1.3862943611198906,0.00797540664538654,-210.65852112226327,0.994246960191814,1.0,0.005753039808185978,4,4.0,0,0.0,0.12379695055047252,1.5740382326213016e-308,0.12379695055047252,3.0,4.0,-1.0,1.743067730693424,1.8668646812438965,-0.12379695055047257,"[3, 0, 0]",4,0
memorias_braz_cubas,intermediario,pt,sbert,150,165,27366,7,0.4667161703109741,1.9457010831035149,1.945910149055313,0.00020906595179814857,-0.05612755229360505,0.9998925613539249,0.9999999999999999,0.00010743864607498654,7,7.0,0,0.0,0.026858938934340326,1.361146598449481e-308,0.026858938934340326,6.0,7.0,-1.0,3.2401542532424785,3.267013192176819,-0.026858938934340326,"[6, 0, 0]",7,0
memorias_braz_cubas,intermediario,pt,sbert,150,166,27530,8,0.4667161703109741,2.073831879058553,2.0794415416798357,0.005609662621282929,-1.817336905029184,0.997302322518405,1.0,0.0026976774815949955,8,8.0,0,0.0,0.13859700374402656,0.02039056539882822,0.11820643834519834,6.0,8.0,-2.0,3.5861416729880666,3.733729362487793,-0.14758768949972634,"[6, 0, 0]",8,0
memorias_braz_cubas,intermediario,pt,sbert,150,167,27680,11,0.4667161703109741,1.868111073147651,2.3978923197490083,0.5297812466013574,-169.5928311746308,0.77906282828088,0.9999982698138128,0.22093544153293276,11,11.0,0,0.0,0.23335808515548706,0.032835696813105886,0.20052238834238117,2.0,10.0,-8.0,1.9907436019825324,5.129224062549035,-3.1384804605665027,"[2, 0, 0]",11,0
memorias_braz_cubas,intermediario,pt,sbert,150,168,27841,8,0.4667161703109741,2.0783906097734137,2.0794415416798357,0.0010509319064220257,-0.3404656335244331,0.999494608583431,1.0,0.0005053914165690232,8,8.0,0,0.0,0.06034897253659505,0.02039056539882822,0.03995840713776683,6.0,8.0,-2.0,3.646826401661187,3.733729362487793,-0.08690296082660609,"[6, 0, 0]",8,0
memorias_braz_cubas,intermediario,pt,sbert,150,169,28007,10,0.4667161703109741,2.3007144565895565,2.302579773524076,0.001865316934519523,-1.0996504312013529,0.999187592931883,0.9999976897835454,0.0008100968516624452,10,10.0,0,0.0,0.09084206976022446,0.04953466404766449,0.041307405712559975,8.0,9.0,-1.0,4.574636269454051,4.662225961464445,-0.08758969201039424,"[8, 0, 0]",10,0
memorias_braz_cubas,intermediario,pt,sbert,150,170,28161,10,0.4667161703109741,2.3005050651326715,2.302579773524076,0.002074708391404556,-1.2230918698075042,0.9990966553776001,0.9999976897835454,0.0009010344059453557,10,10.0,0,0.0,0.08547892597218729,0.04953466404766449,0.0359442619245228,8.0,9.0,-1.0,4.530492656808685,4.662225961464445,-0.13173330465575983,"[8, 0, 0]",10,0
memorias_braz_cubas,intermediario,pt,sbert,150,171,28339,9,0.4667161703109741,2.193630565419854,2.1972245773362196,0.003594011916365769,-0.7866286645716397,0.9983642946863798,1.0,0.0016357053136202282,9,9.0,0,0.0,0.118419920697793,0.03330910062640591,0.0851108200713871,7.0,9.0,-2.0,4.074982243827801,4.200445532798767,-0.12546328897096615,"[7, 0, 0]",9,0
memorias_braz_cubas,intermediario,pt,sbert,150,172,28509,13,0.4667161703109741,2.5636988370989955,2.5645129437501177,0.0008141066511222483,-0.0681527334377559,0.999512458069044,0.9998298548428843,0.0003173967738403505,13,13.0,0,0.0,0.05886498599008905,0.0481267705836842,0.01073821540640485,9.0,12.0,-3.0,5.886995492312363,6.0168866246147825,-0.12989113230241944,"[9, 0, 0]",13,0
memorias_braz_cubas,intermediario,pt,sbert,150,173,28682,7,0.4667161703109741,1.9360450544887535,1.945910149055313,0.009865094566559485,-2.648463828775537,0.9949303442549241,0.9999999999999999,0.005069655745075785,7,7.0,0,0.0,0.1697127326996548,1.361146598449481e-308,0.1697127326996548,5.0,7.0,-2.0,3.083073714763457,3.267013192176819,-0.1839394774133618,"[5, 0, 0]",7,0
memorias_braz_cubas,intermediario,pt,sbert,150,174,28849,11,0.4667161703109741,2.3978952727983707,2.3978923197490083,2.953049362375282e-06,0.000945326028764679,1.0,0.9999982698138128,1.7301861872098812e-06,11,11.0,0,0.0,0.004653810871679709,0.032835696813105886,0.0,11.0,10.0,1.0,5.133877873420715,5.129224062549035,0.004653810871680264,"[11, 0, 0]",11,0
memorias_braz_cubas,intermediario,pt,sbert,150,175,29033,12,0.4667161703109741,2.4835117919679863,2.4845225460609894,0.0010107540930031078,-0.3246305887684344,0.9682498349307969,0.9998454252890974,0.03159559035830051,13,12.0,1,0.0,0.18146216701086315,0.0694845115964619,0.11197765541440124,9.0,11.0,-2.0,5.317314486577967,5.5318478372610596,-0.21453335068309265,"[9, 0, 0]",13,0
memorias_braz_cubas,intermediario,pt,sbert,150,176,29183,13,0.4667161703109741,2.55784832365119,2.5645129437501177,0.006664620098927543,-0.5579269945037134,0.9972315111057888,0.9998298548428843,0.0025983437370955542,13,13.0,0,0.0,0.12350503623526654,0.0481267705836842,0.07537826565158234,7.0,12.0,-5.0,5.559168518851555,6.0168866246147825,-0.45771810576322736,"[7, 0, 0]",13,0
memorias_braz_cubas,intermediario,pt,sbert,150,177,29338,16,0.4667161703109741,2.7366763631905258,2.7721957274731834,0.03551936428265767,-8.75561672327614,0.9870473544232539,0.9998582570997836,0.012810902676529734,16,16.0,0,0.0,0.2090749171990821,0.07095835043901474,0.13811656676006737,12.0,14.0,-2.0,6.70575291340066,7.394406580952889,-0.688653667552229,"[12, 0, 0]",16,0
memorias_braz_cubas,intermediario,pt,sbert,150,178,29499,5,0.4667161703109741,1.6000080235775296,1.6094379124341005,0.009429888856570923,-3.5089619509607726,0.9941408806243982,1.0000000000000002,0.005859119375602018,5,5.0,0,0.0,0.15070103929586548,1.849238202843262e-308,0.15070103929586548,2.0,5.0,-3.0,2.1209930447732472,2.3335808515548706,-0.21258780678162337,"[2, 0, 0]",5,0
memorias_braz_cubas,intermediario,pt,sbert,150,179,29652,16,0.4667161703109741,2.770441616889502,2.7721957274731834,0.0017541105836813564,-0.43239287276475424,0.9992255954397216,0.9998582570997836,0.0006326616600620394,16,16.0,0,0.0,0.0693622431709564,0.07095835043901474,0.0,12.0,14.0,-2.0,7.228241744937434,7.394406580952889,-0.1661648360154553,"[12, 0, 0]",16,0
memorias_braz_cubas,intermediario,pt,sbert,150,180,29804,10,0.4667161703109741,2.3012391131343555,2.302579773524076,0.0013406603897205827,-0.7903524320013525,0.9994154483741835,0.9999976897835454,0.0005822414093619166,10,10.0,0,0.0,0.06824415559504904,0.04953466404766449,0.01870949154738455,8.0,9.0,-1.0,4.553664994209472,4.662225961464445,-0.10856096725497366,"[8, 0, 0]",10,0
memorias_braz_cubas,intermediario,pt,sbert,150,181,29963,9,0.4667161703109741,2.1905718074541305,2.1972245773362196,0.006652769882089071,-1.4561052132909937,0.9969721939438004,1.0,0.0030278060561995668,9,9.0,0,0.0,0.15398813948768053,0.03330910062640591,0.12067903886127462,6.0,9.0,-3.0,3.9538249513424555,4.200445532798767,-0.2466205814563116,"[6, 0, 0]",9,0
memorias_braz_cubas,intermediario,pt,sbert,150,182,30113,12,0.4667161703109741,2.484471675761442,2.4845225460609894,5.087029954742306e-05,-0.01633835114517394,0.9998249535745758,0.9998454252890974,2.0471714521574924e-05,12,12.0,0,0.0,0.04335531198667303,0.0694845115964619,0.0,9.0,11.0,-2.0,5.51712960802095,5.5318478372610596,-0.014718229240109792,"[9, 0, 0]",12,0
memorias_braz_cubas,intermediario,pt,sbert,150,183,30276,8,0.4667161703109741,2.079220369485781,2.0794415416798357,0.00022117219405481947,-0.0716521505405926,0.9998936386574848,1.0,0.00010636134251518214,8,8.0,0,0.0,0.02921234203778761,0.02039056539882822,0.008821776638959389,7.0,8.0,-1.0,3.7045170204500053,3.733729362487793,-0.029212342037787664,"[7, 0, 0]",8,0
memorias_braz_cubas,intermediario,pt,sbert,150,184,30435,7,0.4667161703109741,1.9458735427901983,1.945910149055313,3.660626511470255e-05,-0.009827616796649681,0.9999811881010371,0.9999999999999999,1.8811898962800555e-05,7,7.0,0,0.0,0.011339330110870183,1.361146598449481e-308,0.011339330110870183,6.0,7.0,-1.0,3.2556738620659487,3.267013192176819,-0.011339330110870183,"[6, 0, 0]",7,0
memorias_braz_cubas,intermediario,pt,sbert,150,185,30586,9,0.4667161703109741,2.1929128570779914,2.1972245773362196,0.0043117202582281244,-0.94371494242739,0.9980376515433595,1.0,0.0019623484566404503,9,9.0,0,0.0,0.10745021258339121,0.03330910062640591,0.0741411119569853,6.0,9.0,-3.0,3.9959409182319687,4.200445532798767,-0.20450461456679836,"[6, 0, 0]",9,0
memorias_braz_cubas,intermediario,pt,sbert,150,186,30778,6,0.4667161703109741,1.7776776047653289,1.7917594692280547,0.014081864462725857,-1.549204431458615,0.9921407618016982,0.9999999999999999,0.007859238198301699,6,6.0,0,0.0,0.16484660797367923,0.04458318674303163,0.1202634212306476,3.0,6.0,-3.0,2.4553346387517223,2.8002970218658447,-0.3449623831141224,"[3, 0, 0]",6,0
memorias_braz_cubas,intermediario,pt,sbert,150,187,30937,7,0.4667161703109741,1.9336891013131898,1.945910149055313,0.012221047742123181,-3.2809622529589593,0.9937196238233011,0.9999999999999999,0.006280376176698743,7,7.0,0,0.0,0.17026078753216445,1.361146598449481e-308,0.17026078753216445,4.0,7.0,-3.0,2.91128305337813,3.267013192176819,-0.35573013879868887,"[4, 0, 0]",7,0
memorias_braz_cubas,intermediario,pt,sbert,150,188,31091,10,0.4667161703109741,2.3022698351631288,2.302579773524076,0.00030993836094728167,-0.1827163234055503,0.9998630852636559,0.9999976897835454,0.00013460451988955846,10,10.0,0,0.0,0.03830672470393126,0.04953466404766449,0.0,9.0,9.0,0.0,4.62885497840581,4.662225961464445,-0.03337098305863506,"[9, 0, 0]",10,0
memorias_braz_cubas,intermediario,pt,sbert,150,189,31248,8,0.4667161703109741,2.072808107406238,2.0794415416798357,0.00663343427359786,-2.149003554466495,0.9968099924231392,1.0,0.0031900075768608316,8,8.0,0,0.0,0.12949701915290773,0.02039056539882822,0.10910645375407951,4.0,8.0,-4.0,3.4727457934240613,3.733729362487793,-0.26098356906373166,"[4, 0, 0]",8,0
memorias_braz_cubas,intermediario,pt,sbert,150,190,31435,12,0.4667161703109741,2.482255435409424,2.4845225460609894,0.002267110651565485,-0.7281429486317494,0.998933072846498,0.9998454252890974,0.0009123524425993512,12,12.0,0,0.0,0.07583718240355578,0.0694845115964619,0.006352670807093869,6.0,11.0,-5.0,5.382147815670157,5.5318478372610596,-0.14970002159090257,"[6, 0, 0]",12,0
memorias_braz_cubas,intermediario,pt,sbert,150,191,31592,7,0.4667161703109741,1.944299724475858,1.945910149055313,0.0016104245794550387,-0.4323477305646575,0.9991724054781065,0.9999999999999999,0.0008275945218934044,7,7.0,0,0.0,0.06620517848938151,1.361146598449481e-308,0.06620517848938151,3.0,7.0,-4.0,3.104025286525816,3.267013192176819,-0.16298790565100285,"[3, 0, 0]",7,0
memorias_braz_cubas,intermediario,pt,sbert,150,192,31744,10,0.4667161703109741,2.295181909894928,2.302579773524076,0.0073978636291478495,-4.361223435660657,0.9967848384315338,0.9999976897835454,0.0032128513520116586,10,10.0,0,0.0,0.15760503496493444,0.04953466404766449,0.10807037091726995,7.0,9.0,-2.0,4.398520231356269,4.662225961464445,-0.26370573010817644,"[7, 0, 0]",10,0
memorias_braz_cubas,intermediario,pt,sbert,150,193,31896,17,0.4667161703109741,2.8198550187793394,2.83248099629044,0.012625977511100395,-3.095036697592296,0.9952850972889489,0.9996942867032859,0.004409189414336989,17,17.0,0,0.0,0.18465884685199183,0.08196524956258472,0.10269359728940711,14.0,15.0,-1.0,7.475774705596438,7.82307165566124,-0.347296950064802,"[14, 0, 0]",17,0
memorias_braz_cubas,intermediario,pt,sbert,150,194,32055,5,0.4667161703109741,1.602722331838696,1.6094379124341005,0.006715580595404447,-2.4989389743935697,0.9958273751702247,1.0000000000000002,0.00417262482977554,5,5.0,0,0.0,0.12411582538918503,1.849238202843262e-308,0.12411582538918503,4.0,5.0,-1.0,2.2094650261656854,2.3335808515548706,-0.1241158253891852,"[4, 0, 0]",5,0
memorias_braz_cubas,intermediario,pt,sbert,150,195,32213,6,0.4667161703109741,1.7917594692280547,1.7917594692280547,0.0,0.0,0.9999999999999999,0.9999999999999999,0.0,6,6.0,0,0.0,1.405550587018897e-308,0.04458318674303163,0.0,6.0,6.0,0.0,2.8002970218658447,2.8002970218658447,0.0,"[6, 0, 0]",6,0
memorias_braz_cubas,intermediario,pt,sbert,150,196,32378,9,0.4667161703109741,2.1919196159233496,2.1972245773362196,0.005304961412869957,-1.1611076448599278,0.997585608013132,1.0,0.002414391986867992,9,9.0,0,0.0,0.12475369345016818,0.03330910062640591,0.09144459282376227,5.0,9.0,-4.0,3.9035291139200883,4.200445532798767,-0.2969164188786788,"[5, 0, 0]",9,0
memorias_braz_cubas,intermediario,pt,sbert,150,197,32550,10,0.4667161703109741,2.300398949383804,2.302579773524076,0.0021808241402720974,-1.2856497262446485,0.9990505698934239,0.9999976897835454,0.0009471198901215283,10,10.0,0,0.0,0.09785522388305068,0.04953466404766449,0.04832055983538619,8.0,9.0,-1.0,4.5669516437518265,4.662225961464445,-0.09527431771261874,"[8, 0, 0]",10,0
memorias_braz_cubas,intermediario,pt,sbert,150,198,32706,11,0.4667161703109741,2.301992759567363,2.3978923197490083,0.09589956018164525,-30.69923298331685,0.9997427528613448,0.9999982698138128,0.00025551695246794903,10,11.0,0,0.0,0.2310311797196472,0.032835696813105886,0.19819548290654132,7.0,10.0,-3.0,4.598081081986948,5.129224062549035,-0.5311429805620866,"[7, 0, 0]",10,0
memorias_braz_cubas,intermediario,pt,sbert,150,199,32864,6,0.4667161703109741,1.7643923458635822,1.7917594692280547,0.027367123364472556,-3.010770974592136,0.9847261176321488,0.9999999999999999,0.0152738823678511,6,6.0,0,0.0,0.23335808515548706,0.04458318674303163,0.18877489841245543,5.0,6.0,-1.0,2.553827044293776,2.8002970218658447,-0.2464699775720689,"[5, 0, 0]",6,0
memorias_braz_cubas,intermediario,pt,sbert,150,200,33036,12,0.4667161703109741,2.4691500785765914,2.4845225460609894,0.015372467484398022,-4.937277231751364,0.9936590892809783,0.9998454252890974,0.00618633600811902,12,12.0,0,0.0,0.16289328479072152,0.0694845115964619,0.09340877319425961,6.0,11.0,-5.0,5.053721905681315,5.5318478372610596,-0.47812593157974437,"[6, 0, 0]",12,0
memorias_braz_cubas,intermediario,pt,sbert,150,201,33186,9,0.4667161703109741,2.19536309490515,2.1972245773362196,0.0018614824310696498,-0.40742642844561566,0.9991528028357819,1.0,0.0008471971642181053,9,9.0,0,0.0,0.07958438619025232,0.03330910062640591,0.04627528556384641,7.0,9.0,-2.0,4.075822455410854,4.200445532798767,-0.12462307738791267,"[7, 0, 0]",9,0
memorias_braz_cubas,intermediario,pt,sbert,150,202,33345,9,0.4667161703109741,2.1949865301475016,2.1972245773362196,0.0022380471887180065,-0.4898459193451343,0.9989814208288935,1.0,0.0010185791711064818,9,9.0,0,0.0,0.09442213469051786,0.03330910062640591,0.06111303406411195,7.0,9.0,-2.0,4.105472530010932,4.200445532798767,-0.09497300278783527,"[7, 0, 0]",9,0
memorias_braz_cubas,intermediario,pt,sbert,150,203,33508,8,0.4667161703109741,2.078790598896639,2.0794415416798357,0.0006509427831966619,-0.2108829751146704,0.9996869626915932,1.0,0.0003130373084068161,8,8.0,0,0.0,0.04954781006263498,0.02039056539882822,0.02915724466380676,7.0,8.0,-1.0,3.6841815524251578,3.733729362487793,-0.0495478100626352,"[7, 0, 0]",8,0
memorias_braz_cubas,intermediario,pt,sbert,150,204,33685,12,0.4667161703109741,2.3945684341387263,2.4845225460609894,0.0899541119222631,-28.891158114138978,0.9986126005178859,0.9998454252890974,0.0012328247712114493,11,12.0,0,0.0,0.21173594345442132,0.0694845115964619,0.1422514318579594,10.0,11.0,-1.0,5.009829496048727,5.5318478372610596,-0.5220183412123323,"[10, 0, 0]",11,0
memorias_braz_cubas,intermediario,pt,sbert,150,205,33839,7,0.4667161703109741,1.943704798056578,1.945910149055313,0.0022053509987349784,-0.5920665342329922,0.9988666737774065,0.9999999999999999,0.0011333262225934337,7,7.0,0,0.0,0.084288110840116,1.361146598449481e-308,0.084288110840116,6.0,7.0,-1.0,3.1827250813367027,3.267013192176819,-0.08428811084011611,"[6, 0, 0]",7,0
memorias_braz_cubas,intermediario,pt,sbert,150,206,34000,11,0.4667161703109741,2.3974028533199476,2.3978923197490083,0.0004894664290606698,-0.15668730820854787,0.9997946451273294,0.9999982698138128,0.0002036246864833835,11,11.0,0,0.0,0.04132214237344223,0.032835696813105886,0.008486445560336342,9.0,10.0,-1.0,5.060394795497833,5.129224062549035,-0.06882926705120163,"[9, 0, 0]",11,0
memorias_braz_cubas,intermediario,pt,sbert,150,207,34193,12,0.4667161703109741,2.397715220251258,2.4845225460609894,0.0868073258097315,-27.880483969447358,0.9999249122556956,0.9998454252890974,7.948696659820786e-05,11,12.0,0,0.0,0.21173594345442132,0.0694845115964619,0.1422514318579594,10.0,11.0,-1.0,5.103530082909705,5.5318478372610596,-0.42831775435135455,"[10, 0, 0]",11,0
memorias_braz_cubas,intermediario,pt,sbert,150,208,34346,9,0.4667161703109741,2.1952185355290235,2.1972245773362196,0.0020060418071961017,-0.43906643177333066,0.9990870110284183,1.0,0.0009129889715816519,9,9.0,0,0.0,0.06336681541576472,0.03330910062640591,0.030057714789358814,5.0,9.0,-4.0,4.0006678209667355,4.200445532798767,-0.19977771183203163,"[5, 0, 0]",9,0
memorias_braz_cubas,intermediario,pt,sbert,150,209,34510,13,0.4667161703109741,2.564937913019821,2.5645129437501177,0.000424969269703368,0.03557619547439651,0.9999955381412571,0.9998298548428843,0.00016568329837274298,13,13.0,0,0.0,0.04207685195050659,0.0481267705836842,0.0,12.0,12.0,0.0,6.058963476565289,6.0168866246147825,0.042076851950506367,"[12, 0, 0]",13,0
memorias_braz_cubas,intermediario,pt,sbert,150,210,34674,9,0.4667161703109741,2.1972245773362196,2.1972245773362196,0.0,0.0,1.0,1.0,0.0,9,9.0,0,0.0,1.898421350758533e-308,0.03330910062640591,0.0,9.0,9.0,0.0,4.200445532798767,4.200445532798767,0.0,"[9, 0, 0]",9,0
memorias_braz_cubas,intermediario,pt,sbert,150,211,34826,15,0.4667161703109741,2.635761460906043,2.7072491704320925,0.07148770952604933,-14.790428951794036,0.9987511189422718,0.9996986672675874,0.000947548325315628,14,15.0,0,0.0,0.20057658386979077,0.06061292303722349,0.13996366083256728,11.0,13.0,-2.0,6.32224778828599,6.917417995122824,-0.5951702068368334,"[11, 0, 0]",14,0
memorias_braz_cubas,intermediario,pt,sbert,150,212,35003,12,0.4667161703109741,2.473914903913574,2.4845225460609894,0.010607642147415497,-3.406926709076176,0.9955765960562888,0.9998454252890974,0.00426882923280858,12,12.0,0,0.0,0.16456717253784076,0.0694845115964619,0.09508266094137885,9.0,11.0,-2.0,5.242448244741888,5.5318478372610596,-0.2893995925191719,"[9, 0, 0]",12,0
memorias_braz_cubas,intermediario,pt,sbert,150,213,35155,10,0.4667161703109741,2.2975130788673224,2.302579773524076,0.00506669465675369,-2.986941715349806,0.9977972522526286,0.9999976897835454,0.00220043753091681,10,10.0,0,0.0,0.12879595625872226,0.04953466404766449,0.07926129221105777,7.0,9.0,-2.0,4.449474030491231,4.662225961464445,-0.212751930973214,"[7, 0, 0]",10,0
memorias_braz_cubas,intermediario,pt,sbert,150,214,35309,9,0.4667161703109741,2.197185869802722,2.1972245773362196,3.870753349755063e-05,-0.008471996223882712,0.9999823834423223,1.0,1.76165576777354e-05,9,9.0,0,0.0,0.012978795521396747,0.03330910062640591,0.0,8.0,9.0,-1.0,4.18746673727737,4.200445532798767,-0.012978795521396691,"[8, 0, 0]",9,0
memorias_braz_cubas,intermediario,pt,sbert,150,215,35461,10,0.4667161703109741,2.297690001934621,2.302579773524076,0.0048897715894549165,-2.8826411948086808,0.9978740889644779,0.9999976897835454,0.0021236008190674838,10,10.0,0,0.0,0.12863713872049898,0.04953466404766449,0.07910247467283449,8.0,9.0,-1.0,4.467232327538714,4.662225961464445,-0.19499363392573166,"[8, 0, 0]",10,0
memorias_braz_cubas,intermediario,pt,sbert,150,216,35611,9,0.4667161703109741,2.191829412175053,2.1972245773362196,0.00539516516116656,-1.1808507218761173,0.9975445545180879,1.0,0.002455445481912122,9,9.0,0,0.0,0.09836375529262903,0.03330910062640591,0.06505465466622312,5.0,9.0,-4.0,3.8520221867950415,4.200445532798767,-0.3484233460037256,"[5, 0, 0]",9,0
memorias_braz_cubas,intermediario,pt,sbert,150,217,35779,8,0.4667161703109741,2.0794415416798357,2.0794415416798357,0.0,0.0,1.0,1.0,0.0,8,8.0,0,0.0,1.8080951285147857e-308,0.02039056539882822,0.0,8.0,8.0,0.0,3.733729362487793,3.733729362487793,0.0,"[8, 0, 0]",8,0
memorias_braz_cubas,intermediario,pt,sbert,150,218,35938,8,0.4667161703109741,2.0278072073698405,2.0794415416798357,0.0516343343099952,-16.7277406224313,0.975169133983789,1.0,0.024830866016210984,8,8.0,0,0.0,0.23335808515548706,0.02039056539882822,0.21296751975665884,3.0,8.0,-5.0,3.1316816494162225,3.733729362487793,-0.6020477130715705,"[3, 0, 0]",8,0
memorias_braz_cubas,intermediario,pt,sbert,150,219,36098,11,0.4667161703109741,2.3788913631656925,2.3978923197490083,0.019000956583315798,-6.082559627512699,0.992074754119474,0.9999982698138128,0.0079235156943388,11,11.0,0,0.0,0.23056430083298918,0.032835696813105886,0.1977286040198833,5.0,10.0,-5.0,4.511781887722658,5.129224062549035,-0.617442174826377,"[5, 0, 0]",11,0
memorias_braz_cubas,intermediario,pt,sbert,150,220,36258,9,0.4667161703109741,2.213063893455574,2.1972245773362196,0.015839316119354407,3.4667831873231227,0.9611214370270817,1.0,0.03887856297291825,10,9.0,1,0.0,0.21178639177604613,0.03330910062640591,0.17847729114964023,7.0,9.0,-2.0,3.8541481264915514,4.200445532798767,-0.3462974063072157,"[5, 1, 0]",10,0
memorias_braz_cubas,intermediario,pt,sbert,150,221,36447,7,0.4667161703109741,1.9346551714030857,1.945910149055313,0.011254977652227272,-3.0216031893546074,0.9942160856411117,0.9999999999999999,0.0057839143588881425,7,7.0,0,0.0,0.1341812766640078,1.361146598449481e-308,0.1341812766640078,3.0,7.0,-4.0,2.843925449329197,3.267013192176819,-0.42308774284762185,"[3, 0, 0]",7,0
memorias_braz_cubas,intermediario,pt,sbert,150,222,36625,8,0.4667161703109741,2.0788089827985665,2.0794415416798357,0.0006325588812692295,-0.20492722595706436,0.9996958034796408,1.0,0.000304196520359179,8,8.0,0,0.0,0.048862124246789373,0.02039056539882822,0.028471558847961154,7.0,8.0,-1.0,3.6848672382410035,3.733729362487793,-0.048862124246789485,"[7, 0, 0]",8,0
memorias_braz_cubas,intermediario,pt,sbert,150,223,36823,7,0.4667161703109741,1.941118551351071,1.945910149055313,0.00479159770424209,-1.2863914396468812,0.9975376058824872,0.9999999999999999,0.0024623941175127007,7,7.0,0,0.0,0.10466461415026518,1.361146598449481e-308,0.10466461415026518,4.0,7.0,-3.0,3.025068912541752,3.267013192176819,-0.24194427963506682,"[4, 0, 0]",7,0
memorias_braz_cubas,intermediario,pt,sbert,150,224,36981,8,0.4667161703109741,2.079226533218579,2.0794415416798357,0.00021500846125688255,-0.06965531403853079,0.9998966027863985,1.0,0.00010339721360153042,8,8.0,0,0.0,0.02880884680240281,0.02039056539882822,0.00841828140357459,7.0,8.0,-1.0,3.70492051568539,3.733729362487793,-0.028808846802403032,"[7, 0, 0]",8,0
memorias_braz_cubas,intermediario,pt,sbert,150,225,37136,9,0.4667161703109741,2.1972245773362196,2.1972245773362196,0.0,0.0,1.0,1.0,0.0,9,9.0,0,0.0,1.898421350758533e-308,0.03330910062640591,0.0,9.0,9.0,0.0,4.200445532798767,4.200445532798767,0.0,"[9, 0, 0]",9,0
memorias_braz_cubas,intermediario,pt,sbert,150,226,37289,13,0.4667161703109741,2.5593982501352848,2.5645129437501177,0.005114693614832966,-0.4281752889096094,0.9978357828741906,0.9998298548428843,0.0019940719686937225,13,13.0,0,0.0,0.11258845978392176,0.0481267705836842,0.06446168920023757,10.0,12.0,-2.0,5.7999673266081135,6.0168866246147825,-0.21691929800666898,"[10, 0, 0]",13,0
memorias_braz_cubas,intermediario,pt,sbert,150,227,37461,7,0.4667161703109741,1.945910149055313,1.945910149055313,0.0,0.0,0.9999999999999999,0.9999999999999999,0.0,7,7.0,0,0.0,1.361146598449481e-308,1.361146598449481e-308,0.0,7.0,7.0,0.0,3.267013192176819,3.267013192176819,0.0,"[7, 0, 0]",7,0
memorias_braz_cubas,intermediario,pt,sbert,150,228,37620,10,0.4667161703109741,2.3025850929940455,2.302579773524076,5.319469969400359e-06,0.003135959009089524,0.9999999999999998,0.9999976897835454,2.3102164543598036e-06,10,10.0,0,0.0,0.004935741645295866,0.04953466404766449,0.0,10.0,9.0,1.0,4.667161703109741,4.662225961464445,0.004935741645295977,"[10, 0, 0]",10,0
memorias_braz_cubas,intermediario,pt,sbert,150,229,37771,10,0.4667161703109741,2.2889727021541946,2.302579773524076,0.013607071369881485,-8.02170484938636,0.9940882137727421,0.9999976897835454,0.005909476010803272,10,10.0,0,0.0,0.1709930960518234,0.04953466404766449,0.1214584320041589,8.0,9.0,-1.0,4.326426993904255,4.662225961464445,-0.3357989675601907,"[8, 0, 0]",10,0
memorias_braz_cubas,intermediario,pt,sbert,150,230,37924,10,0.4667161703109741,2.2983130869398845,2.302579773524076,0.0042666865841916035,-2.515317185664149,0.9981446913440204,0.9999976897835454,0.001852998439525022,10,10.0,0,0.0,0.1255945401286454,0.04953466404766449,0.07605987608098091,4.0,9.0,-5.0,4.360593205046872,4.662225961464445,-0.3016327564175736,"[4, 0, 0]",10,0
memorias_braz_cubas,intermediario,pt,sbert,150,231,38095,8,0.4667161703109741,2.0794383268939884,2.0794415416798357,3.2147858473052793e-06,-0.0010414795606259214,0.9999984540148001,1.0,1.5459851998578245e-06,8,8.0,0,0.0,0.0035715139923561123,0.02039056539882822,0.0,7.0,8.0,-1.0,3.7301578484954367,3.733729362487793,-0.0035715139923562234,"[7, 0, 0]",8,0
memorias_braz_cubas,intermediario,pt,sbert,150,232,38265,14,0.4667161703109741,2.6334402574617455,2.638980899176345,0.005540641714599559,-0.4695602358952193,0.9978715611478088,0.9999699245333467,0.002098363385537816,14,14.0,0,0.0,0.13031171399391409,0.0299868731048179,0.10032484088909618,11.0,13.0,-2.0,6.2549200167505665,6.507105324978172,-0.2521853082276051,"[11, 0, 0]",14,0
memorias_braz_cubas,intermediario,pt,sbert,150,233,38417,9,0.4667161703109741,2.181566039396217,2.1972245773362196,0.015658537940002493,-3.42721590120486,0.9928734922676926,1.0,0.0071265077323073855,9,9.0,0,0.0,0.2287313818037094,0.03330910062640591,0.19542228117730348,7.0,9.0,-2.0,3.928423430330499,4.200445532798767,-0.2720221024682683,"[7, 0, 0]",9,0
memorias_braz_cubas,intermediario,pt,sbert,150,234,38589,12,0.4667161703109741,2.48407542551297,2.4845225460609894,0.0004471205480194307,-0.14360466879016295,0.9996654907438469,0.9998454252890974,0.0001799345452504486,12,12.0,0,0.0,0.05396417226288075,0.0694845115964619,0.0,11.0,11.0,0.0,5.533980087734164,5.5318478372610596,0.002132250473104058,"[11, 0, 0]",12,0
memorias_braz_cubas,intermediario,pt,sbert,150,235,38746,8,0.4667161703109741,2.07711168731615,2.0794415416798357,0.0023298543636856017,-0.7547923296500825,0.9988795768878391,1.0,0.0011204231121608732,8,8.0,0,0.0,0.0914774839075137,0.02039056539882822,0.07108691850868548,7.0,8.0,-1.0,3.6422518785802795,3.733729362487793,-0.09147748390751342,"[7, 0, 0]",8,0
memorias_braz_cubas,intermediario,pt,sbert,150,236,38898,10,0.4667161703109741,2.30254403939455,2.302579773524076,3.573412952606603e-05,-0.02106615246704191,0.9999821706482767,0.9999976897835454,1.551913526876003e-05,10,10.0,0,0.0,0.013997762433089145,0.04953466404766449,0.0,9.0,9.0,0.0,4.653163940676652,4.662225961464445,-0.009062020787792946,"[9, 0, 0]",10,0
memorias_braz_cubas,intermediario,pt,sbert,150,237,39083,5,0.4667161703109741,1.6094379124341005,1.6094379124341005,0.0,0.0,1.0000000000000002,1.0000000000000002,0.0,5,5.0,0,0.0,1.849238202843262e-308,1.849238202843262e-308,0.0,5.0,5.0,0.0,2.3335808515548706,2.3335808515548706,0.0,"[5, 0, 0]",5,0
memorias_braz_cubas,intermediario,pt,sbert,150,238,39241,6,0.4667161703109741,1.7664216712669156,1.7917594692280547,0.025337797961139108,-2.7875164534285966,0.9858587057044796,0.9999999999999999,0.014141294295520246,6,6.0,0,0.0,0.23335808515548706,0.04458318674303163,0.18877489841245543,4.0,6.0,-2.0,2.519755715203693,2.8002970218658447,-0.2805413066621516,"[4, 0, 0]",6,0
memorias_braz_cubas,intermediario,pt,sbert,150,239,39406,8,0.4667161703109741,2.0794415416798357,2.0794415416798357,0.0,0.0,1.0,1.0,0.0,8,8.0,0,0.0,1.8080951285147857e-308,0.02039056539882822,0.0,8.0,8.0,0.0,3.733729362487793,3.733729362487793,0.0,"[8, 0, 0]",8,0
memorias_braz_cubas,intermediario,pt,sbert,150,240,39559,7,0.4667161703109741,1.945910149055313,1.945910149055313,0.0,0.0,0.9999999999999999,0.9999999999999999,0.0,7,7.0,0,0.0,1.361146598449481e-308,1.361146598449481e-308,0.0,7.0,7.0,0.0,3.267013192176819,3.267013192176819,0.0,"[7, 0, 0]",7,0
memorias_braz_cubas,intermediario,pt,sbert,150,241,39715,10,0.4667161703109741,2.279396187330552,2.302579773524076,0.023183586193523897,-13.667297006054957,0.9899291862289696,0.9999976897835454,0.01006850355457578,10,10.0,0,0.0,0.2308902143328391,0.04953466404766449,0.1813555502851746,4.0,9.0,-5.0,3.9526329276936423,4.662225961464445,-0.709593033770803,"[4, 0, 0]",10,0
memorias_braz_cubas,intermediario,pt,sbert,150,242,39898,8,0.4667161703109741,2.0790634393190324,2.0794415416798357,0.00037810236080337845,-0.1224921034572826,0.9998181711997068,1.0,0.00018182880029316006,8,8.0,0,0.0,0.03800845024304228,0.02039056539882822,0.01761788484421406,7.0,8.0,-1.0,3.6957209122447505,3.733729362487793,-0.038008450243042446,"[7, 0, 0]",8,0
memorias_braz_cubas,intermediario,pt,sbert,150,243,40079,7,0.4667161703109741,1.9434204653589462,1.945910149055313,0.002489683696366818,-0.6684008116122234,0.998720555675412,0.9999999999999999,0.0012794443245879306,7,7.0,0,0.0,0.08927952172372156,1.361146598449481e-308,0.08927952172372156,6.0,7.0,-1.0,3.1777336704530974,3.267013192176819,-0.08927952172372144,"[6, 0, 0]",7,0
memorias_braz_cubas,intermediario,pt,sbert,150,244,40242,8,0.4667161703109741,2.0794415416798357,2.0794415416798357,0.0,0.0,1.0,1.0,0.0,8,8.0,0,0.0,1.8080951285147857e-308,0.02039056539882822,0.0,8.0,8.0,0.0,3.733729362487793,3.733729362487793,0.0,"[8, 0, 0]",8,0
memorias_braz_cubas,intermediario,pt,sbert,150,245,40403,10,0.4667161703109741,2.2851348882557057,2.302579773524076,0.017444885268370403,-10.284190987931474,0.9924214723740569,0.9999976897835454,0.00757621740948855,10,10.0,0,0.0,0.2308902143328391,0.04953466404766449,0.1813555502851746,9.0,9.0,0.0,4.416957540958885,4.662225961464445,-0.2452684205055604,"[9, 0, 0]",10,0
memorias_braz_cubas,intermediario,pt,sbert,150,246,40564,7,0.4667161703109741,1.9459040969114179,1.945910149055313,6.0521438951521844e-06,-0.001624807961516118,0.9999968898132844,0.9999999999999999,3.1101867155047813e-06,7,7.0,0,0.0,0.0046282212711635795,1.361146598449481e-308,0.0046282212711635795,6.0,7.0,-1.0,3.2623849709056554,3.267013192176819,-0.0046282212711634685,"[6, 0, 0]",7,0
memorias_braz_cubas,intermediario,pt,sbert,150,247,40729,8,0.4667161703109741,2.0794401656943267,2.0794415416798357,1.3759855090889062e-06,-0.0004457717719003831,0.9999993382908432,1.0,6.617091568017486e-07,8,8.0,0,0.0,0.0023381432563316373,0.02039056539882822,0.0,7.0,8.0,-1.0,3.7313912192314613,3.733729362487793,-0.0023381432563316373,"[7, 0, 0]",8,0
memorias_braz_cubas,intermediario,pt,sbert,150,248,40880,9,0.4667161703109741,2.192513510260953,2.1972245773362196,0.004711067075266584,-1.0311207887901788,0.9978559009744111,1.0,0.0021440990255888748,9,9.0,0,0.0,0.1341030730874988,0.03330910062640591,0.1007939724610929,7.0,9.0,-2.0,4.061465783501996,4.200445532798767,-0.13897974929677126,"[7, 0, 0]",9,0
memorias_braz_cubas,intermediario,pt,sbert,150,249,41036,12,0.4667161703109741,2.4336520813349147,2.4845225460609894,0.050870464726074704,-16.338404196695873,0.9793736442946626,0.9998454252890974,0.020471780994434807,12,12.0,0,0.0,0.21173594345442132,0.0694845115964619,0.1422514318579594,9.0,11.0,-2.0,5.013801389802303,5.5318478372610596,-0.5180464474587563,"[9, 0, 0]",12,0
memorias_braz_cubas,intermediario,pt,sbert,150,250,41200,7,0.4667161703109741,1.945896223844934,1.945910149055313,1.3925210379017727e-05,-0.0037384756677279803,0.999992843857469,0.9999999999999999,7.1561425308841464e-06,7,7.0,0,0.0,0.007010936143084512,1.361146598449481e-308,0.007010936143084512,6.0,7.0,-1.0,3.2600022560337343,3.267013192176819,-0.007010936143084567,"[6, 0, 0]",7,0
memorias_braz_cubas,intermediario,pt,sbert,150,251,41360,8,0.4667161703109741,2.0785906925609874,2.0794415416798357,0.0008508491188483625,-0.2756457221559356,0.9995908280652309,1.0,0.0004091719347690814,8,8.0,0,0.0,0.05691194728186,0.02039056539882822,0.03652138188303178,6.0,8.0,-2.0,3.669004243401927,3.733729362487793,-0.06472511908586576,"[6, 0, 0]",8,0
memorias_braz_cubas,intermediario,pt,sbert,150,252,41511,7,0.4667161703109741,1.945910149055313,1.945910149055313,0.0,0.0,0.9999999999999999,0.9999999999999999,0.0,7,7.0,0,0.0,1.361146598449481e-308,1.361146598449481e-308,0.0,7.0,7.0,0.0,3.267013192176819,3.267013192176819,0.0,"[7, 0, 0]",7,0
memorias_braz_cubas,intermediario,pt,sbert,150,253,41664,10,0.4667161703109741,2.3023703965498274,2.302579773524076,0.00020937697424860957,-0.12343290073406467,0.9999067585189917,0.9999976897835454,9.093126455372857e-05,10,10.0,0,0.0,0.030967564717063523,0.04953466404766449,0.0,8.0,9.0,-1.0,4.625146341309721,4.662225961464445,-0.037079620154724324,"[8, 0, 0]",10,0
memorias_braz_cubas,intermediario,pt,sbert,150,254,41818,8,0.4667161703109741,2.078982448744388,2.0794415416798357,0.00045909293544754703,-0.148730251844664,0.9997792229662409,1.0,0.00022077703375911195,8,8.0,0,0.0,0.04179308034417023,0.02039056539882822,0.02140251494534201,7.0,8.0,-1.0,3.691936282143623,3.733729362487793,-0.041793080344170175,"[7, 0, 0]",8,0
memorias_braz_cubas,intermediario,pt,sbert,150,255,41979,13,0.4667161703109741,2.564819348908021,2.5645129437501177,0.00030640515790336664,0.025650630690408037,0.9999493134033476,0.9998298548428843,0.0001194585604632481,13,13.0,0,0.0,0.027871413298362457,0.0481267705836842,0.0,12.0,12.0,0.0,6.039438800744302,6.0168866246147825,0.022552176129519097,"[12, 0, 0]",13,0
memorias_braz_cubas,intermediario,pt,sbert,150,256,42134,14,0.4667161703109741,2.6281201551850644,2.638980899176345,0.010860743991280675,-0.920430118609811,0.9958556510662129,0.9999699245333467,0.004114273467133778,14,14.0,0,0.0,0.2135538876799184,0.0299868731048179,0.1835670145751005,12.0,13.0,-1.0,6.289716023837424,6.507105324978172,-0.21738930114074773,"[12, 0, 0]",14,0
memorias_braz_cubas,intermediario,pt,sbert,150,257,42291,10,0.4667161703109741,2.283170220317985,2.302579773524076,0.019409553206091168,-11.4424112908199,0.9915682279299325,0.9999976897835454,0.00842946185361293,10,10.0,0,0.0,0.22392670818931987,0.04953466404766449,0.17439204414165538,6.0,9.0,-3.0,4.241140069387079,4.662225961464445,-0.42108589207736635,"[6, 0, 0]",10,0
memorias_braz_cubas,intermediario,pt,sbert,150,258,42446,11,0.4667161703109741,2.3957479973881513,2.3978923197490083,0.0021443223608570428,-0.6864374729414637,0.9991045166006297,0.9999982698138128,0.0008937532131830794,11,11.0,0,0.0,0.0810165881263743,0.032835696813105886,0.048180891313268415,8.0,10.0,-2.0,4.946988796152252,5.129224062549035,-0.18223526639678322,"[8, 0, 0]",11,0
memorias_braz_cubas,intermediario,pt,sbert,150,259,42606,11,0.4667161703109741,2.3953218729654737,2.3978923197490083,0.0025704467835345746,-0.8228478267207787,0.9989268089135962,0.9999982698138128,0.001071460900216592,11,11.0,0,0.0,0.10503326194709023,0.032835696813105886,0.07219756513398434,9.0,10.0,-1.0,5.001725808291905,5.129224062549035,-0.12749825425713013,"[9, 0, 0]",11,0
memorias_braz_cubas,intermediario,pt,sbert,150,260,42761,12,0.4667161703109741,2.476797722289441,2.4845225460609894,0.0077248237715483725,-2.48103283127881,0.9967367275147937,0.9998454252890974,0.0031086977743036703,12,12.0,0,0.0,0.1432552730473241,0.0694845115964619,0.0737707614508622,9.0,11.0,-2.0,5.295656190318653,5.5318478372610596,-0.23619164694240613,"[9, 0, 0]",12,0
memorias_braz_cubas,intermediario,pt,sbert,150,261,42917,8,0.4667161703109741,2.0780941722938118,2.0794415416798357,0.0013473693860239777,-0.43650113656351897,0.9993520522895125,1.0,0.0006479477104874842,8,8.0,0,0.0,0.06898470621543801,0.02039056539882822,0.04859414081660979,6.0,8.0,-2.0,3.6383421593958616,3.733729362487793,-0.09538720309193138,"[6, 0, 0]",8,0
memorias_braz_cubas,intermediario,pt,sbert,150,262,43074,6,0.4667161703109741,1.7867483782170634,1.7917594692280547,0.0050110910109912865,-0.5512909473897459,0.9972032568561502,0.9999999999999999,0.0027967431438497004,6,6.0,0,0.0,0.1197486533621831,0.04458318674303163,0.07516546661915147,3.0,6.0,-3.0,2.63231217557585,2.8002970218658447,-0.16798484628999466,"[3, 0, 0]",6,0
memorias_braz_cubas,intermediario,pt,sbert,150,263,43250,10,0.4667161703109741,2.3009690264392955,2.302579773524076,0.001610747084780595,-0.9495752134966556,0.9992981512128835,0.9999976897835454,0.0006995385706619617,10,10.0,0,0.0,0.08009108548241325,0.04953466404766449,0.030556421434748765,7.0,9.0,-2.0,4.5482053554658535,4.662225961464445,-0.11402060599859176,"[7, 0, 0]",10,0
memorias_braz_cubas,intermediario,pt,sbert,150,264,43426,10,0.4667161703109741,2.3025126885654936,2.302579773524076,6.708495858243069e-05,-0.03954824098098741,0.9999685551562144,0.9999976897835454,2.913462733100669e-05,10,10.0,0,0.0,0.01854638827468802,0.04953466404766449,0.0,9.0,9.0,0.0,4.6486153148350535,4.662225961464445,-0.01361064662939171,"[9, 0, 0]",10,0
memorias_braz_cubas,intermediario,pt,sbert,150,265,43606,9,0.4667161703109741,2.1884852558009684,2.1972245773362196,0.008739321535251143,-1.9127929980511336,0.9960225633622549,1.0,0.00397743663774508,9,9.0,0,0.0,0.17719711704617125,0.03330910062640591,0.14388801641976534,8.0,9.0,-1.0,4.023248415752596,4.200445532798767,-0.17719711704617147,"[8, 0, 0]",9,0
memorias_braz_cubas,intermediario,pt,sbert,150,266,43767,9,0.4667161703109741,2.193261075178915,2.1972245773362196,0.003963502157304344,-0.8674997416758217,0.9981961324308007,1.0,0.0018038675691992578,9,9.0,0,0.0,0.12344241866179773,0.03330910062640591,0.09013331803539182,8.0,9.0,-1.0,4.07700311413697,4.200445532798767,-0.1234424186617975,"[8, 0, 0]",9,0
memorias_braz_cubas,intermediario,pt,sbert,150,267,43923,9,0.4667161703109741,2.1950014905771917,2.1972245773362196,0.002223086759027826,-0.48657149980995795,0.9989882296138691,1.0,0.0010117703861308724,9,9.0,0,0.0,0.09406897394768193,0.03330910062640591,0.060759873321276026,8.0,9.0,-1.0,4.106376558851085,4.200445532798767,-0.09406897394768166,"[8, 0, 0]",9,0
memorias_braz_cubas,intermediario,pt,sbert,150,268,44116,5,0.4667161703109741,1.6094379124341005,1.6094379124341005,0.0,0.0,1.0000000000000002,1.0000000000000002,0.0,5,5.0,0,0.0,1.849238202843262e-308,1.849238202843262e-308,0.0,5.0,5.0,0.0,2.3335808515548706,2.3335808515548706,0.0,"[5, 0, 0]",5,0
memorias_braz_cubas,intermediario,pt,sbert,150,269,44272,6,0.4667161703109741,1.790465194168587,1.7917594692280547,0.0012942750594677754,-0.1423885780864638,0.9992776513356306,0.9999999999999999,0.0007223486643692656,6,6.0,0,0.0,0.061353474245255,0.04458318674303163,0.01677028750222337,5.0,6.0,-1.0,2.7389435476205897,2.8002970218658447,-0.06135347424525506,"[5, 0, 0]",6,0
memorias_braz_cubas,intermediario,pt,sbert,150,270,44438,7,0.4667161703109741,1.945910149055313,1.945910149055313,0.0,0.0,0.9999999999999999,0.9999999999999999,0.0,7,7.0,0,0.0,1.361146598449481e-308,1.361146598449481e-308,0.0,7.0,7.0,0.0,3.267013192176819,3.267013192176819,0.0,"[7, 0, 0]",7,0
memorias_braz_cubas,intermediario,pt,sbert,150,271,44615,14,0.4667161703109741,2.6195305923750123,2.638980899176345,0.01945030680133275,-1.6483813825756959,0.9926008665969023,0.9999699245333467,0.007369057936444379,14,14.0,0,0.0,0.18823239176598483,0.0299868731048179,0.15824551866116693,9.0,13.0,-4.0,5.761720009056727,6.507105324978172,-0.7453853159214443,"[9, 0, 0]",14,0
memorias_braz_cubas,intermediario,pt,sbert,150,272,44773,12,0.4667161703109741,2.3012754899181456,2.4845225460609894,0.18324705614284387,-58.854671118854284,0.999431246610653,0.9998454252890974,0.00041417867844439904,10,12.0,0,0.0,0.23335808515548706,0.0694845115964619,0.16387357355902515,8.0,11.0,-3.0,4.55877336386313,5.5318478372610596,-0.9730744733979293,"[8, 0, 0]",10,0
memorias_braz_cubas,intermediario,pt,sbert,150,273,44937,9,0.4667161703109741,2.1801135737379536,2.1972245773362196,0.017111003598266006,-3.745120000491023,0.9922124466589527,1.0,0.007787553341047304,9,9.0,0,0.0,0.2329342951984948,0.03330910062640591,0.19962519457208888,7.0,9.0,-2.0,3.8884752116830152,4.200445532798767,-0.31197032111575185,"[7, 0, 0]",9,0
memorias_braz_cubas,intermediario,pt,sbert,150,274,45114,10,0.4667161703109741,2.291752944418142,2.302579773524076,0.01082682910593391,-6.382683325582049,0.9952956576463289,0.9999976897835454,0.0047020321372165386,10,10.0,0,0.0,0.18362779842700094,0.04953466404766449,0.13409313437933645,6.0,9.0,-3.0,4.350506179237668,4.662225961464445,-0.31171978222677765,"[6, 0, 0]",10,0
memorias_braz_cubas,intermediario,pt,sbert,150,275,45266,9,0.4667161703109741,2.1967556459051236,2.1972245773362196,0.0004689314310959425,-0.10263597172256234,0.9997865801084092,1.0,0.00021341989159084918,9,9.0,0,0.0,0.03368254760736428,0.03330910062640591,0.0003734469809583696,6.0,9.0,-3.0,4.117435294012678,4.200445532798767,-0.08301023878608937,"[6, 0, 0]",9,0
memorias_braz_cubas,intermediario,pt,sbert,150,276,45429,13,0.4667161703109741,2.5578026950834265,2.5645129437501177,0.006710248666691232,-0.5617467785721257,0.9972137218392557,0.9998298548428843,0.002616133003628618,13,13.0,0,0.0,0.1164952229011178,0.0481267705836842,0.0683684523174336,8.0,12.0,-4.0,5.631257482112952,6.0168866246147825,-0.38562914250183056,"[8, 0, 0]",13,0
memorias_braz_cubas,intermediario,pt,sbert,150,277,45580,19,0.4667161703109741,2.935975918011518,2.943805944243053,0.007830026231534948,-5.431656184043324,0.9800528384762565,0.9997797732146376,0.019726934738381163,20,19.0,1,0.0,0.1471941104137791,0.05946281874162085,0.08773129167215826,10.0,17.0,-7.0,7.99819373096234,8.745180317929908,-0.7469865869675676,"[8, 1, 0]",20,0
memorias_braz_cubas,intermediario,pt,sbert,150,278,45730,15,0.4667161703109741,2.691602958189461,2.7072491704320925,0.015646212242631297,-3.2371185490983376,0.993926536920898,0.9996986672675874,0.00577213034668933,15,15.0,0,0.0,0.17037301189907597,0.06061292303722349,0.10976008886185248,6.0,13.0,-7.0,6.042138667872809,6.917417995122824,-0.8752793272500146,"[6, 0, 0]",15,0
memorias_braz_cubas,intermediario,pt,sbert,150,279,45880,11,0.4667161703109741,2.3912380783439477,2.3978923197490083,0.006654241405060546,-2.1301464452418384,0.9972237342764958,0.9999982698138128,0.002774535537316991,11,11.0,0,0.0,0.13952012960413734,0.032835696813105886,0.10668443279103146,8.0,10.0,-2.0,4.824858310539874,5.129224062549035,-0.3043657520091614,"[8, 0, 0]",11,0
memorias_braz_cubas,intermediario,pt,sbert,150,280,46037,9,0.4667161703109741,2.1960045680815137,2.1972245773362196,0.0012200092547058894,-0.26702589560826195,0.9994447498597595,1.0,0.000555250140240493,9,9.0,0,0.0,0.07062442801121094,0.03330910062640591,0.03731532738480503,8.0,9.0,-1.0,4.129821104787556,4.200445532798767,-0.07062442801121094,"[8, 0, 0]",9,0
memorias_braz_cubas,intermediario,pt,sbert,150,281,46193,9,0.4667161703109741,2.1972245773362196,2.1972245773362196,0.0,0.0,1.0,1.0,0.0,9,9.0,0,0.0,1.898421350758533e-308,0.03330910062640591,0.0,9.0,9.0,0.0,4.200445532798767,4.200445532798767,0.0,"[9, 0, 0]",9,0
memorias_braz_cubas,intermediario,pt,sbert,150,282,46344,5,0.4667161703109741,1.6094379124341005,1.6094379124341005,0.0,0.0,1.0000000000000002,1.0000000000000002,0.0,5,5.0,0,0.0,1.849238202843262e-308,1.849238202843262e-308,0.0,5.0,5.0,0.0,2.3335808515548706,2.3335808515548706,0.0,"[5, 0, 0]",5,0
memorias_braz_cubas,intermediario,pt,sbert,150,283,46512,6,0.4667161703109741,1.7816045971541636,1.7917594692280547,0.010154872073891097,-1.1171796788279946,0.9943324579842927,0.9999999999999999,0.005667542015707183,6,6.0,0,0.0,0.16062213582633555,0.04458318674303163,0.11603894908330392,5.0,6.0,-1.0,2.639674886039509,2.8002970218658447,-0.16062213582633555,"[5, 0, 0]",6,0
memorias_braz_cubas,intermediario,pt,sbert,150,284,46662,5,0.4667161703109741,1.6094379124341005,1.6094379124341005,0.0,0.0,1.0000000000000002,1.0000000000000002,0.0,5,5.0,0,0.0,1.849238202843262e-308,1.849238202843262e-308,0.0,5.0,5.0,0.0,2.3335808515548706,2.3335808515548706,0.0,"[5, 0, 0]",5,0
memorias_braz_cubas,intermediario,pt,sbert,150,285,46836,8,0.4667161703109741,2.0794415416798357,2.0794415416798357,0.0,0.0,1.0,1.0,0.0,8,8.0,0,0.0,1.8080951285147857e-308,0.02039056539882822,0.0,8.0,8.0,0.0,3.733729362487793,3.733729362487793,0.0,"[8, 0, 0]",8,0
memorias_braz_cubas,intermediario,pt,sbert,150,286,46986,8,0.4667161703109741,2.079301266017927,2.0794415416798357,0.00014027566190888408,-0.04544446867396627,0.9999325416660689,1.0,6.74583339310697e-05,8,8.0,0,0.0,0.023339918134278936,0.02039056539882822,0.0029493527354507165,7.0,8.0,-1.0,3.710389444353514,3.733729362487793,-0.023339918134278825,"[7, 0, 0]",8,0
memorias_braz_cubas,intermediario,pt,sbert,150,287,47150,12,0.4667161703109741,2.4787693801904025,2.4845225460609894,0.00575316587058694,-1.8477824000712295,0.9975301810238539,0.9998454252890974,0.0023152442652434324,12,12.0,0,0.0,0.12850813130326996,0.0694845115964619,0.059023619706808056,10.0,11.0,-1.0,5.429087289543062,5.5318478372610596,-0.10276054771799714,"[10, 0, 0]",12,0
memorias_braz_cubas,intermediario,pt,sbert,150,288,47302,13,0.4667161703109741,2.5520679741905363,2.5645129437501177,0.01244496955958141,-1.0418274950412811,0.994977919063576,0.9998298548428843,0.004851935779308314,13,13.0,0,0.0,0.1576295568080915,0.0481267705836842,0.10950278622440729,8.0,12.0,-4.0,5.53371127413653,6.0168866246147825,-0.4831753504782528,"[8, 0, 0]",13,0
memorias_braz_cubas,intermediario,pt,sbert,150,289,47457,11,0.4667161703109741,2.297728729519362,2.3978923197490083,0.10016359022964627,-32.06422831430171,0.9978909081408283,0.9999982698138128,0.0021073616729845313,10,11.0,0,0.0,0.2310311797196472,0.032835696813105886,0.19819548290654132,6.0,10.0,-4.0,4.343609636775826,5.129224062549035,-0.7856144257732094,"[6, 0, 0]",10,0
memorias_braz_cubas,intermediario,pt,sbert,150,290,47617,6,0.4667161703109741,1.7867905156372328,1.7917594692280547,0.004968953590821945,-0.5466552346807243,0.9972267741981222,0.9999999999999999,0.0027732258018776657,6,6.0,0,0.0,0.115958460622751,0.04458318674303163,0.07137527387971937,5.0,6.0,-1.0,2.6843385612430937,2.8002970218658447,-0.11595846062275106,"[5, 0, 0]",6,0
memorias_braz_cubas,intermediario,pt,sbert,150,291,47785,7,0.4667161703109741,1.945910149055313,1.945910149055313,0.0,0.0,0.9999999999999999,0.9999999999999999,0.0,7,7.0,0,0.0,1.361146598449481e-308,1.361146598449481e-308,0.0,7.0,7.0,0.0,3.267013192176819,3.267013192176819,0.0,"[7, 0, 0]",7,0
memorias_braz_cubas,intermediario,pt,sbert,150,292,47943,5,0.4667161703109741,1.6029138597825614,1.6094379124341005,0.006524052651539103,-2.427669389163948,0.9959463781726926,1.0000000000000002,0.0040536218273076186,5,5.0,0,0.0,0.12248205050741329,1.849238202843262e-308,0.12248205050741329,4.0,5.0,-1.0,2.2110988010474575,2.3335808515548706,-0.12248205050741312,"[4, 0, 0]",5,0
memorias_braz_cubas,intermediario,pt,sbert,150,293,48104,15,0.4667161703109741,2.6824732756507212,2.7072491704320925,0.02477589478137121,-5.12600157300419,0.9905552247734999,0.9996986672675874,0.009143442494087495,15,15.0,0,0.0,0.20057658386979077,0.06061292303722349,0.13996366083256728,11.0,13.0,-2.0,6.273890710869066,6.917417995122824,-0.643527284253758,"[11, 0, 0]",15,0
memorias_braz_cubas,intermediario,pt,sbert,150,294,48266,10,0.4667161703109741,2.2994173031149083,2.302579773524076,0.003162470409167728,-1.8643544615642438,0.9986242463356616,0.9999976897835454,0.0013734434478838153,10,10.0,0,0.0,0.1051360667552585,0.04953466404766449,0.055601402707594005,6.0,9.0,-3.0,4.475157867371719,4.662225961464445,-0.1870680940927265,"[6, 0, 0]",10,0
memorias_braz_cubas,intermediario,pt,sbert,150,295,48416,9,0.4667161703109741,2.1971734563981142,2.1972245773362196,5.112093810533125e-05,-0.011188943222567102,0.9999767338584172,1.0,2.3266141582767297e-05,9,9.0,0,0.0,0.014900428388961828,0.03330910062640591,0.0,8.0,9.0,-1.0,4.1855451044098055,4.200445532798767,-0.01490042838896155,"[8, 0, 0]",9,0
memorias_braz_cubas,intermediario,pt,sbert,150,296,48590,9,0.4667161703109741,2.1956522155964793,2.1972245773362196,0.0015723617397402911,-0.3441459973805962,0.9992843873330206,1.0,0.0007156126669793927,9,9.0,0,0.0,0.06972807834281947,0.03330910062640591,0.03641897771641356,7.0,9.0,-2.0,4.082255682933106,4.200445532798767,-0.1181898498656615,"[7, 0, 0]",9,0
memorias_braz_cubas,intermediario,pt,sbert,150,297,48776,8,0.4667161703109741,2.0761499860698285,2.0794415416798357,0.0032915556100072685,-1.066350311750835,0.9984170963482107,1.0,0.001582903651789258,8,8.0,0,0.0,0.08627182579777448,0.02039056539882822,0.06588126039894626,6.0,8.0,-2.0,3.5695557504214586,3.733729362487793,-0.1641736120663344,"[6, 0, 0]",8,0
memorias_braz_cubas,intermediario,pt,sbert,150,298,48930,5,0.4667161703109741,1.6094379124341005,1.6094379124341005,0.0,0.0,1.0000000000000002,1.0000000000000002,0.0,5,5.0,0,0.0,1.849238202843262e-308,1.849238202843262e-308,0.0,5.0,5.0,0.0,2.3335808515548706,2.3335808515548706,0.0,"[5, 0, 0]",5,0
memorias_braz_cubas,intermediario,pt,sbert,150,299,49088,8,0.4667161703109741,2.0794415416798357,2.0794415416798357,0.0,0.0,1.0,1.0,0.0,8,8.0,0,0.0,1.8080951285147857e-308,0.02039056539882822,0.0,8.0,8.0,0.0,3.733729362487793,3.733729362487793,0.0,"[8, 0, 0]",8,0
memorias_braz_cubas,intermediario,pt,sbert,150,300,49259,8,0.4667161703109741,2.07126505149615,2.0794415416798357,0.008176490183685825,-2.648900364889101,0.9960679393867063,1.0,0.003932060613293653,8,8.0,0,0.0,0.1405497528327525,0.02039056539882822,0.12015918743392429,6.0,8.0,-2.0,3.4867261365888798,3.733729362487793,-0.24700322589891321,"[6, 0, 0]",8,0
memorias_braz_cubas,intermediario,pt,sbert,150,301,49413,9,0.4667161703109741,2.15861352268828,2.1972245773362196,0.03861105464793946,-8.450879702737232,0.9824273517390065,1.0,0.017572648260993473,9,9.0,0,0.0,0.23335808515548706,0.03330910062640591,0.20004898452908115,7.0,9.0,-2.0,3.843928913696221,4.200445532798767,-0.3565166191025462,"[7, 0, 0]",9,0
memorias_braz_cubas,intermediario,pt,sbert,150,302,49580,6,0.4667161703109741,1.7914319551539815,1.7917594692280547,0.00032751407407327626,-0.036031184383461166,0.9998172109149145,0.9999999999999999,0.0001827890850853997,6,6.0,0,0.0,0.03144711307805126,0.04458318674303163,0.0,5.0,6.0,-1.0,2.7688499087877934,2.8002970218658447,-0.03144711307805137,"[5, 0, 0]",6,0
memorias_braz_cubas,intermediario,pt,sbert,150,303,49740,8,0.4667161703109741,2.0779564105465944,2.0794415416798357,0.0014851311332413353,-0.4811311837199286,0.999285802893001,1.0,0.0007141971069990483,8,8.0,0,0.0,0.07380252644508095,0.02039056539882822,0.05341196104625273,7.0,8.0,-1.0,3.659926836042712,3.733729362487793,-0.07380252644508101,"[7, 0, 0]",8,0
memorias_braz_cubas,intermediario,pt,sbert,150,304,49906,4,0.4667161703109741,1.3803141598255624,1.3862943611198906,0.005980201294328191,-157.95813513852048,0.9956861966245775,1.0,0.004313803375422531,4,4.0,0,0.0,0.10854626332707656,1.5740382326213016e-308,0.10854626332707656,3.0,4.0,-1.0,1.7583184179168199,1.8668646812438965,-0.10854626332707662,"[3, 0, 0]",4,0
memorias_braz_cubas,intermediario,pt,sbert,150,305,50061,7,0.4667161703109741,1.945910149055313,1.945910149055313,0.0,0.0,0.9999999999999999,0.9999999999999999,0.0,7,7.0,0,0.0,1.361146598449481e-308,1.361146598449481e-308,0.0,7.0,7.0,0.0,3.267013192176819,3.267013192176819,0.0,"[7, 0, 0]",7,0
memorias_braz_cubas,intermediario,pt,sbert,150,306,50221,11,0.4667161703109741,2.396610944669474,2.3978923197490083,0.001281375079534186,-0.4101919970344672,0.9994643935690328,0.9999982698138128,0.0005338762447799628,11,11.0,0,0.0,0.06714804126606022,0.032835696813105886,0.034312344452954335,9.0,10.0,-1.0,5.018227857559042,5.129224062549035,-0.11099620498999307,"[9, 0, 0]",11,0
memorias_braz_cubas,intermediario,pt,sbert,150,307,50387,15,0.4667161703109741,2.551436537226129,2.7072491704320925,0.15581263320596328,-32.23680960690169,0.9947317399479649,0.9996986672675874,0.0049669273196224495,13,15.0,0,0.0,0.23335808515548706,0.06061292303722349,0.17274516211826357,10.0,13.0,-3.0,5.799927711888385,6.917417995122824,-1.1174902832344387,"[10, 0, 0]",13,0
memorias_braz_cubas,intermediario,pt,sbert,150,308,50540,7,0.4667161703109741,1.9429294938891999,1.945910149055313,0.002980655166113122,-0.8002110208109928,0.9984682462509585,0.9999999999999999,0.0015317537490413535,7,7.0,0,0.0,0.09819042415781315,1.361146598449481e-308,0.09819042415781315,5.0,7.0,-2.0,3.153950819541368,3.267013192176819,-0.11306237263545071,"[5, 0, 0]",7,0
memorias_braz_cubas,intermediario,pt,sbert,150,309,50712,10,0.4667161703109741,2.298515292076729,2.302579773524076,0.004064481447346946,-2.3961122603201184,0.9982325079191645,0.9999976897835454,0.0017651818643809047,10,10.0,0,0.0,0.1158900337400437,0.04953466404766449,0.0663553696923792,7.0,9.0,-2.0,4.480633059456428,4.662225961464445,-0.18159290200801692,"[7, 0, 0]",10,0
memorias_braz_cubas,intermediario,pt,sbert,150,310,50874,10,0.4667161703109741,2.3009149935253523,2.302579773524076,0.00166477999872372,-0.9814289516025224,0.9992746850165168,0.9999976897835454,0.0007230047670285789,10,10.0,0,0.0,0.08593375401032338,0.04953466404766449,0.03639908996265889,9.0,9.0,0.0,4.581227949099418,4.662225961464445,-0.08099801236502735,"[9, 0, 0]",10,0
memorias_braz_cubas,intermediario,pt,sbert,150,311,51040,10,0.4667161703109741,2.300651889875016,2.302579773524076,0.001927883649059936,-1.1365350556584506,0.9991604205530072,0.9999976897835454,0.0008372692305381735,10,10.0,0,0.0,0.0803794530137397,0.04953466404766449,0.030844788966075204,8.0,9.0,-1.0,4.5330927501836005,4.662225961464445,-0.12913321128084476,"[8, 0, 0]",10,0
memorias_braz_cubas,intermediario,pt,sbert,150,312,51208,8,0.4667161703109741,2.075618273558387,2.0794415416798357,0.0038232681214487307,-1.2386067975940653,0.998161396680399,1.0,0.001838603319600951,8,8.0,0,0.0,0.09537222366908199,0.02039056539882822,0.07498165827025377,5.0,8.0,-3.0,3.5551685131967568,3.733729362487793,-0.17856084929103622,"[5, 0, 0]",8,0
memorias_braz_cubas,intermediario,pt,sbert,150,313,51376,8,0.4667161703109741,2.078686186790959,2.0794415416798357,0.0007553548888767914,-0.24470889046729644,0.9996367510825688,1.0,0.0003632489174312248,8,8.0,0,0.0,0.05368744071718057,0.02039056539882822,0.03329687531835235,6.0,8.0,-2.0,3.6748306696952637,3.733729362487793,-0.05889869279252924,"[6, 0, 0]",8,0
memorias_braz_cubas,intermediario,pt,sbert,150,314,51527,7,0.4667161703109741,1.945910149055313,1.945910149055313,0.0,0.0,0.9999999999999999,0.9999999999999999,0.0,7,7.0,0,0.0,1.361146598449481e-308,1.361146598449481e-308,0.0,7.0,7.0,0.0,3.267013192176819,3.267013192176819,0.0,"[7, 0, 0]",7,0
memorias_braz_cubas,intermediario,pt,sbert,150,315,51708,4,0.4667161703109741,1.3862943611198906,1.3862943611198906,0.0,0.0,1.0,1.0,0.0,4,4.0,0,0.0,1.5740382326213016e-308,1.5740382326213016e-308,0.0,4.0,4.0,0.0,1.8668646812438965,1.8668646812438965,0.0,"[4, 0, 0]",4,0
memorias_braz_cubas,intermediario,pt,sbert,150,316,51859,8,0.4667161703109741,2.077708644160328,2.0794415416798357,0.0017328975195076701,-0.5613989338479298,0.9991666524474125,1.0,0.0008333475525874601,8,8.0,0,0.0,0.07945742078355483,0.02039056539882822,0.05906685538472661,7.0,8.0,-1.0,3.654271941704238,3.733729362487793,-0.07945742078355478,"[7, 0, 0]",8,0
memorias_braz_cubas,intermediario,pt,sbert,150,317,52018,6,0.4667161703109741,1.7908020002694487,1.7917594692280547,0.0009574689586060448,-0.10533513921986871,0.9994656263996089,0.9999999999999999,0.0005343736003909916,6,6.0,0,0.0,0.05304899614845754,0.04458318674303163,0.008465809405425906,5.0,6.0,-1.0,2.7472480257173872,2.8002970218658447,-0.05304899614845748,"[5, 0, 0]",6,0
memorias_braz_cubas,intermediario,pt,sbert,150,318,52171,10,0.4667161703109741,2.3015834312019146,2.302579773524076,0.000996342322161503,-0.587368421909101,0.999564983810944,0.9999976897835454,0.000432705972601366,10,10.0,0,0.0,0.06739677674927641,0.04953466404766449,0.01786211270161192,8.0,9.0,-1.0,4.597825470481652,4.662225961464445,-0.0644004909827931,"[8, 0, 0]",10,0
memorias_braz_cubas,intermediario,pt,sbert,150,319,52321,8,0.4667161703109741,2.0794415416798357,2.0794415416798357,0.0,0.0,1.0,1.0,0.0,8,8.0,0,0.0,1.8080951285147857e-308,0.02039056539882822,0.0,8.0,8.0,0.0,3.733729362487793,3.733729362487793,0.0,"[8, 0, 0]",8,0
memorias_braz_cubas,intermediario,pt,sbert,150,320,52492,9,0.4667161703109741,2.1910115568815005,2.1972245773362196,0.006213020454719054,-1.3598563658058105,0.9971723325331399,1.0,0.00282766746686014,9,9.0,0,0.0,0.1519526043094006,0.03330910062640591,0.1186435036829947,7.0,9.0,-2.0,4.047419462213156,4.200445532798767,-0.1530260705856108,"[7, 0, 0]",9,0
memorias_braz_cubas,intermediario,pt,sbert,150,321,52645,6,0.4667161703109741,1.7917398761020196,1.7917594692280547,1.959312603516672e-05,-0.002155521220940072,0.9999890648681523,0.9999999999999999,1.0935131847578106e-05,6,6.0,0,0.0,0.007802982523543001,0.04458318674303163,0.0,5.0,6.0,-1.0,2.7924940393423014,2.8002970218658447,-0.007802982523543278,"[5, 0, 0]",6,0
memorias_braz_cubas,intermediario,pt,sbert,150,322,52849,6,0.4667161703109741,1.7654882186565843,1.7917594692280547,0.026271250571470395,-2.890209454366763,0.9853377358832717,0.9999999999999999,0.014662264116728219,6,6.0,0,0.0,0.23335808515548706,0.04458318674303163,0.18877489841245543,5.0,6.0,-1.0,2.5579634698252502,2.8002970218658447,-0.24233355204059448,"[5, 0, 0]",6,0
memorias_braz_cubas,intermediario,pt,sbert,150,323,53020,6,0.4667161703109741,1.7886745275085076,1.7917594692280547,0.0030849417195470963,-0.3393872590781065,0.9982782612440294,0.9999999999999999,0.001721738755970481,6,6.0,0,0.0,0.09280398772276471,0.04458318674303163,0.04822080097973308,5.0,6.0,-1.0,2.70749303414308,2.8002970218658447,-0.09280398772276488,"[5, 0, 0]",6,0
memorias_braz_cubas,intermediario,pt,sbert,150,324,53208,10,0.4667161703109741,2.3025850929940455,2.302579773524076,5.319469969400359e-06,0.003135959009089524,0.9999999999999998,0.9999976897835454,2.3102164543598036e-06,10,10.0,0,0.0,0.004935741645295866,0.04953466404766449,0.0,10.0,9.0,1.0,4.667161703109741,4.662225961464445,0.004935741645295977,"[10, 0, 0]",10,0
memorias_braz_cubas,intermediario,pt,sbert,150,325,53359,8,0.4667161703109741,2.0791061904100028,2.0794415416798357,0.00033535126983297303,-0.10864222680765813,0.9998387301286854,1.0,0.00016126987131459547,8,8.0,0,0.0,0.035934921145266585,0.02039056539882822,0.015544355746438365,6.0,8.0,-2.0,3.6886869523173287,3.733729362487793,-0.045042410170464287,"[6, 0, 0]",8,0
memorias_braz_cubas,intermediario,pt,sbert,150,326,53509,5,0.4667161703109741,1.602287419069974,1.6094379124341005,0.007150493364126431,-2.660774641880683,0.9955571486735317,1.0000000000000002,0.004442851326468489,5,5.0,0,0.0,0.10864342964257706,1.849238202843262e-308,0.10864342964257706,2.0,5.0,-3.0,2.0369282549137218,2.3335808515548706,-0.29665259664114885,"[2, 0, 0]",5,0
memorias_braz_cubas,intermediario,pt,sbert,150,327,53681,6,0.4667161703109741,1.784998628431405,1.7917594692280547,0.006760840796649736,-0.7437881929825438,0.9962267029069685,0.9999999999999999,0.0037732970930314247,6,6.0,0,0.0,0.13361622249049598,0.04458318674303163,0.08903303574746435,5.0,6.0,-1.0,2.6666807993753485,2.8002970218658447,-0.1336162224904962,"[5, 0, 0]",6,0
memorias_braz_cubas,intermediario,pt,sbert,150,328,53857,5,0.4667161703109741,1.562508454209689,1.6094379124341005,0.046929458224411524,-17.462950602425757,0.9708410881452174,1.0000000000000002,0.02915891185478281,5,5.0,0,0.0,0.23335808515548706,1.849238202843262e-308,0.23335808515548706,3.0,5.0,-2.0,2.0159421796189427,2.3335808515548706,-0.3176386719359279,"[3, 0, 0]",5,0
memorias_braz_cubas,intermediario,pt,sbert,150,329,54017,10,0.4667161703109741,2.283234311315444,2.302579773524076,0.019345462208632203,-11.40462806391212,0.9915960622964686,0.9999976897835454,0.008401627487076846,10,10.0,0,0.0,0.2308902143328391,0.04953466404766449,0.1813555502851746,8.0,9.0,-1.0,4.33473033442403,4.662225961464445,-0.327495627040415,"[8, 0, 0]",10,0
memorias_braz_cubas,intermediario,pt,sbert,150,330,54167,11,0.4667161703109741,2.3970532435713716,2.3978923197490083,0.0008390761776366773,-0.2686038916052242,0.9996488465378155,0.9999982698138128,0.00034942327599729595,11,11.0,0,0.0,0.06448327688661293,0.032835696813105886,0.03164758007350704,10.0,10.0,0.0,5.069394596534103,5.129224062549035,-0.05982946601493211,"[10, 0, 0]",11,0
memorias_braz_cubas,intermediario,pt,sbert,150,331,54354,5,0.4667161703109741,1.6094379124341005,1.6094379124341005,0.0,0.0,1.0000000000000002,1.0000000000000002,0.0,5,5.0,0,0.0,1.849238202843262e-308,1.849238202843262e-308,0.0,5.0,5.0,0.0,2.3335808515548706,2.3335808515548706,0.0,"[5, 0, 0]",5,0
memorias_braz_cubas,intermediario,pt,sbert,150,332,54507,9,0.4667161703109741,2.1953362900016935,2.1972245773362196,0.001888287334526062,-0.4132932719343292,0.9991406033984859,1.0,0.0008593966015141286,9,9.0,0,0.0,0.0739792441895128,0.03330910062640591,0.040670143563106886,6.0,9.0,-3.0,4.039187078351306,4.200445532798767,-0.16125845444746112,"[6, 0, 0]",9,0
memorias_braz_cubas,intermediario,pt,sbert,150,333,54661,11,0.4667161703109741,2.397810680285538,2.3978923197490083,8.163946347039541e-05,-0.026134310782692648,0.9999647221820768,0.9999982698138128,3.354763173601949e-05,11,11.0,0,0.0,0.020900295349413178,0.032835696813105886,0.0,10.0,10.0,0.0,5.112977578071302,5.129224062549035,-0.016246484477733247,"[10, 0, 0]",11,0
memorias_braz_cubas,intermediario,pt,sbert,150,334,54822,6,0.4667161703109741,1.7913404256016425,1.7917594692280547,0.0004190436264122077,-0.0461007308180423,0.9997661272991106,0.9999999999999999,0.00023387270088925938,6,6.0,0,0.0,0.03548243582966376,0.04458318674303163,0.0,5.0,6.0,-1.0,2.764814586036181,2.8002970218658447,-0.03548243582966393,"[5, 0, 0]",6,0
memorias_braz_cubas,intermediario,pt,sbert,150,335,55003,6,0.4667161703109741,1.7915936247393065,1.7917594692280547,0.00016584448874823465,-0.01824524142962953,0.9999074404284746,0.9999999999999999,9.255957152531913e-05,6,6.0,0,0.0,0.022500785078345076,0.04458318674303163,0.0,5.0,6.0,-1.0,2.7777962367874998,2.8002970218658447,-0.022500785078344965,"[5, 0, 0]",6,0
memorias_braz_cubas,intermediario,pt,sbert,150,336,55199,8,0.4667161703109741,2.076857239963202,2.0794415416798357,0.002584301716633597,-0.8372244821907684,0.9987572135764173,1.0,0.0012427864235826647,8,8.0,0,0.0,0.09607768638737502,0.02039056539882822,0.0756871209885468,7.0,8.0,-1.0,3.637651676100418,3.733729362487793,-0.09607768638737513,"[7, 0, 0]",8,0
memorias_braz_cubas,intermediario,pt,sbert,150,337,55366,7,0.4667161703109741,1.9446151704954344,1.945910149055313,0.0012949785598785901,-0.34766051675816967,0.9993345126646739,0.9999999999999999,0.0006654873353260093,7,7.0,0,0.0,0.05148873113930069,1.361146598449481e-308,0.05148873113930069,4.0,7.0,-3.0,3.133692832769534,3.267013192176819,-0.1333203594072847,"[4, 0, 0]",7,0
memorias_braz_cubas,intermediario,pt,sbert,150,338,55531,6,0.4667161703109741,1.788995183438367,1.7917594692280547,0.0027642857896876816,-0.30411056764093236,0.9984572227259506,0.9999999999999999,0.0015427772740492784,6,6.0,0,0.0,0.08812104068916449,0.04458318674303163,0.043537853946132854,5.0,6.0,-1.0,2.71217598117668,2.8002970218658447,-0.0881210406891646,"[5, 0, 0]",6,0
memorias_braz_cubas,intermediario,pt,sbert,150,339,55731,11,0.4667161703109741,2.396741825242217,2.3978923197490083,0.0011504945067914996,-0.36829469126990233,0.9995189750072747,0.9999982698138128,0.00047929480653807754,11,11.0,0,0.0,0.07489857833901972,0.032835696813105886,0.04206288152591384,10.0,10.0,0.0,5.058828467099769,5.129224062549035,-0.07039559544926632,"[10, 0, 0]",11,0
memorias_braz_cubas,intermediario,pt,sbert,150,340,55886,12,0.4667161703109741,2.4805181937979843,2.4845225460609894,0.0040043522630051065,-1.2861043470160487,0.9982339553920907,0.9998454252890974,0.0016114698970066677,12,12.0,0,0.0,0.08375820183301444,0.0694845115964619,0.014273690236552533,9.0,11.0,-2.0,5.334188748947,5.5318478372610596,-0.19765908831405987,"[9, 0, 0]",12,0
memorias_braz_cubas,intermediario,pt,sbert,150,341,56056,7,0.4667161703109741,1.938940730815676,1.945910149055313,0.006969418239636926,-1.8710669209250483,0.9964184275193689,0.9999999999999999,0.003581572480630957,7,7.0,0,0.0,0.1391029195518077,1.361146598449481e-308,0.1391029195518077,4.0,7.0,-3.0,3.0425084433567386,3.267013192176819,-0.2245047488200802,"[4, 0, 0]",7,0
memorias_braz_cubas,intermediario,pt,sbert,150,342,56211,7,0.4667161703109741,1.945910149055313,1.945910149055313,0.0,0.0,0.9999999999999999,0.9999999999999999,0.0,7,7.0,0,0.0,1.361146598449481e-308,1.361146598449481e-308,0.0,7.0,7.0,0.0,3.267013192176819,3.267013192176819,0.0,"[7, 0, 0]",7,0
memorias_braz_cubas,intermediario,pt,sbert,150,343,56378,8,0.4667161703109741,2.0794415416798357,2.0794415416798357,0.0,0.0,1.0,1.0,0.0,8,8.0,0,0.0,1.8080951285147857e-308,0.02039056539882822,0.0,8.0,8.0,0.0,3.733729362487793,3.733729362487793,0.0,"[8, 0, 0]",8,0
memorias_braz_cubas,intermediario,pt,sbert,150,344,56534,7,0.4667161703109741,1.9443016067332821,1.945910149055313,0.0016085423220308925,-0.4318424043692864,0.9991733727670766,0.9999999999999999,0.0008266272329232605,7,7.0,0,0.0,0.07250869816876354,1.361146598449481e-308,0.07250869816876354,6.0,7.0,-1.0,3.194504494008055,3.267013192176819,-0.07250869816876371,"[6, 0, 0]",7,0
memorias_braz_cubas,intermediario,pt,sbert,150,345,56708,14,0.4667161703109741,2.6383738347753285,2.638980899176345,0.0006070644010165438,-0.05144770552367689,0.9997410079605851,0.9999699245333467,0.00022891657276158384,14,14.0,0,0.0,0.05217766278663655,0.0299868731048179,0.022190789681818646,9.0,13.0,-4.0,6.381372951633642,6.507105324978172,-0.1257323733445297,"[9, 0, 0]",14,0
memorias_braz_cubas,intermediario,pt,sbert,150,346,56866,11,0.4667161703109741,2.3960183739981566,2.3978923197490083,0.0018739457508516466,-0.5998848909684787,0.9992172724048854,0.9999982698138128,0.0007809974089273419,11,11.0,0,0.0,0.09025520153500777,0.032835696813105886,0.05741950472190188,9.0,10.0,-1.0,5.024740502925095,5.129224062549035,-0.10448355962394018,"[9, 0, 0]",11,0
memorias_braz_cubas,intermediario,pt,sbert,150,347,57017,8,0.4667161703109741,2.0729096277492434,2.0794415416798357,0.006531913930592381,-2.116114470325302,0.9968588133882736,1.0,0.0031411866117263543,8,8.0,0,0.0,0.1482580987740234,0.02039056539882822,0.12786753337519519,5.0,8.0,-3.0,3.5511168175895103,3.733729362487793,-0.1826125448982827,"[5, 0, 0]",8,0
memorias_braz_cubas,intermediario,pt,sbert,150,348,57171,5,0.4667161703109741,1.605106775684232,1.6094379124341005,0.004331136749868403,-1.6116620557098107,0.997308913430952,1.0000000000000002,0.002691086569048262,5,5.0,0,0.0,0.1036853290118594,1.849238202843262e-308,0.1036853290118594,3.0,5.0,-2.0,2.208783017663106,2.3335808515548706,-0.12479783389176458,"[3, 0, 0]",5,0
memorias_braz_cubas,intermediario,pt,sbert,150,349,57321,9,0.4667161703109741,2.1972245773362196,2.1972245773362196,0.0,0.0,1.0,1.0,0.0,9,9.0,0,0.0,1.898421350758533e-308,0.03330910062640591,0.0,9.0,9.0,0.0,4.200445532798767,4.200445532798767,0.0,"[9, 0, 0]",9,0
memorias_braz_cubas,intermediario,pt,sbert,150,350,57472,7,0.4667161703109741,1.9404687300550016,1.945910149055313,0.005441419000311365,-1.4608477701154632,0.9972036637956007,0.9999999999999999,0.00279633620439923,7,7.0,0,0.0,0.1279841170025509,1.361146598449481e-308,0.1279841170025509,5.0,7.0,-2.0,3.097300236189258,3.267013192176819,-0.16971295598756075,"[5, 0, 0]",7,0
memorias_braz_cubas,intermediario,pt,sbert,150,351,57624,8,0.4667161703109741,2.0794415416798357,2.0794415416798357,0.0,0.0,1.0,1.0,0.0,8,8.0,0,0.0,1.8080951285147857e-308,0.02039056539882822,0.0,8.0,8.0,0.0,3.733729362487793,3.733729362487793,0.0,"[8, 0, 0]",8,0
memorias_braz_cubas,intermediario,pt,sbert,150,352,57785,7,0.4667161703109741,1.945910149055313,1.945910149055313,0.0,0.0,0.9999999999999999,0.9999999999999999,0.0,7,7.0,0,0.0,1.361146598449481e-308,1.361146598449481e-308,0.0,7.0,7.0,0.0,3.267013192176819,3.267013192176819,0.0,"[7, 0, 0]",7,0
memorias_braz_cubas,intermediario,pt,sbert,150,353,57937,7,0.4667161703109741,1.9441206970519347,1.945910149055313,0.0017894520033783223,-0.48041089442189383,0.9990804035817136,0.9999999999999999,0.000919596418286317,7,7.0,0,0.0,0.07487308864798226,1.361146598449481e-308,0.07487308864798226,3.0,7.0,-4.0,3.0838226488433795,3.267013192176819,-0.18319054333343932,"[3, 0, 0]",7,0
memorias_braz_cubas,intermediario,pt,sbert,150,354,58101,4,0.4667161703109741,1.377302597409289,1.3862943611198906,0.008991763710601619,-237.50408346286483,0.9935138135429349,1.0,0.006486186457065113,4,4.0,0,0.0,0.13069693111734731,1.5740382326213016e-308,0.13069693111734731,3.0,4.0,-1.0,1.7361677501265491,1.8668646812438965,-0.13069693111734737,"[3, 0, 0]",4,0
memorias_braz_cubas,intermediario,pt,sbert,150,355,58281,5,0.4667161703109741,1.604756205142893,1.6094379124341005,0.0046817072912075375,-1.7421130832242613,0.9970910917065905,1.0000000000000002,0.002908908293409729,5,5.0,0,0.0,0.1050916237596653,1.849238202843262e-308,0.1050916237596653,4.0,5.0,-1.0,2.2284892277952055,2.3335808515548706,-0.10509162375966508,"[4, 0, 0]",5,0
memorias_braz_cubas,intermediario,pt,sbert,150,356,58441,9,0.4667161703109741,2.1877889417461915,2.1972245773362196,0.009435635590028024,-2.0651966649776115,0.9957056571789001,1.0,0.004294342821099861,9,9.0,0,0.0,0.18167347239909454,0.03330910062640591,0.14836437177268863,7.0,9.0,-2.0,3.9679610735577713,4.200445532798767,-0.2324844592409958,"[7, 0, 0]",9,0
memorias_braz_cubas,intermediario,pt,sbert,150,357,58606,5,0.4667161703109741,1.6094379124341005,1.6094379124341005,0.0,0.0,1.0000000000000002,1.0000000000000002,0.0,5,5.0,0,0.0,1.849238202843262e-308,1.849238202843262e-308,0.0,5.0,5.0,0.0,2.3335808515548706,2.3335808515548706,0.0,"[5, 0, 0]",5,0
memorias_braz_cubas,intermediario,pt,sbert,150,358,58758,10,0.4667161703109741,2.286367339098386,2.302579773524076,0.01621243442568998,-9.557630758134874,0.99295671897425,0.9999976897835454,0.007040970809295444,10,10.0,0,0.0,0.1858372552365684,0.04953466404766449,0.13630259118890392,5.0,9.0,-4.0,4.158622724936649,4.662225961464445,-0.5036032365277965,"[5, 0, 0]",10,0
memorias_braz_cubas,intermediario,pt,sbert,150,359,58931,10,0.4667161703109741,2.3025850929940455,2.302579773524076,5.319469969400359e-06,0.003135959009089524,0.9999999999999998,0.9999976897835454,2.3102164543598036e-06,10,10.0,0,0.0,0.004935741645295866,0.04953466404766449,0.0,10.0,9.0,1.0,4.667161703109741,4.662225961464445,0.004935741645295977,"[10, 0, 0]",10,0
memorias_braz_cubas,intermediario,pt,sbert,150,360,59092,9,0.4667161703109741,2.1956760099465367,2.1972245773362196,0.0015485673896828978,-0.3389380798094924,0.9992952166084178,1.0,0.0007047833915821977,9,9.0,0,0.0,0.07536039476874284,0.03330910062640591,0.04205129414233694,6.0,9.0,-3.0,4.063431145205813,4.200445532798767,-0.13701438759295392,"[6, 0, 0]",9,0
memorias_braz_cubas,intermediario,pt,sbert,150,361,59255,11,0.4667161703109741,2.3953292508022908,2.3978923197490083,0.0025630689467175394,-0.8204860439250072,0.9989298857105275,0.9999982698138128,0.001068384103285247,11,11.0,0,0.0,0.09868901159226023,0.032835696813105886,0.06585331477915435,6.0,10.0,-4.0,4.923152207036704,5.129224062549035,-0.20607185551233087,"[6, 0, 0]",11,0
memorias_braz_cubas,intermediario,pt,sbert,150,362,59405,6,0.4667161703109741,1.78572958595423,1.7917594692280547,0.00602988327382481,-0.6633725181572525,0.9966346580680147,0.9999999999999999,0.003365341931985233,6,6.0,0,0.0,0.10515360338202961,0.04458318674303163,0.06057041663899798,4.0,6.0,-2.0,2.6016914581914174,2.8002970218658447,-0.19860556367442728,"[4, 0, 0]",6,0
memorias_braz_cubas,intermediario,pt,sbert,150,363,59594,6,0.4667161703109741,1.7891428330550416,1.7917594692280547,0.0026166361730131094,-0.2878670197030242,0.9985396275460229,0.9999999999999999,0.0014603724539770102,6,6.0,0,0.0,0.06908434658799417,0.04458318674303163,0.02450115984496254,4.0,6.0,-2.0,2.665247380073038,2.8002970218658447,-0.13504964179280687,"[4, 0, 0]",6,0
memorias_braz_cubas,intermediario,pt,sbert,150,364,59754,7,0.4667161703109741,1.9459043917164056,1.945910149055313,5.757338907397269e-06,-0.0015456622076316917,0.9999970413130789,0.9999999999999999,2.958686921017417e-06,7,7.0,0,0.0,0.0045143816327910535,1.361146598449481e-308,0.0045143816327910535,6.0,7.0,-1.0,3.262498810544028,3.267013192176819,-0.0045143816327910535,"[6, 0, 0]",7,0
memorias_braz_cubas,intermediario,pt,sbert,150,365,59923,8,0.4667161703109741,2.070330939045291,2.0794415416798357,0.009110602634544662,-2.9515205303073175,0.9956187262532108,1.0,0.004381273746789205,8,8.0,0,0.0,0.17029141570046757,0.02039056539882822,0.14990085030163935,4.0,8.0,-4.0,3.4683215057557546,3.733729362487793,-0.26540785673203837,"[4, 0, 0]",8,0
memorias_braz_cubas,intermediario,pt,sbert,150,366,60075,7,0.4667161703109741,1.9438316333249368,1.945910149055313,0.002078515730376207,-0.5580153025702025,0.99893185421157,0.9999999999999999,0.0010681457884298418,7,7.0,0,0.0,0.08194703039599632,1.361146598449481e-308,0.08194703039599632,6.0,7.0,-1.0,3.1850661617808225,3.267013192176819,-0.08194703039599638,"[6, 0, 0]",7,0
memorias_braz_cubas,intermediario,pt,sbert,150,367,60240,7,0.4667161703109741,1.945910149055313,1.945910149055313,0.0,0.0,0.9999999999999999,0.9999999999999999,0.0,7,7.0,0,0.0,1.361146598449481e-308,1.361146598449481e-308,0.0,7.0,7.0,0.0,3.267013192176819,3.267013192176819,0.0,"[7, 0, 0]",7,0
memorias_braz_cubas,intermediario,pt,sbert,150,368,60402,10,0.4667161703109741,2.3025850929940455,2.302579773524076,5.319469969400359e-06,0.003135959009089524,0.9999999999999998,0.9999976897835454,2.3102164543598036e-06,10,10.0,0,0.0,0.004935741645295866,0.04953466404766449,0.0,10.0,9.0,1.0,4.667161703109741,4.662225961464445,0.004935741645295977,"[10, 0, 0]",10,0
memorias_braz_cubas,intermediario,pt,sbert,150,369,60552,8,0.4667161703109741,2.0794413394106455,2.0794415416798357,2.022691902858753e-07,-6.552823031856838e-05,0.9999999027290808,1.0,9.72709192081922e-08,8,8.0,0,0.0,0.000897149608506953,0.02039056539882822,0.0,7.0,8.0,-1.0,3.732832212879286,3.733729362487793,-0.000897149608507064,"[7, 0, 0]",8,0
memorias_braz_cubas,intermediario,pt,sbert,150,370,60727,8,0.4667161703109741,2.0794415416798357,2.0794415416798357,0.0,0.0,1.0,1.0,0.0,8,8.0,0,0.0,1.8080951285147857e-308,0.02039056539882822,0.0,8.0,8.0,0.0,3.733729362487793,3.733729362487793,0.0,"[8, 0, 0]",8,0
memorias_braz_cubas,intermediario,pt,sbert,150,371,60881,7,0.4667161703109741,1.9447729214830598,1.945910149055313,0.0011372275722532077,-0.30530939869634327,0.9994155806357218,0.9999999999999999,0.0005844193642781104,7,7.0,0,0.0,0.06138010265371213,1.361146598449481e-308,0.06138010265371213,6.0,7.0,-1.0,3.205633089523107,3.267013192176819,-0.061380102653711965,"[6, 0, 0]",7,0
memorias_braz_cubas,intermediario,pt,sbert,150,372,61054,6,0.4667161703109741,1.7737257821732961,1.7917594692280547,0.018033687054758607,-1.9839608579332897,0.9899352076188395,0.9999999999999999,0.010064792381160426,6,6.0,0,0.0,0.177284033562074,0.04458318674303163,0.13270084681904237,1.0,6.0,-5.0,2.1112684696873987,2.8002970218658447,-0.689028552178446,"[1, 0, 0]",6,0
memorias_braz_cubas,intermediario,pt,sbert,150,373,61208,5,0.4667161703109741,1.5802588862288252,1.6094379124341005,0.02917902620527535,-10.85782603355421,0.9818700516622322,1.0000000000000002,0.018129948337768043,5,5.0,0,0.0,0.2137312774835713,1.849238202843262e-308,0.2137312774835713,1.0,5.0,-4.0,1.6636294291926763,2.3335808515548706,-0.6699514223621943,"[1, 0, 0]",5,0
memorias_braz_cubas,intermediario,pt,sbert,250,0,0,11,0.4667161703109741,2.39136610899229,2.3978923197490083,0.006526210756718331,-2.0891614532875686,0.9972771272039496,0.9999982698138128,0.002721142609863225,11,11.0,0,0.0,0.1508976523380301,0.032835696813105886,0.11806195552492421,9.0,10.0,-1.0,4.893256344925271,5.129224062549035,-0.23596771762376445,"[9, 0, 0]",11,0
memorias_braz_cubas,intermediario,pt,sbert,250,1,250,11,0.4667161703109741,2.391101300708058,2.3978923197490083,0.0067910190409503635,-2.1739315106074715,0.9971666935719073,0.9999982698138128,0.0028315762419054424,11,11.0,0,0.0,0.16759659141414046,0.032835696813105886,0.13476089460103458,10.0,10.0,0.0,4.961627471134895,5.129224062549035,-0.1675965914141404,"[10, 0, 0]",11,0
memorias_braz_cubas,intermediario,pt,sbert,250,2,500,14,0.4667161703109741,2.6380699249655444,2.638980899176345,0.0009109742108006635,-0.07720356004808665,0.999625849488515,0.9999699245333467,0.00034407504483169316,14,14.0,0,0.0,0.06801578686109444,0.0299868731048179,0.03802891375627654,13.0,13.0,0.0,6.456450184016436,6.507105324978172,-0.05065514096173551,"[13, 0, 0]",14,0
memorias_braz_cubas,intermediario,pt,sbert,250,3,751,9,0.4667161703109741,2.1963081312133634,2.1972245773362196,0.0009164461228561294,-0.20058441834637655,0.9995829073949432,1.0,0.00041709260505684576,9,9.0,0,0.0,0.06176274949346494,0.03330910062640591,0.028453648867059034,7.0,9.0,-2.0,4.135966622481328,4.200445532798767,-0.06447891031743946,"[7, 0, 0]",9,0
memorias_braz_cubas,intermediario,pt,sbert,250,4,1009,15,0.4667161703109741,2.7055553951856544,2.7072491704320925,0.0016937752464381006,-0.3504331389107048,0.999078744583265,0.9996986672675874,0.000619922684322427,15,15.0,0,0.0,0.061779845598721295,0.06061292303722349,0.0011669225614978074,10.0,13.0,-3.0,6.7781565940796495,6.917417995122824,-0.13926140104317408,"[10, 0, 0]",15,0
memorias_braz_cubas,intermediario,pt,sbert,250,5,1261,9,0.4667161703109741,2.189801949662083,2.1972245773362196,0.007422627674136706,-1.624605546890575,0.9966218165631774,1.0,0.0033781834368226127,9,9.0,0,0.0,0.13423000252039574,0.03330910062640591,0.10092090189398983,6.0,9.0,-3.0,3.8951801553728513,4.200445532798767,-0.30526537742591575,"[6, 0, 0]",9,0
memorias_braz_cubas,intermediario,pt,sbert,250,6,1518,13,0.4667161703109741,2.5635872159915483,2.5645129437501177,0.0009257277585694723,-0.07749706635948193,0.9994689402088872,0.9998298548428843,0.00036091463399712254,13,13.0,0,0.0,0.0720857562843357,0.0481267705836842,0.023958985700651497,12.0,12.0,0.0,5.979757426783676,6.0168866246147825,-0.03712919783110635,"[12, 0, 0]",13,0
memorias_braz_cubas,intermediario,pt,sbert,250,7,1798,13,0.4667161703109741,2.495913282124883,2.5645129437501177,0.0685996616252349,-5.742803410609697,0.9730848193412376,0.9998298548428843,0.026745035501646752,13,13.0,0,0.0,0.20814629044154614,0.0481267705836842,0.16001951985786195,8.0,12.0,-4.0,5.511587124242156,6.0168866246147825,-0.5052995003726268,"[8, 0, 0]",13,0
memorias_braz_cubas,intermediario,pt,sbert,250,8,2090,14,0.4667161703109741,2.638429867254823,2.638980899176345,0.0005510319215220605,-0.04669904541452468,0.9997622399659931,0.9999699245333467,0.0002076845673535388,14,14.0,0,0.0,0.06231626713055444,0.0299868731048179,0.032329394025736535,13.0,13.0,0.0,6.4717101172230835,6.507105324978172,-0.03539520775508809,"[13, 0, 0]",14,0
memorias_braz_cubas,intermediario,pt,sbert,250,9,2364,13,0.4667161703109741,2.5648736284260387,2.5645129437501177,0.00036068467592098585,0.03019462688241209,0.9999704754266288,0.9998298548428843,0.00014062058374442188,13,13.0,0,0.0,0.02908484640545239,0.0481267705836842,0.0,12.0,12.0,0.0,6.045971471020234,6.0168866246147825,0.029084846405451614,"[12, 0, 0]",13,0
memorias_braz_cubas,intermediario,pt,sbert,250,10,2623,12,0.4667161703109741,2.4829104203156325,2.4845225460609894,0.0016121257453569626,-0.5177771067233985,0.9991966581631796,0.9998454252890974,0.0006487671259177707,12,12.0,0,0.0,0.061757569280594254,0.0694845115964619,0.0,9.0,11.0,-2.0,5.429089735347658,5.5318478372610596,-0.10275810191340184,"[9, 0, 0]",12,0
memorias_braz_cubas,intermediario,pt,sbert,250,11,2883,16,0.4667161703109741,2.760651331202795,2.7721957274731834,0.01154439627038828,-2.8457240462068123,0.995694496287447,0.9998582570997836,0.004163760812336603,16,16.0,0,0.0,0.18362610523546197,0.07095835043901474,0.11266775479644722,11.0,14.0,-3.0,6.928887414176655,7.394406580952889,-0.4655191667762342,"[11, 0, 0]",16,0
memorias_braz_cubas,intermediario,pt,sbert,250,12,3144,10,0.4667161703109741,2.3025850929940455,2.302579773524076,5.319469969400359e-06,0.003135959009089524,0.9999999999999998,0.9999976897835454,2.3102164543598036e-06,10,10.0,0,0.0,0.004935741645295866,0.04953466404766449,0.0,10.0,9.0,1.0,4.667161703109741,4.662225961464445,0.004935741645295977,"[10, 0, 0]",10,0
memorias_braz_cubas,intermediario,pt,sbert,250,13,3405,8,0.4667161703109741,2.072631490151226,2.0794415416798357,0.006810051528609584,-2.2062214438953514,0.9967250574771589,1.0,0.0032749425228411067,8,8.0,0,0.0,0.13630290792845934,0.02039056539882822,0.11591234252963112,5.0,8.0,-3.0,3.4974101211856414,3.733729362487793,-0.23631924130215154,"[5, 0, 0]",8,0
memorias_braz_cubas,intermediario,pt,sbert,250,14,3659,12,0.4667161703109741,2.4734531043550305,2.4845225460609894,0.011069441705958916,-3.555245932931639,0.9953907542426405,0.9998454252890974,0.004454671046456915,12,12.0,0,0.0,0.18359131668603496,0.0694845115964619,0.11410680508957305,4.0,11.0,-7.0,5.275360850999235,5.5318478372610596,-0.25648698626182487,"[4, 0, 0]",12,0
memorias_braz_cubas,intermediario,pt,sbert,250,15,3941,11,0.4667161703109741,2.3937540368415764,2.3978923197490083,0.0041382829074319005,-1.3247413323428885,0.998272970465486,0.9999982698138128,0.0017252993483267698,11,11.0,0,0.0,0.10655108173380068,0.032835696813105886,0.0737153849206948,5.0,10.0,-5.0,4.853004785206571,5.129224062549035,-0.2762192773424639,"[5, 0, 0]",11,0
memorias_braz_cubas,intermediario,pt,sbert,250,16,4218,14,0.4667161703109741,2.625767445315861,2.638980899176345,0.013213453860484226,-1.119818394929005,0.9696154983563972,0.9999699245333467,0.0303544261769495,15,14.0,1,0.0,0.22221526261743638,0.0299868731048179,0.19222838951261847,8.0,13.0,-5.0,5.708107728813532,6.507105324978172,-0.7989975961646394,"[6, 1, 0]",15,0
memorias_braz_cubas,intermediario,pt,sbert,250,17,4493,13,0.4667161703109741,2.547651858029602,2.5645129437501177,0.01686108572051559,-1.411521548187051,0.9932562023567384,0.9998298548428843,0.006573652486145942,13,13.0,0,0.0,0.1938408711684259,0.0481267705836842,0.1457141005847417,7.0,12.0,-5.0,5.425538316014189,6.0168866246147825,-0.591348308600594,"[7, 0, 0]",13,0
memorias_braz_cubas,intermediario,pt,sbert,250,18,4767,8,0.4667161703109741,2.0793042738426895,2.0794415416798357,0.0001372678371462932,-0.04447003735537355,0.9999339881240251,1.0,6.601187597488067e-05,8,8.0,0,0.0,0.02309148569669056,0.02039056539882822,0.0027009202978623414,7.0,8.0,-1.0,3.710637876791102,3.733729362487793,-0.02309148569669084,"[7, 0, 0]",8,0
memorias_braz_cubas,intermediario,pt,sbert,250,19,5037,9,0.4667161703109741,2.1868340594282594,2.1972245773362196,0.010390517907960195,-2.2741936911582035,0.995271071507603,1.0,0.004728928492397033,9,9.0,0,0.0,0.1609193993873373,0.03330910062640591,0.12761029876093138,5.0,9.0,-4.0,3.8146656634053047,4.200445532798767,-0.3857798693934624,"[5, 0, 0]",9,0
memorias_braz_cubas,intermediario,pt,sbert,250,20,5320,9,0.4667161703109741,2.1893408517967243,2.1972245773362196,0.007883725539495234,-1.725526970220352,0.9964119618809958,1.0,0.003588038119004211,9,9.0,0,0.0,0.14381890472579278,0.03330910062640591,0.11050980409938688,5.0,9.0,-4.0,3.885337306882672,4.200445532798767,-0.3151082259160951,"[5, 0, 0]",9,0
memorias_braz_cubas,intermediario,pt,sbert,250,21,5584,14,0.4667161703109741,2.6390384189131932,2.638980899176345,5.751973684819944e-05,0.004874702713929861,0.9999928342966055,0.9999699245333467,2.2909763258804894e-05,14,14.0,0,0.0,0.011368749255860566,0.0299868731048179,0.0,13.0,13.0,0.0,6.522938404442147,6.507105324978172,0.015833079463975608,"[13, 0, 0]",14,0
memorias_braz_cubas,intermediario,pt,sbert,250,22,5835,13,0.4667161703109741,2.563945189646215,2.5645129437501177,0.0005677541039026401,-0.04752939193916278,0.9996085038433993,0.9998298548428843,0.00022135099948505932,13,13.0,0,0.0,0.06879407711423738,0.0481267705836842,0.02066730653055318,12.0,12.0,0.0,5.99167150404914,6.0168866246147825,-0.025215120565642124,"[12, 0, 0]",13,0
memorias_braz_cubas,intermediario,pt,sbert,250,23,6115,9,0.4667161703109741,2.193732414836834,2.1972245773362196,0.003492162499385554,-0.7643366764728465,0.998410648353652,1.0,0.0015893516463479918,9,9.0,0,0.0,0.09396132749429714,0.03330910062640591,0.060652226867891235,4.0,9.0,-5.0,3.938267029898695,4.200445532798767,-0.2621785029000723,"[4, 0, 0]",9,0
memorias_braz_cubas,intermediario,pt,sbert,250,24,6382,11,0.4667161703109741,2.3935431484457412,2.3978923197490083,0.004349171303267063,-1.3922506304560276,0.9981850231734473,0.9999982698138128,0.001813246640365529,11,11.0,0,0.0,0.13481436456695023,0.032835696813105886,0.10197866775384434,7.0,10.0,-3.0,4.906398774450148,5.129224062549035,-0.22282528809888724,"[7, 0, 0]",11,0
memorias_braz_cubas,intermediario,pt,sbert,250,25,6671,9,0.4667161703109741,2.1972245773362196,2.1972245773362196,0.0,0.0,1.0,1.0,0.0,9,9.0,0,0.0,1.898421350758533e-308,0.03330910062640591,0.0,9.0,9.0,0.0,4.200445532798767,4.200445532798767,0.0,"[9, 0, 0]",9,0
memorias_braz_cubas,intermediario,pt,sbert,250,26,6940,12,0.4667161703109741,2.483500323488557,2.4845225460609894,0.0010222225724323408,-0.3283139962907616,0.9994340526636832,0.9998454252890974,0.00041137262541413033,12,12.0,0,0.0,0.0608216867955981,0.0694845115964619,0.0,10.0,11.0,-1.0,5.5050721328605725,5.5318478372610596,-0.026775704400487044,"[10, 0, 0]",12,0
memorias_braz_cubas,intermediario,pt,sbert,250,27,7202,12,0.4667161703109741,2.483745442401667,2.4845225460609894,0.0007771036593222647,-0.24958753093974956,0.9995326957709126,0.9998454252890974,0.00031272951818472894,12,12.0,0,0.0,0.04966135833117735,0.0694845115964619,0.0,9.0,11.0,-2.0,5.458578340840728,5.5318478372610596,-0.07326949642033131,"[9, 0, 0]",12,0
memorias_braz_cubas,intermediario,pt,sbert,250,28,7461,11,0.4667161703109741,2.396721643688403,2.3978923197490083,0.0011706760606053912,-0.3747551820304907,0.999510558645625,0.9999982698138128,0.0004877111681877988,11,11.0,0,0.0,0.06089803412640138,0.032835696813105886,0.028062337313295493,9.0,10.0,-1.0,5.021244499850717,5.129224062549035,-0.10797956269831843,"[9, 0, 0]",11,0
memorias_braz_cubas,intermediario,pt,sbert,250,29,7737,9,0.4667161703109741,2.1972245773362196,2.1972245773362196,0.0,0.0,1.0,1.0,0.0,9,9.0,0,0.0,1.898421350758533e-308,0.03330910062640591,0.0,9.0,9.0,0.0,4.200445532798767,4.200445532798767,0.0,"[9, 0, 0]",9,0
memorias_braz_cubas,intermediario,pt,sbert,250,30,7995,13,0.4667161703109741,2.5589021106022583,2.5645129437501177,0.005610833147859484,-0.46970948506889304,0.9976423523366312,0.9998298548428843,0.002187502506253103,13,13.0,0,0.0,0.1005717357406295,0.0481267705836842,0.0524449651569453,10.0,12.0,-2.0,5.740770066469821,6.0168866246147825,-0.2761165581449614,"[10, 0, 0]",13,0
memorias_braz_cubas,intermediario,pt,sbert,250,31,8266,11,0.4667161703109741,2.3952060780461877,2.3978923197490083,0.002686241702820613,-0.8599159342148405,0.9988785186814916,0.9999982698138128,0.0011197511323212117,11,11.0,0,0.0,0.10762334162234327,0.032835696813105886,0.07478764480923739,10.0,10.0,0.0,5.021600720926692,5.129224062549035,-0.1076233416223431,"[10, 0, 0]",11,0
memorias_braz_cubas,intermediario,pt,sbert,250,32,8544,15,0.4667161703109741,2.7080184066576636,2.7072491704320925,0.0007692362255711238,0.15915090603525553,0.9999882592853953,0.9996986672675874,0.00028959201780787147,15,15.0,0,0.0,0.053619475989657744,0.06061292303722349,0.0,14.0,13.0,1.0,6.985923062060277,6.917417995122824,0.06850506693745295,"[14, 0, 0]",15,0
memorias_braz_cubas,intermediario,pt,sbert,250,33,8795,16,0.4667161703109741,2.764657904702374,2.7721957274731834,0.007537822770809388,-1.8580931399556053,0.9971395622171468,0.9998582570997836,0.002718694882636763,16,16.0,0,0.0,0.14102904703837718,0.07095835043901474,0.07007069659936244,10.0,14.0,-4.0,6.971182465187372,7.394406580952889,-0.42322411576551744,"[10, 0, 0]",16,0
memorias_braz_cubas,intermediario,pt,sbert,250,34,9047,9,0.4667161703109741,2.194623325503279,2.1972245773362196,0.0026012518329405765,-0.5693412551702648,0.9988161192716613,1.0,0.0011838807283387487,9,9.0,0,0.0,0.10052229302298954,0.03330910062640591,0.06721319239658363,7.0,9.0,-2.0,4.071261186121953,4.200445532798767,-0.1291843466768139,"[7, 0, 0]",9,0
memorias_braz_cubas,intermediario,pt,sbert,250,35,9305,9,0.4667161703109741,2.1972245773362196,2.1972245773362196,0.0,0.0,1.0,1.0,0.0,9,9.0,0,0.0,1.898421350758533e-308,0.03330910062640591,0.0,9.0,9.0,0.0,4.200445532798767,4.200445532798767,0.0,"[9, 0, 0]",9,0
memorias_braz_cubas,intermediario,pt,sbert,250,36,9558,14,0.4667161703109741,2.639040706498649,2.638980899176345,5.98073223039286e-05,0.005068571803748871,0.9999937011157648,0.9999699245333467,2.377658241814462e-05,14,14.0,0,0.0,0.01496310757896957,0.0299868731048179,0.0,11.0,13.0,-2.0,6.514771991358923,6.507105324978172,0.007666666380750975,"[11, 0, 0]",14,0
memorias_braz_cubas,intermediario,pt,sbert,250,37,9820,12,0.4667161703109741,2.4818978967728356,2.4845225460609894,0.0026246492881538686,-0.8429760014055396,0.9987891887144246,0.9998454252890974,0.0010562365746727975,12,12.0,0,0.0,0.06725869721387523,0.0694845115964619,0.0,9.0,11.0,-2.0,5.369619495280869,5.5318478372610596,-0.16222834198019065,"[9, 0, 0]",12,0
memorias_braz_cubas,intermediario,pt,sbert,250,38,10073,11,0.4667161703109741,2.3943675670418036,2.3978923197490083,0.003524752707204648,-1.128338903349451,0.9985288324320978,0.9999982698138128,0.0014694373817150108,11,11.0,0,0.0,0.09539360683576631,0.032835696813105886,0.06255791002266042,8.0,10.0,-2.0,4.928882441363668,5.129224062549035,-0.20034162118536702,"[8, 0, 0]",11,0
memorias_braz_cubas,intermediario,pt,sbert,250,39,10326,10,0.4667161703109741,2.2995163786808477,2.302579773524076,0.003063394843228373,-1.8059469669500412,0.9986672743072404,0.9999976897835454,0.0013304154763049691,10,10.0,0,0.0,0.10966983839202527,0.04953466404766449,0.060135174344360776,9.0,9.0,0.0,4.55255612307242,4.662225961464445,-0.10966983839202538,"[9, 0, 0]",10,0
memorias_braz_cubas,intermediario,pt,sbert,250,40,10581,11,0.4667161703109741,2.3951619833141597,2.3978923197490083,0.002730336434848546,-0.8740314781161723,0.9988601297499448,0.9999982698138128,0.0011381400638680317,11,11.0,0,0.0,0.0966429664277293,0.032835696813105886,0.06380726961462341,6.0,10.0,-4.0,4.9089425243067035,5.129224062549035,-0.22028153824233154,"[6, 0, 0]",11,0
memorias_braz_cubas,intermediario,pt,sbert,250,41,10835,10,0.4667161703109741,2.2956613748585024,2.302579773524076,0.006918398665573644,-4.078566990429741,0.99699306741948,0.9999976897835454,0.0030046223640654013,10,10.0,0,0.0,0.15788808861961218,0.04953466404766449,0.10835342457194769,6.0,9.0,-3.0,4.369933864288799,4.662225961464445,-0.29229209717564597,"[6, 0, 0]",10,0
memorias_braz_cubas,intermediario,pt,sbert,250,42,11085,14,0.4667161703109741,2.6250627418888635,2.638980899176345,0.01391815728748158,-1.179540846670493,0.9946971262922752,0.9999699245333467,0.005272798241071408,14,14.0,0,0.0,0.17612683364210358,0.0299868731048179,0.14613996053728567,6.0,13.0,-7.0,5.77332803267715,6.507105324978172,-0.7337772923010215,"[6, 0, 0]",14,0
memorias_braz_cubas,intermediario,pt,sbert,250,43,11339,16,0.4667161703109741,2.7465791735007694,2.7721957274731834,0.025616553972414025,-6.31454793415554,0.990619038254617,0.9998582570997836,0.009239218845166652,16,16.0,0,0.0,0.22069117453057305,0.07095835043901474,0.1497328240915583,10.0,14.0,-4.0,6.686387162880417,7.394406580952889,-0.7080194180724728,"[10, 0, 0]",16,0
memorias_braz_cubas,intermediario,pt,sbert,250,44,11614,12,0.4667161703109741,2.46181087752081,2.4845225460609894,0.022711668540179364,-7.294457060476417,0.9907055775036214,0.9998454252890974,0.00913984778547594,12,12.0,0,0.0,0.20035217148889617,0.0694845115964619,0.13086765989243426,7.0,11.0,-4.0,4.921491026554892,5.5318478372610596,-0.6103568107061674,"[7, 0, 0]",12,0
memorias_braz_cubas,intermediario,pt,sbert,250,45,11865,10,0.4667161703109741,2.2941114598706487,2.302579773524076,0.008468313653427373,-4.9922801794207645,0.996319947892836,0.9999976897835454,0.0036777418907094628,10,10.0,0,0.0,0.16153412364182734,0.04953466404766449,0.11199945959416285,2.0,9.0,-7.0,4.098591902341193,4.662225961464445,-0.5636340591232525,"[2, 0, 0]",10,0
memorias_braz_cubas,intermediario,pt,sbert,250,46,12136,11,0.4667161703109741,2.3900488029832956,2.3978923197490083,0.00784351676571271,-2.5108556091715264,0.996727767928781,0.9999982698138128,0.0032705018850317513,11,11.0,0,0.0,0.1531438011435472,0.032835696813105886,0.12030810433044131,2.0,10.0,-8.0,4.480412208248939,5.129224062549035,-0.6488118543000958,"[2, 0, 0]",11,0
memorias_braz_cubas,intermediario,pt,sbert,250,47,12411,11,0.4667161703109741,2.387668573798986,2.3978923197490083,0.010223745950022511,-3.27281124425902,0.9608685195488891,0.9999982698138128,0.03912975026492371,12,11.0,1,0.0,0.18933431319134175,0.032835696813105886,0.15649861637823587,6.0,10.0,-4.0,4.59774919017146,5.129224062549035,-0.5314748723775748,"[6, 0, 0]",12,0
memorias_braz_cubas,intermediario,pt,sbert,250,48,12661,14,0.4667161703109741,2.639057329615258,2.638980899176345,7.643043891292223e-05,0.006477353486142301,0.9999999999999998,0.9999699245333467,3.007546665312333e-05,14,14.0,0,0.0,0.022285645076101368,0.0299868731048179,0.0,14.0,13.0,1.0,6.534026384353638,6.507105324978172,0.026921059375466072,"[14, 0, 0]",14,0
memorias_braz_cubas,intermediario,pt,sbert,250,49,12924,15,0.4667161703109741,2.700988518175974,2.7072491704320925,0.006260652256118604,-1.2952958347654104,0.9973923367730178,0.9996986672675874,0.0023063304945696306,15,15.0,0,0.0,0.10256364724995853,0.06061292303722349,0.04195072421273505,9.0,13.0,-4.0,6.506046214252429,6.917417995122824,-0.41137178087039494,"[9, 0, 0]",15,0
memorias_braz_cubas,intermediario,pt,sbert,250,50,13210,8,0.4667161703109741,2.067574071566479,2.0794415416798357,0.01186747011335676,-3.8446503582066938,0.9942929532398541,1.0,0.005707046760145884,8,8.0,0,0.0,0.1697089331398064,0.02039056539882822,0.14931836774097818,5.0,8.0,-3.0,3.3659540569799633,3.733729362487793,-0.36777530550782966,"[5, 0, 0]",8,0
memorias_braz_cubas,intermediario,pt,sbert,250,51,13470,10,0.4667161703109741,2.2965988947529725,2.302579773524076,0.005980878771103537,-3.525875843346227,0.9974002271363229,0.9999976897835454,0.0025974626472224926,10,10.0,0,0.0,0.12176303447202314,0.04953466404766449,0.07222837042435865,6.0,9.0,-3.0,4.364891716092869,4.662225961464445,-0.2973342453715766,"[6, 0, 0]",10,0
memorias_braz_cubas,intermediario,pt,sbert,250,52,13732,16,0.4667161703109741,2.7662273812213654,2.7721957274731834,0.00596834625181808,-1.4712130497852154,0.997705631214832,0.9998582570997836,0.0021526258849515756,16,16.0,0,0.0,0.12069981791943055,0.07095835043901474,0.0497414674804158,7.0,14.0,-7.0,6.910152090851895,7.394406580952889,-0.4842544901009944,"[7, 0, 0]",16,0
memorias_braz_cubas,intermediario,pt,sbert,250,53,14005,14,0.4667161703109741,2.629697178702984,2.638980899176345,0.009283720473360901,-0.7867799796492853,0.9964532218352229,0.9999699245333467,0.0035167026981237637,14,14.0,0,0.0,0.194735331008761,0.0299868731048179,0.1647484579039431,11.0,13.0,-2.0,6.226101034541099,6.507105324978172,-0.28100429043707287,"[11, 0, 0]",14,0
memorias_braz_cubas,intermediario,pt,sbert,250,54,14271,8,0.4667161703109741,2.067817828114875,2.0794415416798357,0.011623713564960614,-3.7656816570298774,0.9944101753610392,1.0,0.00558982463896085,8,8.0,0,0.0,0.1855405822103265,0.02039056539882822,0.16515001681149827,1.0,8.0,-7.0,3.2072818784074766,3.733729362487793,-0.5264474840803164,"[1, 0, 0]",8,0
memorias_braz_cubas,intermediario,pt,sbert,250,55,14521,10,0.4667161703109741,2.2949500091755697,2.302579773524076,0.007629764348506374,-4.49793464077508,0.9966841252287669,0.9999976897835454,0.003313564554778492,10,10.0,0,0.0,0.13618739757078557,0.04953466404766449,0.08665273352312108,4.0,9.0,-5.0,4.2854856006790545,4.662225961464445,-0.37674036078539075,"[4, 0, 0]",10,0
memorias_braz_cubas,intermediario,pt,sbert,250,56,14779,10,0.4667161703109741,2.2951787509832267,2.302579773524076,0.0074010225408494,-4.363085692176133,0.9967834665336129,0.9999976897835454,0.0032142232499324797,10,10.0,0,0.0,0.16496997035005723,0.04953466404766449,0.11543530630239274,5.0,9.0,-4.0,4.321070378012656,4.662225961464445,-0.34115558345178965,"[5, 0, 0]",10,0
memorias_braz_cubas,intermediario,pt,sbert,250,57,15048,14,0.4667161703109741,2.5825068510254328,2.638980899176345,0.05647404815091228,-4.786082323609854,0.9785717127266538,0.9999699245333467,0.02139821180669288,14,14.0,0,0.0,0.22221526261743638,0.0299868731048179,0.19222838951261847,10.0,13.0,-3.0,6.003147662407518,6.507105324978172,-0.5039576625706532,"[10, 0, 0]",14,0
memorias_braz_cubas,intermediario,pt,sbert,250,58,15298,16,0.4667161703109741,2.7724259152510253,2.7721957274731834,0.00023018777784189481,0.056741892707530904,0.999941279791175,0.9998582570997836,8.302269139137675e-05,16,16.0,0,0.0,0.03425282212051711,0.07095835043901474,0.0,15.0,14.0,1.0,7.433205902855069,7.394406580952889,0.038799321902179607,"[15, 0, 0]",16,0
memorias_braz_cubas,intermediario,pt,sbert,250,59,15555,14,0.4667161703109741,2.6276372452641334,2.638980899176345,0.011343653912211593,-0.9613559369660071,0.9956726653025041,0.9999699245333467,0.004297259230842565,14,14.0,0,0.0,0.1824655571974328,0.0299868731048179,0.1524786840926149,7.0,13.0,-6.0,5.926756447168177,6.507105324978172,-0.5803488778099943,"[7, 0, 0]",14,0
memorias_braz_cubas,intermediario,pt,sbert,250,60,15815,11,0.4667161703109741,2.3978946081729466,2.3978923197490083,2.2884239383458294e-06,0.0007325670682410932,0.99999972282967,0.9999982698138128,1.453015857189044e-06,11,11.0,0,0.0,0.0027837613984511567,0.032835696813105886,0.0,10.0,10.0,0.0,5.132007823947487,5.129224062549035,0.002783761398451823,"[10, 0, 0]",11,0
memorias_braz_cubas,intermediario,pt,sbert,250,61,16091,12,0.4667161703109741,2.4835685913595156,2.4845225460609894,0.0009539547014738581,-0.30638795186844964,0.9994615256759851,0.9998454252890974,0.0003838996131122485,12,12.0,0,0.0,0.06050589697959197,0.0694845115964619,0.0,10.0,11.0,-1.0,5.475973538611609,5.5318478372610596,-0.05587429864945026,"[10, 0, 0]",12,0
memorias_braz_cubas,intermediario,pt,sbert,250,62,16341,12,0.4667161703109741,2.484903582483431,2.4845225460609894,0.00038103642244147196,0.12237999234004845,0.9999987656258356,0.9998454252890974,0.0001533403367381947,12,12.0,0,0.0,0.03937484477284581,0.0694845115964619,0.0,10.0,11.0,-1.0,5.594767906580172,5.5318478372610596,0.06292006931911232,"[10, 0, 0]",12,0
memorias_braz_cubas,intermediario,pt,sbert,250,63,16614,14,0.4667161703109741,2.639051421732683,2.638980899176345,7.052255633777094e-05,0.005976670193750457,0.9999977613663374,0.9999699245333467,2.783683299079076e-05,14,14.0,0,0.0,0.01718066954540215,0.0299868731048179,0.0,11.0,13.0,-2.0,6.52348721406423,6.507105324978172,0.016381889086058088,"[11, 0, 0]",14,0
memorias_braz_cubas,intermediario,pt,sbert,250,64,16872,16,0.4667161703109741,2.7711248073636536,2.7721957274731834,0.0010709201095298049,-0.2639846238709284,0.9994720043169818,0.9998582570997836,0.0003862527828017992,16,16.0,0,0.0,0.06006458026407291,0.07095835043901474,0.0,8.0,14.0,-6.0,7.228497267941776,7.394406580952889,-0.1659093130111131,"[8, 0, 0]",16,0
memorias_braz_cubas,intermediario,pt,sbert,250,65,17146,11,0.4667161703109741,2.3964518208350283,2.3978923197490083,0.001440498913980015,-0.46113049620587643,0.9993980337758213,0.9999982698138128,0.0006002360379915306,11,11.0,0,0.0,0.08032835134408031,0.032835696813105886,0.047492654530974426,8.0,10.0,-2.0,5.012283129537268,5.129224062549035,-0.116940933011767,"[8, 0, 0]",11,0
memorias_braz_cubas,intermediario,pt,sbert,250,66,17406,10,0.4667161703109741,2.2872449248782716,2.302579773524076,0.015334848645804477,-9.040272252774042,0.993337849635851,0.9999976897835454,0.006659840147694385,10,10.0,0,0.0,0.2201791034922499,0.04953466404766449,0.1706444394445854,5.0,9.0,-4.0,4.159869694111956,4.662225961464445,-0.5023562673524893,"[5, 0, 0]",10,0
memorias_braz_cubas,intermediario,pt,sbert,250,67,17677,12,0.4667161703109741,2.484892699585466,2.4845225460609894,0.00037015352447644645,0.11888465989633193,0.999994386025513,0.9998454252890974,0.00014896073641568197,12,12.0,0,0.0,0.03436256754434963,0.0694845115964619,0.0,11.0,11.0,0.0,5.591712327873908,5.5318478372610596,0.059864490612848265,"[11, 0, 0]",12,0
memorias_braz_cubas,intermediario,pt,sbert,250,68,17944,11,0.4667161703109741,2.39645858152991,2.3978923197490083,0.0014337382190983128,-0.4589662720226854,0.9994008532045755,0.9999982698138128,0.000597416609237289,11,11.0,0,0.0,0.07061021553981964,0.032835696813105886,0.03777451872671375,7.0,10.0,-3.0,4.979464044474035,5.129224062549035,-0.14976001807499983,"[7, 0, 0]",11,0
memorias_braz_cubas,intermediario,pt,sbert,250,69,18199,24,0.4667161703109741,3.124961034473863,3.176787006902833,0.0518259724289698,-5.798914511900658,0.983293928074129,0.9995726144265327,0.016278686352403704,24,24.0,0,0.0,0.20660116206796014,0.07627132416725796,0.13032983790070218,12.0,20.0,-8.0,9.531359808674367,10.965778724681547,-1.4344189160071803,"[12, 0, 0]",24,0
memorias_braz_cubas,intermediario,pt,sbert,250,70,18456,17,0.4667161703109741,2.8314216997893342,2.83248099629044,0.0010592965011055888,-0.25966793792167764,0.979604679589819,0.9996942867032859,0.020089607113466856,18,17.0,1,0.0,0.13474816620531582,0.08196524956258472,0.052782916642731104,10.0,15.0,-5.0,7.191859698612103,7.82307165566124,-0.6312119570491364,"[8, 1, 0]",18,0
memorias_braz_cubas,intermediario,pt,sbert,250,71,18706,15,0.4667161703109741,2.6230640997256494,2.7072491704320925,0.0841850707064431,-17.417445814677993,0.9939397944447305,0.9996986672675874,0.00575887282285692,14,15.0,0,0.0,0.22550183216855127,0.06061292303722349,0.16488890913132778,4.0,13.0,-9.0,5.581533979254727,6.917417995122824,-1.3358840158680962,"[4, 0, 0]",14,0
memorias_braz_cubas,intermediario,pt,sbert,250,72,18962,14,0.4667161703109741,2.6308187901691213,2.638980899176345,0.008162109007223695,-0.6917252600426352,0.9968782264205915,0.9999699245333467,0.0030916981127551146,14,14.0,0,0.0,0.14547319799668032,0.0299868731048179,0.11548632489186242,10.0,13.0,-3.0,6.138057238366877,6.507105324978172,-0.3690480866112944,"[10, 0, 0]",14,0
memorias_braz_cubas,intermediario,pt,sbert,250,73,19222,17,0.4667161703109741,2.827781284439578,2.83248099629044,0.004699711850861821,-1.1520518418267824,0.998082721293109,0.9996942867032859,0.0016115654101768184,17,17.0,0,0.0,0.10059862433605377,0.08196524956258472,0.018633374773469047,10.0,15.0,-5.0,7.49792753590838,7.82307165566124,-0.32514411975285995,"[10, 0, 0]",17,0
memorias_braz_cubas,intermediario,pt,sbert,250,74,19472,16,0.4667161703109741,2.7719590278701496,2.7721957274731834,0.00023669960303385196,-0.05834707474558862,0.9997728857639142,0.9998582570997836,8.537133586938861e-05,16,16.0,0,0.0,0.04984565018361431,0.07095835043901474,0.0,11.0,14.0,-3.0,7.345371510471315,7.394406580952889,-0.049035070481574294,"[11, 0, 0]",16,0
memorias_braz_cubas,intermediario,pt,sbert,250,75,19750,14,0.4667161703109741,2.6363656339107697,2.638980899176345,0.0026152652655753172,-0.22163941259660982,0.998980054099514,0.9999699245333467,0.0009898704338326958,14,14.0,0,0.0,0.07630553159756376,0.0299868731048179,0.04631865849274586,9.0,13.0,-4.0,6.262966514000954,6.507105324978172,-0.24413881097721735,"[9, 0, 0]",14,0
memorias_braz_cubas,intermediario,pt,sbert,250,76,20021,13,0.4667161703109741,2.5588892164074286,2.5645129437501177,0.005623727342689122,-0.47078891934437456,0.9976373252608365,0.9998298548428843,0.002192529582047853,13,13.0,0,0.0,0.12946206661998233,0.0481267705836842,0.08133529603629813,8.0,12.0,-4.0,5.711689732153593,6.0168866246147825,-0.30519689246118986,"[8, 0, 0]",13,0
memorias_braz_cubas,intermediario,pt,sbert,250,77,20291,15,0.4667161703109741,2.627891342749108,2.7072491704320925,0.07935782768298427,-16.41871476783287,0.9957689487299701,0.9996986672675874,0.003929718537617255,14,15.0,0,0.0,0.2024104470898486,0.06061292303722349,0.1417975240526251,10.0,13.0,-3.0,6.0910061239942435,6.917417995122824,-0.8264118711285802,"[10, 0, 0]",14,0
memorias_braz_cubas,intermediario,pt,sbert,250,78,20541,10,0.4667161703109741,2.293663544178277,2.302579773524076,0.008916229345798943,-5.25633754958833,0.9961254205792811,0.9999976897835454,0.0038722692042643114,10,10.0,0,0.0,0.1629410900244802,0.04953466404766449,0.11340642597681572,5.0,9.0,-4.0,4.290132828516365,4.662225961464445,-0.37209313294808055,"[5, 0, 0]",10,0
memorias_braz_cubas,intermediario,pt,sbert,250,79,20812,12,0.4667161703109741,2.4777903253467697,2.4845225460609894,0.00673222071421975,-2.1622319308970512,0.9971361803704627,0.9998454252890974,0.002709244918634668,12,12.0,0,0.0,0.13014415185740685,0.0694845115964619,0.06065964026094495,6.0,11.0,-5.0,5.26139987479505,5.5318478372610596,-0.2704479624660099,"[6, 0, 0]",12,0
memorias_braz_cubas,intermediario,pt,sbert,250,80,21073,17,0.4667161703109741,2.831093753658136,2.83248099629044,0.0013872426323038312,-0.3400581738459547,0.9992518775889127,0.9996942867032859,0.00044240911437321007,17,17.0,0,0.0,0.067730652357542,0.08196524956258472,0.0,14.0,15.0,-1.0,7.760308827863595,7.82307165566124,-0.06276282779764486,"[14, 0, 0]",17,0
memorias_braz_cubas,intermediario,pt,sbert,250,81,21325,15,0.4667161703109741,2.707708876883586,2.7072491704320925,0.0004597064514935134,0.09511083310087852,0.9998739594197754,0.9996986672675874,0.0001752921521880335,15,15.0,0,0.0,0.038645106975372046,0.06061292303722349,0.0,11.0,13.0,-2.0,6.93888681375611,6.917417995122824,0.02146881863328609,"[11, 0, 0]",15,0
memorias_braz_cubas,intermediario,pt,sbert,250,82,21581,11,0.4667161703109741,2.368610782765035,2.3978923197490083,0.0292815369839734,-9.37356463656293,0.9877874190897584,0.9999982698138128,0.012210850724054367,11,11.0,0,0.0,0.2310311797196472,0.032835696813105886,0.19819548290654132,4.0,10.0,-6.0,4.377162043338933,5.129224062549035,-0.7520620192101024,"[4, 0, 0]",11,0
memorias_braz_cubas,intermediario,pt,sbert,250,83,21845,11,0.4667161703109741,2.387141979943432,2.3978923197490083,0.010750339805576381,-3.441383732272635,0.9955155285650197,0.9999982698138128,0.0044827412487931095,11,11.0,0,0.0,0.14363099260707374,0.032835696813105886,0.11079529579396785,7.0,10.0,-3.0,4.671239261512901,5.129224062549035,-0.45798480103613404,"[7, 0, 0]",11,0
memorias_braz_cubas,intermediario,pt,sbert,250,84,22110,19,0.4667161703109741,2.9164139903455215,2.943805944243053,0.02739195389753135,-19.001682929405614,0.9735229065999379,0.9997797732146376,0.026256866614699725,20,19.0,1,0.0,0.2029181409464626,0.05946281874162085,0.14345532220484175,9.0,17.0,-8.0,7.868589754497566,8.745180317929908,-0.8765905634323419,"[9, 0, 0]",20,0
memorias_braz_cubas,intermediario,pt,sbert,250,85,22382,10,0.4667161703109741,2.3012089082004348,2.302579773524076,0.0013708653236412793,-0.80815898701387,0.9994023305380555,0.9999976897835454,0.0005953592454899237,10,10.0,0,0.0,0.06887539426663625,0.04953466404766449,0.019340730218971758,5.0,9.0,-4.0,4.499995047571448,4.662225961464445,-0.16223091389299693,"[5, 0, 0]",10,0
memorias_braz_cubas,intermediario,pt,sbert,250,86,22655,24,0.4667161703109741,3.1758273544042748,3.176787006902833,0.0009596524985582278,-0.10737748930612111,0.9747493106305665,0.9995726144265327,0.0248233037959662,26,24.0,2,0.0,0.1425889604230795,0.07627132416725796,0.06631763625582154,12.0,20.0,-8.0,9.766294637965418,10.965778724681547,-1.1994840867161294,"[10, 1, 0]",26,0
memorias_braz_cubas,intermediario,pt,sbert,250,87,22927,14,0.4667161703109741,2.6262634149550403,2.638980899176345,0.012717484221304698,-1.0777857870171186,0.9951520891506804,0.9999699245333467,0.004817835382666225,14,14.0,0,0.0,0.1756922428831666,0.0299868731048179,0.1457053697783487,7.0,13.0,-6.0,5.930266525524522,6.507105324978172,-0.5768387994536495,"[7, 0, 0]",14,0
memorias_braz_cubas,intermediario,pt,sbert,250,88,23181,14,0.4667161703109741,2.629718244483669,2.638980899176345,0.009262654692676175,-0.7849946895227693,0.9964612041478648,0.9999699245333467,0.0035087203854818894,14,14.0,0,0.0,0.16211821195172804,0.0299868731048179,0.13213133884691014,9.0,13.0,-4.0,6.086640674038552,6.507105324978172,-0.4204646509396195,"[9, 0, 0]",14,0
memorias_braz_cubas,intermediario,pt,sbert,250,89,23439,14,0.4667161703109741,2.637849826757926,2.638980899176345,0.0011310724184192544,-0.09585651968941764,0.9995424491753998,0.9999699245333467,0.0004274753579468493,14,14.0,0,0.0,0.07008904169426086,0.0299868731048179,0.04010216858944296,12.0,13.0,-1.0,6.441690776834494,6.507105324978172,-0.06541454814367764,"[12, 0, 0]",14,0
memorias_braz_cubas,intermediario,pt,sbert,250,90,23695,6,0.4667161703109741,1.7896908903035655,1.7917594692280547,0.002068578924489195,-0.22757296415706485,0.9988455041203825,0.9999999999999999,0.0011544958796173566,6,6.0,0,0.0,0.07717618533924114,0.04458318674303163,0.03259299859620951,4.0,6.0,-2.0,2.720646538504221,2.8002970218658447,-0.07965048336162361,"[4, 0, 0]",6,0
memorias_braz_cubas,intermediario,pt,sbert,250,91,23951,9,0.4667161703109741,2.1960358894342216,2.1972245773362196,0.001188687901997998,-0.26017052772787386,0.9994590048216924,1.0,0.000540995178307635,9,9.0,0,0.0,0.07017703762546407,0.03330910062640591,0.03686793699905816,7.0,9.0,-2.0,4.123054577312816,4.200445532798767,-0.0773909554859511,"[7, 0, 0]",9,0
memorias_braz_cubas,intermediario,pt,sbert,250,92,24205,13,0.4667161703109741,2.560449616199343,2.5645129437501177,0.004063327550774876,-0.3401604434216391,0.9982456802707999,0.9998298548428843,0.0015841745720844846,13,13.0,0,0.0,0.09815245661456662,0.0481267705836842,0.05002568603088242,9.0,12.0,-3.0,5.790214587960045,6.0168866246147825,-0.22667203665473767,"[9, 0, 0]",13,0
memorias_braz_cubas,intermediario,pt,sbert,250,93,24456,17,0.4667161703109741,2.8155597417246687,2.83248099629044,0.016921254565771093,-4.147948450273957,0.9937690529488071,0.9996942867032859,0.0059252337544787315,17,17.0,0,0.0,0.198607501997743,0.08196524956258472,0.11664225243515827,14.0,15.0,-1.0,7.519615566625394,7.82307165566124,-0.303456089035846,"[14, 0, 0]",17,0
memorias_braz_cubas,intermediario,pt,sbert,250,94,24722,10,0.4667161703109741,2.2998121935796014,2.302579773524076,0.0027675799444746296,-1.63155677354619,0.998795745085434,0.9999976897835454,0.0012019446981114124,10,10.0,0,0.0,0.10138951384859424,0.04953466404766449,0.05185484980092975,6.0,9.0,-3.0,4.4886900519437045,4.662225961464445,-0.17353590952074072,"[6, 0, 0]",10,0
memorias_braz_cubas,intermediario,pt,sbert,250,95,24976,11,0.4667161703109741,2.3843705487152094,2.3978923197490083,0.013521771033798924,-4.328570418126986,0.9943597519722461,0.9999982698138128,0.005638517841566659,11,11.0,0,0.0,0.18711361976660307,0.032835696813105886,0.15427792295349718,8.0,10.0,-2.0,4.718305241383443,5.129224062549035,-0.4109188211655921,"[8, 0, 0]",11,0
memorias_braz_cubas,intermediario,pt,sbert,250,96,25256,10,0.4667161703109741,2.288090249941438,2.302579773524076,0.014489523582637887,-8.541932237190634,0.9937049696461988,0.9999976897835454,0.006292720137346608,10,10.0,0,0.0,0.2249607759925848,0.04953466404766449,0.1754261119449203,6.0,9.0,-3.0,4.27875855970013,4.662225961464445,-0.3834674017643156,"[6, 0, 0]",10,0
memorias_braz_cubas,intermediario,pt,sbert,250,97,25520,13,0.4667161703109741,2.5636414971089962,2.5645129437501177,0.0008714466411214872,-0.07295293627156728,0.9994901028557402,0.9998298548428843,0.00033975198714408794,13,13.0,0,0.0,0.0632181956823322,0.0481267705836842,0.015091425098647998,7.0,12.0,-5.0,5.856070275675193,6.0168866246147825,-0.16081634893958974,"[7, 0, 0]",13,0
memorias_braz_cubas,intermediario,pt,sbert,250,98,25775,13,0.4667161703109741,2.5608245047315465,2.5645129437501177,0.003688439018571188,-0.3087767442847641,0.9983918385296806,0.9998298548428843,0.0014380163132037271,13,13.0,0,0.0,0.09460229737382278,0.0481267705836842,0.04647552679013858,6.0,12.0,-6.0,5.722335720221107,6.0168866246147825,-0.2945509043936756,"[6, 0, 0]",13,0
memorias_braz_cubas,intermediario,pt,sbert,250,99,26052,10,0.4667161703109741,2.295193634394793,2.302579773524076,0.007386139129283098,-4.354311553238265,0.9967899303171281,0.9999976897835454,0.0032077594664172704,10,10.0,0,0.0,0.144003410869749,0.04953466404766449,0.0944687468220845,4.0,9.0,-5.0,4.260078036953427,4.662225961464445,-0.4021479245110182,"[4, 0, 0]",10,0
memorias_braz_cubas,intermediario,pt,sbert,250,100,26320,14,0.4667161703109741,2.6430861236337617,2.638980899176345,0.0041052244574166785,0.3479109936937543,0.9532918108022155,0.9999699245333467,0.04667811373113118,16,14.0,2,0.0,0.17666119188716828,0.0299868731048179,0.14667431878235038,10.0,13.0,-3.0,5.803170679138862,6.507105324978172,-0.7039346458393094,"[6, 2, 0]",16,0
memorias_braz_cubas,intermediario,pt,sbert,250,101,26580,17,0.4667161703109741,2.8298699477128673,2.83248099629044,0.00261104857757255,-0.6400527135169034,0.998819927786108,0.9996942867032859,0.0008743589171779087,17,17.0,0,0.0,0.09699331475108958,0.08196524956258472,0.015028065188504858,12.0,15.0,-3.0,7.632981882856541,7.82307165566124,-0.19008977280469885,"[12, 0, 0]",17,0
memorias_braz_cubas,intermediario,pt,sbert,250,102,26835,11,0.4667161703109741,2.393507230744956,2.3978923197490083,0.004385089004052212,-1.4037485545605781,0.9981700443287943,0.9999982698138128,0.0018282254850184865,11,11.0,0,0.0,0.11873002170684355,0.032835696813105886,0.08589432489373766,5.0,10.0,-5.0,4.778356857824396,5.129224062549035,-0.35086720472463906,"[5, 0, 0]",11,0
memorias_braz_cubas,intermediario,pt,sbert,250,103,27130,10,0.4667161703109741,2.298965832476662,2.302579773524076,0.00361394104741386,-2.1305075601796215,0.9984281751287299,0.9999976897835454,0.0015695146548154737,10,10.0,0,0.0,0.11886120890517665,0.04953466404766449,0.06932654485751216,9.0,9.0,0.0,4.543364752559269,4.662225961464445,-0.1188612089051766,"[9, 0, 0]",10,0
memorias_braz_cubas,intermediario,pt,sbert,250,104,27380,11,0.4667161703109741,2.3978798029135486,2.3978923197490083,1.2516835459663866e-05,-0.004006871848653254,0.9999935485569376,0.9999982698138128,4.721256875228619e-06,11,11.0,0,0.0,0.008990685755699945,0.032835696813105886,0.0,10.0,10.0,0.0,5.124887187665015,5.129224062549035,-0.004336874884019792,"[10, 0, 0]",11,0
memorias_braz_cubas,intermediario,pt,sbert,250,105,27647,17,0.4667161703109741,2.361140429216683,2.83248099629044,0.47134056707375693,-115.54086413306942,0.8333789737966989,0.9996942867032859,0.16631531290658697,17,17.0,0,0.0,0.23335808515548706,0.08196524956258472,0.15139283559290234,5.0,15.0,-10.0,3.701197414195056,7.82307165566124,-4.121874241466184,"[5, 0, 0]",17,0
memorias_braz_cubas,intermediario,pt,sbert,250,106,27919,17,0.4667161703109741,2.830494681241224,2.83248099629044,0.001986315049215648,-0.48691025822732387,0.9990404313107252,0.9996942867032859,0.0006538553925606871,17,17.0,0,0.0,0.08187855976662267,0.08196524956258472,0.0,11.0,15.0,-4.0,7.604169142118394,7.82307165566124,-0.2189025135428455,"[11, 0, 0]",17,0
memorias_braz_cubas,intermediario,pt,sbert,250,107,28176,14,0.4667161703109741,2.63548502220891,2.638980899176345,0.003495876967435141,-0.29626980015042303,0.9986463699116118,0.9999699245333467,0.0013235546217348348,14,14.0,0,0.0,0.09173708521653412,0.0299868731048179,0.06175021211171622,11.0,13.0,-2.0,6.269676277404281,6.507105324978172,-0.23742904757389027,"[11, 0, 0]",14,0
memorias_braz_cubas,intermediario,pt,sbert,250,108,28427,16,0.4667161703109741,2.7697981235119267,2.7721957274731834,0.0023976039612567668,-0.5910156829361514,0.9989935042635534,0.9998582570997836,0.0008647528362302204,16,16.0,0,0.0,0.08539414212409013,0.07095835043901474,0.014435791685075389,9.0,14.0,-5.0,7.105617902601117,7.394406580952889,-0.28878867835177235,"[9, 0, 0]",16,0
memorias_braz_cubas,intermediario,pt,sbert,250,109,28682,12,0.4667161703109741,2.4753649795111423,2.4845225460609894,0.009157566549847118,-2.9411963219760615,0.996160149405342,0.9998454252890974,0.0036852758837553345,12,12.0,0,0.0,0.12646844929752338,0.0694845115964619,0.05698393770106147,5.0,11.0,-6.0,5.027060548074315,5.5318478372610596,-0.5047872891867442,"[5, 0, 0]",12,0
memorias_braz_cubas,intermediario,pt,sbert,250,110,28937,19,0.4667161703109741,2.9432687835972344,2.943805944243053,0.0005371606458184353,-0.3726260752401653,0.9824872568153374,0.9997797732146376,0.017292516399300184,20,19.0,1,0.0,0.15612225065000582,0.05946281874162085,0.09665943190838497,14.0,17.0,-3.0,8.569220095476322,8.745180317929908,-0.1759602224535861,"[14, 0, 0]",20,0
memorias_braz_cubas,intermediario,pt,sbert,250,111,29205,24,0.4667161703109741,3.1805380259866234,3.176787006902833,0.0037510190837903856,0.4197092303327334,0.9880896931203779,0.9995726144265327,0.011482921306154803,25,24.0,1,0.0,0.18092611315273266,0.07627132416725796,0.1046547889854747,14.0,20.0,-6.0,10.112812427274035,10.965778724681547,-0.8529662974075123,"[14, 0, 0]",25,0
memorias_braz_cubas,intermediario,pt,sbert,250,112,29458,18,0.4667161703109741,2.889890249568279,2.8896870957095318,0.0002031538587470294,0.06112199344654776,0.9814739819761509,0.9997631231398652,0.018289141163714273,19,18.0,1,0.0,0.15070103929586548,0.07443136639075643,0.07626967290510905,11.0,16.0,-5.0,7.642229198151788,8.304665260751593,-0.6624360625998049,"[11, 0, 0]",19,0
memorias_braz_cubas,intermediario,pt,sbert,250,113,29723,18,0.4667161703109741,2.8878725133072582,2.8896870957095318,0.0018145824022735013,-0.5459452967521032,0.9991353207136492,0.9997631231398652,0.000627802426215962,18,18.0,0,0.0,0.07621603774700836,0.07443136639075643,0.0017846713562519323,8.0,16.0,-8.0,7.936575139975061,8.304665260751593,-0.36809012077653147,"[8, 0, 0]",18,0
memorias_braz_cubas,intermediario,pt,sbert,250,114,29973,16,0.4667161703109741,2.7603928002332543,2.7721957274731834,0.01180292723992915,-2.9094526102200495,0.9956012509505288,0.9998582570997836,0.004257006149254838,16,16.0,0,0.0,0.1687856485893195,0.07095835043901474,0.09782729815030475,9.0,14.0,-5.0,6.7955099715928355,7.394406580952889,-0.5988966093600538,"[9, 0, 0]",16,0
memorias_braz_cubas,intermediario,pt,sbert,250,115,30236,14,0.4667161703109741,2.6380404910904542,2.638980899176345,0.0009404080858907982,-0.07969803235699192,0.9996146963109163,0.9999699245333467,0.00035522822243039265,14,14.0,0,0.0,0.053659757554605336,0.0299868731048179,0.023672884449787435,8.0,13.0,-5.0,6.345995281826358,6.507105324978172,-0.16111004315181354,"[8, 0, 0]",14,0
memorias_braz_cubas,intermediario,pt,sbert,250,116,30494,14,0.4667161703109741,2.635482259243175,2.638980899176345,0.0034986399331700113,-0.2965039569338905,0.9986453229598447,0.9999699245333467,0.0013246015735020045,14,14.0,0,0.0,0.0876493381572282,0.0299868731048179,0.057662465052410294,10.0,13.0,-3.0,6.256347411300505,6.507105324978172,-0.250757913677667,"[10, 0, 0]",14,0
memorias_braz_cubas,intermediario,pt,sbert,250,117,30778,12,0.4667161703109741,2.4711099736206465,2.4845225460609894,0.013412572440342885,-4.307804755230806,0.9944478090681874,0.9998454252890974,0.005397616220909951,12,12.0,0,0.0,0.16484660797367923,0.0694845115964619,0.09536209637721732,6.0,11.0,-5.0,4.871649545788557,5.5318478372610596,-0.6601982914725024,"[6, 0, 0]",12,0
memorias_braz_cubas,intermediario,pt,sbert,250,118,31031,14,0.4667161703109741,2.6330354049783375,2.638980899176345,0.005945494198007495,-0.5038708153197788,0.9977181531566809,0.9999699245333467,0.0022517713766657677,14,14.0,0,0.0,0.15496247785037498,0.0299868731048179,0.12497560474555708,11.0,13.0,-2.0,6.270498398310065,6.507105324978172,-0.2366069266681068,"[11, 0, 0]",14,0
memorias_braz_cubas,intermediario,pt,sbert,250,119,31286,15,0.4667161703109741,2.723120591037463,2.7072491704320925,0.015871420605370723,3.283712968062532,0.9611420886289005,0.9996986672675874,0.03855657863868689,17,15.0,2,0.0,0.10359206697545523,0.06061292303722349,0.04297914393823174,5.0,13.0,-8.0,6.4687164105805355,6.917417995122824,-0.44870158454228815,"[3, 1, 0]",17,0
memorias_braz_cubas,intermediario,pt,sbert,250,120,31574,16,0.4667161703109741,2.76556310720067,2.7721957274731834,0.006632620272513545,-1.634958343145627,0.9974660450059698,0.9998582570997836,0.0023922120938137947,16,16.0,0,0.0,0.12303434899040916,0.07095835043901474,0.052075998551394415,9.0,14.0,-5.0,6.929095166155819,7.394406580952889,-0.4653114147970703,"[9, 0, 0]",16,0
memorias_braz_cubas,intermediario,pt,sbert,250,121,31860,22,0.4667161703109741,3.0791058335342,3.0896228724866557,0.010517038952455593,-1.6047276314711763,0.9961383190285377,0.9994783692750041,0.0033400502464664417,22,22.0,0,0.0,0.15319375842008323,0.0841628055020629,0.06903095291802033,15.0,18.0,-3.0,9.571802967222583,10.041560033625029,-0.46975706640244574,"[15, 0, 0]",22,0
memorias_braz_cubas,intermediario,pt,sbert,250,122,32140,12,0.4667161703109741,2.4833128519636234,2.4845225460609894,0.001209694097366043,-0.3885254680402575,0.9993586085720714,0.9998454252890974,0.00048681671702599516,12,12.0,0,0.0,0.059616200764969735,0.0694845115964619,0.0,10.0,11.0,-1.0,5.4838387291507305,5.5318478372610596,-0.0480091081103291,"[10, 0, 0]",12,0
memorias_braz_cubas,intermediario,pt,sbert,250,123,32424,15,0.4667161703109741,2.7063174585248375,2.7072491704320925,0.0009317119072549396,-0.19276626512664063,0.999360151234764,0.9996986672675874,0.0003385160328234216,15,15.0,0,0.0,0.04959314751629737,0.06061292303722349,0.0,10.0,13.0,-3.0,6.80186126722909,6.917417995122824,-0.1155567278937335,"[10, 0, 0]",15,0
memorias_braz_cubas,intermediario,pt,sbert,250,124,32686,14,0.4667161703109741,2.5640847739993986,2.638980899176345,0.07489612517694644,-6.347322930673666,0.9996629237689926,0.9999699245333467,0.00030700076435408175,13,14.0,0,0.0,0.22221526261743638,0.0299868731048179,0.19222838951261847,9.0,13.0,-4.0,5.945139668933757,6.507105324978172,-0.5619656560444151,"[9, 0, 0]",13,0
memorias_braz_cubas,intermediario,pt,sbert,250,125,32947,17,0.4667161703109741,2.8131574468583658,2.83248099629044,0.01932354943207404,-4.736828856809482,0.9929211482644166,0.9996942867032859,0.006773138438869286,17,17.0,0,0.0,0.19408172192343282,0.08196524956258472,0.1121164723608481,7.0,15.0,-8.0,7.058005182470468,7.82307165566124,-0.7650664731907719,"[7, 0, 0]",17,0
memorias_braz_cubas,intermediario,pt,sbert,250,126,33203,16,0.4667161703109741,2.7677934554431056,2.7721957274731834,0.004402272030077814,-1.0851716348363676,0.9982704730931742,0.9998582570997836,0.0015877840066094162,16,16.0,0,0.0,0.09442213469051786,0.07095835043901474,0.02346378425150311,11.0,14.0,-3.0,7.089349778374759,7.394406580952889,-0.3050568025781306,"[11, 0, 0]",16,0
memorias_braz_cubas,intermediario,pt,sbert,250,127,33468,14,0.4667161703109741,2.6385137222213477,2.638980899176345,0.00046717695499731704,-0.03959247547361125,0.9997940145567091,0.9999699245333467,0.00017590997663752272,14,14.0,0,0.0,0.04954781006263498,0.0299868731048179,0.019560936957817077,12.0,13.0,-1.0,6.449777897899459,6.507105324978172,-0.057327427078712745,"[12, 0, 0]",14,0
memorias_braz_cubas,intermediario,pt,sbert,250,128,33720,14,0.4667161703109741,2.6295217050347937,2.638980899176345,0.009459194141551386,-0.8016510832638379,0.9963867307945694,0.9999699245333467,0.003583193738777246,14,14.0,0,0.0,0.1523567351273022,0.0299868731048179,0.12236986202248429,10.0,13.0,-3.0,6.0487937148862745,6.507105324978172,-0.45831161009189714,"[10, 0, 0]",14,0
memorias_braz_cubas,intermediario,pt,sbert,250,129,34000,14,0.4667161703109741,2.638654035632443,2.638980899176345,0.00032686354390198957,-0.027701145586754163,0.9998471825608752,0.9999699245333467,0.0001227419724714185,14,14.0,0,0.0,0.04132214237344223,0.0299868731048179,0.011335269268624326,12.0,13.0,-1.0,6.460543306430756,6.507105324978172,-0.04656201854741582,"[12, 0, 0]",14,0
memorias_braz_cubas,intermediario,pt,sbert,250,130,34252,18,0.4667161703109741,2.831017743256889,2.8896870957095318,0.05866935245264271,-17.651585838637505,0.9992250492523151,0.9997631231398652,0.0005380738875500057,17,18.0,0,0.0,0.20114364301052554,0.07443136639075643,0.1267122766197691,9.0,16.0,-7.0,7.549175119975973,8.304665260751593,-0.7554901407756196,"[9, 0, 0]",17,0
memorias_braz_cubas,intermediario,pt,sbert,250,131,34510,18,0.4667161703109741,2.890298197389103,2.8896870957095318,0.0006111016795711244,0.1838594308977986,0.9999745498111582,0.9997631231398652,0.00021142667129303572,18,18.0,0,0.0,0.04518583731320422,0.07443136639075643,0.0,16.0,16.0,0.0,8.369061767099524,8.304665260751593,0.06439650634793104,"[16, 0, 0]",18,0
memorias_braz_cubas,intermediario,pt,sbert,250,132,34768,21,0.4667161703109741,2.9912143772302935,3.0430154221408543,0.05180104491056081,-14.003714153904852,0.9984918891572585,0.9994550970993732,0.0009632079421146855,20,21.0,0,0.0,0.18277726457155935,0.10000034868929084,0.08277691588226851,13.0,18.0,-5.0,8.82943657246526,9.630175734202975,-0.8007391617377149,"[13, 0, 0]",20,0
memorias_braz_cubas,intermediario,pt,sbert,250,133,35032,17,0.4667161703109741,2.824904978841015,2.83248099629044,0.007576017449424821,-1.8571276566075423,0.9970675116179898,0.9996942867032859,0.0026267750852960736,17,17.0,0,0.0,0.14952747936655855,0.08196524956258472,0.06756222980397383,12.0,15.0,-3.0,7.471677907451925,7.82307165566124,-0.3513937482093148,"[12, 0, 0]",17,0
memorias_braz_cubas,intermediario,pt,sbert,250,134,35282,17,0.4667161703109741,2.769494630790776,2.83248099629044,0.06298636549966385,-15.440001575959629,0.9988840424026159,0.9996942867032859,0.0008102443006700044,16,17.0,0,0.0,0.198607501997743,0.08196524956258472,0.11664225243515827,10.0,15.0,-5.0,7.204445682614891,7.82307165566124,-0.618625973046349,"[10, 0, 0]",16,0
memorias_braz_cubas,intermediario,pt,sbert,250,135,35547,16,0.4667161703109741,2.766616028364818,2.7721957274731834,0.005579699108365421,-1.3754105066544242,0.9978458060414607,0.9998582570997836,0.0020124510583229283,16,16.0,0,0.0,0.09836375529262903,0.07095835043901474,0.027405404853614285,10.0,14.0,-4.0,6.917821814685528,7.394406580952889,-0.47658476626736146,"[10, 0, 0]",16,0
memorias_braz_cubas,intermediario,pt,sbert,250,136,35797,12,0.4667161703109741,2.487469831804959,2.4845225460609894,0.00294728574396963,0.9465992895373142,0.9697929608507916,0.9998454252890974,0.03005246443830578,13,12.0,1,0.0,0.09807832301574756,0.0694845115964619,0.02859381141928566,8.0,11.0,-3.0,5.305619253818145,5.5318478372610596,-0.2262285834429143,"[6, 1, 0]",13,0
memorias_braz_cubas,intermediario,pt,sbert,250,137,36069,17,0.4667161703109741,2.7970254215881925,2.83248099629044,0.03545557470224736,-8.691311602701939,0.9677043840284695,0.9996942867032859,0.031989902674816384,18,17.0,1,0.0,0.23335808515548706,0.08196524956258472,0.15139283559290234,6.0,15.0,-9.0,6.112599988353976,7.82307165566124,-1.7104716673072637,"[6, 0, 0]",18,0
memorias_braz_cubas,intermediario,pt,sbert,250,138,36321,12,0.4667161703109741,2.466929188647546,2.4845225460609894,0.017593357413443478,-5.650575164697449,0.9927653374254569,0.9998454252890974,0.00708008786364045,12,12.0,0,0.0,0.17091687731338323,0.0694845115964619,0.10143236571692132,5.0,11.0,-6.0,4.698104959134272,5.5318478372610596,-0.8337428781267873,"[5, 0, 0]",12,0
memorias_braz_cubas,intermediario,pt,sbert,250,139,36625,10,0.4667161703109741,2.3005948230534816,2.302579773524076,0.0019849504705944376,-1.1701773572675707,0.999135636747315,0.9999976897835454,0.0008620530362304368,10,10.0,0,0.0,0.08439441379905252,0.04953466404766449,0.03485974975138803,7.0,9.0,-2.0,4.521847522697749,4.662225961464445,-0.14037843876669598,"[7, 0, 0]",10,0
memorias_braz_cubas,intermediario,pt,sbert,250,140,36875,13,0.4667161703109741,2.562237402965959,2.5645129437501177,0.0022755407841588138,-0.1904963241311608,0.9989426869237442,0.9998298548428843,0.0008871679191401194,13,13.0,0,0.0,0.08003588386965912,0.0481267705836842,0.03190911328597493,8.0,12.0,-4.0,5.785455248563141,6.0168866246147825,-0.2314313760516411,"[8, 0, 0]",13,0
memorias_braz_cubas,intermediario,pt,sbert,250,141,37136,18,0.4667161703109741,2.884061796686871,2.8896870957095318,0.005625299022660624,-1.69245857360788,0.9978169032436554,0.9997631231398652,0.0019462198962097998,18,18.0,0,0.0,0.1221742642892985,0.07443136639075643,0.04774289789854208,14.0,16.0,-2.0,7.997383359743303,8.304665260751593,-0.3072819010082899,"[14, 0, 0]",18,0
memorias_braz_cubas,intermediario,pt,sbert,250,142,37394,15,0.4667161703109741,2.7050795882414036,2.7072491704320925,0.002169582190688857,-0.4488750787961433,0.9989030436512597,0.9996986672675874,0.0007956236163276786,15,15.0,0,0.0,0.07543753105020487,0.06061292303722349,0.014824608012981383,11.0,13.0,-2.0,6.828466027915856,6.917417995122824,-0.08895196720696763,"[11, 0, 0]",15,0
memorias_braz_cubas,intermediario,pt,sbert,250,143,37652,13,0.4667161703109741,2.564172476648296,2.5645129437501177,0.00034046710182167317,-0.02850211775421725,0.99969711650993,0.9998298548428843,0.0001327383329543519,13,13.0,0,0.0,0.06016755769082807,0.0481267705836842,0.012040787107143874,11.0,12.0,-1.0,5.994325815459766,6.0168866246147825,-0.022560809155016237,"[11, 0, 0]",13,0
memorias_braz_cubas,intermediario,pt,sbert,250,144,37905,16,0.4667161703109741,2.7659600682709753,2.7721957274731834,0.006235659202208144,-1.5371063951772745,0.9976092184478587,0.9998582570997836,0.0022490386519249395,16,16.0,0,0.0,0.1292196118276568,0.07095835043901474,0.058261261388642044,8.0,14.0,-6.0,6.9543837138951075,7.394406580952889,-0.44002286705778193,"[8, 0, 0]",16,0
memorias_braz_cubas,intermediario,pt,sbert,250,145,38165,19,0.4667161703109741,2.9387196607367456,2.943805944243053,0.005086283506307243,-3.5283334236564223,0.9980575863618971,0.9997797732146376,0.0017221868527405038,19,19.0,0,0.0,0.10404366221156203,0.05946281874162085,0.04458084346994118,14.0,17.0,-3.0,8.440532878412569,8.745180317929908,-0.3046474395173391,"[14, 0, 0]",19,0
memorias_braz_cubas,intermediario,pt,sbert,250,146,38417,17,0.4667161703109741,2.818989141664375,2.83248099629044,0.013491854626064725,-3.3072912690948852,0.9949794806587079,0.9996942867032859,0.004714806044577968,17,17.0,0,0.0,0.18886318952185707,0.08196524956258472,0.10689793995927235,13.0,15.0,-2.0,7.393348151941849,7.82307165566124,-0.4297235037193907,"[13, 0, 0]",17,0
memorias_braz_cubas,intermediario,pt,sbert,250,147,38683,15,0.4667161703109741,2.705355633350809,2.7072491704320925,0.0018935370812833696,-0.39176280585831286,0.9990049786557486,0.9996986672675874,0.0006936886118388275,15,15.0,0,0.0,0.07585627620739238,0.06061292303722349,0.015243353170168894,12.0,13.0,-1.0,6.760324258222442,6.917417995122824,-0.1570937369003813,"[12, 0, 0]",15,0
memorias_braz_cubas,intermediario,pt,sbert,250,148,38943,10,0.4667161703109741,2.30254403939455,2.302579773524076,3.573412952606603e-05,-0.02106615246704191,0.9999821706482767,0.9999976897835454,1.551913526876003e-05,10,10.0,0,0.0,0.013997762433089145,0.04953466404766449,0.0,9.0,9.0,0.0,4.653163940676652,4.662225961464445,-0.009062020787792946,"[9, 0, 0]",10,0
memorias_braz_cubas,intermediario,pt,sbert,250,149,39214,12,0.4667161703109741,2.4715147979039642,2.4845225460609894,0.013007748157025212,-4.177784658007444,0.9946107223443671,0.9998454252890974,0.005234702944730274,12,12.0,0,0.0,0.19718581036602512,0.0694845115964619,0.1277012987695632,10.0,11.0,-1.0,5.320052737069538,5.5318478372610596,-0.21179510019152126,"[10, 0, 0]",12,0
memorias_braz_cubas,intermediario,pt,sbert,250,150,39485,13,0.4667161703109741,2.5649450467981185,2.5645129437501177,0.000432103048000787,0.03617339792942846,0.9999983193962853,0.9998298548428843,0.00016846455340091548,13,13.0,0,0.0,0.04529321561553573,0.0481267705836842,0.0,12.0,12.0,0.0,6.062179840230318,6.0168866246147825,0.04529321561553523,"[12, 0, 0]",13,0
memorias_braz_cubas,intermediario,pt,sbert,250,151,39739,13,0.4667161703109741,2.545367881886767,2.5645129437501177,0.019145061863350854,-1.602724036247146,0.992365745733807,0.9998298548428843,0.007464109109077355,13,13.0,0,0.0,0.20814629044154614,0.0481267705836842,0.16001951985786195,9.0,12.0,-3.0,5.490299826636998,6.0168866246147825,-0.5265867979777843,"[9, 0, 0]",13,0
memorias_braz_cubas,intermediario,pt,sbert,250,152,40003,11,0.4667161703109741,2.396248806991878,2.3978923197490083,0.00164351275713015,-0.526119003534791,0.9993133704273202,0.9999982698138128,0.0006848993864926323,11,11.0,0,0.0,0.08536240545662366,0.032835696813105886,0.05252670864351777,9.0,10.0,-1.0,5.039424287541454,5.129224062549035,-0.08979977500758096,"[9, 0, 0]",11,0
memorias_braz_cubas,intermediario,pt,sbert,250,153,40274,13,0.4667161703109741,2.5639191188908983,2.5645129437501177,0.0005938248592194384,-0.04971189866009105,0.9995983396055593,0.9998298548428843,0.00023151523732500845,13,13.0,0,0.0,0.06973269040144245,0.0481267705836842,0.02160591981775825,12.0,12.0,0.0,5.990732890761935,6.0168866246147825,-0.026153733852847694,"[12, 0, 0]",13,0
memorias_braz_cubas,intermediario,pt,sbert,250,154,40524,14,0.4667161703109741,2.6389708794408477,2.638980899176345,1.0019735497301951e-05,-0.000849156037526033,0.9999672420248547,0.9999699245333467,2.6825084920023556e-06,14,14.0,0,0.0,0.023556441319098398,0.0299868731048179,0.0,11.0,13.0,-2.0,6.503503578507044,6.507105324978172,-0.0036017464711273206,"[11, 0, 0]",14,0
memorias_braz_cubas,intermediario,pt,sbert,250,155,40781,14,0.4667161703109741,2.635934572741511,2.638980899176345,0.0030463264348341568,-0.2581711348678952,0.9988167150297554,0.9999699245333467,0.0011532095035912127,14,14.0,0,0.0,0.11342990967384653,0.0299868731048179,0.08344303656902863,12.0,13.0,-1.0,6.395046635056866,6.507105324978172,-0.11205868992130519,"[12, 0, 0]",14,0
memorias_braz_cubas,intermediario,pt,sbert,250,156,41036,17,0.4667161703109741,2.7969283911523184,2.83248099629044,0.03555260513812142,-8.715096910378081,0.9871930036684249,0.9996942867032859,0.012501283034860977,17,17.0,0,0.0,0.198607501997743,0.08196524956258472,0.11664225243515827,14.0,15.0,-1.0,7.347382241357174,7.82307165566124,-0.47568941430406575,"[14, 0, 0]",17,0
memorias_braz_cubas,intermediario,pt,sbert,250,157,41293,12,0.4667161703109741,2.484310919679351,2.4845225460609894,0.00021162638163829683,-0.06796944711453419,0.9997602605680579,0.9998454252890974,8.516472103947681e-05,12,12.0,0,0.0,0.0504071536065544,0.0694845115964619,0.0,9.0,11.0,-2.0,5.5345650082758215,5.5318478372610596,0.0027171710147619876,"[9, 0, 0]",12,0
memorias_braz_cubas,intermediario,pt,sbert,250,158,41573,16,0.4667161703109741,2.767452834849817,2.7721957274731834,0.004742892623366579,-1.1691355070261489,0.9981476201829836,0.9998582570997836,0.0017106369167999569,16,16.0,0,0.0,0.12630584293542355,0.07095835043901474,0.0553474924964088,12.0,14.0,-2.0,7.18582637410776,7.394406580952889,-0.208580206845129,"[12, 0, 0]",16,0
memorias_braz_cubas,intermediario,pt,sbert,250,159,41842,15,0.4667161703109741,2.707080400562513,2.7072491704320925,0.00016876986957958806,-0.03491759327260112,0.9996418823627041,0.9996986672675874,5.678490488325583e-05,15,15.0,0,0.0,0.046385804934275854,0.06061292303722349,0.0,12.0,13.0,-1.0,6.8628927134493605,6.917417995122824,-0.054525281673463155,"[12, 0, 0]",15,0
memorias_braz_cubas,intermediario,pt,sbert,250,160,42094,22,0.4667161703109741,3.0833419568294205,3.0896228724866557,0.006280915657235209,-0.9583647024290929,0.9975087703759845,0.9994783692750041,0.001969598899019598,22,22.0,0,0.0,0.13686282313716472,0.0841628055020629,0.05270001763510182,18.0,18.0,0.0,9.901247516874372,10.041560033625029,-0.14031251675065626,"[18, 0, 0]",22,0
memorias_braz_cubas,intermediario,pt,sbert,250,161,42358,19,0.4667161703109741,2.933877206752249,2.943805944243053,0.009928737490803918,-6.887523336061149,0.9793522714470209,0.9997797732146376,0.020427501767616763,20,19.0,1,0.0,0.17045545067184073,0.05946281874162085,0.11099263193021988,12.0,17.0,-5.0,8.135041318849439,8.745180317929908,-0.6101389990804691,"[10, 1, 0]",20,0
memorias_braz_cubas,intermediario,pt,sbert,250,162,42609,18,0.4667161703109741,2.864810866389134,2.8896870957095318,0.02487622932039768,-7.484399926606854,0.9911565384496991,0.9997631231398652,0.008606584690166064,18,18.0,0,0.0,0.20114364301052554,0.07443136639075643,0.1267122766197691,13.0,16.0,-3.0,7.673461084258051,8.304665260751593,-0.6312041764935419,"[13, 0, 0]",18,0
memorias_braz_cubas,intermediario,pt,sbert,250,163,42865,15,0.4667161703109741,2.707011123219114,2.7072491704320925,0.00023804721297837617,-0.049250709164857326,0.9996163003615395,0.9996986672675874,8.236690604790375e-05,15,15.0,0,0.0,0.045992393112198576,0.06061292303722349,0.0,8.0,13.0,-5.0,6.759406830079717,6.917417995122824,-0.15801116504310642,"[8, 0, 0]",15,0
memorias_braz_cubas,intermediario,pt,sbert,250,164,43133,10,0.4667161703109741,2.2969387685893543,2.302579773524076,0.0056410049347217495,-3.325511817365001,0.9975478324680068,0.9999976897835454,0.002449857315538595,10,10.0,0,0.0,0.11481291171688723,0.04953466404766449,0.06527824766922274,5.0,9.0,-4.0,4.329921461217068,4.662225961464445,-0.33230450024737745,"[5, 0, 0]",10,0
memorias_braz_cubas,intermediario,pt,sbert,250,165,43384,14,0.4667161703109741,2.6390040514474618,2.638980899176345,2.315227111671092e-05,0.0019621167451464717,0.9999798116671439,0.9999699245333467,9.887133797237269e-06,14,14.0,0,0.0,0.01854638827468802,0.0299868731048179,0.0,13.0,13.0,0.0,6.51547999607895,6.507105324978172,0.008374671100778386,"[13, 0, 0]",14,0
memorias_braz_cubas,intermediario,pt,sbert,250,166,43650,16,0.4667161703109741,2.7654993764617535,2.7721957274731834,0.006696351011429957,-1.65066813792131,0.997443059000723,0.9998582570997836,0.002415198099060545,16,16.0,0,0.0,0.13341214258522768,0.07095835043901474,0.06245379214621294,14.0,14.0,0.0,7.166819189267617,7.394406580952889,-0.22758739168527242,"[14, 0, 0]",16,0
memorias_braz_cubas,intermediario,pt,sbert,250,167,43904,12,0.4667161703109741,2.4832003727042467,2.4845225460609894,0.001322173356742784,-0.42465117700198873,0.9993133435882192,0.9998454252890974,0.0005320817008781509,12,12.0,0,0.0,0.06909577935718053,0.0694845115964619,0.0,11.0,11.0,0.0,5.506525069784008,5.5318478372610596,-0.025322767477051755,"[11, 0, 0]",12,0
memorias_braz_cubas,intermediario,pt,sbert,250,168,44163,9,0.4667161703109741,2.196313326667851,2.1972245773362196,0.0009112506683686128,-0.19944727870397647,0.9995852719481805,1.0,0.000414728051819524,9,9.0,0,0.0,0.061353474245255,0.03330910062640591,0.028044373618849094,8.0,9.0,-1.0,4.139092058553512,4.200445532798767,-0.06135347424525506,"[8, 0, 0]",9,0
memorias_braz_cubas,intermediario,pt,sbert,250,169,44438,14,0.4667161703109741,2.6313140324704976,2.638980899176345,0.007666866705847486,-0.6497542928085067,0.9970658852091365,0.9999699245333467,0.002904039324210128,14,14.0,0,0.0,0.17972546939633377,0.0299868731048179,0.14973859629151587,11.0,13.0,-2.0,6.273514799770281,6.507105324978172,-0.23359052520789092,"[11, 0, 0]",14,0
memorias_braz_cubas,intermediario,pt,sbert,250,170,44695,20,0.4667161703109741,2.838682512644736,2.99488481361473,0.1562023009699942,-27.756623363675896,0.982116748438944,0.9996999570488774,0.017583208609933343,18,20.0,0,0.0,0.23335808515548706,0.07558023709199177,0.1577778480634953,9.0,17.0,-8.0,7.1702813685658,9.197980016763383,-2.0276986481975827,"[9, 0, 0]",18,0
memorias_braz_cubas,intermediario,pt,sbert,250,171,44950,14,0.4667161703109741,2.625415290941493,2.638980899176345,0.013565608234852089,-1.1496628966342843,0.9948307153009994,0.9999699245333467,0.0051392092323472305,14,14.0,0,0.0,0.21064865012239342,0.0299868731048179,0.18066177701757552,9.0,13.0,-4.0,5.989300207359518,6.507105324978172,-0.5178051176186536,"[9, 0, 0]",14,0
memorias_braz_cubas,intermediario,pt,sbert,250,172,45220,16,0.4667161703109741,2.7649059032317465,2.7721957274731834,0.007289824241436982,-1.7969608501476735,0.9758904704554736,0.9998582570997836,0.023967786644309985,17,16.0,1,0.0,0.18876136089124207,0.07095835043901474,0.11780301045222732,6.0,14.0,-8.0,6.576649010353462,7.394406580952889,-0.8177575705994276,"[6, 0, 0]",17,0
memorias_braz_cubas,intermediario,pt,sbert,250,173,45480,29,0.4667161703109741,3.3155865350061395,3.3653792609767175,0.049792725970577933,-16.829417315735977,0.9748292036452827,0.9992163495547526,0.024387145909469887,30,29.0,2,0.0,0.1781560401416663,0.07921182195083987,0.09894421819082644,11.0,22.0,-11.0,10.9272743389889,13.168377620965803,-2.241103281976903,"[7, 2, 0]",30,0
memorias_braz_cubas,intermediario,pt,sbert,250,174,45730,23,0.4667161703109741,3.088161403029401,3.1343217621758503,0.04616035914644945,-11.114015496471007,0.9849041938399103,0.9995789181684662,0.014674724328555877,23,23.0,1,0.0,0.19836366291733482,0.07136225617954572,0.1270014067377891,11.0,19.0,-8.0,9.181616819591719,10.53311617919954,-1.3514993596078213,"[9, 1, 0]",23,0
memorias_braz_cubas,intermediario,pt,sbert,250,175,45982,15,0.4667161703109741,2.7033092255898428,2.7072491704320925,0.0039399448422496874,-0.8151537467016922,0.9982493029448133,0.9996986672675874,0.0014493643227740938,15,15.0,0,0.0,0.07999733987827468,0.06061292303722349,0.01938441684105119,11.0,13.0,-2.0,6.657660779836261,6.917417995122824,-0.25975721528656237,"[11, 0, 0]",15,0
memorias_braz_cubas,intermediario,pt,sbert,250,176,46240,10,0.4667161703109741,2.3025850929940455,2.302579773524076,5.319469969400359e-06,0.003135959009089524,0.9999999999999998,0.9999976897835454,2.3102164543598036e-06,10,10.0,0,0.0,0.004935741645295866,0.04953466404766449,0.0,10.0,9.0,1.0,4.667161703109741,4.662225961464445,0.004935741645295977,"[10, 0, 0]",10,0
memorias_braz_cubas,intermediario,pt,sbert,250,177,46493,10,0.4667161703109741,2.2923510046926956,2.302579773524076,0.010228768831380464,-6.0301120136368755,0.9955553919234129,0.9999976897835454,0.004442297860132505,10,10.0,0,0.0,0.1556863941810397,0.04953466404766449,0.1061517301333752,6.0,9.0,-3.0,4.243428085597123,4.662225961464445,-0.4187978758673223,"[6, 0, 0]",10,0
memorias_braz_cubas,intermediario,pt,sbert,250,178,46765,12,0.4667161703109741,2.4848892637557998,2.4845225460609894,0.0003667176948103368,0.11778115171848891,0.9999930033459398,0.9998454252890974,0.00014757805684240122,12,12.0,0,0.0,0.033333869523721305,0.0694845115964619,0.0,11.0,11.0,0.0,5.590683629853279,5.5318478372610596,0.058835792592219605,"[11, 0, 0]",12,0
memorias_braz_cubas,intermediario,pt,sbert,250,179,47025,17,0.4667161703109741,2.8268272464388295,2.83248099629044,0.005653749851610268,-1.385917506534171,0.9977459877383452,0.9996942867032859,0.0019482989649406424,17,17.0,0,0.0,0.1229529354081891,0.08196524956258472,0.04098768584560439,14.0,15.0,-1.0,7.637884618883831,7.82307165566124,-0.18518703677740866,"[14, 0, 0]",17,0
memorias_braz_cubas,intermediario,pt,sbert,250,180,47294,21,0.4667161703109741,3.0268449503071775,3.0430154221408543,0.016170471833676814,-4.371469063675461,0.994193674778937,0.9994550970993732,0.005261422320436138,21,21.0,0,0.0,0.1691556275488464,0.10000034868929084,0.06915527885955555,8.0,18.0,-10.0,8.463139684322444,9.630175734202975,-1.1670360498805312,"[8, 0, 0]",21,0
memorias_braz_cubas,intermediario,pt,sbert,250,181,47573,13,0.4667161703109741,2.5523601262015343,2.5645129437501177,0.012152817548583439,-1.0173700629574114,0.9950918207319065,0.9998298548428843,0.00473803411097784,13,13.0,0,0.0,0.1654794095218854,0.0481267705836842,0.11735263893820119,11.0,12.0,-1.0,5.714954260873045,6.0168866246147825,-0.30193236374173793,"[11, 0, 0]",13,0
memorias_braz_cubas,intermediario,pt,sbert,250,182,47844,9,0.4667161703109741,2.193327027106764,2.1972245773362196,0.003897550229455593,-0.8530647097012899,0.9982261484467005,1.0,0.0017738515532994548,9,9.0,0,0.0,0.12248205050741329,0.03330910062640591,0.08917294988100738,8.0,9.0,-1.0,4.077963482291354,4.200445532798767,-0.12248205050741312,"[8, 0, 0]",9,0
memorias_braz_cubas,intermediario,pt,sbert,250,183,48104,21,0.4667161703109741,3.0282604164005824,3.0430154221408543,0.014755005740271887,-3.9888168874344005,0.9796890408640221,0.9994550970993732,0.019766056235351104,22,21.0,1,0.0,0.18519286659491108,0.10000034868929084,0.08519251790562024,14.0,18.0,-4.0,8.762635784988989,9.630175734202975,-0.8675399492139864,"[14, 0, 0]",22,0
memorias_braz_cubas,intermediario,pt,sbert,250,184,48356,14,0.4667161703109741,2.6390208598849565,2.638980899176345,3.9960708611452844e-05,0.003386604066581492,0.9999861807737587,0.9999699245333467,1.62562404120159e-05,14,14.0,0,0.0,0.014900428388961828,0.0299868731048179,0.0,12.0,13.0,-1.0,6.514049823538224,6.507105324978172,0.0069444985600526365,"[12, 0, 0]",14,0
memorias_braz_cubas,intermediario,pt,sbert,250,185,48610,13,0.4667161703109741,2.5532024586244133,2.5645129437501177,0.011310485125704428,-0.9468544161397418,0.9954202219225299,0.9998298548428843,0.004409632920354456,13,13.0,0,0.0,0.1669201564903645,0.0481267705836842,0.11879338590668032,10.0,12.0,-2.0,5.67389459165759,6.0168866246147825,-0.34299203295719227,"[10, 0, 0]",13,0
memorias_braz_cubas,intermediario,pt,sbert,250,186,48869,11,0.4667161703109741,2.3957519615102014,2.3978923197490083,0.002140358238806872,-0.68516848373899,0.9991061697679282,0.9999982698138128,0.0008921000458845807,11,11.0,0,0.0,0.09695907864770142,0.032835696813105886,0.06412338183459554,10.0,10.0,0.0,5.033001678505916,5.129224062549035,-0.09622238404311911,"[10, 0, 0]",11,0
memorias_braz_cubas,intermediario,pt,sbert,250,187,49134,13,0.4667161703109741,2.559491177173903,2.5645129437501177,0.00502176657621467,-0.4203959252557412,0.9978720124544542,0.9998298548428843,0.001957842388430109,13,13.0,0,0.0,0.10645347306616054,0.0481267705836842,0.058326702482476345,11.0,12.0,-1.0,5.82030698814375,6.0168866246147825,-0.19657963647103216,"[11, 0, 0]",13,0
memorias_braz_cubas,intermediario,pt,sbert,250,188,49413,13,0.4667161703109741,2.538103828927298,2.5645129437501177,0.026409114822819824,-2.210832401830429,0.9895337003609276,0.9998298548428843,0.010296154481956754,13,13.0,0,0.0,0.20814629044154614,0.0481267705836842,0.16001951985786195,11.0,12.0,-1.0,5.710793594940117,6.0168866246147825,-0.3060930296746651,"[11, 0, 0]",13,0
memorias_braz_cubas,intermediario,pt,sbert,250,189,49692,11,0.4667161703109741,2.3966575168990696,2.3978923197490083,0.0012348028499387098,-0.39528336007934495,0.999483815697315,0.9999982698138128,0.0005144541164977534,11,11.0,0,0.0,0.07189443495082512,0.032835696813105886,0.039058738137719234,9.0,10.0,-1.0,5.027525623359654,5.129224062549035,-0.10169843918938071,"[9, 0, 0]",11,0
memorias_braz_cubas,intermediario,pt,sbert,250,190,49966,10,0.4667161703109741,2.302409643345003,2.302579773524076,0.00017013017907308026,-0.10029594505679325,0.9999238031855688,0.9999976897835454,7.388659797658015e-05,10,10.0,0,0.0,0.02871990137982261,0.04953466404766449,0.0,9.0,9.0,0.0,4.638441801729918,4.662225961464445,-0.023784159734526966,"[9, 0, 0]",10,0
memorias_braz_cubas,intermediario,pt,sbert,250,191,50221,23,0.4667161703109741,3.0354888833802987,3.1343217621758503,0.09883287879555169,-23.795961877369646,0.9970328501340002,0.9995789181684662,0.002546068034465998,21,23.0,0,0.0,0.2159331317949541,0.07136225617954572,0.14457087561540838,16.0,19.0,-3.0,9.398103268891042,10.53311617919954,-1.1350129103084985,"[16, 0, 0]",21,0
memorias_braz_cubas,intermediario,pt,sbert,250,192,50472,11,0.4667161703109741,2.3958903904056355,2.3978923197490083,0.0020019293433728436,-0.6408548194791843,0.9991638991012333,0.9999982698138128,0.0008343707125795241,11,11.0,0,0.0,0.09353661328613344,0.032835696813105886,0.060700916473027555,8.0,10.0,-2.0,5.00381351292386,5.129224062549035,-0.12541054962517517,"[8, 0, 0]",11,0
memorias_braz_cubas,intermediario,pt,sbert,250,193,50730,17,0.4667161703109741,2.828561471298647,2.83248099629044,0.003919524991792933,-0.9608027319915611,0.9983580930227762,0.9996942867032859,0.0013361936805096342,17,17.0,0,0.0,0.09601746661136917,0.08196524956258472,0.014052217048784454,5.0,15.0,-10.0,7.2324543120597715,7.82307165566124,-0.5906173436014681,"[5, 0, 0]",17,0
memorias_braz_cubas,intermediario,pt,sbert,250,194,51009,16,0.4667161703109741,2.771295100037136,2.7721957274731834,0.000900627436047241,-0.22200703193178078,0.999533424415865,0.9998582570997836,0.00032483268391858555,16,16.0,0,0.0,0.058478752894943836,0.07095835043901474,0.0,13.0,14.0,-1.0,7.332752986300769,7.394406580952889,-0.06165359465212017,"[13, 0, 0]",16,0
memorias_braz_cubas,intermediario,pt,sbert,250,195,51269,12,0.4667161703109741,2.4812730300932158,2.4845225460609894,0.003249515967773675,-1.0436685729330544,0.9985377238637537,0.9998454252890974,0.0013077014253436436,12,12.0,0,0.0,0.08081649980745281,0.0694845115964619,0.011331988210990906,7.0,11.0,-4.0,5.305437755701771,5.5318478372610596,-0.22641008155928866,"[7, 0, 0]",12,0
memorias_braz_cubas,intermediario,pt,sbert,250,196,51527,10,0.4667161703109741,2.2984549839390516,2.302579773524076,0.004124789585024491,-2.4316653978994673,0.9982063164277573,0.9999976897835454,0.0017913733557881617,10,10.0,0,0.0,0.1266989835339724,0.04953466404766449,0.07716431948630792,9.0,9.0,0.0,4.535526977930473,4.662225961464445,-0.1266989835339718,"[9, 0, 0]",10,0
memorias_braz_cubas,intermediario,pt,sbert,250,197,51809,12,0.4667161703109741,2.4791820837423244,2.4845225460609894,0.005340462318665029,-1.7152316659464037,0.9976962651509809,0.9998454252890974,0.0021491601381165015,12,12.0,0,0.0,0.10991337700079212,0.0694845115964619,0.040428865404330216,10.0,11.0,-1.0,5.367978962545211,5.5318478372610596,-0.163868874715849,"[10, 0, 0]",12,0
memorias_braz_cubas,intermediario,pt,sbert,250,198,52071,13,0.4667161703109741,2.563769116157124,2.5645129437501177,0.0007438275929936289,-0.06226933977146693,0.9995398578529516,0.9998298548428843,0.00028999698993270595,13,13.0,0,0.0,0.060552143869990166,0.0481267705836842,0.012425373286305968,10.0,12.0,-2.0,5.944924985266118,6.0168866246147825,-0.07196163934866462,"[10, 0, 0]",13,0
memorias_braz_cubas,intermediario,pt,sbert,250,199,52321,14,0.4667161703109741,2.638741537876597,2.638980899176345,0.0002393612997479977,-0.020285474889613797,0.999880339189635,0.9999699245333467,8.958534371161786e-05,14,14.0,0,0.0,0.04459499967154479,0.0299868731048179,0.014608126566726887,13.0,13.0,0.0,6.489431384682093,6.507105324978172,-0.017673940296078605,"[13, 0, 0]",14,0
memorias_braz_cubas,intermediario,pt,sbert,250,200,52585,9,0.4667161703109741,2.1955659643672267,2.1972245773362196,0.0016586129689928342,-0.36302397855134233,0.9992451327069154,1.0,0.0007548672930846045,9,9.0,0,0.0,0.07255493202694069,0.03330910062640591,0.03924583140053478,6.0,9.0,-3.0,4.070174280035522,4.200445532798767,-0.13027125276324547,"[6, 0, 0]",9,0
memorias_braz_cubas,intermediario,pt,sbert,250,201,52849,10,0.4667161703109741,2.28640376228766,2.302579773524076,0.016176011236415988,-9.536158387917427,0.992972537364365,0.9999976897835454,0.007025152419180447,10,10.0,0,0.0,0.2308902143328391,0.04953466404766449,0.1813555502851746,9.0,9.0,0.0,4.424828151069146,4.662225961464445,-0.23739781039529895,"[9, 0, 0]",10,0
memorias_braz_cubas,intermediario,pt,sbert,250,202,53143,15,0.4667161703109741,2.706438357638055,2.7072491704320925,0.0008108127940373855,-0.16775287812299694,0.9994047955745063,0.9996986672675874,0.0002938716930810381,15,15.0,0,0.0,0.06085884079543413,0.06061292303722349,0.0002459177582106453,13.0,13.0,0.0,6.853962987378483,6.917417995122824,-0.06345500774434054,"[13, 0, 0]",15,0
memorias_braz_cubas,intermediario,pt,sbert,250,203,53403,10,0.4667161703109741,2.289395755947371,2.302579773524076,0.013184017576704843,-7.772304183215979,0.9942719437006671,0.9999976897835454,0.005725746082878347,10,10.0,0,0.0,0.1967640282160769,0.04953466404766449,0.14722936416841242,4.0,9.0,-5.0,4.102958971845152,4.662225961464445,-0.5592669896192932,"[4, 0, 0]",10,0
memorias_braz_cubas,intermediario,pt,sbert,250,204,53681,8,0.4667161703109741,2.0661647188500396,2.0794415416798357,0.013276822829796142,-4.301231952627547,0.9936151978482306,1.0,0.006384802151769398,8,8.0,0,0.0,0.14533598759928673,0.02039056539882822,0.12494542220045851,5.0,8.0,-3.0,3.32197823464525,3.733729362487793,-0.411751127842543,"[5, 0, 0]",8,0
memorias_braz_cubas,intermediario,pt,sbert,250,205,53931,14,0.4667161703109741,2.6239590047319283,2.638980899176345,0.015021894444416706,-1.2730807480886148,0.99427889469702,0.9999699245333467,0.005691029836326633,14,14.0,0,0.0,0.22221526261743638,0.0299868731048179,0.19222838951261847,9.0,13.0,-4.0,6.014333039856717,6.507105324978172,-0.4927722851214549,"[9, 0, 0]",14,0
memorias_braz_cubas,intermediario,pt,sbert,250,206,54189,12,0.4667161703109741,2.4841074389730373,2.4845225460609894,0.0004151070879521157,-0.1333226937161968,0.9996783739079167,0.9998454252890974,0.00016705138118067175,12,12.0,0,0.0,0.05097559290942941,0.0694845115964619,0.0,9.0,11.0,-2.0,5.511891780070356,5.5318478372610596,-0.01995605719070337,"[9, 0, 0]",12,0
memorias_braz_cubas,intermediario,pt,sbert,250,207,54451,19,0.4667161703109741,2.9425628124438097,2.943805944243053,0.00124313179924318,-0.862355287871935,0.9993628101190395,0.9997797732146376,0.00041696309559813294,19,19.0,0,0.0,0.05578707291338686,0.05946281874162085,0.0,15.0,17.0,-2.0,8.617967076908549,8.745180317929908,-0.12721324102135867,"[15, 0, 0]",19,0
memorias_braz_cubas,intermediario,pt,sbert,250,208,54725,10,0.4667161703109741,2.302315404714699,2.302579773524076,0.00026436880937685814,-0.1558519465767535,0.9998828758684457,0.9999976897835454,0.00011481391509970962,10,10.0,0,0.0,0.03548243582966376,0.04953466404766449,0.0,9.0,9.0,0.0,4.631679267280077,4.662225961464445,-0.03054669418436795,"[9, 0, 0]",10,0
memorias_braz_cubas,intermediario,pt,sbert,250,209,55003,8,0.4667161703109741,2.077484502464916,2.0794415416798357,0.0019570392149197424,-0.6340131002476571,0.9990588630766033,1.0,0.0009411369233967015,8,8.0,0,0.0,0.08413019513727232,0.02039056539882822,0.0637396297384441,6.0,8.0,-2.0,3.627098382272176,3.733729362487793,-0.10663098021561712,"[6, 0, 0]",8,0
memorias_braz_cubas,intermediario,pt,sbert,250,210,55254,13,0.4667161703109741,2.5640493722232938,2.5645129437501177,0.0004635715268239693,-0.03880777371541619,0.9996491216344584,0.9998298548428843,0.00018073320842593166,13,13.0,0,0.0,0.05066122029389139,0.0481267705836842,0.002534449710207193,10.0,12.0,-2.0,5.933989854635379,6.0168866246147825,-0.08289676997940365,"[10, 0, 0]",13,0
memorias_braz_cubas,intermediario,pt,sbert,250,211,55531,10,0.4667161703109741,2.300838863934664,2.302579773524076,0.0017409095894120874,-1.0263092267334666,0.9992416223553713,0.9999976897835454,0.0007560674281741342,10,10.0,0,0.0,0.08812104068916449,0.04953466404766449,0.0385863766415,8.0,9.0,-1.0,4.573648514241726,4.662225961464445,-0.08857744722271921,"[8, 0, 0]",10,0
memorias_braz_cubas,intermediario,pt,sbert,250,212,55789,19,0.4667161703109741,2.9407176444862446,2.943805944243053,0.0030882997568082438,-2.1423405204810675,0.9987361481400953,0.9997797732146376,0.0010436250745423648,19,19.0,0,0.0,0.07504940632094703,0.05946281874162085,0.015586587579326183,14.0,17.0,-3.0,8.461519841798719,8.745180317929908,-0.28366047613118894,"[14, 0, 0]",19,0
memorias_braz_cubas,intermediario,pt,sbert,250,213,56056,10,0.4667161703109741,2.2777266396162466,2.302579773524076,0.024853133907829505,-14.651536643819409,0.9892041108693725,0.9999976897835454,0.010793578914172874,10,10.0,0,0.0,0.2308902143328391,0.04953466404766449,0.1813555502851746,6.0,9.0,-3.0,4.079480993419965,4.662225961464445,-0.5827449680444801,"[6, 0, 0]",10,0
memorias_braz_cubas,intermediario,pt,sbert,250,214,56306,14,0.4667161703109741,2.629265133482779,2.638980899176345,0.009715765693566247,-0.8233950986132961,0.9962895098857488,0.9999699245333467,0.0036804146475978294,14,14.0,0,0.0,0.16563474516375448,0.0299868731048179,0.13564787205893658,11.0,13.0,-2.0,6.1239813578733315,6.507105324978172,-0.3831239671048401,"[11, 0, 0]",14,0
memorias_braz_cubas,intermediario,pt,sbert,250,215,56567,17,0.4667161703109741,2.8323154535325283,2.83248099629044,0.00016554275791147433,-0.04057990047156329,0.9996830840411043,0.9996942867032859,1.1202662181575285e-05,17,17.0,0,0.0,0.04298842124178065,0.08196524956258472,0.0,11.0,15.0,-4.0,7.739298263354685,7.82307165566124,-0.08377339230655423,"[11, 0, 0]",17,0
memorias_braz_cubas,intermediario,pt,sbert,250,216,56839,19,0.4667161703109741,2.9399533703180984,2.943805944243053,0.0038525739249544166,-2.672514288609292,0.9984765828464846,0.9997797732146376,0.0013031903681530732,19,19.0,0,0.0,0.0877798434620782,0.05946281874162085,0.028317024720457357,15.0,17.0,-2.0,8.527999273936363,8.745180317929908,-0.21718104399354488,"[15, 0, 0]",19,0
memorias_braz_cubas,intermediario,pt,sbert,250,217,57101,9,0.4667161703109741,2.190017787793531,2.1972245773362196,0.0072067895426886075,-1.5773646180746403,0.9967200487301003,1.0,0.0032799512698996613,9,9.0,0,0.0,0.12924185917791525,0.03330910062640591,0.09593275855150935,4.0,9.0,-5.0,3.852962017940021,4.200445532798767,-0.3474835148587463,"[4, 0, 0]",9,0
memorias_braz_cubas,intermediario,pt,sbert,250,218,57352,14,0.4667161703109741,2.6263379787304943,2.638980899176345,0.012642920445850692,-1.0714666301766458,0.9951803430937143,0.9999699245333467,0.004789581439632373,14,14.0,0,0.0,0.1874177592155492,0.0299868731048179,0.1574308861107313,9.0,13.0,-4.0,6.006172194156555,6.507105324978172,-0.5009331308216165,"[9, 0, 0]",14,0
memorias_braz_cubas,intermediario,pt,sbert,250,219,57624,14,0.4667161703109741,2.639057329615258,2.638980899176345,7.643043891292223e-05,0.006477353486142301,0.9999999999999998,0.9999699245333467,3.007546665312333e-05,14,14.0,0,0.0,0.022285645076101368,0.0299868731048179,0.0,14.0,13.0,1.0,6.534026384353638,6.507105324978172,0.026921059375466072,"[14, 0, 0]",14,0
memorias_braz_cubas,intermediario,pt,sbert,250,220,57884,9,0.4667161703109741,2.1956267305828483,2.1972245773362196,0.0015978467533712681,-0.34972395391096767,0.9992727886034716,1.0,0.0007272113965284266,9,9.0,0,0.0,0.07487308864798226,0.03330910062640591,0.04156398802157635,4.0,9.0,-5.0,4.009356614029428,4.200445532798767,-0.19108891876933942,"[4, 0, 0]",9,0
memorias_braz_cubas,intermediario,pt,sbert,250,221,58141,7,0.4667161703109741,1.9286467926778759,1.945910149055313,0.017263356377437145,-4.634661596036722,0.9911283897738967,0.9999999999999999,0.008871610226103166,7,7.0,0,0.0,0.1967870658653501,1.361146598449481e-308,0.1967870658653501,4.0,7.0,-3.0,2.9165850393122588,3.267013192176819,-0.3504281528645601,"[4, 0, 0]",7,0
memorias_braz_cubas,intermediario,pt,sbert,250,222,58404,12,0.4667161703109741,2.477622414596531,2.4845225460609894,0.006900131464458337,-2.216160939038436,0.9970686081136727,0.9998454252890974,0.0027768171754246618,12,12.0,0,0.0,0.1384291889969631,0.0694845115964619,0.0689446774005012,10.0,11.0,-1.0,5.368109584490694,5.5318478372610596,-0.1637382527703659,"[10, 0, 0]",12,0
memorias_braz_cubas,intermediario,pt,sbert,250,223,58688,14,0.4667161703109741,2.6262258870418065,2.638980899176345,0.012755012134538557,-1.0809662156927924,0.9951378689543957,0.9999699245333467,0.0048320555789509445,14,14.0,0,0.0,0.1799228727195783,0.0299868731048179,0.1499359996147604,8.0,13.0,-5.0,5.944291961476058,6.507105324978172,-0.562813363502114,"[8, 0, 0]",14,0
memorias_braz_cubas,intermediario,pt,sbert,250,224,58956,16,0.4667161703109741,2.768286536122357,2.7721957274731834,0.0039091913508264575,-0.9636259504366775,0.9984483143558527,0.9998582570997836,0.0014099427439309142,16,16.0,0,0.0,0.10824729531951119,0.07095835043901474,0.037288944880496444,12.0,14.0,-2.0,7.178412067602177,7.394406580952889,-0.2159945133507124,"[12, 0, 0]",16,0
memorias_braz_cubas,intermediario,pt,sbert,250,225,59222,16,0.4667161703109741,2.748137179765413,2.7721957274731834,0.024058547707770384,-5.930495291852388,0.9911809702325358,0.9998582570997836,0.00867728686724778,16,16.0,0,0.0,0.2133644742582943,0.07095835043901474,0.14240612381927956,5.0,14.0,-9.0,6.268817270497593,7.394406580952889,-1.1255893104552968,"[5, 0, 0]",16,0
memorias_braz_cubas,intermediario,pt,sbert,250,226,59477,9,0.4667161703109741,2.1904901253036897,2.1972245773362196,0.00673445203252987,-1.473983150931656,0.9969350187950773,1.0,0.003064981204922712,9,9.0,0,0.0,0.13767974954370943,0.03330910062640591,0.10437064891730352,4.0,9.0,-5.0,3.824538041385182,4.200445532798767,-0.37590749141358515,"[4, 0, 0]",9,0
memorias_braz_cubas,intermediario,pt,sbert,250,227,59754,12,0.4667161703109741,2.484903060874816,2.4845225460609894,0.00038051481382650465,0.12221246384527835,0.999998555715087,0.9998454252890974,0.00015313042598963378,12,12.0,0,0.0,0.03872990176934038,0.0694845115964619,0.0,11.0,11.0,0.0,5.596079662098898,5.5318478372610596,0.0642318248378384,"[11, 0, 0]",12,0
memorias_braz_cubas,intermediario,pt,sbert,250,228,60029,12,0.4667161703109741,2.482997917289652,2.4845225460609894,0.0015246287713375217,-0.4896751238691968,0.9992318695358189,0.9998454252890974,0.000613555753278483,12,12.0,0,0.0,0.06456203820206874,0.0694845115964619,0.0,10.0,11.0,-1.0,5.4540849751336244,5.5318478372610596,-0.0777628621274351,"[10, 0, 0]",12,0
memorias_braz_cubas,intermediario,pt,sbert,250,229,60291,13,0.4667161703109741,2.5527386325288917,2.5645129437501177,0.011774311221226075,-0.9856835010096245,0.9952393894650888,0.9998298548428843,0.004590465377795505,13,13.0,0,0.0,0.17560916279979494,0.0481267705836842,0.12748239221611074,11.0,12.0,-1.0,5.737287551085008,6.0168866246147825,-0.2795990735297744,"[11, 0, 0]",13,0
memorias_braz_cubas,intermediario,pt,sbert,250,230,60542,13,0.4667161703109741,2.5647037695788257,2.5645129437501177,0.0001908258287079967,0.015974936231078717,0.9999042523463488,0.9998298548428843,7.439750346449614e-05,13,13.0,0,0.0,0.037186506472117964,0.0481267705836842,0.0,10.0,12.0,-2.0,6.016892720960714,6.0168866246147825,6.096345931183578e-06,"[10, 0, 0]",13,0
memorias_braz_cubas,intermediario,pt,sbert,250,231,60799,12,0.4667161703109741,2.4842143865312947,2.4845225460609894,0.00030815952969476257,-0.09897363785308663,0.9997214127714759,0.9998454252890974,0.0001240125176215079,12,12.0,0,0.0,0.05142951972147841,0.0694845115964619,0.0,9.0,11.0,-2.0,5.524287541919125,5.5318478372610596,-0.007560295341934697,"[9, 0, 0]",12,0
memorias_braz_cubas,intermediario,pt,sbert,250,232,61054,9,0.4667161703109741,2.1848504383766483,2.1972245773362196,0.01237413895957129,-2.708352846763581,0.948868489170879,1.0,0.05113151082912104,10,9.0,1,0.0,0.23335808515548706,0.03330910062640591,0.20004898452908115,1.0,9.0,-8.0,2.950596952900688,4.200445532798767,-1.249848579898079,"[1, 0, 0]",10,0
memorias_braz_cubas,intermediario,pt,sbert,250,233,61307,5,0.4667161703109741,1.557112678264703,1.6094379124341005,0.052325234169397605,-19.47077622739824,0.9674885040515411,1.0000000000000002,0.032511495948459146,5,5.0,0,0.0,0.23335808515548706,1.849238202843262e-308,0.23335808515548706,1.0,5.0,-4.0,1.5070628770466683,2.3335808515548706,-0.8265179745082023,"[1, 0, 0]",5,0
memorias_braz_cubas,intermediario,pt,sbert,400,0,0,18,0.4667161703109741,2.882286409840913,2.8896870957095318,0.0074006858686188615,-2.226611278523377,0.9972026615492753,0.9997631231398652,0.0025604615905898687,18,18.0,0,0.0,0.1390064674132546,0.07443136639075643,0.06457510102249817,12.0,16.0,-4.0,7.881383707572381,8.304665260751593,-0.423281553179212,"[12, 0, 0]",18,0
memorias_braz_cubas,intermediario,pt,sbert,400,1,427,22,0.4667161703109741,3.0873719381453206,3.0896228724866557,0.0022509343413350535,-0.3434556580513896,0.9988125316075787,0.9994783692750041,0.0006658376674254507,22,22.0,0,0.0,0.0775762003372012,0.0841628055020629,0.0,17.0,18.0,-1.0,9.908582778006068,10.041560033625029,-0.132977255618961,"[17, 0, 0]",22,0
memorias_braz_cubas,intermediario,pt,sbert,400,2,856,19,0.4667161703109741,2.942395077373403,2.943805944243053,0.0014108668696497517,-0.9787123990123143,0.9993058433856165,0.9997797732146376,0.0004739298290211691,19,19.0,0,0.0,0.06162231198411755,0.05946281874162085,0.0021594932424967017,14.0,17.0,-3.0,8.645021275323547,8.745180317929908,-0.10015904260636077,"[14, 0, 0]",19,0
memorias_braz_cubas,intermediario,pt,sbert,400,3,1258,16,0.4667161703109741,2.763779383280321,2.7721957274731834,0.008416344192862635,-2.074650981291785,0.9754928583399621,0.9998582570997836,0.024365398759821466,17,16.0,1,0.0,0.12359076819510689,0.07095835043901474,0.05263241775609215,10.0,14.0,-4.0,6.846923086548541,7.394406580952889,-0.5474834944043483,"[10, 0, 0]",17,0
memorias_braz_cubas,intermediario,pt,sbert,400,4,1658,20,0.4667161703109741,2.943887423867035,2.99488481361473,0.05099738974769519,-9.062064585266745,0.9826937640106772,0.9996999570488774,0.017006193038200168,20,20.0,0,0.0,0.20213981448907423,0.07558023709199177,0.12655957739708246,13.0,17.0,-4.0,8.521642145019168,9.197980016763383,-0.6763378717442148,"[13, 0, 0]",20,0
memorias_braz_cubas,intermediario,pt,sbert,400,5,2090,22,0.4667161703109741,3.09055244406579,3.0896228724866557,0.000929571579134425,0.14183737506449115,0.9998414744216814,0.9994783692750041,0.00036310514667725613,22,22.0,0,0.0,0.059828758217220224,0.0841628055020629,0.0,18.0,18.0,0.0,10.14742014578908,10.041560033625029,0.10586011216405211,"[18, 0, 0]",22,0
memorias_braz_cubas,intermediario,pt,sbert,400,6,2511,20,0.4667161703109741,2.994263100928432,2.99488481361473,0.0006217126862981814,-0.11047625269817718,0.9995095781293514,0.9996999570488774,0.00019037891952600194,20,20.0,0,0.0,0.04734680868919555,0.07558023709199177,0.0,16.0,17.0,-1.0,9.115472289146254,9.197980016763383,-0.08250772761712888,"[16, 0, 0]",20,0
memorias_braz_cubas,intermediario,pt,sbert,400,7,2915,21,0.4667161703109741,3.0351150934053237,3.0430154221408543,0.007900328735530593,-2.135747368132641,0.9969100755502615,0.9994550970993732,0.0025450215491117367,21,21.0,0,0.0,0.13103079998041647,0.10000034868929084,0.031030451291125638,13.0,18.0,-5.0,9.199543372306294,9.630175734202975,-0.43063236189668075,"[13, 0, 0]",21,0
memorias_braz_cubas,intermediario,pt,sbert,400,8,3336,15,0.4667161703109741,2.7011529611842966,2.7072491704320925,0.0060962092477958585,-1.2612734461990152,0.9974530605396066,0.9996986672675874,0.002245606727980798,15,15.0,0,0.0,0.1157543033755806,0.06061292303722349,0.05514138033835711,6.0,13.0,-7.0,6.374243461918812,6.917417995122824,-0.5431745332040112,"[6, 0, 0]",15,0
memorias_braz_cubas,intermediario,pt,sbert,400,9,3755,17,0.4667161703109741,2.829264899158412,2.83248099629044,0.003216097132027862,-0.7883697430869294,0.9788584777820307,0.9996942867032859,0.02083580892125514,18,17.0,1,0.0,0.10699857017000308,0.08196524956258472,0.025033320607418363,4.0,15.0,-11.0,7.077227287391764,7.82307165566124,-0.7458443682694753,"[4, 0, 0]",18,0
memorias_braz_cubas,intermediario,pt,sbert,400,10,4186,23,0.4667161703109741,3.122338356049436,3.1343217621758503,0.011983406126414131,-2.885241013115394,0.9824686813777445,0.9995789181684662,0.017110236790721767,24,23.0,1,0.0,0.18179912101477444,0.07136225617954572,0.11043686483522872,11.0,19.0,-8.0,9.422044008129633,10.53311617919954,-1.1110721710699067,"[9, 1, 0]",24,0
memorias_braz_cubas,intermediario,pt,sbert,400,11,4602,13,0.4667161703109741,2.545723643803834,2.5645129437501177,0.018789299946283755,-1.572941516883429,0.9925044470754268,0.9998298548428843,0.0073254077674574924,13,13.0,0,0.0,0.18175754281355727,0.0481267705836842,0.13363077222987307,6.0,12.0,-6.0,5.338781967885153,6.0168866246147825,-0.6781046567296292,"[6, 0, 0]",13,0
memorias_braz_cubas,intermediario,pt,sbert,400,12,5037,14,0.4667161703109741,2.629124983045952,2.638980899176345,0.009855916130392828,-0.8352726167000009,0.9962364036363113,0.9999699245333467,0.0037335208970353806,14,14.0,0,0.0,0.14381890472579278,0.0299868731048179,0.11383203162097488,8.0,13.0,-5.0,5.984643219902759,6.507105324978172,-0.5224621050754124,"[8, 0, 0]",14,0
memorias_braz_cubas,intermediario,pt,sbert,400,13,5449,20,0.4667161703109741,2.9951235425887535,2.99488481361473,0.00023872897402332782,0.0424213355169151,0.9997968006117866,0.9996999570488774,9.684356290917684e-05,20,20.0,0,0.0,0.05228851857035288,0.07558023709199177,0.0,17.0,17.0,0.0,9.20246003625648,9.197980016763383,0.004480019493097842,"[17, 0, 0]",20,0
memorias_braz_cubas,intermediario,pt,sbert,400,14,5849,15,0.4667161703109741,2.707172236009164,2.7072491704320925,7.693442292833197e-05,-0.01591732514320007,0.9996757943805146,0.9996986672675874,2.287288707281121e-05,15,15.0,0,0.0,0.05474051795860324,0.06061292303722349,0.0,14.0,13.0,1.0,6.925103844671089,6.917417995122824,0.007685849548265011,"[14, 0, 0]",15,0
memorias_braz_cubas,intermediario,pt,sbert,400,15,6255,16,0.4667161703109741,2.7666420165542798,2.7721957274731834,0.005553710918903665,-1.3690043495946222,0.9978551792994752,0.9998582570997836,0.002003077800308395,16,16.0,0,0.0,0.10997636745267783,0.07095835043901474,0.03901801701366309,7.0,14.0,-7.0,6.88458553523959,7.394406580952889,-0.5098210457132994,"[7, 0, 0]",16,0
memorias_braz_cubas,intermediario,pt,sbert,400,16,6671,17,0.4667161703109741,2.8308113947189417,2.83248099629044,0.0016696015714980916,-0.4092735100788246,0.999152217272196,0.9996942867032859,0.0005420694310898089,17,17.0,0,0.0,0.07525558905063529,0.08196524956258472,0.0,15.0,15.0,0.0,7.747921838860364,7.82307165566124,-0.07514981680087551,"[15, 0, 0]",17,0
memorias_braz_cubas,intermediario,pt,sbert,400,17,7083,17,0.4667161703109741,2.8323309336358973,2.83248099629044,0.00015006265454253764,-0.03678522493319339,0.9996885478383863,0.9996942867032859,5.738864899518248e-06,17,17.0,0,0.0,0.04553039293734035,0.08196524956258472,0.0,14.0,15.0,-1.0,7.792159192395599,7.82307165566124,-0.03091246326564079,"[14, 0, 0]",17,0
memorias_braz_cubas,intermediario,pt,sbert,400,18,7485,16,0.4667161703109741,2.766950822344876,2.7721957274731834,0.00524490512830722,-1.2928829099518846,0.9979665574451481,0.9998582570997836,0.001891699654635537,16,16.0,0,0.0,0.11379954613873586,0.07095835043901474,0.04284119569972111,11.0,14.0,-3.0,7.047769545081291,7.394406580952889,-0.34663703587159844,"[11, 0, 0]",16,0
memorias_braz_cubas,intermediario,pt,sbert,400,19,7911,18,0.4667161703109741,2.8857265044580895,2.8896870957095318,0.003960591251442214,-1.1916053872082562,0.9983928526061103,0.9997631231398652,0.0013702705337548249,18,18.0,0,0.0,0.10003777271337039,0.07443136639075643,0.02560640632261396,13.0,16.0,-3.0,7.9969804336860335,8.304665260751593,-0.3076848270655592,"[13, 0, 0]",18,0
memorias_braz_cubas,intermediario,pt,sbert,400,20,8339,21,0.4667161703109741,3.04226393850871,3.0430154221408543,0.0007514836321442786,-0.2031534690865125,0.9992581761964606,0.9994550970993732,0.00019692090291256736,21,21.0,0,0.0,0.07333555993697838,0.10000034868929084,0.0,19.0,18.0,1.0,9.600085395566325,9.630175734202975,-0.03009033863665067,"[19, 0, 0]",21,0
memorias_braz_cubas,intermediario,pt,sbert,400,21,8753,24,0.4667161703109741,3.17362174881686,3.176787006902833,0.0031652580859731216,-0.35416722906293757,0.9859410308090423,0.9995726144265327,0.013631583617490395,25,24.0,1,0.0,0.11108855183310606,0.07627132416725796,0.034817227665848105,14.0,20.0,-6.0,10.466599254312747,10.965778724681547,-0.4991794703687997,"[12, 1, 0]",25,0
memorias_braz_cubas,intermediario,pt,sbert,400,22,9210,18,0.4667161703109741,2.8898630169488095,2.8896870957095318,0.00017592123927778758,0.052928636948190486,0.9998239877116274,0.9997631231398652,6.086457176224247e-05,18,18.0,0,0.0,0.05580241825396978,0.07443136639075643,0.0,16.0,16.0,0.0,8.316574928770056,8.304665260751593,0.011909668018462938,"[16, 0, 0]",18,0
memorias_braz_cubas,intermediario,pt,sbert,400,23,9611,19,0.4667161703109741,2.9423592739187456,2.943805944243053,0.001446670324307231,-1.0035491045545242,0.9992936836992006,0.9997797732146376,0.00048608951543704926,19,19.0,0,0.0,0.06654945769829079,0.05946281874162085,0.007086638956669944,14.0,17.0,-3.0,8.600959419469019,8.745180317929908,-0.1442208984608886,"[14, 0, 0]",19,0
memorias_braz_cubas,intermediario,pt,sbert,400,24,10030,16,0.4667161703109741,2.7697444490106227,2.7721957274731834,0.0024512784625607686,-0.6042465886891656,0.9989741452793399,0.9998582570997836,0.0008841118204436782,16,16.0,0,0.0,0.0872753205442314,0.07095835043901474,0.016316970105216655,10.0,14.0,-4.0,7.1723960379646625,7.394406580952889,-0.22201054298822687,"[10, 0, 0]",16,0
memorias_braz_cubas,intermediario,pt,sbert,400,25,10436,19,0.4667161703109741,2.941121866522822,2.943805944243053,0.0026840777202310484,-1.8619333979789119,0.9988734313507297,0.9997797732146376,0.0009063418639079224,19,19.0,0,0.0,0.07134928701532811,0.05946281874162085,0.011886468273707262,11.0,17.0,-6.0,8.461574462941638,8.745180317929908,-0.28360585498827007,"[11, 0, 0]",19,0
memorias_braz_cubas,intermediario,pt,sbert,400,26,10858,21,0.4667161703109741,3.032757778291812,3.0430154221408543,0.010257643849042264,-2.773015729751484,0.9961357948012338,0.9994550970993732,0.0033193022981393705,21,21.0,0,0.0,0.147273534352642,0.10000034868929084,0.047273185663351175,9.0,18.0,-9.0,8.758663681945293,9.630175734202975,-0.8715120522576818,"[9, 0, 0]",21,0
memorias_braz_cubas,intermediario,pt,sbert,400,27,11259,23,0.4667161703109741,3.115936538113541,3.1343217621758503,0.01838522406230947,-4.426604751629537,0.9937624895889616,0.9995789181684662,0.005816428579504596,23,23.0,0,0.0,0.19836366291733482,0.07136225617954572,0.1270014067377891,13.0,19.0,-6.0,9.727041060776562,10.53311617919954,-0.806075118422978,"[13, 0, 0]",23,0
memorias_braz_cubas,intermediario,pt,sbert,400,28,11674,15,0.4667161703109741,2.684283602238911,2.7072491704320925,0.022965568193181518,-4.7514545780077055,0.9912237229377706,0.9996986672675874,0.00847494432981677,15,15.0,0,0.0,0.18697134835825746,0.06061292303722349,0.12635842532103397,4.0,13.0,-9.0,5.749539251438618,6.917417995122824,-1.1678787436842057,"[4, 0, 0]",15,0
memorias_braz_cubas,intermediario,pt,sbert,400,29,12087,19,0.4667161703109741,2.9463984124542146,2.943805944243053,0.002592468211161769,1.7983842677794108,0.9532054175616546,0.9997797732146376,0.04657435565298307,22,19.0,3,0.0,0.16486343704833012,0.05946281874162085,0.10540061830670927,4.0,17.0,-13.0,7.4882216206762795,8.745180317929908,-1.2569586972536282,"[4, 0, 0]",22,0
memorias_braz_cubas,intermediario,pt,sbert,400,30,12516,19,0.4667161703109741,2.9433761637396474,2.943805944243053,0.0004297805034054747,-0.29813692318192586,0.999639043147332,0.9997797732146376,0.00014073006730563886,19,19.0,0,0.0,0.05257946966138366,0.05946281874162085,0.0,17.0,17.0,0.0,8.75360412616232,8.745180317929908,0.008423808232413066,"[17, 0, 0]",19,0
memorias_braz_cubas,intermediario,pt,sbert,400,31,12924,19,0.4667161703109741,2.9378017176869675,2.943805944243053,0.006004226556085346,-4.165106647077592,0.9977458315399181,0.9997797732146376,0.002033941674719486,19,19.0,0,0.0,0.11192042087623749,0.05946281874162085,0.05245760213461664,9.0,17.0,-8.0,8.196894955837374,8.745180317929908,-0.5482853620925336,"[9, 0, 0]",19,0
memorias_braz_cubas,intermediario,pt,sbert,400,32,13333,15,0.4667161703109741,2.695302770021601,2.7072491704320925,0.011946400410491442,-2.4716470519547427,0.995292764116625,0.9996986672675874,0.0044059031509623425,15,15.0,0,0.0,0.13985696266197786,0.06061292303722349,0.07924403962475438,7.0,13.0,-6.0,6.141345211184564,6.917417995122824,-0.7760727839382593,"[7, 0, 0]",15,0
memorias_braz_cubas,intermediario,pt,sbert,400,33,13736,24,0.4667161703109741,3.172805032829996,3.176787006902833,0.003981974072837069,-0.44555125846668175,0.9856873037219163,0.9995726144265327,0.013885310704616405,25,24.0,1,0.0,0.13193396815195688,0.07627132416725796,0.05566264398469892,11.0,20.0,-9.0,10.09968122393109,10.965778724681547,-0.8660975007504579,"[9, 1, 0]",25,0
memorias_braz_cubas,intermediario,pt,sbert,400,34,14144,14,0.4667161703109741,2.6252967480048213,2.638980899176345,0.013684151171523773,-1.1597092147639327,0.9947857966342689,0.9999699245333467,0.0051841278990777395,14,14.0,0,0.0,0.1855405822103265,0.0299868731048179,0.1555537091055086,4.0,13.0,-9.0,5.664285252644328,6.507105324978172,-0.8428200723338435,"[4, 0, 0]",14,0
memorias_braz_cubas,intermediario,pt,sbert,400,35,14544,15,0.4667161703109741,2.6918903531057765,2.7072491704320925,0.015358817326315943,-3.1776580611480263,0.994032663061469,0.9996986672675874,0.005666004206118402,15,15.0,0,0.0,0.17444859912806762,0.06061292303722349,0.11383567609084413,4.0,13.0,-9.0,5.939486290553564,6.917417995122824,-0.9779317045692597,"[4, 0, 0]",15,0
memorias_braz_cubas,intermediario,pt,sbert,400,36,14956,21,0.4667161703109741,3.0061896052794777,3.0430154221408543,0.03682581686137665,-9.955363134106035,0.9874092462026297,0.9994550970993732,0.012045850896743482,21,21.0,0,0.0,0.18277726457155935,0.10000034868929084,0.08277691588226851,13.0,18.0,-5.0,9.110635026325275,9.630175734202975,-0.5195407078777006,"[13, 0, 0]",21,0
memorias_braz_cubas,intermediario,pt,sbert,400,37,15359,23,0.4667161703109741,3.129565093729786,3.1343217621758503,0.0047566684460642605,-1.145261601050588,0.9981090310518699,0.9995789181684662,0.0014698871165963467,23,23.0,0,0.0,0.12377744058138096,0.07136225617954572,0.052415184401835235,15.0,19.0,-4.0,10.21026118469766,10.53311617919954,-0.3228549945018795,"[15, 0, 0]",23,0
memorias_braz_cubas,intermediario,pt,sbert,400,38,15779,20,0.4667161703109741,3.018584478693682,2.99488481361473,0.023699665078952048,4.211350750640345,0.9627140957104833,0.9996999570488774,0.0369858613383941,23,20.0,3,0.0,0.09618742291214644,0.07558023709199177,0.020607185820154666,14.0,17.0,-3.0,8.775721300524488,9.197980016763383,-0.4222587162388951,"[10, 2, 0]",23,0
memorias_braz_cubas,intermediario,pt,sbert,400,39,16212,19,0.4667161703109741,2.9444369166075273,2.943805944243053,0.0006309723644744025,0.4377028689450476,0.9999992995069935,0.9997797732146376,0.00021952629235588716,19,19.0,0,0.0,0.06472860802864927,0.05946281874162085,0.005265789287028422,17.0,17.0,0.0,8.86178109875699,8.745180317929908,0.11660078082708303,"[17, 0, 0]",19,0
memorias_braz_cubas,intermediario,pt,sbert,400,40,16614,25,0.4667161703109741,3.2172313334131255,3.2173118158036735,8.048239054803119e-05,-0.026839492782028063,0.9994891100046885,0.9994981316135434,9.021608854853369e-06,25,25.0,0,0.0,0.05772483815478119,0.08562169232158523,0.0,17.0,20.0,-3.0,11.3606481965002,11.392235669469976,-0.031587472969775376,"[17, 0, 0]",25,0
memorias_braz_cubas,intermediario,pt,sbert,400,41,17041,17,0.4667161703109741,2.831430541052119,2.83248099629044,0.0010504552383205912,-0.2575006575864666,0.9993707487620594,0.9996942867032859,0.000323537941226415,17,17.0,0,0.0,0.07558193693027362,0.08196524956258472,0.0,10.0,15.0,-5.0,7.675953223888345,7.82307165566124,-0.14711843177289463,"[10, 0, 0]",17,0
memorias_braz_cubas,intermediario,pt,sbert,400,42,17466,17,0.4667161703109741,2.8217423998401037,2.83248099629044,0.010738596450336146,-2.632378369532521,0.9959512599924121,0.9996942867032859,0.003743026710873787,17,17.0,0,0.0,0.15561367882205765,0.08196524956258472,0.07364842925947293,8.0,15.0,-7.0,7.214721881170865,7.82307165566124,-0.6083497744903745,"[8, 0, 0]",17,0
memorias_braz_cubas,intermediario,pt,sbert,400,43,17868,20,0.4667161703109741,2.9946805760045305,2.99488481361473,0.00020423761019960907,-0.03629233620634551,0.9996489347333389,0.9996999570488774,5.102231553844039e-05,20,20.0,0,0.0,0.05256371633944812,0.07558023709199177,0.0,13.0,17.0,-4.0,9.096331492336562,9.197980016763383,-0.10164852442682104,"[13, 0, 0]",20,0
memorias_braz_cubas,intermediario,pt,sbert,400,44,18290,35,0.4667161703109741,3.492269606423153,3.553086549442346,0.06081694301919294,-6.76087105855124,0.9745363890633518,0.9992548523949745,0.024718463331622642,36,35.0,2,0.0,0.19744153359518116,0.07907524775062658,0.11836628584455458,11.0,26.5,-15.5,13.139682446731346,15.839228714144681,-2.6995462674133357,"[9, 1, 0]",36,0
memorias_braz_cubas,intermediario,pt,sbert,400,45,18696,23,0.4667161703109741,3.0766201464904226,3.1343217621758503,0.057701615685427754,-13.892800289197613,0.9953341608581843,0.9995789181684662,0.004244757310281955,22,23.0,0,0.0,0.19836366291733482,0.07136225617954572,0.1270014067377891,6.0,19.0,-13.0,8.865961113480209,10.53311617919954,-1.6671550657193315,"[6, 0, 0]",22,0
memorias_braz_cubas,intermediario,pt,sbert,400,46,19103,27,0.4667161703109741,3.2900456453414653,3.2936908554395745,0.003645210098109253,-1.0253138105620148,0.9982428679275365,0.9992804810270534,0.0010376130995168875,27,27.0,0,0.0,0.09085890163257529,0.07875343560605011,0.01210546602652518,13.0,22.0,-9.0,11.651721931348494,12.293432723529344,-0.6417107921808505,"[13, 0, 0]",27,0
memorias_braz_cubas,intermediario,pt,sbert,400,47,19511,22,0.4667161703109741,3.090409355881767,3.0896228724866557,0.000786483395111226,0.12000446528093964,0.9997951831829869,0.9994783692750041,0.0003168139079827714,22,22.0,0,0.0,0.05811411618681195,0.0841628055020629,0.0,17.0,18.0,-1.0,10.127674345854421,10.041560033625029,0.08611431222939281,"[17, 0, 0]",22,0
memorias_braz_cubas,intermediario,pt,sbert,400,48,19920,22,0.4667161703109741,3.037676267150202,3.0896228724866557,0.0519466053364539,-7.926199885859709,0.9977513154482315,0.9994783692750041,0.0017270538267726288,21,22.0,0,0.0,0.18370909943388752,0.0841628055020629,0.09954629393182463,9.0,18.0,-9.0,8.968019600579431,10.041560033625029,-1.073540433045597,"[9, 0, 0]",21,0
memorias_braz_cubas,intermediario,pt,sbert,400,49,20345,19,0.4667161703109741,2.9322454097684627,2.943805944243053,0.011560534474590156,-8.019494023769592,0.9958587800649787,0.9997797732146376,0.00392099314965888,19,19.0,0,0.0,0.14875359456579385,0.05946281874162085,0.089290775824173,11.0,17.0,-6.0,8.13871334882108,8.745180317929908,-0.606466969108828,"[11, 0, 0]",19,0
memorias_braz_cubas,intermediario,pt,sbert,400,50,20752,20,0.4667161703109741,2.9907221625152145,2.99488481361473,0.004162651099515635,-0.7396890957825377,0.9983275838488622,0.9996999570488774,0.0013723732000151534,20,20.0,0,0.0,0.10259638132172424,0.07558023709199177,0.027016144229732475,13.0,17.0,-4.0,8.922288712548381,9.197980016763383,-0.27569130421500176,"[13, 0, 0]",20,0
memorias_braz_cubas,intermediario,pt,sbert,400,51,21161,24,0.4667161703109741,3.1764796101183617,3.176787006902833,0.00030739678447133656,-0.03439525764471731,0.9995046590417848,0.9995726144265327,6.795538474790863e-05,24,24.0,0,0.0,0.06344532394531655,0.07627132416725796,0.0,21.0,20.0,1.0,11.025742973672823,10.965778724681547,0.05996424899127639,"[21, 0, 0]",24,0
memorias_braz_cubas,intermediario,pt,sbert,400,52,21561,19,0.4667161703109741,2.929004883256414,2.943805944243053,0.014801060986638692,-10.267433602545985,0.9475783420813734,0.9997797732146376,0.05220143113326425,22,19.0,3,0.0,0.22378695532471327,0.05946281874162085,0.16432413658309242,4.0,17.0,-13.0,7.2612097217870355,8.745180317929908,-1.4839705961428722,"[4, 0, 0]",22,0
memorias_braz_cubas,intermediario,pt,sbert,400,53,21974,24,0.4667161703109741,3.1529689302076647,3.176787006902833,0.023818076695168333,-2.665053526636163,0.9795248719595343,0.9995726144265327,0.020047742466998364,25,24.0,1,0.0,0.18578675291303437,0.07627132416725796,0.10951542874577641,11.0,20.0,-9.0,9.849830413750237,10.965778724681547,-1.1159483109313104,"[11, 0, 0]",25,0
memorias_braz_cubas,intermediario,pt,sbert,400,54,22382,23,0.4667161703109741,3.1304184446199517,3.1343217621758503,0.0039033175558986777,-0.9398005692778941,0.9850111457291525,0.9995789181684662,0.014567772439313731,24,23.0,1,0.0,0.12009449979309719,0.07136225617954572,0.04873224361355147,10.0,19.0,-9.0,9.77373731614312,10.53311617919954,-0.7593788630564209,"[8, 1, 0]",24,0
memorias_braz_cubas,intermediario,pt,sbert,400,55,22804,27,0.4667161703109741,3.2770800988208593,3.2936908554395745,0.01661075661871525,-4.67222401635701,0.9943089515816329,0.9992804810270534,0.004971529445420453,27,27.0,0,0.0,0.16942977137321172,0.07875343560605011,0.09067633576716161,10.0,22.0,-12.0,10.642293897603922,12.293432723529344,-1.6511388259254218,"[10, 0, 0]",27,0
memorias_braz_cubas,intermediario,pt,sbert,400,56,23246,24,0.4667161703109741,3.14937484916978,3.176787006902833,0.027412157733052833,-3.067202636642736,0.9909759297012833,0.9995726144265327,0.008596684725249326,24,24.0,0,0.0,0.18578675291303437,0.07627132416725796,0.10951542874577641,19.0,20.0,-1.0,10.47551938274211,10.965778724681547,-0.49025934193943677,"[19, 0, 0]",24,0
memorias_braz_cubas,intermediario,pt,sbert,400,57,23655,13,0.4667161703109741,2.5639157079203496,2.5645129437501177,0.0005972358297681168,-0.049997447201240615,0.999597009766224,0.9998298548428843,0.00023284507666032628,13,13.0,0,0.0,0.06465837087393281,0.0481267705836842,0.01653160029024861,9.0,12.0,-3.0,5.971329147230188,6.0168866246147825,-0.04555747738459459,"[9, 0, 0]",13,0
memorias_braz_cubas,intermediario,pt,sbert,400,58,24090,21,0.4667161703109741,3.0407178306997933,3.0430154221408543,0.0022975914410610088,-0.6211228719156037,0.9987503435755676,0.9994550970993732,0.0007047535238056124,21,21.0,0,0.0,0.07508078992103728,0.10000034868929084,0.0,13.0,18.0,-5.0,9.299558560203451,9.630175734202975,-0.3306171739995243,"[13, 0, 0]",21,0
memorias_braz_cubas,intermediario,pt,sbert,400,59,24516,21,0.4667161703109741,3.0291249566242304,3.0430154221408543,0.013890465516623873,-3.7551000929677407,0.9949425627781853,0.9994550970993732,0.004512534321187922,21,21.0,0,0.0,0.18277726457155935,0.10000034868929084,0.08277691588226851,15.0,18.0,-3.0,9.220983341281071,9.630175734202975,-0.4091923929219039,"[15, 0, 0]",21,0
memorias_braz_cubas,intermediario,pt,sbert,400,60,24957,18,0.4667161703109741,2.9071945299303708,2.8896870957095318,0.017507434220839002,5.267383481228779,0.9704453751073746,0.9997631231398652,0.029317748032490543,20,18.0,2,0.0,0.1777768765078997,0.07443136639075643,0.10334551011714327,9.0,16.0,-7.0,7.395310193689821,8.304665260751593,-0.9093550670617718,"[7, 1, 0]",20,0
memorias_braz_cubas,intermediario,pt,sbert,400,61,25382,20,0.4667161703109741,2.9878375225561937,2.99488481361473,0.007047291058536409,-1.2522799115716712,0.9973646673744877,0.9996999570488774,0.0023352896743896734,20,20.0,0,0.0,0.15271936142460918,0.07558023709199177,0.07713912433261741,11.0,17.0,-6.0,8.801770384246804,9.197980016763383,-0.3962096325165785,"[11, 0, 0]",20,0
memorias_braz_cubas,intermediario,pt,sbert,400,62,25813,18,0.4667161703109741,2.8900655918935105,2.8896870957095318,0.0003784961839787826,0.11387645511327392,0.9647275951214684,0.9997631231398652,0.03503552801839671,20,18.0,2,0.0,0.11726916121304426,0.07443136639075643,0.042837794822287834,8.0,16.0,-8.0,7.70208214446824,8.304665260751593,-0.6025831162833528,"[8, 0, 0]",20,0
memorias_braz_cubas,intermediario,pt,sbert,400,63,26256,23,0.4667161703109741,3.1438829221301994,3.1343217621758503,0.00956115995434903,2.302037546106195,0.9538951865483715,0.9995789181684662,0.04568373162009476,27,23.0,4,0.0,0.14279284519316485,0.07136225617954572,0.07143058901361912,14.0,19.0,-5.0,9.261983610134246,10.53311617919954,-1.2711325690652941,"[6, 4, 0]",27,0
memorias_braz_cubas,intermediario,pt,sbert,400,64,26687,22,0.4667161703109741,3.083226183988417,3.0896228724866557,0.00639668849823849,-0.9760297389257492,0.9833302094211506,0.9994783692750041,0.01614815985385354,23,22.0,1,0.0,0.1357322189338034,0.0841628055020629,0.05156941343174051,13.0,18.0,-5.0,9.33657007824586,10.041560033625029,-0.704989955379169,"[13, 0, 0]",23,0
memorias_braz_cubas,intermediario,pt,sbert,400,65,27130,16,0.4667161703109741,2.7701754742558107,2.7721957274731834,0.0020202532173727583,-0.4979977320122756,0.9991296047752727,0.9998582570997836,0.0007286523245109144,16,16.0,0,0.0,0.09086635957035341,0.07095835043901474,0.019908009131338666,13.0,14.0,-1.0,7.2888395640293995,7.394406580952889,-0.10556701692348991,"[13, 0, 0]",16,0
memorias_braz_cubas,intermediario,pt,sbert,400,66,27530,24,0.4667161703109741,2.8516678595349743,3.176787006902833,0.32511914736785874,-36.37824923308866,0.8973000495786954,0.9995726144265327,0.10227256484783731,24,24.0,0,0.0,0.23335808515548706,0.07627132416725796,0.1570867609882291,7.0,20.0,-13.0,6.507238776761477,10.965778724681547,-4.45853994792007,"[7, 0, 0]",24,0
memorias_braz_cubas,intermediario,pt,sbert,400,67,27936,23,0.4667161703109741,3.1335215272324026,3.1343217621758503,0.0008002349434477196,-0.19267232159262018,0.9859875554371376,0.9995789181684662,0.01359136273132866,24,23.0,1,0.0,0.08612999779666625,0.07136225617954572,0.014767741617120522,13.0,19.0,-6.0,10.077505376885917,10.53311617919954,-0.4556108023136236,"[13, 0, 0]",24,0
memorias_braz_cubas,intermediario,pt,sbert,400,68,28339,26,0.4667161703109741,3.255990318333321,3.2559957005275573,5.382194236069893e-06,-0.0007524242060385243,0.9993535428850614,0.9993116044306726,4.193845438882349e-05,26,26.0,0,0.0,0.06003896032212286,0.07862001074172784,0.0,14.0,22.0,-8.0,11.648347840797644,11.854778493810851,-0.20643065301320718,"[14, 0, 0]",26,0
memorias_braz_cubas,intermediario,pt,sbert,400,69,28758,25,0.4667161703109741,3.2133156539207888,3.2173118158036735,0.003996161882884763,-1.332651245585113,0.986255507294487,0.9994981316135434,0.013242624319056429,26,25.0,1,0.0,0.1251687404152917,0.08562169232158523,0.03954704809370646,17.0,20.0,-3.0,10.979730844941493,11.392235669469976,-0.412504824528483,"[17, 0, 0]",26,0
memorias_braz_cubas,intermediario,pt,sbert,400,70,29181,33,0.4667161703109741,3.4961555743467585,3.4939526371108416,0.002202937235916913,0.4002931786504605,0.9833511414019313,0.9991126969440381,0.015761555542106898,35,33.0,2,0.0,0.17603712157593118,0.07338774613940513,0.10264937543652605,14.0,24.0,-10.0,13.58251783557329,14.864723163553194,-1.282205327979904,"[14, 0, 0]",35,0
memorias_braz_cubas,intermediario,pt,sbert,400,71,29589,30,0.4667161703109741,3.3976858463893813,3.399525905258839,0.0018400588694578168,-0.2957035226259694,0.9894288021666616,0.9992519597156064,0.009823157548944805,31,30.0,1,0.0,0.07569308946062178,0.08523234941784966,0.0,16.0,23.0,-7.0,13.135694667085941,13.626468461000343,-0.4907737939144017,"[14, 1, 0]",31,0
memorias_braz_cubas,intermediario,pt,sbert,400,72,30004,27,0.4667161703109741,3.2881061910786302,3.2936908554395745,0.005584664360944291,-1.570837713743778,0.9976544121447761,0.9992804810270534,0.0016260688822772318,27,27.0,0,0.0,0.0971620307231685,0.07875343560605011,0.018408595117118384,13.0,22.0,-9.0,11.772296609764366,12.293432723529344,-0.5211361137649781,"[13, 0, 0]",27,0
memorias_braz_cubas,intermediario,pt,sbert,400,73,30435,18,0.4667161703109741,2.882565400504225,2.8896870957095318,0.0071216952053068105,-2.1426726046543205,0.978986292770879,0.9997631231398652,0.020776830368986143,19,18.0,1,0.0,0.1557456781372244,0.07443136639075643,0.08131431174646797,9.0,16.0,-7.0,7.5137583870559865,8.304665260751593,-0.7909068736956062,"[9, 0, 0]",19,0
memorias_braz_cubas,intermediario,pt,sbert,400,74,30840,20,0.4667161703109741,2.9834862771698405,2.99488481361473,0.01139853644488964,-2.0254815776286876,0.9959121859812852,0.9996999570488774,0.003787771067592205,20,20.0,0,0.0,0.14559157786247806,0.07558023709199177,0.07001134077048629,11.0,17.0,-6.0,8.340114891481196,9.197980016763383,-0.8578651252821867,"[11, 0, 0]",20,0
memorias_braz_cubas,intermediario,pt,sbert,400,75,31240,23,0.4667161703109741,3.1438341218041885,3.1343217621758503,0.009512359628338185,2.2902879065984814,0.9766869841687401,0.9995789181684662,0.02289193399972611,25,23.0,2,0.0,0.10792577826301974,0.07136225617954572,0.03656352208347402,10.0,19.0,-9.0,9.938845937981805,10.53311617919954,-0.5942702412177354,"[8, 1, 0]",25,0
memorias_braz_cubas,intermediario,pt,sbert,400,76,31648,32,0.4667161703109741,3.4517136341912975,3.462909392764713,0.011195758573415482,-1.1742527687250899,0.9959540285233213,0.9991319126549859,0.0031778841316646433,32,32.0,0,0.0,0.1395718587102163,0.08781479209714652,0.05175706661306978,16.0,24.5,-8.5,13.42037770116951,14.50072909628438,-1.080351395114869,"[16, 0, 0]",32,0
memorias_braz_cubas,intermediario,pt,sbert,400,77,32055,16,0.4667161703109741,2.7692348482094644,2.7721957274731834,0.0029608792637190184,-0.7298645265922546,0.998790345642174,0.9998582570997836,0.0010679114576096493,16,16.0,0,0.0,0.08926532110838337,0.07095835043901474,0.018306970669368622,13.0,14.0,-1.0,7.226587585005442,7.394406580952889,-0.16781899594744765,"[13, 0, 0]",16,0
memorias_braz_cubas,intermediario,pt,sbert,400,78,32492,27,0.4667161703109741,3.256163697243969,3.2936908554395745,0.03752715819560537,-10.555526988432716,0.9994067576712485,0.9992804810270534,0.00012627664419517792,26,27.0,0,0.0,0.16762535793069663,0.07875343560605011,0.08887192232464652,17.0,22.0,-5.0,11.766289820084765,12.293432723529344,-0.5271429034445791,"[17, 0, 0]",26,0
memorias_braz_cubas,intermediario,pt,sbert,400,79,32947,26,0.4667161703109741,3.2463756475239687,3.2559957005275573,0.009620053003588591,-1.3448717058117836,0.9849928195808052,0.9993116044306726,0.014318784849867372,27,26.0,1,0.0,0.145473155523854,0.07862001074172784,0.06685314478212617,14.0,22.0,-8.0,10.958030569575895,11.854778493810851,-0.8967479242349565,"[12, 1, 0]",27,0
memorias_braz_cubas,intermediario,pt,sbert,400,80,33353,24,0.4667161703109741,3.1315621773594615,3.176787006902833,0.04522482954337148,-5.0602990748842105,0.9987459589146386,0.9995726144265327,0.0008266555118940921,23,24.0,0,0.0,0.18578675291303437,0.07627132416725796,0.10951542874577641,17.0,20.0,-3.0,10.350191039088855,10.965778724681547,-0.6155876855926916,"[17, 0, 0]",23,0
memorias_braz_cubas,intermediario,pt,sbert,400,81,33767,22,0.4667161703109741,3.096367891288524,3.0896228724866557,0.0067450188018685076,1.0291792295419573,0.9875214808428434,0.9994783692750041,0.011956888432160695,23,22.0,1,0.0,0.12176553624451747,0.0841628055020629,0.03760273074245457,14.0,18.0,-4.0,9.399711567197711,10.041560033625029,-0.6418484664273176,"[12, 1, 0]",23,0
memorias_braz_cubas,intermediario,pt,sbert,400,82,34193,29,0.4667161703109741,3.3263411474266045,3.3653792609767175,0.039038113550112996,-13.194471508592391,0.9982403952906567,0.9992163495547526,0.0009759542640959129,28,29.0,0,0.0,0.1702849197028763,0.07921182195083987,0.09107309775203642,12.0,22.0,-10.0,12.15315154896815,13.168377620965803,-1.0152260719976525,"[12, 0, 0]",28,0
memorias_braz_cubas,intermediario,pt,sbert,400,83,34596,29,0.4667161703109741,3.327172430711098,3.3653792609767175,0.03820683026561955,-12.91350650758798,0.9984898647580783,0.9992163495547526,0.0007264847966742538,28,29.0,0,0.0,0.1702849197028763,0.07921182195083987,0.09107309775203642,18.0,22.0,-4.0,12.291362707470494,13.168377620965803,-0.8770149134953087,"[18, 0, 0]",28,0
memorias_braz_cubas,intermediario,pt,sbert,400,84,35003,28,0.4667161703109741,3.2857098678459975,3.330243281016638,0.0445334131706403,-20.181869109495366,0.9969273363427696,0.9993935286259017,0.0024661922831320515,27,28.0,0,0.0,0.17742194368539724,0.060724382689501394,0.11669756099589584,15.0,21.0,-6.0,11.453218168925725,12.736776830325002,-1.2835586613992778,"[15, 0, 0]",27,0
memorias_braz_cubas,intermediario,pt,sbert,400,85,35403,25,0.4667161703109741,3.2139818536796088,3.2173118158036735,0.003329962124064778,-1.1104850860502897,0.9984796023658998,0.9994981316135434,0.0010185292476435626,25,25.0,0,0.0,0.08529874082262703,0.08562169232158523,0.0,9.0,20.0,-11.0,10.641686587579688,11.392235669469976,-0.7505490818902878,"[9, 0, 0]",25,0
memorias_braz_cubas,intermediario,pt,sbert,400,86,35816,21,0.4667161703109741,3.0057433512685274,3.0430154221408543,0.03727207087232687,-10.076001889949092,0.9872626701730295,0.9994550970993732,0.012192426926343702,21,21.0,0,0.0,0.22485404185371824,0.10000034868929084,0.1248536931644274,9.0,18.0,-9.0,8.3385453070791,9.630175734202975,-1.2916304271238754,"[9, 0, 0]",21,0
memorias_braz_cubas,intermediario,pt,sbert,400,87,36222,19,0.4667161703109741,2.93353409936942,2.943805944243053,0.010271844873632752,-7.1255354809282325,0.9792377393889135,0.9997797732146376,0.02054203382572417,20,19.0,1,0.0,0.21178639177604613,0.05946281874162085,0.15232357303442529,9.0,17.0,-8.0,7.127592737631134,8.745180317929908,-1.6175875802987738,"[7, 1, 0]",20,0
memorias_braz_cubas,intermediario,pt,sbert,400,88,36625,17,0.4667161703109741,2.8274227863177663,2.83248099629044,0.0050582099726734775,-1.2399313618124228,0.9979561871856216,0.9996942867032859,0.0017380995176642378,17,17.0,0,0.0,0.10354372094483608,0.08196524956258472,0.021578471382251357,9.0,15.0,-6.0,7.3187427832240335,7.82307165566124,-0.5043288724372061,"[9, 0, 0]",17,0
memorias_braz_cubas,intermediario,pt,sbert,400,89,37035,28,0.4667161703109741,3.3269210795569837,3.330243281016638,0.003322201459654117,-1.5055714404194145,0.9984144338674033,0.9993935286259017,0.0009790947584984444,28,28.0,0,0.0,0.07778282283183288,0.060724382689501394,0.017058440142331488,20.0,21.0,-1.0,12.432006913468832,12.736776830325002,-0.30476991685616994,"[20, 0, 0]",28,0
memorias_braz_cubas,intermediario,pt,sbert,400,90,37461,23,0.4667161703109741,3.135037212406565,3.1343217621758503,0.0007154502307145094,0.17225873234407943,0.9998542483286166,0.9995789181684662,0.0002753301601503555,23,23.0,0,0.0,0.0568945083375135,0.07136225617954572,0.0,18.0,19.0,-1.0,10.639124522775957,10.53311617919954,0.10600834357641631,"[18, 0, 0]",23,0
memorias_braz_cubas,intermediario,pt,sbert,400,91,37873,24,0.4667161703109741,3.173006563337929,3.176787006902833,0.0037804435649038126,-0.4230015959659621,0.9984118371558659,0.9995726144265327,0.0011607772706667685,24,24.0,0,0.0,0.0938777913159437,0.07627132416725796,0.017606467148685745,14.0,20.0,-6.0,10.618945699322174,10.965778724681547,-0.34683302535937344,"[14, 0, 0]",24,0
memorias_braz_cubas,intermediario,pt,sbert,400,92,38284,30,0.4667161703109741,3.4007060429988902,3.399525905258839,0.0011801377400511015,0.18965202293760708,0.9903083035828476,0.9992519597156064,0.008943656132758826,31,30.0,1,0.0,0.14475211212901354,0.08523234941784966,0.05951976271116388,19.0,23.0,-4.0,12.957649586133478,13.626468461000343,-0.6688188748668651,"[19, 0, 0]",31,0
memorias_braz_cubas,intermediario,pt,sbert,400,93,38685,22,0.4667161703109741,3.0874311012412488,3.0896228724866557,0.002191771245406926,-0.3344283400744909,0.9988316717833675,0.9994783692750041,0.0006466974916365942,22,22.0,0,0.0,0.07409940499882614,0.0841628055020629,0.0,16.0,18.0,-2.0,9.824300555269438,10.041560033625029,-0.21725947835559012,"[16, 0, 0]",22,0
memorias_braz_cubas,intermediario,pt,sbert,400,94,39125,17,0.4667161703109741,2.823638616435331,2.83248099629044,0.008842379855108717,-2.16755416533505,0.9966205412518715,0.9996942867032859,0.003073745451414367,17,17.0,0,0.0,0.17092892745266844,0.08196524956258472,0.08896367789008372,14.0,15.0,-1.0,7.649537179393601,7.82307165566124,-0.17353447626763874,"[14, 0, 0]",17,0
memorias_braz_cubas,intermediario,pt,sbert,400,95,39532,20,0.4667161703109741,2.9803043284817985,2.99488481361473,0.014580485132931642,-2.590903154315259,0.994850025415025,0.9996999570488774,0.004849931633852389,20,20.0,0,0.0,0.1817989236659535,0.07558023709199177,0.10621868657396172,10.0,17.0,-7.0,8.402572038961729,9.197980016763383,-0.7954079778016538,"[10, 0, 0]",20,0
memorias_braz_cubas,intermediario,pt,sbert,400,96,39944,20,0.4667161703109741,2.9910067253480523,2.99488481361473,0.0038780882666777927,-0.689123237755274,0.9984225732560766,0.9996999570488774,0.0012773837928007348,20,20.0,0,0.0,0.08971111078717928,0.07558023709199177,0.014130873695187507,13.0,17.0,-4.0,8.89878937560759,9.197980016763383,-0.29919064115579275,"[13, 0, 0]",20,0
memorias_braz_cubas,intermediario,pt,sbert,400,97,40385,22,0.4667161703109741,3.0827455730421347,3.0896228724866557,0.006877299444520979,-1.049363085790167,0.9973158310047903,0.9994783692750041,0.002162538270213843,22,22.0,0,0.0,0.15583623498806629,0.0841628055020629,0.07167342948600339,16.0,18.0,-2.0,9.905154064821486,10.041560033625029,-0.13640596880354217,"[16, 0, 0]",22,0
memorias_braz_cubas,intermediario,pt,sbert,400,98,40789,25,0.4667161703109741,3.1926374318015016,3.2173118158036735,0.024674384002171923,-8.228482613622893,0.9918485848804767,0.9994981316135434,0.0076495467330667255,25,25.0,0,0.0,0.18216235533302957,0.08562169232158523,0.09654066301144434,19.0,20.0,-1.0,10.910603886253792,11.392235669469976,-0.4816317832161836,"[19, 0, 0]",25,0
memorias_braz_cubas,intermediario,pt,sbert,400,99,41200,19,0.4667161703109741,2.94366707017345,2.943805944243053,0.00013887406960266802,-0.09633635656578425,0.9997378417421955,0.9997797732146376,4.193147244213602e-05,19,19.0,0,0.0,0.05459331573830001,0.05946281874162085,0.0,14.0,17.0,-3.0,8.710082258917247,8.745180317929908,-0.035098059012661054,"[14, 0, 0]",19,0
memorias_braz_cubas,intermediario,pt,sbert,400,100,41604,23,0.4667161703109741,3.1317201309684006,3.1343217621758503,0.002601631207449717,-0.626393946892044,0.9987963348994313,0.9995789181684662,0.0007825832690349088,23,23.0,0,0.0,0.09134771106301079,0.07136225617954572,0.019985454883465065,18.0,19.0,-1.0,10.411046485940409,10.53311617919954,-0.12206969325913164,"[18, 0, 0]",23,0
memorias_braz_cubas,intermediario,pt,sbert,400,101,42026,34,0.4667161703109741,3.5161217494388897,3.524622064362819,0.00850031492392933,-0.9090314916234329,0.9970965035747766,0.9990461146311915,0.0019496110564148905,34,34.0,0,0.0,0.1418835138319241,0.08167012716135365,0.060213386670570454,17.0,25.0,-8.0,14.700941456531103,15.379597497191673,-0.6786560406605702,"[17, 0, 0]",34,0
memorias_braz_cubas,intermediario,pt,sbert,400,102,42433,29,0.4667161703109741,3.351343404736797,3.3653792609767175,0.014035856239920541,-4.7439716834317744,0.9853422276536639,0.9992163495547526,0.01387412190108872,30,29.0,1,0.0,0.1702849197028763,0.07921182195083987,0.09107309775203642,18.0,22.0,-4.0,12.303434648718442,13.168377620965803,-0.8649429722473609,"[16, 1, 0]",30,0
memorias_braz_cubas,intermediario,pt,sbert,400,103,42837,20,0.4667161703109741,2.998504550253248,2.99488481361473,0.0036197366385177787,0.643215022615681,0.9700625583435359,0.9996999570488774,0.029637398705341433,22,20.0,2,0.0,0.13246811954574858,0.07558023709199177,0.05688788245375681,8.0,17.0,-9.0,8.425555762516153,9.197980016763383,-0.7724242542472304,"[6, 1, 0]",22,0
memorias_braz_cubas,intermediario,pt,sbert,400,104,43250,21,0.4667161703109741,3.0436652338611943,3.0430154221408543,0.0006498117203399545,0.17566783838452432,0.9997184439005581,0.9994550970993732,0.00026334680118489384,21,21.0,0,0.0,0.05785841166710204,0.10000034868929084,0.0,17.0,18.0,-1.0,9.663536840611881,9.630175734202975,0.03336110640890588,"[17, 0, 0]",21,0
memorias_braz_cubas,intermediario,pt,sbert,400,105,43650,25,0.4667161703109741,3.2132947664661313,3.2173118158036735,0.004017049337542211,-1.339616852405389,0.9982661467214885,0.9994981316135434,0.0012319848920548937,25,25.0,0,0.0,0.08059695503375275,0.08562169232158523,0.0,19.0,20.0,-1.0,11.150390354741814,11.392235669469976,-0.2418453147281614,"[19, 0, 0]",25,0
memorias_braz_cubas,intermediario,pt,sbert,400,106,44071,13,0.4667161703109741,2.5642982094001443,2.5645129437501177,0.00021473434997343332,-0.01797643207249955,0.999746136094462,0.9998298548428843,8.371874842239002e-05,13,13.0,0,0.0,0.05646592562347111,0.0481267705836842,0.00833915503978691,12.0,12.0,0.0,6.0059567397974085,6.0168866246147825,-0.010929884817374003,"[12, 0, 0]",13,0
memorias_braz_cubas,intermediario,pt,sbert,400,107,44474,31,0.4667161703109741,3.3302765157384373,3.431871570968573,0.10159505523013568,-31.938133166711808,0.9890062186047415,0.9993604718109866,0.010354253206245168,29,31.0,0,0.0,0.21045151226375347,0.07713491489735655,0.13331659736639692,13.0,24.0,-11.0,11.71156071758182,14.106950537046897,-2.395389819465077,"[13, 0, 0]",29,0
memorias_braz_cubas,intermediario,pt,sbert,400,108,44882,22,0.4667161703109741,3.0735076698973938,3.0896228724866557,0.016115202589261912,-2.4589155748735094,0.9943272265827758,0.9994783692750041,0.005151142692228272,22,22.0,0,0.0,0.16344943784119803,0.0841628055020629,0.07928663233913513,9.0,18.0,-9.0,8.987550441970214,10.041560033625029,-1.0540095916548147,"[9, 0, 0]",22,0
memorias_braz_cubas,intermediario,pt,sbert,400,109,45282,33,0.4667161703109741,3.4521859369443555,3.4939526371108416,0.04176670016648609,-7.5893788069838655,0.9789656822794998,0.9991126969440381,0.020147014664538387,34,33.0,2,0.0,0.16720231389937928,0.07338774613940513,0.09381456775997415,10.0,24.0,-14.0,12.491619763882378,14.864723163553194,-2.373103399670816,"[8, 1, 0]",34,0
memorias_braz_cubas,intermediario,pt,sbert,400,110,45685,35,0.4667161703109741,3.5208315717717324,3.553086549442346,0.03225497767061336,-3.585707110576836,0.9902916707110748,0.9992548523949745,0.008963181683899646,35,35.0,1,0.0,0.16520347536261457,0.07907524775062658,0.08612822761198799,14.0,26.5,-12.5,14.135579387982277,15.839228714144681,-1.7036493261624042,"[12, 1, 0]",35,0
memorias_braz_cubas,intermediario,pt,sbert,400,111,46090,19,0.4667161703109741,2.943181653256948,2.943805944243053,0.0006242909861047252,-0.43306802493987284,0.9995729828607798,0.9997797732146376,0.00020679035385784417,19,19.0,0,0.0,0.058203857077525956,0.05946281874162085,0.0,16.0,17.0,-1.0,8.69595210634303,8.745180317929908,-0.04922821158687718,"[16, 0, 0]",19,0
memorias_braz_cubas,intermediario,pt,sbert,400,112,46493,16,0.4667161703109741,2.7654038594056862,2.7721957274731834,0.006791868067497209,-1.6742133434831354,0.997408608504946,0.9998582570997836,0.00244964859483765,16,16.0,0,0.0,0.12315312097871017,0.07095835043901474,0.05219477053969543,11.0,14.0,-3.0,7.033814693584557,7.394406580952889,-0.36059188736833203,"[11, 0, 0]",16,0
memorias_braz_cubas,intermediario,pt,sbert,400,113,46899,24,0.4667161703109741,3.1732731585380716,3.176787006902833,0.0035138483647614294,-0.39317171140320645,0.9984957234631389,0.9995726144265327,0.0010768909633938062,24,24.0,0,0.0,0.09667802976775347,0.07627132416725796,0.02040670560049551,18.0,20.0,-2.0,10.803870880771354,10.965778724681547,-0.16190784391019264,"[18, 0, 0]",24,0
memorias_braz_cubas,intermediario,pt,sbert,400,114,47302,28,0.4667161703109741,3.276300862116755,3.330243281016638,0.05394241889988294,-24.445888158528355,0.9940725209766652,0.9993935286259017,0.005321007649236487,27,28.0,0,0.0,0.18702926620543667,0.060724382689501394,0.12630488351593527,8.0,21.0,-13.0,10.75373819750217,12.736776830325002,-1.9830386328228329,"[8, 0, 0]",27,0
memorias_braz_cubas,intermediario,pt,sbert,400,115,47702,14,0.4667161703109741,2.625236474971544,2.638980899176345,0.013744424204801042,-1.1648172548036306,0.9947629577847295,0.9999699245333467,0.005206966748617203,14,14.0,0,0.0,0.1936173538736658,0.0299868731048179,0.1636304807688479,10.0,13.0,-3.0,5.983586876547083,6.507105324978172,-0.5235184484310889,"[10, 0, 0]",14,0
memorias_braz_cubas,intermediario,pt,sbert,400,116,48104,30,0.4667161703109741,3.3884279247073383,3.399525905258839,0.011097980551500797,-1.7834820383112295,0.9867328335649292,0.9992519597156064,0.012519126150677184,31,30.0,1,0.0,0.17684221153198654,0.08523234941784966,0.09160986211413688,17.0,23.0,-6.0,12.747429210736831,13.626468461000343,-0.8790392502635118,"[17, 0, 0]",31,0
memorias_braz_cubas,intermediario,pt,sbert,400,117,48513,21,0.4667161703109741,3.036419235281764,3.0430154221408543,0.006596186859090469,-1.7831901931695293,0.9973384323461519,0.9994550970993732,0.0021166647532212535,21,21.0,0,0.0,0.11618210475039092,0.10000034868929084,0.01618175606110009,13.0,18.0,-5.0,9.240984529674815,9.630175734202975,-0.38919120452816003,"[13, 0, 0]",21,0
memorias_braz_cubas,intermediario,pt,sbert,400,118,48930,18,0.4667161703109741,2.890371757896165,2.8896870957095318,0.0006846621866332114,0.2059912518649421,1.0000000000000002,0.9997631231398652,0.00023687686013507125,18,18.0,0,0.0,0.06442888428992305,0.07443136639075643,0.0,18.0,16.0,2.0,8.400891065597534,8.304665260751593,0.09622580484594145,"[18, 0, 0]",18,0
memorias_braz_cubas,intermediario,pt,sbert,400,119,49337,18,0.4667161703109741,2.8675827569386847,2.8896870957095318,0.022104338770847054,-6.650433606453665,0.9921155467647984,0.9997631231398652,0.007647576375066745,18,18.0,0,0.0,0.20114364301052554,0.07443136639075643,0.1267122766197691,11.0,16.0,-5.0,7.681944249876301,8.304665260751593,-0.6227210108752921,"[11, 0, 0]",18,0
memorias_braz_cubas,intermediario,pt,sbert,400,120,49740,16,0.4667161703109741,2.76836044426872,2.7721957274731834,0.003835283204463469,-0.9454073979554869,0.9984749710849125,0.9998582570997836,0.0013832860148711434,16,16.0,0,0.0,0.09985935086816139,0.07095835043901474,0.028901000429146645,11.0,14.0,-3.0,7.129780897893836,7.394406580952889,-0.26462568305905343,"[11, 0, 0]",16,0
memorias_braz_cubas,intermediario,pt,sbert,400,121,50148,30,0.4667161703109741,3.3251442808011458,3.399525905258839,0.07438162445769336,-11.95337210991668,0.9978812136672587,0.9992519597156064,0.0013707460483477485,28,30.0,0,0.0,0.1999276849439289,0.08523234941784966,0.11469533552607925,20.0,23.0,-3.0,12.553974349049948,13.626468461000343,-1.0724941119503946,"[20, 0, 0]",28,0
memorias_braz_cubas,intermediario,pt,sbert,400,122,50560,22,0.4667161703109741,3.0856922549987136,3.0896228724866557,0.003930617487942101,-0.5997477541120807,0.998269128153258,0.9994783692750041,0.0012092411217461407,22,22.0,0,0.0,0.09601746661136917,0.0841628055020629,0.011854661109306275,9.0,18.0,-9.0,9.388449976258073,10.041560033625029,-0.6531100573669555,"[9, 0, 0]",22,0
memorias_braz_cubas,intermediario,pt,sbert,400,123,50969,22,0.4667161703109741,3.087805405728014,3.0896228724866557,0.0018174667586414728,-0.27731561517049935,0.9989527650690191,0.9994783692750041,0.0005256042059850197,22,22.0,0,0.0,0.08046684999434522,0.0841628055020629,0.0,12.0,18.0,-6.0,9.6983729180294,10.041560033625029,-0.3431871155956294,"[12, 0, 0]",22,0
memorias_braz_cubas,intermediario,pt,sbert,400,124,51376,18,0.4667161703109741,2.887732177265782,2.8896870957095318,0.0019549184437499534,-0.5881675742925911,0.9990867677754006,0.9997631231398652,0.0006763553644645315,18,18.0,0,0.0,0.08269184842492042,0.07443136639075643,0.00826048203416399,15.0,16.0,-1.0,8.210357647625736,8.304665260751593,-0.09430761312585645,"[15, 0, 0]",18,0
memorias_braz_cubas,intermediario,pt,sbert,400,125,51809,20,0.4667161703109741,2.9907662903965795,2.99488481361473,0.004118523218150649,-0.7318477197254707,0.9983423140975412,0.9996999570488774,0.0013576429513362243,20,20.0,0,0.0,0.09234684797265688,0.07558023709199177,0.01676661088066511,15.0,17.0,-2.0,8.93637055043436,9.197980016763383,-0.2616094663290234,"[15, 0, 0]",20,0
memorias_braz_cubas,intermediario,pt,sbert,400,126,52211,21,0.4667161703109741,3.0365940325181793,3.0430154221408543,0.006421389622675022,-1.7359361167724061,0.9973958460259625,0.9994550970993732,0.0020592510734106506,21,21.0,0,0.0,0.11649323425025218,0.10000034868929084,0.016492885560961346,12.0,18.0,-6.0,9.045361499928038,9.630175734202975,-0.584814234274937,"[12, 0, 0]",21,0
memorias_braz_cubas,intermediario,pt,sbert,400,127,52630,15,0.4667161703109741,2.6941716141473955,2.7072491704320925,0.013077556284696978,-2.705677218843012,0.994875062896114,0.9996986672675874,0.004823604371473333,15,15.0,0,0.0,0.17677054946920182,0.06061292303722349,0.11615762643197833,11.0,13.0,-2.0,6.557911157181477,6.917417995122824,-0.3595068379413462,"[11, 0, 0]",15,0
memorias_braz_cubas,intermediario,pt,sbert,400,128,53076,22,0.4667161703109741,3.0890358196812673,3.0896228724866557,0.0005870528053883994,-0.08957462858112518,0.9993508229966662,0.9994783692750041,0.00012754627833788668,22,22.0,0,0.0,0.06314933568584238,0.0841628055020629,0.0,17.0,18.0,-1.0,9.983129781662072,10.041560033625029,-0.0584302519629567,"[17, 0, 0]",22,0
memorias_braz_cubas,intermediario,pt,sbert,400,129,53509,13,0.4667161703109741,2.553958054573567,2.5645129437501177,0.010554889176550564,-0.8835998913936974,0.9957148070561334,0.9998298548428843,0.0041150477867509805,13,13.0,0,0.0,0.13361622249049598,0.0481267705836842,0.08548945190681179,7.0,12.0,-5.0,5.358906489558972,6.0168866246147825,-0.6579801350558103,"[7, 0, 0]",13,0
memorias_braz_cubas,intermediario,pt,sbert,400,130,53931,24,0.4667161703109741,3.1252060049875285,3.176787006902833,0.05158100191530446,-5.771504257927543,0.9967187912867598,0.9995726144265327,0.002853823139772893,23,24.0,0,0.0,0.19846593339523658,0.07627132416725796,0.12219460922797862,15.0,20.0,-5.0,10.015597916588765,10.965778724681547,-0.9501808080927816,"[15, 0, 0]",23,0
memorias_braz_cubas,intermediario,pt,sbert,400,131,54354,22,0.4667161703109741,3.0893141059506704,3.0896228724866557,0.00030876653598532755,-0.04711270864444262,0.9994408529052171,0.9994783692750041,3.751636978699402e-05,22,22.0,0,0.0,0.05578707291338686,0.0841628055020629,0.0,15.0,18.0,-3.0,9.931083804634941,10.041560033625029,-0.11047622899008758,"[15, 0, 0]",22,0
memorias_braz_cubas,intermediario,pt,sbert,400,132,54785,15,0.4667161703109741,2.7073292030022693,2.7072491704320925,8.003257017685783e-05,0.0165583154206242,0.999733757483651,0.9996986672675874,3.5090216063626833e-05,15,15.0,0,0.0,0.04075501319674471,0.06061292303722349,0.0,10.0,13.0,-3.0,6.854401746888448,6.917417995122824,-0.06301624823437546,"[10, 0, 0]",15,0
memorias_braz_cubas,intermediario,pt,sbert,400,133,55199,18,0.4667161703109741,2.8886402659313455,2.8896870957095318,0.0010468297781862645,-0.31495499635882507,0.9994009448922656,0.9997631231398652,0.00036217824759954276,18,18.0,0,0.0,0.0600458709134937,0.07443136639075643,0.0,13.0,16.0,-3.0,8.162104475291443,8.304665260751593,-0.14256078546014983,"[13, 0, 0]",18,0
memorias_braz_cubas,intermediario,pt,sbert,400,134,55639,26,0.4667161703109741,3.252875670032381,3.2559957005275573,0.0031200304951761737,-0.4361764672883929,0.9983975711191567,0.9993116044306726,0.0009140333115158494,26,26.0,0,0.0,0.07785551273244377,0.07862001074172784,0.0,19.0,22.0,-3.0,11.558357150253617,11.854778493810851,-0.2964213435572347,"[19, 0, 0]",26,0
memorias_braz_cubas,intermediario,pt,sbert,400,135,56056,19,0.4667161703109741,2.928212455116544,2.943805944243053,0.015593489126509041,-10.817137662157156,0.9944890948106895,0.9997797732146376,0.005290678403948146,19,19.0,0,0.0,0.1988563759121048,0.05946281874162085,0.13939355717048396,13.0,17.0,-4.0,8.057801889978283,8.745180317929908,-0.6873784279516251,"[13, 0, 0]",19,0
memorias_braz_cubas,intermediario,pt,sbert,400,136,56467,25,0.4667161703109741,3.2103139290891485,3.2173118158036735,0.006997886714525059,-2.333674840980975,0.9973400975232082,0.9994981316135434,0.0021580340903352146,25,25.0,0,0.0,0.1221349981042621,0.08562169232158523,0.036513305782676864,15.0,20.0,-5.0,10.950654725216058,11.392235669469976,-0.4415809442539178,"[15, 0, 0]",25,0
memorias_braz_cubas,intermediario,pt,sbert,400,137,56880,21,0.4667161703109741,3.038955007261644,3.0430154221408543,0.004060414879210494,-1.0976784235318289,0.9981713288124286,0.9994550970993732,0.0012837682869445421,21,21.0,0,0.0,0.09490901240668748,0.10000034868929084,0.0,13.0,18.0,-5.0,9.231230828710496,9.630175734202975,-0.3989449054924794,"[13, 0, 0]",21,0
memorias_braz_cubas,intermediario,pt,sbert,400,138,57282,21,0.4667161703109741,3.03433680120686,3.0430154221408543,0.008678620933994186,-2.3461481717132715,0.9966544386763727,0.9994550970993732,0.0028006584230004794,21,21.0,0,0.0,0.12990952460596245,0.10000034868929084,0.02990917591667161,12.0,18.0,-6.0,9.043341489005824,9.630175734202975,-0.5868342451971511,"[12, 0, 0]",21,0
memorias_braz_cubas,intermediario,pt,sbert,400,139,57693,19,0.4667161703109741,2.9421242345382463,2.943805944243053,0.0016817097048065222,-1.1665949318393734,0.9992138588557712,0.9997797732146376,0.0005659143588664373,19,19.0,0,0.0,0.06469479733808281,0.05946281874162085,0.005231978596461961,12.0,17.0,-5.0,8.512628922568327,8.745180317929908,-0.23255139536158076,"[12, 0, 0]",19,0
memorias_braz_cubas,intermediario,pt,sbert,400,140,58101,12,0.4667161703109741,2.4664070533538385,2.4845225460609894,0.01811549270715096,-5.818272816368021,0.9925552147257765,0.9998454252890974,0.007290210563320909,12,12.0,0,0.0,0.18167347239909454,0.0694845115964619,0.11218896080263263,5.0,11.0,-6.0,4.766636233357308,5.5318478372610596,-0.7652116039037518,"[5, 0, 0]",12,0
memorias_braz_cubas,intermediario,pt,sbert,400,141,58507,21,0.4667161703109741,3.035618125016741,3.0430154221408543,0.007397297124113411,-1.9997595534306982,0.9970753006789004,0.9994550970993732,0.002379796420472813,21,21.0,0,0.0,0.1430939316255212,0.10000034868929084,0.04309358293623036,14.0,18.0,-4.0,9.226421629103331,9.630175734202975,-0.4037541050996438,"[14, 0, 0]",21,0
memorias_braz_cubas,intermediario,pt,sbert,400,142,58931,25,0.4667161703109741,3.2096218734275475,3.2173118158036735,0.00768994237612608,-2.5644634993175734,0.997125098343602,0.9994981316135434,0.002373033269941427,25,25.0,0,0.0,0.11193965475957576,0.08562169232158523,0.026317962437990533,14.0,20.0,-6.0,10.769540476072294,11.392235669469976,-0.6226951933976821,"[14, 0, 0]",25,0
memorias_braz_cubas,intermediario,pt,sbert,400,143,59370,18,0.4667161703109741,2.896210124172256,2.8896870957095318,0.006523028462724234,1.9625544176679592,0.9836203584671204,0.9997631231398652,0.01614276467274478,19,18.0,1,0.0,0.11898468878031734,0.07443136639075643,0.04455332238956092,10.0,16.0,-6.0,7.806167583061931,8.304665260751593,-0.49849767768966213,"[10, 0, 0]",19,0
memorias_braz_cubas,intermediario,pt,sbert,400,144,59776,18,0.4667161703109741,2.8858205758134456,2.8896870957095318,0.003866519896086107,-1.1633025589920145,0.9984253990614579,0.9997631231398652,0.0013377240784072653,18,18.0,0,0.0,0.11340265157559583,0.07443136639075643,0.0389712851848394,14.0,16.0,-2.0,8.135483208865496,8.304665260751593,-0.16918205188609647,"[14, 0, 0]",18,0
memorias_braz_cubas,intermediario,pt,sbert,400,145,60177,22,0.4667161703109741,3.082522275858943,3.0896228724866557,0.007100596627712896,-1.0834345731658115,0.9972435909153832,0.9994783692750041,0.002234778359620937,22,22.0,0,0.0,0.12701123592228553,0.0841628055020629,0.04284843042022263,16.0,18.0,-2.0,9.672436397446193,10.041560033625029,-0.3691236361788359,"[16, 0, 0]",22,0
memorias_braz_cubas,intermediario,pt,sbert,400,146,60589,19,0.4667161703109741,2.943982071883869,2.943805944243053,0.00017612764081631482,0.12217900184906014,0.9998448236537405,0.9997797732146376,6.505043910287611e-05,19,19.0,0,0.0,0.05748128551099013,0.05946281874162085,0.0,15.0,17.0,-2.0,8.783329324666626,8.745180317929908,0.038149006736718505,"[15, 0, 0]",19,0
memorias_braz_cubas,intermediario,pt,sbert,400,147,60990,13,0.4667161703109741,2.561138029807339,2.5645129437501177,0.003374913942778779,-0.28253007145992354,0.9457498346097587,0.9998298548428843,0.054080020233125636,15,13.0,2,0.0,0.2137312774835713,0.0481267705836842,0.1656045068998871,2.0,12.0,-10.0,4.350596779988296,6.0168866246147825,-1.6662898446264869,"[2, 0, 0]",15,0
quincas_borba,complexo,pt,sbert,150,0,0,11,0.47307872772216797,2.3952400687058857,2.397805532528758,0.0025654638228722604,-0.13809116081649206,0.9988926938875915,0.9999846141517821,0.0010919202641905823,11,11.0,0,0.0,0.08475100666305421,0.06392509366460675,0.020825912998447466,7.0,10.0,-3.0,4.9740519086959845,5.177868910006097,-0.20381700131011282,"[7, 0, 0]",11,0
quincas_borba,complexo,pt,sbert,150,1,189,8,0.47307872772216797,2.0788905727264213,2.0794415416798357,0.0005509689534144435,-0.35457013440646623,0.999735039941075,1.0,0.0002649600589249568,8,8.0,0,0.0,0.04671085966340105,1.832744176034202e-308,0.04671085966340105,6.0,8.0,-2.0,3.7325348022542424,3.7846298217773438,-0.05209501952310136,"[6, 0, 0]",8,0
quincas_borba,complexo,pt,sbert,150,2,344,5,0.47307872772216797,1.6094379124341005,1.6094379124341005,0.0,0.0,1.0000000000000002,1.0000000000000002,0.0,5,5.0,0,0.0,1.874448137662374e-308,1.874448137662374e-308,0.0,5.0,5.0,0.0,2.36539363861084,2.36539363861084,0.0,"[5, 0, 0]",5,0
quincas_borba,complexo,pt,sbert,150,3,512,11,0.47307872772216797,2.3830819950205853,2.397805532528758,0.01472353750817268,-0.7925235069393387,0.9938223833434985,0.9999846141517821,0.0061622308082835975,11,11.0,0,0.0,0.2018570590455314,0.06392509366460675,0.13793196538092464,8.0,10.0,-2.0,4.770399019938293,5.177868910006097,-0.4074698900678042,"[8, 0, 0]",11,0
quincas_borba,complexo,pt,sbert,150,4,669,7,0.47307872772216797,1.9402884336847306,1.945910149055313,0.005621715370582425,-3.174428321113986,0.9971110097897831,0.9999999999999999,0.002888990210216824,7,7.0,0,0.0,0.1324250246403495,1.3797025729980276e-308,0.1324250246403495,6.0,7.0,-1.0,3.179126069414826,3.311551094055176,-0.13242502464034978,"[6, 0, 0]",7,0
quincas_borba,complexo,pt,sbert,150,5,835,11,0.47307872772216797,2.3962232807613697,2.397805532528758,0.001582251767388243,-0.0851678286454901,0.9993027251623672,0.9999846141517821,0.0006818889894149027,11,11.0,0,0.0,0.06864812281453783,0.06392509366460675,0.004723029149931085,8.0,10.0,-2.0,5.06527149889791,5.177868910006097,-0.11259741110818755,"[8, 0, 0]",11,0
quincas_borba,complexo,pt,sbert,150,6,996,9,0.47307872772216797,2.1924614614450837,2.1972245773362196,0.004763115891135872,-0.28839556537151195,0.9978322125374592,1.0,0.00216778746254076,9,9.0,0,0.0,0.13236517358811328,1.924301780028407e-308,0.13236517358811328,7.0,9.0,-2.0,4.0740346061369035,4.257708549499512,-0.18367394336260823,"[7, 0, 0]",9,0
quincas_borba,complexo,pt,sbert,150,7,1164,8,0.47307872772216797,2.0793010332203257,2.0794415416798357,0.00014050845951008029,-0.09042270542648813,0.9999324297140872,1.0,6.757028591275471e-05,8,8.0,0,0.0,0.023677476214638005,1.832744176034202e-308,0.023677476214638005,7.0,8.0,-1.0,3.7609523455627056,3.7846298217773438,-0.023677476214638116,"[7, 0, 0]",8,0
quincas_borba,complexo,pt,sbert,150,8,1345,13,0.47307872772216797,2.5566220597327654,2.5649112239484944,0.008289164215729006,-5.279866387936471,0.9967534260649057,0.9999851328397844,0.0032317067748787176,13,13.0,0,0.0,0.18088895248138512,0.0843785144436903,0.09651043803769482,9.0,12.0,-3.0,5.792359232943539,6.133405576831896,-0.3410463438883564,"[9, 0, 0]",13,0
quincas_borba,complexo,pt,sbert,150,9,1498,13,0.47307872772216797,2.5297911737109064,2.5649112239484944,0.03512005023758791,-22.37006867836225,0.9585965205536927,0.9999851328397844,0.0413886122860917,14,13.0,1,0.0,0.23455517433636186,0.0843785144436903,0.15017665989267157,7.0,12.0,-5.0,4.979632411682385,6.133405576831896,-1.1537731651495111,"[5, 1, 0]",14,0
quincas_borba,complexo,pt,sbert,150,10,1650,9,0.47307872772216797,2.197070470968354,2.1972245773362196,0.000154106367865392,-0.009330781384219345,0.999929863169448,1.0,7.013683055201447e-05,9,9.0,0,0.0,0.026074087888712516,1.924301780028407e-308,0.026074087888712516,8.0,9.0,-1.0,4.231634461610799,4.257708549499512,-0.026074087888712683,"[8, 0, 0]",9,0
quincas_borba,complexo,pt,sbert,150,11,1836,8,0.47307872772216797,2.0794415416798357,2.0794415416798357,0.0,0.0,1.0,1.0,0.0,8,8.0,0,0.0,1.832744176034202e-308,1.832744176034202e-308,0.0,8.0,8.0,0.0,3.7846298217773438,3.7846298217773438,0.0,"[8, 0, 0]",8,0
quincas_borba,complexo,pt,sbert,150,12,2013,6,0.47307872772216797,1.7917594692280547,1.7917594692280547,0.0,0.0,0.9999999999999999,0.9999999999999999,0.0,6,6.0,0,0.0,1.424711903624413e-308,0.03364721238264334,0.0,6.0,6.0,0.0,2.838472366333008,2.838472366333008,0.0,"[6, 0, 0]",6,0
quincas_borba,complexo,pt,sbert,150,13,2185,8,0.47307872772216797,2.050998739246361,2.0794415416798357,0.028442802433474856,-18.30405909304974,0.9863219033267471,1.0,0.013678096673252926,8,8.0,0,0.0,0.23653936386108398,1.832744176034202e-308,0.23653936386108398,5.0,8.0,-3.0,3.4207704848860803,3.7846298217773438,-0.3638593368912635,"[5, 0, 0]",8,0
quincas_borba,complexo,pt,sbert,150,14,2356,7,0.47307872772216797,1.924151276180483,1.945910149055313,0.021758872874829915,-12.28663810530538,0.9888181512977907,0.9999999999999999,0.011181848702209174,7,7.0,0,0.0,0.23653936386108398,1.3797025729980276e-308,0.23653936386108398,3.0,7.0,-4.0,3.046512411876826,3.311551094055176,-0.2650386821783499,"[3, 0, 0]",7,0
quincas_borba,complexo,pt,sbert,150,15,2507,13,0.47307872772216797,2.5237831027517186,2.5649112239484944,0.04112812119677578,-26.19696980954746,0.9839504610139518,0.9999851328397844,0.016034671825832625,13,13.0,0,0.0,0.229585381897475,0.0843785144436903,0.1452068674537847,9.0,12.0,-3.0,5.602868845624175,6.133405576831896,-0.5305367312077207,"[9, 0, 0]",13,0
quincas_borba,complexo,pt,sbert,150,16,2664,9,0.47307872772216797,2.1915232657354524,2.1972245773362196,0.005701311600767145,-0.3452011288497741,0.9974052212688795,1.0,0.0025947787311204618,9,9.0,0,0.0,0.13798213855969232,1.924301780028407e-308,0.13798213855969232,6.0,9.0,-3.0,4.001988968832137,4.257708549499512,-0.25571958066737466,"[6, 0, 0]",9,0
quincas_borba,complexo,pt,sbert,150,17,2832,10,0.47307872772216797,2.2863869420229452,2.3025850929940455,0.016198150971100223,-10.055787803666899,0.9929652324162151,0.9999999999999998,0.007034767583784629,10,10.0,0,0.0,0.21064800502145836,0.03663890436200887,0.1740091006594495,7.0,10.0,-3.0,4.336530266102457,4.73078727722168,-0.3942570111192225,"[7, 0, 0]",10,0
quincas_borba,complexo,pt,sbert,150,18,2993,11,0.47307872772216797,2.3972342736677863,2.397805532528758,0.0005712588609716462,-0.030749137265152368,0.999724341951843,0.9999846141517821,0.00026027219993907114,11,11.0,0,0.0,0.054688346176400005,0.06392509366460675,0.0,6.0,10.0,-4.0,5.101742301448705,5.177868910006097,-0.0761266085573924,"[6, 0, 0]",11,0
quincas_borba,complexo,pt,sbert,150,19,3144,10,0.47307872772216797,2.301919799493162,2.3025850929940455,0.0006652935008832905,-0.41301320650591766,0.9997110667037201,0.9999999999999998,0.0002889332962796587,10,10.0,0,0.0,0.04574407209148207,0.03663890436200887,0.009105167729473201,8.0,10.0,-2.0,4.647315271322146,4.73078727722168,-0.08347200589953374,"[8, 0, 0]",10,0
quincas_borba,complexo,pt,sbert,150,20,3336,10,0.47307872772216797,2.3025850929940455,2.3025850929940455,0.0,0.0,0.9999999999999998,0.9999999999999998,0.0,10,10.0,0,0.0,1.9498466258303885e-308,0.03663890436200887,0.0,10.0,10.0,0.0,4.73078727722168,4.73078727722168,0.0,"[10, 0, 0]",10,0
quincas_borba,complexo,pt,sbert,150,21,3486,12,0.47307872772216797,2.4831309535122563,2.4848563296209933,0.00172537610873702,-0.5219222629486474,0.9992854072502501,0.9999797496750991,0.0006943424248490038,12,12.0,0,0.0,0.08992615359318937,0.05107120957433653,0.03885494401885284,8.0,11.0,-3.0,5.539215527999269,5.65980412504697,-0.12058859704770164,"[8, 0, 0]",12,0
quincas_borba,complexo,pt,sbert,150,22,3666,13,0.47307872772216797,2.534531429461142,2.5649112239484944,0.030379794487352285,-19.350715176063407,0.9881409245325223,0.9999851328397844,0.011844208307262072,13,13.0,0,0.0,0.229585381897475,0.0843785144436903,0.1452068674537847,7.0,12.0,-5.0,5.432434417287741,6.133405576831896,-0.7009711595441548,"[7, 0, 0]",13,0
quincas_borba,complexo,pt,sbert,150,23,3857,13,0.47307872772216797,2.54307352848903,2.5649112239484944,0.021837695459464346,-13.909739419522213,0.9914712433175847,0.9999851328397844,0.008513889522199669,13,13.0,0,0.0,0.229585381897475,0.0843785144436903,0.1452068674537847,8.0,12.0,-4.0,5.582384323496736,6.133405576831896,-0.5510212533351595,"[8, 0, 0]",13,0
quincas_borba,complexo,pt,sbert,150,24,4009,13,0.47307872772216797,2.526191276966351,2.5649112239484944,0.038719946982143316,-24.66305906037852,0.9848893388937926,0.9999851328397844,0.015095793945991809,13,13.0,0,0.0,0.23653936386108398,0.0843785144436903,0.1521608494173937,10.0,12.0,-2.0,5.56364390473701,6.133405576831896,-0.5697616720948862,"[10, 0, 0]",13,0
quincas_borba,complexo,pt,sbert,150,25,4166,14,0.47307872772216797,2.628888427728832,2.639001668643156,0.010113240914324084,-5.149611758981413,0.9961467673429023,0.999978908767355,0.003832141424452651,14,14.0,0,0.0,0.19280622658054816,0.05515090284380103,0.13765532373674713,8.0,13.0,-5.0,6.127636946171023,6.5994549571616865,-0.47181801099066334,"[8, 0, 0]",14,0
quincas_borba,complexo,pt,sbert,150,26,4317,14,0.47307872772216797,2.5964149754520207,2.639001668643156,0.04258669319113517,-21.684931456798044,0.9838418234857162,0.999978908767355,0.016137085281638708,14,14.0,0,0.0,0.22732584184628582,0.05515090284380103,0.1721749390024848,10.0,13.0,-3.0,5.91714226399573,6.5994549571616865,-0.6823126931659562,"[10, 0, 0]",14,0
quincas_borba,complexo,pt,sbert,150,27,4477,11,0.47307872772216797,2.390905551407395,2.397805532528758,0.00689998112136303,-0.37140512143107485,0.9970850597729322,0.9999846141517821,0.0028995543788499223,11,11.0,0,0.0,0.14024533781217677,0.06392509366460675,0.07632024414757002,8.0,10.0,-2.0,4.879058453986367,5.177868910006097,-0.29881045601973,"[8, 0, 0]",11,0
quincas_borba,complexo,pt,sbert,150,28,4650,9,0.47307872772216797,2.1972245773362196,2.1972245773362196,0.0,0.0,1.0,1.0,0.0,9,9.0,0,0.0,1.924301780028407e-308,1.924301780028407e-308,0.0,9.0,9.0,0.0,4.257708549499512,4.257708549499512,0.0,"[9, 0, 0]",9,0
quincas_borba,complexo,pt,sbert,150,29,4851,6,0.47307872772216797,1.7915107201765492,1.7917594692280547,0.00024874905150551463,-0.09749662659735386,0.9998611705110101,0.9999999999999999,0.00013882948898980008,6,6.0,0,0.0,0.027847604675070914,0.03364721238264334,0.0,5.0,6.0,-1.0,2.810624761657937,2.838472366333008,-0.02784760467507086,"[5, 0, 0]",6,0
quincas_borba,complexo,pt,sbert,150,30,5008,14,0.47307872772216797,2.6174830576033985,2.639001668643156,0.021518611039757385,-10.957169258207868,0.9918250082066216,0.999978908767355,0.008153900560733396,14,14.0,0,0.0,0.2008683788848326,0.05515090284380103,0.14571747604103158,9.0,13.0,-4.0,5.812450691842715,6.5994549571616865,-0.7870042653189717,"[9, 0, 0]",14,0
quincas_borba,complexo,pt,sbert,150,31,5163,9,0.47307872772216797,2.194347773147606,2.1972245773362196,0.0028768041886135798,-0.174183788385736,0.9986907099900998,1.0,0.0013092900099002103,9,9.0,0,0.0,0.08483795782167541,1.924301780028407e-308,0.08483795782167541,7.0,9.0,-2.0,4.094794474196538,4.257708549499512,-0.16291407530297342,"[7, 0, 0]",9,0
quincas_borba,complexo,pt,sbert,150,32,5315,11,0.47307872772216797,2.3767723133688703,2.397805532528758,0.02103321915988765,-1.1321545927101497,0.9911910417151581,0.9999846141517821,0.008793572436623931,11,11.0,0,0.0,0.2123458848836029,0.06392509366460675,0.14842079121899615,6.0,10.0,-4.0,4.693820901971897,5.177868910006097,-0.48404800803420045,"[6, 0, 0]",11,0
quincas_borba,complexo,pt,sbert,150,33,5465,13,0.47307872772216797,2.5603537313611895,2.5649112239484944,0.004557492587304868,-2.9029406703416756,0.9982082975295483,0.9999851328397844,0.0017768353102360912,13,13.0,0,0.0,0.12160391473930757,0.0843785144436903,0.03722540029561727,10.0,12.0,-2.0,5.9075982696466784,6.133405576831896,-0.22580730718521735,"[10, 0, 0]",13,0
quincas_borba,complexo,pt,sbert,150,34,5615,13,0.47307872772216797,2.5585613219564807,2.5649112239484944,0.0063499019920136845,-4.044633840249638,0.9694981966645972,0.9999851328397844,0.030486936175187163,14,13.0,1,0.0,0.229585381897475,0.0843785144436903,0.1452068674537847,5.0,12.0,-7.0,5.409225270521667,6.133405576831896,-0.7241803063102292,"[5, 0, 0]",14,0
quincas_borba,complexo,pt,sbert,150,35,5770,13,0.47307872772216797,2.564655200617288,2.5649112239484944,0.0002560233312065563,-0.1630766318273668,0.9998853167048335,0.9999851328397844,9.981613495091413e-05,13,13.0,0,0.0,0.03703148406959883,0.0843785144436903,0.0,10.0,12.0,-2.0,6.076859665568573,6.133405576831896,-0.056545911263322424,"[10, 0, 0]",13,0
quincas_borba,complexo,pt,sbert,150,36,5946,8,0.47307872772216797,2.0586671689743405,2.0794415416798357,0.020774372705495203,-13.369123753252047,0.9900096385067343,1.0,0.00999036149326571,8,8.0,0,0.0,0.2005322315354462,1.832744176034202e-308,0.2005322315354462,5.0,8.0,-3.0,3.3242722101405455,3.7846298217773438,-0.4603576116367982,"[5, 0, 0]",8,0
quincas_borba,complexo,pt,sbert,150,37,6114,10,0.47307872772216797,2.298591856444146,2.3025850929940455,0.003993236549899581,-2.4789952549077676,0.998265759401444,0.9999999999999998,0.0017342405985557585,10,10.0,0,0.0,0.12437111555406472,0.03663890436200887,0.08773221119205585,8.0,10.0,-2.0,4.548329528259074,4.73078727722168,-0.18245774896260603,"[8, 0, 0]",10,0
quincas_borba,complexo,pt,sbert,150,38,6289,7,0.47307872772216797,1.945910149055313,1.945910149055313,0.0,0.0,0.9999999999999999,0.9999999999999999,0.0,7,7.0,0,0.0,1.3797025729980276e-308,1.3797025729980276e-308,0.0,7.0,7.0,0.0,3.311551094055176,3.311551094055176,0.0,"[7, 0, 0]",7,0
quincas_borba,complexo,pt,sbert,150,39,6449,7,0.47307872772216797,1.945910149055313,1.945910149055313,0.0,0.0,0.9999999999999999,0.9999999999999999,0.0,7,7.0,0,0.0,1.3797025729980276e-308,1.3797025729980276e-308,0.0,7.0,7.0,0.0,3.311551094055176,3.311551094055176,0.0,"[7, 0, 0]",7,0
quincas_borba,complexo,pt,sbert,150,40,6611,5,0.47307872772216797,1.6056780247216607,1.6094379124341005,0.0037598877124398467,-0.6668073124469275,0.9976638504142399,1.0000000000000002,0.0023361495857603387,5,5.0,0,0.0,0.096169363335949,1.874448137662374e-308,0.096169363335949,4.0,5.0,-1.0,2.269224275274891,2.36539363861084,-0.09616936333594905,"[4, 0, 0]",5,0
quincas_borba,complexo,pt,sbert,150,41,6762,11,0.47307872772216797,2.3929268510075024,2.397805532528758,0.00487868152125559,-0.26260467542663873,0.9979280071789498,0.9999846141517821,0.0020566069728322756,11,11.0,0,0.0,0.13933159142783433,0.06392509366460675,0.07540649776322758,10.0,10.0,0.0,5.052463022134614,5.177868910006097,-0.12540588787148366,"[10, 0, 0]",11,0
quincas_borba,complexo,pt,sbert,150,42,6960,8,0.47307872772216797,2.077134709263352,2.0794415416798357,0.0023068324164836618,-1.4845371502276798,0.9988906481041924,1.0,0.001109351895807631,8,8.0,0,0.0,0.09228901776229498,1.832744176034202e-308,0.09228901776229498,7.0,8.0,-1.0,3.692340804015049,3.7846298217773438,-0.09228901776229481,"[7, 0, 0]",8,0
quincas_borba,complexo,pt,sbert,150,43,7112,7,0.47307872772216797,1.9404742775270234,1.945910149055313,0.005435871528289615,-3.0694874058613135,0.9972065146322769,0.9999999999999999,0.0027934853677229476,7,7.0,0,0.0,0.10080893899002497,1.3797025729980276e-308,0.10080893899002497,5.0,7.0,-2.0,3.1100590961859065,3.311551094055176,-0.2014919978692693,"[5, 0, 0]",7,0
quincas_borba,complexo,pt,sbert,150,44,7272,9,0.47307872772216797,2.197209477345487,2.1972245773362196,1.5099990732458934e-05,-0.0009142692438989958,0.9999931276980568,1.0,6.872301943183778e-06,9,9.0,0,0.0,0.008237689561869821,1.924301780028407e-308,0.008237689561869821,8.0,9.0,-1.0,4.249470859937642,4.257708549499512,-0.008237689561870098,"[8, 0, 0]",9,0
quincas_borba,complexo,pt,sbert,150,45,7428,16,0.47307872772216797,2.760969131954208,2.7719761766642175,0.011007044710009684,-1.1767197277453516,0.9958091186794604,0.999779070883954,0.0039699522044935875,16,16.0,0,0.0,0.19462457521310683,0.08422790500723468,0.11039667020587215,14.0,15.0,-1.0,7.301187727645639,7.492239382849898,-0.1910516552042587,"[14, 0, 0]",16,0
quincas_borba,complexo,pt,sbert,150,46,7584,11,0.47307872772216797,2.3978952727983707,2.397805532528758,8.974026961272585e-05,0.004830447380439759,1.0,0.9999846141517821,1.5385848217919218e-05,11,11.0,0,0.0,0.020559018179214433,0.06392509366460675,0.0,11.0,10.0,1.0,5.203866004943848,5.177868910006097,0.025997094937750376,"[11, 0, 0]",11,0
quincas_borba,complexo,pt,sbert,150,47,7769,13,0.47307872772216797,2.5638532348105936,2.5649112239484944,0.0010579891379007833,-0.6738968058329092,0.9995726532971286,0.9999851328397844,0.0004124795426557748,13,13.0,0,0.0,0.06352694370001558,0.0843785144436903,0.0,11.0,12.0,-1.0,6.033239473651276,6.133405576831896,-0.10016610318061936,"[11, 0, 0]",13,0
quincas_borba,complexo,pt,sbert,150,48,7920,7,0.47307872772216797,1.945910149055313,1.945910149055313,0.0,0.0,0.9999999999999999,0.9999999999999999,0.0,7,7.0,0,0.0,1.3797025729980276e-308,1.3797025729980276e-308,0.0,7.0,7.0,0.0,3.311551094055176,3.311551094055176,0.0,"[7, 0, 0]",7,0
quincas_borba,complexo,pt,sbert,150,49,8074,12,0.47307872772216797,2.484641259541044,2.4848563296209933,0.0002150700799492533,-0.06505819934056466,0.9998931991079106,0.9999797496750991,8.655056718842591e-05,12,12.0,0,0.0,0.038707704858218506,0.05107120957433653,0.0,11.0,11.0,0.0,5.638237027807797,5.65980412504697,-0.021567097239173272,"[11, 0, 0]",12,0
quincas_borba,complexo,pt,sbert,150,50,8227,9,0.47307872772216797,2.1884879778529562,2.1972245773362196,0.00873659948326333,-0.5289807355074313,0.996023802221503,1.0,0.003976197778497004,9,9.0,0,0.0,0.15460491826521544,1.924301780028407e-308,0.15460491826521544,6.0,9.0,-3.0,3.979932589642827,4.257708549499512,-0.2777759598566849,"[6, 0, 0]",9,0
quincas_borba,complexo,pt,sbert,150,51,8381,8,0.47307872772216797,2.078021703183494,2.0794415416798357,0.00141983849634153,-0.9137217684652462,0.999317202014155,1.0,0.0006827979858450295,8,8.0,0,0.0,0.07321298263512788,1.832744176034202e-308,0.07321298263512788,7.0,8.0,-1.0,3.711416839142216,3.7846298217773438,-0.07321298263512777,"[7, 0, 0]",8,0
quincas_borba,complexo,pt,sbert,150,52,8531,8,0.47307872772216797,2.0794415416798357,2.0794415416798357,0.0,0.0,1.0,1.0,0.0,8,8.0,0,0.0,1.832744176034202e-308,1.832744176034202e-308,0.0,8.0,8.0,0.0,3.7846298217773438,3.7846298217773438,0.0,"[8, 0, 0]",8,0
quincas_borba,complexo,pt,sbert,150,53,8683,7,0.47307872772216797,1.9433767412511593,1.945910149055313,0.0025334078041536756,-1.4305458302851495,0.9986980859288987,0.9999999999999999,0.00130191407110114,7,7.0,0,0.0,0.0755220054726844,1.3797025729980276e-308,0.0755220054726844,4.0,7.0,-3.0,3.1427808760773193,3.311551094055176,-0.16877021797785652,"[4, 0, 0]",7,0
quincas_borba,complexo,pt,sbert,150,54,8837,6,0.47307872772216797,1.7865912098270076,1.7917594692280547,0.005168259401047148,-2.0256875510980055,0.9971155395075021,0.9999999999999999,0.002884460492497798,6,6.0,0,0.0,0.11969854706071875,0.03364721238264334,0.08605133467807541,5.0,6.0,-1.0,2.718773819272289,2.838472366333008,-0.11969854706071903,"[5, 0, 0]",6,0
quincas_borba,complexo,pt,sbert,150,55,8994,8,0.47307872772216797,2.0793534046322293,2.0794415416798357,8.813704760646246e-05,-0.05671964749074603,0.9999576150394999,1.0,4.23849605001303e-05,8,8.0,0,0.0,0.018936412188799545,1.832744176034202e-308,0.018936412188799545,6.0,8.0,-2.0,3.764408887640079,3.7846298217773438,-0.020220934137264557,"[6, 0, 0]",8,0
quincas_borba,complexo,pt,sbert,150,56,9147,9,0.47307872772216797,2.1779026013539866,2.1972245773362196,0.019321975982232953,-1.1699006101995117,0.991206189762515,1.0,0.008793810237485045,9,9.0,0,0.0,0.22553944637224332,1.924301780028407e-308,0.22553944637224332,5.0,9.0,-4.0,3.8332980033034643,4.257708549499512,-0.42441054619604746,"[5, 0, 0]",9,0
quincas_borba,complexo,pt,sbert,150,57,9298,11,0.47307872772216797,2.3957911343314393,2.397805532528758,0.0020143981973186342,-0.10842896435894504,0.9991225061032478,0.9999846141517821,0.0008621080485342603,11,11.0,0,0.0,0.09461053627669125,0.06392509366460675,0.0306854426120845,9.0,10.0,-1.0,5.087132259438826,5.177868910006097,-0.09073665056727087,"[9, 0, 0]",11,0
quincas_borba,complexo,pt,sbert,150,58,9450,9,0.47307872772216797,2.1963813104590675,2.1972245773362196,0.0008432668771520824,-0.05105784393109716,0.9996162127049505,1.0,0.00038378729504950915,9,9.0,0,0.0,0.05822909251433833,1.924301780028407e-308,0.05822909251433833,6.0,9.0,-3.0,4.173353370859681,4.257708549499512,-0.08435517863983044,"[6, 0, 0]",9,0
quincas_borba,complexo,pt,sbert,150,59,9615,7,0.47307872772216797,1.945910149055313,1.945910149055313,0.0,0.0,0.9999999999999999,0.9999999999999999,0.0,7,7.0,0,0.0,1.3797025729980276e-308,1.3797025729980276e-308,0.0,7.0,7.0,0.0,3.311551094055176,3.311551094055176,0.0,"[7, 0, 0]",7,0
quincas_borba,complexo,pt,sbert,150,60,9773,7,0.47307872772216797,1.9413842920545428,1.945910149055313,0.004525857000770239,-2.5556271873416794,0.9976741695895015,0.9999999999999999,0.0023258304104983862,7,7.0,0,0.0,0.12151640549056075,1.3797025729980276e-308,0.12151640549056075,4.0,7.0,-3.0,3.1370933222979804,3.311551094055176,-0.17445777175719535,"[4, 0, 0]",7,0
quincas_borba,complexo,pt,sbert,150,61,9925,6,0.47307872772216797,1.7869031624511993,1.7917594692280547,0.004856306776855446,-1.9034184275262567,0.997289643582044,0.9999999999999999,0.002710356417955917,6,6.0,0,0.0,0.11450485951935357,0.03364721238264334,0.08085764713671023,4.0,6.0,-2.0,2.674455061090944,2.838472366333008,-0.16401730524206393,"[4, 0, 0]",6,0
quincas_borba,complexo,pt,sbert,150,62,10080,12,0.47307872772216797,2.482541838963473,2.4848563296209933,0.0023144906575205404,-0.7001280447953293,0.9990483301154475,0.9999797496750991,0.0009314195596515917,12,12.0,0,0.0,0.08743827975233479,0.05107120957433653,0.036367070177998256,10.0,11.0,-1.0,5.5139784306694235,5.65980412504697,-0.1458256943775469,"[10, 0, 0]",12,0
quincas_borba,complexo,pt,sbert,150,63,10253,10,0.47307872772216797,2.3021814832985004,2.3025850929940455,0.00040360969554509296,-0.25056029303253147,0.9998247145363819,0.9999999999999998,0.00017528546361789132,10,10.0,0,0.0,0.03875749880713464,0.03663890436200887,0.002118594445125771,7.0,10.0,-3.0,4.653099560505876,4.73078727722168,-0.0776877167158041,"[7, 0, 0]",10,0
quincas_borba,complexo,pt,sbert,150,64,10438,10,0.47307872772216797,2.296044979694827,2.3025850929940455,0.006540113299218664,-4.060092517116213,0.997159664883127,0.9999999999999998,0.002840335116872761,10,10.0,0,0.0,0.12709197177222598,0.03663890436200887,0.09045306741021711,7.0,10.0,-3.0,4.420207679871315,4.73078727722168,-0.31057959735036444,"[7, 0, 0]",10,0
quincas_borba,complexo,pt,sbert,150,65,10600,9,0.47307872772216797,2.19721018413545,2.1972245773362196,1.4393200769458048e-05,-0.0008714747590203292,0.9999934493720315,1.0,6.550627968504585e-06,9,9.0,0,0.0,0.008043389538311851,1.924301780028407e-308,0.008043389538311851,8.0,9.0,-1.0,4.2496651599612,4.257708549499512,-0.00804338953831163,"[8, 0, 0]",9,0
quincas_borba,complexo,pt,sbert,150,66,10760,7,0.47307872772216797,1.945910149055313,1.945910149055313,0.0,0.0,0.9999999999999999,0.9999999999999999,0.0,7,7.0,0,0.0,1.3797025729980276e-308,1.3797025729980276e-308,0.0,7.0,7.0,0.0,3.311551094055176,3.311551094055176,0.0,"[7, 0, 0]",7,0
quincas_borba,complexo,pt,sbert,150,67,10929,13,0.47307872772216797,2.387967553430154,2.5649112239484944,0.17694367051834048,-112.70604782507954,0.9958598194504837,0.9999851328397844,0.004125313389300667,11,13.0,0,0.0,0.23653936386108398,0.0843785144436903,0.1521608494173937,6.0,12.0,-6.0,4.706827448588032,6.133405576831896,-1.4265781282438637,"[6, 0, 0]",11,0
quincas_borba,complexo,pt,sbert,150,68,11104,16,0.47307872772216797,2.7236045472125725,2.7719761766642175,0.04837162945164497,-5.171220081188225,0.9823326934015523,0.999779070883954,0.017446377482401743,16,16.0,0,0.0,0.20671920109205527,0.08422790500723468,0.1224912960848206,11.0,15.0,-4.0,6.766651488382725,7.492239382849898,-0.7255878944671732,"[11, 0, 0]",16,0
quincas_borba,complexo,pt,sbert,150,69,11289,11,0.47307872772216797,2.3967935416688806,2.397805532528758,0.0010119908598773542,-0.05447240819778345,0.9995405424323622,0.9999846141517821,0.00044407171941984735,11,11.0,0,0.0,0.07441258497304898,0.06392509366460675,0.010487491308442232,10.0,10.0,0.0,5.129453419970798,5.177868910006097,-0.04841549003529888,"[10, 0, 0]",11,0
quincas_borba,complexo,pt,sbert,150,70,11451,7,0.47307872772216797,1.945910149055313,1.945910149055313,0.0,0.0,0.9999999999999999,0.9999999999999999,0.0,7,7.0,0,0.0,1.3797025729980276e-308,1.3797025729980276e-308,0.0,7.0,7.0,0.0,3.311551094055176,3.311551094055176,0.0,"[7, 0, 0]",7,0
quincas_borba,complexo,pt,sbert,150,71,11610,7,0.47307872772216797,1.945910149055313,1.945910149055313,0.0,0.0,0.9999999999999999,0.9999999999999999,0.0,7,7.0,0,0.0,1.3797025729980276e-308,1.3797025729980276e-308,0.0,7.0,7.0,0.0,3.311551094055176,3.311551094055176,0.0,"[7, 0, 0]",7,0
quincas_borba,complexo,pt,sbert,150,72,11761,8,0.47307872772216797,2.077815109959853,2.0794415416798357,0.0016264317199827794,-1.0466726119201992,0.9992178516744121,1.0,0.0007821483255878725,8,8.0,0,0.0,0.07813618156983315,1.832744176034202e-308,0.07813618156983315,7.0,8.0,-1.0,3.7064936402075106,3.7846298217773438,-0.07813618156983315,"[7, 0, 0]",8,0
quincas_borba,complexo,pt,sbert,150,73,11929,9,0.47307872772216797,2.196361755841633,2.1972245773362196,0.0008628214945867185,-0.05224183043900064,0.9996073130150251,1.0,0.0003926869849748549,9,9.0,0,0.0,0.06056842509288485,1.924301780028407e-308,0.06056842509288485,8.0,9.0,-1.0,4.197140124406626,4.257708549499512,-0.06056842509288529,"[8, 0, 0]",9,0
quincas_borba,complexo,pt,sbert,150,74,12079,11,0.47307872772216797,2.397459109586187,2.397805532528758,0.00034642294257114514,-0.018646899576839734,0.9998181058125717,0.9999846141517821,0.00016650833921039165,11,11.0,0,0.0,0.047476753001507166,0.06392509366460675,0.0,10.0,10.0,0.0,5.156389251942341,5.177868910006097,-0.021479658063756624,"[10, 0, 0]",11,0
quincas_borba,complexo,pt,sbert,150,75,12232,9,0.47307872772216797,2.192421634567705,2.1972245773362196,0.004802942768514562,-0.2908069899685881,0.9978140865444272,1.0,0.002185913455572841,9,9.0,0,0.0,0.12138709985723573,1.924301780028407e-308,0.12138709985723573,6.0,9.0,-3.0,4.003592256344467,4.257708549499512,-0.2541162931550449,"[6, 0, 0]",9,0
quincas_borba,complexo,pt,sbert,150,76,12397,10,0.47307872772216797,2.3025850929940455,2.3025850929940455,0.0,0.0,0.9999999999999998,0.9999999999999998,0.0,10,10.0,0,0.0,1.9498466258303885e-308,0.03663890436200887,0.0,10.0,10.0,0.0,4.73078727722168,4.73078727722168,0.0,"[10, 0, 0]",10,0
quincas_borba,complexo,pt,sbert,150,77,12548,9,0.47307872772216797,2.1938690601066515,2.1972245773362196,0.0033555172295680613,-0.20316874723456643,0.9984728382960125,1.0,0.0015271617039874785,9,9.0,0,0.0,0.11576840147971224,1.924301780028407e-308,0.11576840147971224,8.0,9.0,-1.0,4.141940148019799,4.257708549499512,-0.11576840147971268,"[8, 0, 0]",9,0
quincas_borba,complexo,pt,sbert,150,78,12703,15,0.47307872772216797,2.7049463846263695,2.707631855708187,0.002685471081817603,-0.27324637385268746,0.9988538556358456,0.999845517858623,0.0009916622227773564,15,15.0,0,0.0,0.1002680858883099,0.08432839749643417,0.015939688391875734,14.0,13.0,1.0,6.956623144453315,7.026568792244689,-0.06994564779137402,"[14, 0, 0]",15,0
quincas_borba,complexo,pt,sbert,150,79,12855,11,0.47307872772216797,2.3955905202436636,2.397805532528758,0.0022150122850943532,-0.11922741414026945,0.9990388435304693,0.9999846141517821,0.0009457706213127359,11,11.0,0,0.0,0.10116370257872756,0.06392509366460675,0.03723860891412081,10.0,10.0,0.0,5.098040973700689,5.177868910006097,-0.07982793630540819,"[10, 0, 0]",11,0
quincas_borba,complexo,pt,sbert,150,80,13008,9,0.47307872772216797,2.175139949492483,2.1972245773362196,0.02208462784373655,-1.3371727412441734,0.9899488527155879,1.0,0.010051147284412143,9,9.0,0,0.0,0.23653936386108398,1.924301780028407e-308,0.23653936386108398,6.0,9.0,-3.0,3.8360517463765547,4.257708549499512,-0.42165680312295706,"[6, 0, 0]",9,0
quincas_borba,complexo,pt,sbert,150,81,13176,11,0.47307872772216797,2.3978952727983707,2.397805532528758,8.974026961272585e-05,0.004830447380439759,1.0,0.9999846141517821,1.5385848217919218e-05,11,11.0,0,0.0,0.020559018179214433,0.06392509366460675,0.0,11.0,10.0,1.0,5.203866004943848,5.177868910006097,0.025997094937750376,"[11, 0, 0]",11,0
quincas_borba,complexo,pt,sbert,150,82,13332,8,0.47307872772216797,2.079233210879784,2.0794415416798357,0.00020833080005155935,-0.1340690420349765,0.9998998140626337,1.0,0.00010018593736627057,8,8.0,0,0.0,0.02875160299279428,1.832744176034202e-308,0.02875160299279428,7.0,8.0,-1.0,3.7558782187845496,3.7846298217773438,-0.028751602992794112,"[7, 0, 0]",8,0
quincas_borba,complexo,pt,sbert,150,83,13483,15,0.47307872772216797,2.696463677584216,2.707631855708187,0.011168178123971195,-1.1363608402182406,0.9957214517244628,0.999845517858623,0.004124066134160165,15,15.0,0,0.0,0.1682992031379541,0.08432839749643417,0.08397080564151993,12.0,13.0,-1.0,6.694351706878559,7.026568792244689,-0.33221708536612926,"[12, 0, 0]",15,0
quincas_borba,complexo,pt,sbert,150,84,13647,9,0.47307872772216797,2.1875160154654987,2.1972245773362196,0.009708561870720889,-0.5878307926249416,0.9955814430755681,1.0,0.004418556924431938,9,9.0,0,0.0,0.16327915557820366,1.924301780028407e-308,0.16327915557820366,7.0,9.0,-2.0,3.977051695217189,4.257708549499512,-0.2806568542823227,"[7, 0, 0]",9,0
quincas_borba,complexo,pt,sbert,150,85,13800,13,0.47307872772216797,2.5241007399161672,2.5649112239484944,0.04081048403232712,-25.99464762790343,0.9840742986107935,0.9999851328397844,0.015910834228990867,13,13.0,0,0.0,0.23653936386108398,0.0843785144436903,0.1521608494173937,7.0,12.0,-5.0,5.206322242260689,6.133405576831896,-0.9270833345712068,"[7, 0, 0]",13,0
quincas_borba,complexo,pt,sbert,150,86,13953,8,0.47307872772216797,2.0717715228867766,2.0794415416798357,0.0076700187930591746,-4.935957965510695,0.9963115006412427,1.0,0.003688499358757258,8,8.0,0,0.0,0.1317863132123197,1.832744176034202e-308,0.1317863132123197,6.0,8.0,-2.0,3.539023266906419,3.7846298217773438,-0.24560655487092475,"[6, 0, 0]",8,0
quincas_borba,complexo,pt,sbert,150,87,14118,11,0.47307872772216797,2.3620159126410347,2.397805532528758,0.03578961988772322,-1.926447027400859,0.9850371446308144,0.9999846141517821,0.014947469520967704,11,11.0,0,0.0,0.22625985477147675,0.06392509366460675,0.16233476110687,6.0,10.0,-4.0,4.538313653979092,5.177868910006097,-0.6395552560270055,"[6, 0, 0]",11,0
quincas_borba,complexo,pt,sbert,150,88,14278,10,0.47307872772216797,2.3015497061323944,2.3025850929940455,0.0010353868616510553,-0.6427666092286362,0.9995503371993496,0.9999999999999998,0.0004496628006501746,10,10.0,0,0.0,0.05791984831637387,0.03663890436200887,0.021280943954365,8.0,10.0,-2.0,4.6277666841228875,4.73078727722168,-0.10302059309879219,"[8, 0, 0]",10,0
quincas_borba,complexo,pt,sbert,150,89,14433,9,0.47307872772216797,2.1972245773362196,2.1972245773362196,0.0,0.0,1.0,1.0,0.0,9,9.0,0,0.0,1.924301780028407e-308,1.924301780028407e-308,0.0,9.0,9.0,0.0,4.257708549499512,4.257708549499512,0.0,"[9, 0, 0]",9,0
quincas_borba,complexo,pt,sbert,150,90,14586,9,0.47307872772216797,2.1972245773362196,2.1972245773362196,0.0,0.0,1.0,1.0,0.0,9,9.0,0,0.0,1.924301780028407e-308,1.924301780028407e-308,0.0,9.0,9.0,0.0,4.257708549499512,4.257708549499512,0.0,"[9, 0, 0]",9,0
quincas_borba,complexo,pt,sbert,150,91,14745,12,0.47307872772216797,2.4817535126182935,2.4848563296209933,0.003102817002699876,-0.9385949320638763,0.9987310842562331,0.9999797496750991,0.001248665418865924,12,12.0,0,0.0,0.10434124876826892,0.05107120957433653,0.05327003919393239,10.0,11.0,-1.0,5.502466572962135,5.65980412504697,-0.15733755208483569,"[10, 0, 0]",12,0
quincas_borba,complexo,pt,sbert,150,92,14917,8,0.47307872772216797,2.0583141337031154,2.0794415416798357,0.021127407976720303,-13.59631579881609,0.9898398644283826,1.0,0.010160135571617435,8,8.0,0,0.0,0.2128105771734194,1.832744176034202e-308,0.2128105771734194,4.0,8.0,-4.0,3.3596152674019386,3.7846298217773438,-0.42501455437540514,"[4, 0, 0]",8,0
quincas_borba,complexo,pt,sbert,150,93,15073,8,0.47307872772216797,2.0794415416798357,2.0794415416798357,0.0,0.0,1.0,1.0,0.0,8,8.0,0,0.0,1.832744176034202e-308,1.832744176034202e-308,0.0,8.0,8.0,0.0,3.7846298217773438,3.7846298217773438,0.0,"[8, 0, 0]",8,0
quincas_borba,complexo,pt,sbert,150,94,15243,9,0.47307872772216797,2.197223288072293,2.1972245773362196,1.2892639267292338e-06,-7.80619257562311e-05,0.9999994132307002,1.0,5.867692998151597e-07,9,9.0,0,0.0,0.0024142519013122254,1.924301780028407e-308,0.0024142519013122254,8.0,9.0,-1.0,4.2552942975981995,4.257708549499512,-0.00241425190131217,"[8, 0, 0]",9,0
quincas_borba,complexo,pt,sbert,150,95,15393,9,0.47307872772216797,2.1972245773362196,2.1972245773362196,0.0,0.0,1.0,1.0,0.0,9,9.0,0,0.0,1.924301780028407e-308,1.924301780028407e-308,0.0,9.0,9.0,0.0,4.257708549499512,4.257708549499512,0.0,"[9, 0, 0]",9,0
quincas_borba,complexo,pt,sbert,150,96,15551,6,0.47307872772216797,1.791759227986946,1.7917594692280547,2.4124110864498505e-07,-9.455390542050108e-05,0.9999998653607736,0.9999999999999999,1.3463922632350744e-07,6,6.0,0,0.0,0.000881283196569882,0.03364721238264334,0.0,5.0,6.0,-1.0,2.837591083136438,2.838472366333008,-0.000881283196569882,"[5, 0, 0]",6,0
quincas_borba,complexo,pt,sbert,150,97,15725,8,0.47307872772216797,2.074836113821725,2.0794415416798357,0.004605427858110911,-2.9637734840230694,0.9977852573559771,1.0,0.0022147426440228823,8,8.0,0,0.0,0.12858763062052914,1.832744176034202e-308,0.12858763062052914,5.0,8.0,-3.0,3.6427132760110887,3.7846298217773438,-0.141916545766255,"[5, 0, 0]",8,0
quincas_borba,complexo,pt,sbert,150,98,15884,13,0.47307872772216797,2.561757522209173,2.5649112239484944,0.0031537017393215017,-2.008781992691644,0.9987555952155239,0.9999851328397844,0.0012295376242604794,13,13.0,0,0.0,0.11549567234363164,0.0843785144436903,0.03111715789994135,10.0,12.0,-2.0,5.959314969267791,6.133405576831896,-0.17409060756410444,"[10, 0, 0]",13,0
quincas_borba,complexo,pt,sbert,150,99,16037,7,0.47307872772216797,1.9432387825764423,1.945910149055313,0.0026713664788706737,-1.5084473061330133,0.9986271891946461,0.9999999999999999,0.0013728108053537857,7,7.0,0,0.0,0.09356337900420875,1.3797025729980276e-308,0.09356337900420875,6.0,7.0,-1.0,3.217987715050967,3.311551094055176,-0.09356337900420897,"[6, 0, 0]",7,0
quincas_borba,complexo,pt,sbert,150,100,16209,10,0.47307872772216797,2.3007800849076965,2.3025850929940455,0.0018050080863489804,-1.1205463100456186,0.9992160949483077,0.9999999999999998,0.0007839050516921242,10,10.0,0,0.0,0.09071833880632602,0.03663890436200887,0.05407943444431715,8.0,10.0,-2.0,4.626749155318174,4.73078727722168,-0.10403812190350603,"[8, 0, 0]",10,0
quincas_borba,complexo,pt,sbert,150,101,16362,10,0.47307872772216797,2.301864937735941,2.3025850929940455,0.0007201552581044268,-0.4470713030217674,0.9996872405452915,0.9999999999999998,0.00031275945470832234,10,10.0,0,0.0,0.058098779777843834,0.03663890436200887,0.021459875415834967,9.0,10.0,-1.0,4.672688497443836,4.73078727722168,-0.05809877977784339,"[9, 0, 0]",10,0
quincas_borba,complexo,pt,sbert,150,102,16515,11,0.47307872772216797,2.38728784868331,2.397805532528758,0.010517683845447934,-0.566135120819082,0.995576360554445,0.9999846141517821,0.004408253597337097,11,11.0,0,0.0,0.19236928788446697,0.06392509366460675,0.12844419421986022,10.0,10.0,0.0,4.990937698880167,5.177868910006097,-0.18693121112593047,"[10, 0, 0]",11,0
quincas_borba,complexo,pt,sbert,150,103,16679,13,0.47307872772216797,2.5639974854042884,2.5649112239484944,0.0009137385442059553,-0.5820149415981541,0.9996288924557207,0.9999851328397844,0.0003562403840636774,13,13.0,0,0.0,0.05878735569459384,0.0843785144436903,0.0,7.0,12.0,-5.0,5.980282533675089,6.133405576831896,-0.15312304315680692,"[7, 0, 0]",13,0
quincas_borba,complexo,pt,sbert,150,104,16844,10,0.47307872772216797,2.291055528117697,2.3025850929940455,0.011529564876348264,-7.157536565254908,0.9949927735954562,0.9999999999999998,0.005007226404543541,10,10.0,0,0.0,0.19663108263087464,0.03663890436200887,0.15999217826886578,4.0,10.0,-6.0,4.192724101680579,4.73078727722168,-0.538063175541101,"[4, 0, 0]",10,0
quincas_borba,complexo,pt,sbert,150,105,17017,11,0.47307872772216797,2.3925070467812404,2.397805532528758,0.005298485747517567,-0.28520146763370324,0.9977529352185418,0.9999846141517821,0.0022316789332402776,11,11.0,0,0.0,0.13533137918742125,0.06392509366460675,0.0714062855228145,7.0,10.0,-3.0,4.939098123696439,5.177868910006097,-0.23877078630965798,"[7, 0, 0]",11,0
quincas_borba,complexo,pt,sbert,150,106,17182,7,0.47307872772216797,1.9397635578353298,1.945910149055313,0.006146591219983177,-3.4708113023878826,0.996841276960826,0.9999999999999999,0.0031587230391738608,7,7.0,0,0.0,0.14085771725299828,1.3797025729980276e-308,0.14085771725299828,3.0,7.0,-4.0,3.0820694688296064,3.311551094055176,-0.22948162522556936,"[3, 0, 0]",7,0
quincas_borba,complexo,pt,sbert,150,107,17342,8,0.47307872772216797,2.0784718204803037,2.0794415416798357,0.000969721199532092,-0.6240536311966357,0.99953366267813,1.0,0.00046633732186995847,8,8.0,0,0.0,0.06093101606442314,1.832744176034202e-308,0.06093101606442314,7.0,8.0,-1.0,3.7236988057129206,3.7846298217773438,-0.060931016064423194,"[7, 0, 0]",8,0
quincas_borba,complexo,pt,sbert,150,108,17494,10,0.47307872772216797,2.2879164859403454,2.3025850929940455,0.0146686070537001,-9.106249236134932,0.9936295048993707,0.9999999999999998,0.006370495100629037,10,10.0,0,0.0,0.19022271242439798,0.03663890436200887,0.1535838080623891,5.0,10.0,-5.0,4.17893454522862,4.73078727722168,-0.5518527319930593,"[5, 0, 0]",10,0
quincas_borba,complexo,pt,sbert,150,109,17699,10,0.47307872772216797,2.3000817936593765,2.3025850929940455,0.0025032993346689736,-1.554044468618873,0.998912830912401,0.9999999999999998,0.0010871690875987605,10,10.0,0,0.0,0.09866697849086792,0.03663890436200887,0.06202807412885905,4.0,10.0,-6.0,4.512384143515206,4.73078727722168,-0.2184031337064738,"[4, 0, 0]",10,0
quincas_borba,complexo,pt,sbert,150,110,17870,11,0.47307872772216797,2.3884619873597925,2.397805532528758,0.009343545168965406,-0.5029347859129815,0.9960660144145622,0.9999846141517821,0.003918599737219863,11,11.0,0,0.0,0.152698166520972,0.06392509366460675,0.08877307285636526,8.0,10.0,-2.0,4.831266553176086,5.177868910006097,-0.3466023568300116,"[8, 0, 0]",11,0
quincas_borba,complexo,pt,sbert,150,111,18026,9,0.47307872772216797,2.186078761124602,2.1972245773362196,0.011145816211617365,-0.6748531930239906,0.9949273204357063,1.0,0.005072679564293692,9,9.0,0,0.0,0.19378830076212522,1.924301780028407e-308,0.19378830076212522,6.0,9.0,-3.0,3.927809408724992,4.257708549499512,-0.32989914077451976,"[6, 0, 0]",9,0
quincas_borba,complexo,pt,sbert,150,112,18178,12,0.47307872772216797,2.4448130113665467,2.4848563296209933,0.040043318254446625,-12.113010707347835,0.9838651329518256,0.9999797496750991,0.01611461672327341,12,12.0,0,0.0,0.22809895504200553,0.05107120957433653,0.177027745467669,9.0,11.0,-2.0,5.0977408976767284,5.65980412504697,-0.562063227370242,"[9, 0, 0]",12,0
quincas_borba,complexo,pt,sbert,150,113,18329,13,0.47307872772216797,2.5615358762443865,2.5649112239484944,0.003375347704107856,-2.149961615756248,0.9986691818272277,0.9999851328397844,0.0013159510125566598,13,13.0,0,0.0,0.09668009011506254,0.0843785144436903,0.012301575671372245,6.0,12.0,-6.0,5.858682219217249,6.133405576831896,-0.27472335761464706,"[6, 0, 0]",13,0
quincas_borba,complexo,pt,sbert,150,114,18501,10,0.47307872772216797,2.298073154061177,2.3025850929940455,0.004511938932868276,-2.801004915497767,0.9980404898187707,0.9999999999999998,0.001959510181229085,10,10.0,0,0.0,0.13948142428677163,0.03663890436200887,0.10284251992476276,8.0,10.0,-2.0,4.5819246160695295,4.73078727722168,-0.1488626611521502,"[8, 0, 0]",10,0
quincas_borba,complexo,pt,sbert,150,115,18653,6,0.47307872772216797,1.788349492832464,1.7917594692280547,0.003409976395590819,-1.3365325147353908,0.9980968559373318,0.9999999999999999,0.0019031440626681162,6,6.0,0,0.0,0.09860662446784824,0.03364721238264334,0.06495941208520489,5.0,6.0,-1.0,2.7398657418651595,2.838472366333008,-0.09860662446784829,"[5, 0, 0]",6,0
quincas_borba,complexo,pt,sbert,150,116,18806,6,0.47307872772216797,1.7917193577927912,1.7917594692280547,4.011143526350125e-05,-0.015721586082441064,0.9999776133817331,0.9999999999999999,2.2386618266811986e-05,6,6.0,0,0.0,0.011294097404705994,0.03364721238264334,0.0,5.0,6.0,-1.0,2.827178268928302,2.838472366333008,-0.011294097404705994,"[5, 0, 0]",6,0
quincas_borba,complexo,pt,sbert,150,117,18959,9,0.47307872772216797,2.1972245773362196,2.1972245773362196,0.0,0.0,1.0,1.0,0.0,9,9.0,0,0.0,1.924301780028407e-308,1.924301780028407e-308,0.0,9.0,9.0,0.0,4.257708549499512,4.257708549499512,0.0,"[9, 0, 0]",9,0
quincas_borba,complexo,pt,sbert,150,118,19118,7,0.47307872772216797,1.939664246421971,1.945910149055313,0.006245902633341904,-3.526889730837941,0.9967902409901226,0.9999999999999999,0.0032097590098773,7,7.0,0,0.0,0.11040087218665429,1.3797025729980276e-308,0.11040087218665429,5.0,7.0,-2.0,3.096916333610021,3.311551094055176,-0.21463476044515462,"[5, 0, 0]",7,0
quincas_borba,complexo,pt,sbert,150,119,19272,7,0.47307872772216797,1.942189164701062,1.945910149055313,0.0037209843542509446,-2.101137702269064,0.9980877923083665,0.9999999999999999,0.0019122076916333608,7,7.0,0,0.0,0.09570234932822758,1.3797025729980276e-308,0.09570234932822758,2.0,7.0,-5.0,2.9800195788502983,3.311551094055176,-0.33153151520487745,"[2, 0, 0]",7,0
quincas_borba,complexo,pt,sbert,150,120,19453,16,0.47307872772216797,2.770873248022805,2.7719761766642175,0.0011029286414125927,-0.11790975005900878,0.9993812734635988,0.999779070883954,0.0003977974203551726,16,16.0,0,0.0,0.08515091583875065,0.08422790500723468,0.0009230108315159691,14.0,15.0,-1.0,7.426379429345288,7.492239382849898,-0.06585995350461005,"[14, 0, 0]",16,0
quincas_borba,complexo,pt,sbert,150,121,19639,10,0.47307872772216797,2.3018345301025023,2.3025850929940455,0.0007505628915431828,-0.46594831620786237,0.9996740346778813,0.9999999999999998,0.00032596532211848217,10,10.0,0,0.0,0.059275775805712916,0.03663890436200887,0.02263687144370405,9.0,10.0,-1.0,4.671511501415967,4.73078727722168,-0.05927577580571253,"[9, 0, 0]",10,0
quincas_borba,complexo,pt,sbert,150,122,19789,8,0.47307872772216797,2.0794415416798357,2.0794415416798357,0.0,0.0,1.0,1.0,0.0,8,8.0,0,0.0,1.832744176034202e-308,1.832744176034202e-308,0.0,8.0,8.0,0.0,3.7846298217773438,3.7846298217773438,0.0,"[8, 0, 0]",8,0
quincas_borba,complexo,pt,sbert,150,123,19940,12,0.47307872772216797,2.4798715980750146,2.4848563296209933,0.004984731545978782,-1.5078697076506786,0.997973746131101,0.9999797496750991,0.0020060035439980473,12,12.0,0,0.0,0.13266881072312933,0.05107120957433653,0.0815976011487928,10.0,11.0,-1.0,5.458563421194649,5.65980412504697,-0.20124070385232162,"[10, 0, 0]",12,0
quincas_borba,complexo,pt,sbert,150,124,20105,9,0.47307872772216797,2.1972245773362196,2.1972245773362196,0.0,0.0,1.0,1.0,0.0,9,9.0,0,0.0,1.924301780028407e-308,1.924301780028407e-308,0.0,9.0,9.0,0.0,4.257708549499512,4.257708549499512,0.0,"[9, 0, 0]",9,0
quincas_borba,complexo,pt,sbert,150,125,20268,7,0.47307872772216797,1.943610510117863,1.945910149055313,0.0022996389374501103,-1.2985429695672763,0.9988182193619953,0.9999999999999999,0.0011817806380045592,7,7.0,0,0.0,0.0871528954162088,1.3797025729980276e-308,0.0871528954162088,6.0,7.0,-1.0,3.224398198638967,3.311551094055176,-0.08715289541620885,"[6, 0, 0]",7,0
quincas_borba,complexo,pt,sbert,150,126,20437,8,0.47307872772216797,2.064023629950826,2.0794415416798357,0.015417911729009859,-9.922030996744631,0.9925855517358979,1.0,0.0074144482641020915,8,8.0,0,0.0,0.22056711591263495,1.832744176034202e-308,0.22056711591263495,6.0,8.0,-2.0,3.540260829677088,3.7846298217773438,-0.24436899210025587,"[6, 0, 0]",8,0
quincas_borba,complexo,pt,sbert,150,127,20592,12,0.47307872772216797,2.4848390207419113,2.4848563296209933,1.7308879082023054e-05,-0.005235895694769305,0.9999727840697377,0.9999797496750991,6.965605361397564e-06,12,12.0,0,0.0,0.01972107308443377,0.05107120957433653,0.0,11.0,11.0,0.0,5.657223659581582,5.65980412504697,-0.0025804654653880377,"[11, 0, 0]",12,0
quincas_borba,complexo,pt,sbert,150,128,20754,10,0.47307872772216797,2.3025850929940455,2.3025850929940455,0.0,0.0,0.9999999999999998,0.9999999999999998,0.0,10,10.0,0,0.0,1.9498466258303885e-308,0.03663890436200887,0.0,10.0,10.0,0.0,4.73078727722168,4.73078727722168,0.0,"[10, 0, 0]",10,0
quincas_borba,complexo,pt,sbert,150,129,20905,11,0.47307872772216797,2.389716162058965,2.397805532528758,0.008089370469793078,-0.4354263538971756,0.9965890458886218,0.9999846141517821,0.0033955682631602313,11,11.0,0,0.0,0.16825976562861808,0.06392509366460675,0.10433467196401133,9.0,10.0,-1.0,4.974430687073368,5.177868910006097,-0.2034382229327294,"[9, 0, 0]",11,0
quincas_borba,complexo,pt,sbert,150,130,21058,10,0.47307872772216797,2.292407482271985,2.3025850929940455,0.010177610722060582,-6.318245456037677,0.9955799198244495,0.9999999999999998,0.004420080175550289,10,10.0,0,0.0,0.16172943836693027,0.03663890436200887,0.1250905340049214,7.0,10.0,-3.0,4.380117004725797,4.73078727722168,-0.3506702724958828,"[7, 0, 0]",10,0
quincas_borba,complexo,pt,sbert,150,131,21208,10,0.47307872772216797,2.300080249083047,2.3025850929940455,0.0025048439109984777,-1.5550033392852702,0.9989121601114243,0.9999999999999998,0.0010878398885755258,10,10.0,0,0.0,0.1050754644615069,0.03663890436200887,0.06843656009949803,7.0,10.0,-3.0,4.594111036617205,4.73078727722168,-0.13667624060447459,"[7, 0, 0]",10,0
quincas_borba,complexo,pt,sbert,150,132,21364,11,0.47307872772216797,2.3978952727983707,2.397805532528758,8.974026961272585e-05,0.004830447380439759,1.0,0.9999846141517821,1.5385848217919218e-05,11,11.0,0,0.0,0.020559018179214433,0.06392509366460675,0.0,11.0,10.0,1.0,5.203866004943848,5.177868910006097,0.025997094937750376,"[11, 0, 0]",11,0
quincas_borba,complexo,pt,sbert,150,133,21516,10,0.47307872772216797,2.302375907894981,2.3025850929940455,0.00020918509906442395,-0.1298617954378783,0.9999091520657798,0.9999999999999998,9.084793421998416e-05,10,10.0,0,0.0,0.03174450660723155,0.03663890436200887,0.0,9.0,10.0,-1.0,4.699042770614448,4.73078727722168,-0.03174450660723149,"[9, 0, 0]",10,0
quincas_borba,complexo,pt,sbert,150,134,21676,10,0.47307872772216797,2.2976020295676487,2.3025850929940455,0.004983063426396761,-3.0934782937546377,0.9978358830509417,0.9999999999999998,0.002164116949058048,10,10.0,0,0.0,0.14599576483482207,0.03663890436200887,0.1093568604728132,8.0,10.0,-2.0,4.566884189949286,4.73078727722168,-0.1639030872723941,"[8, 0, 0]",10,0
quincas_borba,complexo,pt,sbert,150,135,21832,6,0.47307872772216797,1.7916942526493689,1.7917594692280547,6.521657868585606e-05,-0.025561490110650304,0.999963601934408,0.9999999999999999,3.639806559185832e-05,6,6.0,0,0.0,0.014374743768421683,0.03364721238264334,0.0,5.0,6.0,-1.0,2.824097622564586,2.838472366333008,-0.014374743768421627,"[5, 0, 0]",6,0
quincas_borba,complexo,pt,sbert,150,136,22002,6,0.47307872772216797,1.7749281981537917,1.7917594692280547,0.016831271074263077,-6.5969785257649125,0.990606288755089,0.9999999999999999,0.00939371124491084,6,6.0,0,0.0,0.20337525153510388,0.03364721238264334,0.16972803915246054,5.0,6.0,-1.0,2.6350971147979037,2.838472366333008,-0.20337525153510416,"[5, 0, 0]",6,0
quincas_borba,complexo,pt,sbert,150,137,22159,5,0.47307872772216797,1.6094379124341005,1.6094379124341005,0.0,0.0,1.0000000000000002,1.0000000000000002,0.0,5,5.0,0,0.0,1.874448137662374e-308,1.874448137662374e-308,0.0,5.0,5.0,0.0,2.36539363861084,2.36539363861084,0.0,"[5, 0, 0]",5,0
quincas_borba,complexo,pt,sbert,150,138,22312,9,0.47307872772216797,2.1972245773362196,2.1972245773362196,0.0,0.0,1.0,1.0,0.0,9,9.0,0,0.0,1.924301780028407e-308,1.924301780028407e-308,0.0,9.0,9.0,0.0,4.257708549499512,4.257708549499512,0.0,"[9, 0, 0]",9,0
quincas_borba,complexo,pt,sbert,150,139,22467,11,0.47307872772216797,2.3952316342192197,2.397805532528758,0.0025738983095382473,-0.13854516373175957,0.9988891764334468,0.9999846141517821,0.0010954377183353126,11,11.0,0,0.0,0.10806920031785072,0.06392509366460675,0.044144106653243975,10.0,10.0,0.0,5.090568195861963,5.177868910006097,-0.08730071414413398,"[10, 0, 0]",11,0
quincas_borba,complexo,pt,sbert,150,140,22628,7,0.47307872772216797,1.945910149055313,1.945910149055313,0.0,0.0,0.9999999999999999,0.9999999999999999,0.0,7,7.0,0,0.0,1.3797025729980276e-308,1.3797025729980276e-308,0.0,7.0,7.0,0.0,3.311551094055176,3.311551094055176,0.0,"[7, 0, 0]",7,0
quincas_borba,complexo,pt,sbert,150,141,22781,11,0.47307872772216797,2.3961171894270015,2.397805532528758,0.0016883431017564732,-0.09087840440370806,0.9992584816394862,0.9999846141517821,0.0007261325122959184,11,11.0,0,0.0,0.08493654282091592,0.06392509366460675,0.021011449156309175,9.0,10.0,-1.0,5.085947248774104,5.177868910006097,-0.09192166123199286,"[9, 0, 0]",11,0
quincas_borba,complexo,pt,sbert,150,142,22932,13,0.47307872772216797,2.563711010513326,2.5649112239484944,0.0012002134351685179,-0.7644880002101284,0.9995172041332478,0.9999851328397844,0.0004679287065365578,13,13.0,0,0.0,0.07902047916474925,0.0843785144436903,0.0,11.0,12.0,-1.0,6.0592218852298005,6.133405576831896,-0.07418369160209526,"[11, 0, 0]",13,0
quincas_borba,complexo,pt,sbert,150,143,23090,10,0.47307872772216797,2.30227504455659,2.3025850929940455,0.0003100484374556345,-0.19247760447935747,0.9998653476744901,0.9999999999999998,0.00013465232550968764,10,10.0,0,0.0,0.03851307387089675,0.03663890436200887,0.0018741695088878851,9.0,10.0,-1.0,4.692274203350783,4.73078727722168,-0.038513073870896974,"[9, 0, 0]",10,0
quincas_borba,complexo,pt,sbert,150,144,23253,17,0.47307872772216797,2.82890157961745,2.8328799623317966,0.003978382714346473,-1.0322009942222488,0.9984781363366753,0.9998503452063958,0.0013722088697205592,17,17.0,0,0.0,0.11120489424808078,0.06272406205655201,0.04848083219152877,12.0,15.0,-3.0,7.625519457774805,7.966901011159748,-0.34138155338494247,"[12, 0, 0]",17,0
quincas_borba,complexo,pt,sbert,150,145,23417,11,0.47307872772216797,2.3967389394695573,2.397805532528758,0.001066593059200649,-0.057411479495715644,0.9995177715466014,0.9999846141517821,0.0004668426051807062,11,11.0,0,0.0,0.07616395560733558,0.06392509366460675,0.01223886194272883,10.0,10.0,0.0,5.127702049336512,5.177868910006097,-0.05016686066958531,"[10, 0, 0]",11,0
quincas_borba,complexo,pt,sbert,150,146,23574,11,0.47307872772216797,2.389896735035286,2.397805532528758,0.007908797493471731,-0.42570665655044543,0.9966643506687638,0.9999846141517821,0.003320263483018282,11,11.0,0,0.0,0.14323729893783707,0.06392509366460675,0.07931220527323032,8.0,10.0,-2.0,4.919675733389097,5.177868910006097,-0.2581931766170005,"[8, 0, 0]",11,0
quincas_borba,complexo,pt,sbert,150,147,23739,7,0.47307872772216797,1.9459098610291794,1.945910149055313,2.8802613361023077e-07,-0.00016264044966377434,0.9999998519838472,0.9999999999999999,1.480161526679069e-07,7,7.0,0,0.0,0.0010255104249526914,1.3797025729980276e-308,0.0010255104249526914,6.0,7.0,-1.0,3.310525583630223,3.311551094055176,-0.0010255104249528024,"[6, 0, 0]",7,0
quincas_borba,complexo,pt,sbert,150,148,23897,11,0.47307872772216797,2.3978952727983707,2.397805532528758,8.974026961272585e-05,0.004830447380439759,1.0,0.9999846141517821,1.5385848217919218e-05,11,11.0,0,0.0,0.020559018179214433,0.06392509366460675,0.0,11.0,10.0,1.0,5.203866004943848,5.177868910006097,0.025997094937750376,"[11, 0, 0]",11,0
quincas_borba,complexo,pt,sbert,150,149,24051,11,0.47307872772216797,2.3970385521577375,2.397805532528758,0.0007669803710204093,-0.04128423438031296,0.9996427197424542,0.9999846141517821,0.00034189440932785864,11,11.0,0,0.0,0.06591127633330512,0.06392509366460675,0.0019861826686983775,10.0,10.0,0.0,5.137954728610542,5.177868910006097,-0.039914181395555026,"[10, 0, 0]",11,0
quincas_borba,complexo,pt,sbert,150,150,24205,8,0.47307872772216797,2.0783934471123127,2.0794415416798357,0.0010480945675230835,-0.6744899678545205,0.9994959730550173,1.0,0.0005040269449827495,8,8.0,0,0.0,0.06326167523437642,1.832744176034202e-308,0.06326167523437642,7.0,8.0,-1.0,3.721368146542967,3.7846298217773438,-0.06326167523437665,"[7, 0, 0]",8,0
quincas_borba,complexo,pt,sbert,150,151,24362,13,0.47307872772216797,2.4846134987897006,2.5649112239484944,0.08029772515879374,-51.14644239876356,0.9998820273597301,0.9999851328397844,0.00010310548005432185,12,13.0,0,0.0,0.229585381897475,0.0843785144436903,0.1452068674537847,11.0,12.0,-1.0,5.636301641556359,6.133405576831896,-0.4971039352755371,"[11, 0, 0]",12,0
quincas_borba,complexo,pt,sbert,150,152,24513,15,0.47307872772216797,2.7061761149126173,2.707631855708187,0.0014557407955697599,-0.1481214585969912,0.9993079573676921,0.999845517858623,0.0005375604909308995,15,15.0,0,0.0,0.07548356679488516,0.08432839749643417,0.0,13.0,13.0,0.0,6.95696372690262,7.026568792244689,-0.06960506534206878,"[13, 0, 0]",15,0
quincas_borba,complexo,pt,sbert,150,153,24669,13,0.47307872772216797,2.5636726246524737,2.5649112239484944,0.0012385992960206593,-0.7889382597550715,0.9995022385898774,0.9999851328397844,0.0004828942499069955,13,13.0,0,0.0,0.06388827486767282,0.0843785144436903,0.0,8.0,12.0,-4.0,5.945486638486315,6.133405576831896,-0.1879189383455806,"[8, 0, 0]",13,0
quincas_borba,complexo,pt,sbert,150,154,24846,10,0.47307872772216797,2.285651785347366,2.3025850929940455,0.016933307646679552,-10.512171964134618,0.9926459579286767,0.9999999999999998,0.007354042071323064,10,10.0,0,0.0,0.23653936386108398,0.03663890436200887,0.19990045949907512,7.0,10.0,-3.0,4.394951014212837,4.73078727722168,-0.33583626300884273,"[7, 0, 0]",10,0
quincas_borba,complexo,pt,sbert,150,155,25013,9,0.47307872772216797,2.1972245773362196,2.1972245773362196,0.0,0.0,1.0,1.0,0.0,9,9.0,0,0.0,1.924301780028407e-308,1.924301780028407e-308,0.0,9.0,9.0,0.0,4.257708549499512,4.257708549499512,0.0,"[9, 0, 0]",9,0
quincas_borba,complexo,pt,sbert,150,156,25203,12,0.47307872772216797,2.478929485400423,2.4848563296209933,0.0059268442205704375,-1.7928566021518504,0.997594612100182,0.9999797496750991,0.0023851375749170955,12,12.0,0,0.0,0.15388406358397982,0.05107120957433653,0.1028128540096433,9.0,11.0,-2.0,5.4641733490906805,5.65980412504697,-0.19563077595628986,"[9, 0, 0]",12,0
quincas_borba,complexo,pt,sbert,150,157,25353,14,0.47307872772216797,2.6383861963843778,2.639001668643156,0.0006154722587781158,-0.31339539994953886,0.9997456920608169,0.999978908767355,0.00023321670653808635,14,14.0,0,0.0,0.05602418180691193,0.05515090284380103,0.0008732789631109017,11.0,13.0,-2.0,6.517009973297196,6.5994549571616865,-0.08244498386449095,"[11, 0, 0]",14,0
quincas_borba,complexo,pt,sbert,150,158,25525,8,0.47307872772216797,2.07735670732017,2.0794415416798357,0.002084834359665777,-1.3416726923374682,0.998997406602745,1.0,0.0010025933972549472,8,8.0,0,0.0,0.07905641915276596,1.832744176034202e-308,0.07905641915276596,5.0,8.0,-3.0,3.6540632757283635,3.7846298217773438,-0.13056654604898021,"[5, 0, 0]",8,0
quincas_borba,complexo,pt,sbert,150,159,25677,9,0.47307872772216797,2.1902098416890374,2.1972245773362196,0.007014735647182135,-0.424725893540742,0.9968074562247586,1.0,0.0031925437752413632,9,9.0,0,0.0,0.1564210938763182,1.924301780028407e-308,0.1564210938763182,6.0,9.0,-3.0,3.984527377665939,4.257708549499512,-0.2731811718335728,"[6, 0, 0]",9,0
quincas_borba,complexo,pt,sbert,150,160,25832,10,0.47307872772216797,2.3007792416134403,2.3025850929940455,0.0018058513806051835,-1.1210698258537846,0.9992157287102656,0.9999999999999998,0.0007842712897341286,10,10.0,0,0.0,0.06723380380318461,0.03663890436200887,0.030594899441175744,7.0,10.0,-3.0,4.556218206510401,4.73078727722168,-0.17456907071127858,"[7, 0, 0]",10,0
quincas_borba,complexo,pt,sbert,150,161,25984,7,0.47307872772216797,1.945910149055313,1.945910149055313,0.0,0.0,0.9999999999999999,0.9999999999999999,0.0,7,7.0,0,0.0,1.3797025729980276e-308,1.3797025729980276e-308,0.0,7.0,7.0,0.0,3.311551094055176,3.311551094055176,0.0,"[7, 0, 0]",7,0
quincas_borba,complexo,pt,sbert,150,162,26135,13,0.47307872772216797,2.5628530217532166,2.5649112239484944,0.0020582021952777474,-1.3109925569822134,0.9991826989869325,0.9999851328397844,0.000802433852851947,13,13.0,0,0.0,0.09279503615147358,0.0843785144436903,0.008416521707783287,8.0,12.0,-4.0,5.950795129779374,6.133405576831896,-0.1826104470525216,"[8, 0, 0]",13,0
quincas_borba,complexo,pt,sbert,150,163,26292,13,0.47307872772216797,2.5648366678800194,2.5649112239484944,7.455606847495133e-05,-0.04748923651562204,0.999956065572527,0.9999851328397844,2.9067267257376628e-05,13,13.0,0,0.0,0.02632650989716523,0.0843785144436903,0.0,12.0,12.0,0.0,6.123696950491018,6.133405576831896,-0.009708626340877657,"[12, 0, 0]",13,0
quincas_borba,complexo,pt,sbert,150,164,26464,8,0.47307872772216797,2.0794415416798357,2.0794415416798357,0.0,0.0,1.0,1.0,0.0,8,8.0,0,0.0,1.832744176034202e-308,1.832744176034202e-308,0.0,8.0,8.0,0.0,3.7846298217773438,3.7846298217773438,0.0,"[8, 0, 0]",8,0
quincas_borba,complexo,pt,sbert,150,165,26616,10,0.47307872772216797,2.3025711233880655,2.3025850929940455,1.3969605979990973e-05,-0.008672310419025804,0.9999939330772083,0.9999999999999998,6.066922791481133e-06,10,10.0,0,0.0,0.008301046450210847,0.03663890436200887,0.0,9.0,10.0,-1.0,4.722486230771469,4.73078727722168,-0.008301046450211125,"[9, 0, 0]",10,0
quincas_borba,complexo,pt,sbert,150,166,26797,16,0.47307872772216797,2.767998737230693,2.7719761766642175,0.003977439433524577,-0.4252123590526005,0.9983445128474084,0.999779070883954,0.0014345580365455746,16,16.0,0,0.0,0.09919930334917709,0.08422790500723468,0.014971398341942416,13.0,15.0,-2.0,7.279207467857978,7.492239382849898,-0.21303191499192042,"[13, 0, 0]",16,0
quincas_borba,complexo,pt,sbert,150,167,26957,9,0.47307872772216797,2.1864344385922245,2.1972245773362196,0.010790138743995037,-0.6533177513699797,0.9950891962272348,1.0,0.004910803772765204,9,9.0,0,0.0,0.1979630152595297,1.924301780028407e-308,0.1979630152595297,7.0,9.0,-2.0,4.043122896582654,4.257708549499512,-0.21458565291685794,"[7, 0, 0]",9,0
quincas_borba,complexo,pt,sbert,150,168,27113,8,0.47307872772216797,2.0794415416798357,2.0794415416798357,0.0,0.0,1.0,1.0,0.0,8,8.0,0,0.0,1.832744176034202e-308,1.832744176034202e-308,0.0,8.0,8.0,0.0,3.7846298217773438,3.7846298217773438,0.0,"[8, 0, 0]",8,0
quincas_borba,complexo,pt,sbert,150,169,27267,7,0.47307872772216797,1.941804264701027,1.945910149055313,0.004105884354286049,-2.318480164554134,0.9978899928363704,0.9999999999999999,0.0021100071636295237,7,7.0,0,0.0,0.09015609618814396,1.3797025729980276e-308,0.09015609618814396,4.0,7.0,-3.0,3.0836364333611224,3.311551094055176,-0.22791466069405342,"[4, 0, 0]",7,0
quincas_borba,complexo,pt,sbert,150,170,27423,7,0.47307872772216797,1.9406540144624107,1.945910149055313,0.005256134592902306,-2.9679948932682048,0.9972988811454351,0.9999999999999999,0.00270111885456481,7,7.0,0,0.0,0.12838344744165991,1.3797025729980276e-308,0.12838344744165991,6.0,7.0,-1.0,3.1831676466135157,3.311551094055176,-0.12838344744166008,"[6, 0, 0]",7,0
quincas_borba,complexo,pt,sbert,150,171,27597,9,0.47307872772216797,2.192022423715704,2.1972245773362196,0.0052021536205155705,-0.31497827657942434,0.9976323978558339,1.0,0.002367602144166092,9,9.0,0,0.0,0.09629344729866562,1.924301780028407e-308,0.09629344729866562,5.0,9.0,-4.0,3.967113965146657,4.257708549499512,-0.29059458435285457,"[5, 0, 0]",9,0
quincas_borba,complexo,pt,sbert,150,172,27761,11,0.47307872772216797,2.3978952727983707,2.397805532528758,8.974026961272585e-05,0.004830447380439759,1.0,0.9999846141517821,1.5385848217919218e-05,11,11.0,0,0.0,0.020559018179214433,0.06392509366460675,0.0,11.0,10.0,1.0,5.203866004943848,5.177868910006097,0.025997094937750376,"[11, 0, 0]",11,0
quincas_borba,complexo,pt,sbert,150,173,27939,8,0.47307872772216797,2.078924407439053,2.0794415416798357,0.0005171342407828128,-0.3327961695921958,0.9997513109984496,1.0,0.0002486890015503951,8,8.0,0,0.0,0.0448978097422314,1.832744176034202e-308,0.0448978097422314,7.0,8.0,-1.0,3.7397320120351125,3.7846298217773438,-0.04489780974223123,"[7, 0, 0]",8,0
quincas_borba,complexo,pt,sbert,150,174,28097,9,0.47307872772216797,2.196624094384322,2.1972245773362196,0.0006004829518975185,-0.03635784313598581,0.9997267084311311,1.0,0.00027329156886890527,9,9.0,0,0.0,0.05079721900204076,1.924301780028407e-308,0.05079721900204076,8.0,9.0,-1.0,4.206911330497471,4.257708549499512,-0.050797219002040706,"[8, 0, 0]",9,0
quincas_borba,complexo,pt,sbert,150,175,28259,9,0.47307872772216797,2.1972245773362196,2.1972245773362196,0.0,0.0,1.0,1.0,0.0,9,9.0,0,0.0,1.924301780028407e-308,1.924301780028407e-308,0.0,9.0,9.0,0.0,4.257708549499512,4.257708549499512,0.0,"[9, 0, 0]",9,0
quincas_borba,complexo,pt,sbert,150,176,28415,8,0.47307872772216797,2.0782098978700847,2.0794415416798357,0.0012316438097510485,-0.7926111053227147,0.9994077045278436,1.0,0.0005922954721564455,8,8.0,0,0.0,0.06845026364490436,1.832744176034202e-308,0.06845026364490436,6.0,8.0,-2.0,3.715567797140663,3.7846298217773438,-0.06906202463668087,"[6, 0, 0]",8,0
quincas_borba,complexo,pt,sbert,150,177,28567,9,0.47307872772216797,2.183695679619746,2.1972245773362196,0.013528897716473587,-0.8191432236735512,0.9938427333027218,1.0,0.00615726669727823,9,9.0,0,0.0,0.20570720571502282,1.924301780028407e-308,0.20570720571502282,6.0,9.0,-3.0,3.9280492160898355,4.257708549499512,-0.32965933340967624,"[6, 0, 0]",9,0
quincas_borba,complexo,pt,sbert,150,178,28724,12,0.47307872772216797,2.47988577246004,2.4848563296209933,0.004970557160953515,-1.5035819891232045,0.9979794503232591,0.9999797496750991,0.0020002993518399848,12,12.0,0,0.0,0.13496361203038393,0.05107120957433653,0.0838924024560474,5.0,11.0,-6.0,5.315842277199587,5.65980412504697,-0.3439618478473836,"[5, 0, 0]",12,0
quincas_borba,complexo,pt,sbert,150,179,28904,8,0.47307872772216797,2.0680159328227865,2.0794415416798357,0.011425608857049241,-7.3528274923910795,0.9945054435875994,1.0,0.0054945564124005974,8,8.0,0,0.0,0.18179902230281136,1.832744176034202e-308,0.18179902230281136,5.0,8.0,-3.0,3.5051754072230588,3.7846298217773438,-0.279454414554285,"[5, 0, 0]",8,0
quincas_borba,complexo,pt,sbert,150,180,29059,8,0.47307872772216797,2.0782449111421615,2.0794415416798357,0.0011966305376742703,-0.7700786912740868,0.999424542352507,1.0,0.0005754576474930051,8,8.0,0,0.0,0.06103630632446139,1.832744176034202e-308,0.06103630632446139,6.0,8.0,-2.0,3.6850817264469393,3.7846298217773438,-0.09954809533040443,"[6, 0, 0]",8,0
quincas_borba,complexo,pt,sbert,150,181,29211,7,0.47307872772216797,1.9364582970763546,1.945910149055313,0.00945185197895837,-5.337201304425735,0.9951427089356889,0.9999999999999999,0.004857291064310987,7,7.0,0,0.0,0.1688114374601397,1.3797025729980276e-308,0.1688114374601397,5.0,7.0,-2.0,3.127709330760126,3.311551094055176,-0.18384176329504998,"[5, 0, 0]",7,0
quincas_borba,complexo,pt,sbert,150,182,29381,14,0.47307872772216797,2.639057329615258,2.639001668643156,5.566097210207843e-05,0.028342288973579394,0.9999999999999998,0.999978908767355,2.1091232644820934e-05,14,14.0,0,0.0,0.0184270440295963,0.05515090284380103,0.0,14.0,13.0,1.0,6.623102188110352,6.5994549571616865,0.023647230948665054,"[14, 0, 0]",14,0
quincas_borba,complexo,pt,sbert,150,183,29534,12,0.47307872772216797,2.470580883347336,2.4848563296209933,0.014275446273657177,-4.318289320235751,0.9942348874788168,0.9999797496750991,0.00574486219628223,12,12.0,0,0.0,0.2093992480591862,0.05107120957433653,0.15832803848484966,5.0,11.0,-6.0,5.098511364208848,5.65980412504697,-0.5612927608381222,"[5, 0, 0]",12,0
quincas_borba,complexo,pt,sbert,150,184,29687,10,0.47307872772216797,2.300637097387455,2.3025850929940455,0.0019479956065904247,-1.2093127479363273,0.9991539962572858,0.9999999999999998,0.00084600374271393,10,10.0,0,0.0,0.08365932643064072,0.03663890436200887,0.047020422068631856,8.0,10.0,-2.0,4.594350519690106,4.73078727722168,-0.13643675753157325,"[8, 0, 0]",10,0
quincas_borba,complexo,pt,sbert,150,185,29848,11,0.47307872772216797,2.394272393785661,2.397805532528758,0.0035331387430970196,-0.19017817597355471,0.998489142101489,0.9999846141517821,0.0014954720502931007,11,11.0,0,0.0,0.11819247332721658,0.06392509366460675,0.05426737966260983,9.0,10.0,-1.0,5.045236064069302,5.177868910006097,-0.13263284593679536,"[9, 0, 0]",11,0
quincas_borba,complexo,pt,sbert,150,186,30003,7,0.47307872772216797,1.9430393381259388,1.945910149055313,0.0028708109293742456,-1.6210681114268184,0.9985246950221375,0.9999999999999999,0.0014753049778624128,7,7.0,0,0.0,0.08676708525706112,1.3797025729980276e-308,0.08676708525706112,4.0,7.0,-3.0,3.1187286337051887,3.311551094055176,-0.19282246034998707,"[4, 0, 0]",7,0
quincas_borba,complexo,pt,sbert,150,187,30157,9,0.47307872772216797,2.19479167867955,2.1972245773362196,0.0024328986566697353,-0.14730634307840432,0.9988927401041457,1.0,0.0011072598958542512,9,9.0,0,0.0,0.09951198328058664,1.924301780028407e-308,0.09951198328058664,8.0,9.0,-1.0,4.158196566218925,4.257708549499512,-0.09951198328058641,"[8, 0, 0]",9,0
quincas_borba,complexo,pt,sbert,150,188,30340,7,0.47307872772216797,1.944843244622883,1.945910149055313,0.0010669044324300714,-0.6024516402859398,0.9994517195807071,0.9999999999999999,0.0005482804192927793,7,7.0,0,0.0,0.05984818468846581,1.3797025729980276e-308,0.05984818468846581,5.0,7.0,-2.0,3.230140348202531,3.311551094055176,-0.08141074585264496,"[5, 0, 0]",7,0
quincas_borba,complexo,pt,sbert,150,189,30502,10,0.47307872772216797,2.3007036519779946,2.3025850929940455,0.001881441016050811,-1.1679957580514728,0.9991829005487025,0.9999999999999998,0.0008170994512972651,10,10.0,0,0.0,0.08814579425097296,0.03663890436200887,0.0515068898889641,7.0,10.0,-3.0,4.578012383010763,4.73078727722168,-0.15277489421091683,"[7, 0, 0]",10,0
quincas_borba,complexo,pt,sbert,150,190,30663,9,0.47307872772216797,2.1964417598457975,2.1972245773362196,0.000782817490422083,-0.04739777445959792,0.9996437244064641,1.0,0.0003562755935359041,9,9.0,0,0.0,0.057779845057321366,1.924301780028407e-308,0.057779845057321366,8.0,9.0,-1.0,4.19992870444219,4.257708549499512,-0.05777984505732192,"[8, 0, 0]",9,0
quincas_borba,complexo,pt,sbert,150,191,30823,10,0.47307872772216797,2.3025850929940455,2.3025850929940455,0.0,0.0,0.9999999999999998,0.9999999999999998,0.0,10,10.0,0,0.0,1.9498466258303885e-308,0.03663890436200887,0.0,10.0,10.0,0.0,4.73078727722168,4.73078727722168,0.0,"[10, 0, 0]",10,0
quincas_borba,complexo,pt,sbert,150,192,30986,10,0.47307872772216797,2.3025850929940455,2.3025850929940455,0.0,0.0,0.9999999999999998,0.9999999999999998,0.0,10,10.0,0,0.0,1.9498466258303885e-308,0.03663890436200887,0.0,10.0,10.0,0.0,4.73078727722168,4.73078727722168,0.0,"[10, 0, 0]",10,0
quincas_borba,complexo,pt,sbert,150,193,31158,10,0.47307872772216797,2.300442957021362,2.3025850929940455,0.0021421359726834233,-1.3298347957330456,0.999069682167577,0.9999999999999998,0.0009303178324228112,10,10.0,0,0.0,0.09559141434632729,0.03663890436200887,0.05895250998431842,6.0,10.0,-4.0,4.558891004516132,4.73078727722168,-0.1718962727055473,"[6, 0, 0]",10,0
quincas_borba,complexo,pt,sbert,150,194,31309,13,0.47307872772216797,2.56310568494178,2.5649112239484944,0.0018055390067144295,-1.1500562017543912,0.9992812050988868,0.9999851328397844,0.0007039277408975586,13,13.0,0,0.0,0.07139330227958426,0.0843785144436903,0.0,9.0,12.0,-3.0,5.967921002734821,6.133405576831896,-0.16548457409707495,"[9, 0, 0]",13,0
quincas_borba,complexo,pt,sbert,150,195,31470,7,0.47307872772216797,1.945910149055313,1.945910149055313,0.0,0.0,0.9999999999999999,0.9999999999999999,0.0,7,7.0,0,0.0,1.3797025729980276e-308,1.3797025729980276e-308,0.0,7.0,7.0,0.0,3.311551094055176,3.311551094055176,0.0,"[7, 0, 0]",7,0
quincas_borba,complexo,pt,sbert,150,196,31625,12,0.47307872772216797,2.482479350937249,2.4848563296209933,0.002376978683744202,-0.719030527499649,0.9990231830837757,0.9999797496750991,0.0009565665913233712,12,12.0,0,0.0,0.07182002394089942,0.05107120957433653,0.020748814366562895,8.0,11.0,-3.0,5.416803021452008,5.65980412504697,-0.2430011035949624,"[8, 0, 0]",12,0
quincas_borba,complexo,pt,sbert,150,197,31779,9,0.47307872772216797,2.196731264837726,2.1972245773362196,0.0004933124984933812,-0.02986892197449862,0.999775483806443,1.0,0.0002245161935570117,9,9.0,0,0.0,0.04615674202021752,1.924301780028407e-308,0.04615674202021752,8.0,9.0,-1.0,4.211551807479294,4.257708549499512,-0.04615674202021758,"[8, 0, 0]",9,0
quincas_borba,complexo,pt,sbert,150,198,31930,10,0.47307872772216797,2.2870655196501626,2.3025850929940455,0.015519573343882875,-9.634527831477003,0.9932599349352587,0.9999999999999998,0.006740065064741119,10,10.0,0,0.0,0.23653936386108398,0.03663890436200887,0.19990045949907512,7.0,10.0,-3.0,4.443442457317959,4.73078727722168,-0.28734481990372096,"[7, 0, 0]",10,0
quincas_borba,complexo,pt,sbert,150,199,32080,12,0.47307872772216797,2.4751553326393063,2.4848563296209933,0.009700996981687027,-2.9345290408862463,0.9960757812976492,0.9999797496750991,0.0039039683774498846,12,12.0,0,0.0,0.1523140182449837,0.05107120957433653,0.10124280867064717,9.0,11.0,-2.0,5.342224566529465,5.65980412504697,-0.3175795585175054,"[9, 0, 0]",12,0
quincas_borba,complexo,pt,sbert,150,200,32239,8,0.47307872772216797,2.0794415416798357,2.0794415416798357,0.0,0.0,1.0,1.0,0.0,8,8.0,0,0.0,1.832744176034202e-308,1.832744176034202e-308,0.0,8.0,8.0,0.0,3.7846298217773438,3.7846298217773438,0.0,"[8, 0, 0]",8,0
quincas_borba,complexo,pt,sbert,150,201,32426,8,0.47307872772216797,2.075947183046064,2.0794415416798357,0.003494358633771899,-2.2487568541977634,0.9983195687093233,1.0,0.0016804312906767427,8,8.0,0,0.0,0.11223955828371035,1.832744176034202e-308,0.11223955828371035,7.0,8.0,-1.0,3.672390263493633,3.7846298217773438,-0.11223955828371057,"[7, 0, 0]",8,0
quincas_borba,complexo,pt,sbert,150,202,32602,9,0.47307872772216797,2.188099440691243,2.1972245773362196,0.009125136644976717,-0.5525057550495137,0.9958469713387061,1.0,0.004153028661293856,9,9.0,0,0.0,0.18311630176441973,1.924301780028407e-308,0.18311630176441973,8.0,9.0,-1.0,4.074592247735092,4.257708549499512,-0.18311630176441973,"[8, 0, 0]",9,0
quincas_borba,complexo,pt,sbert,150,203,32761,8,0.47307872772216797,2.079105745058891,2.0794415416798357,0.00033579662094496143,-0.21609829788745216,0.9998385159600718,1.0,0.00016148403992821692,8,8.0,0,0.0,0.036189580250379605,1.832744176034202e-308,0.036189580250379605,5.0,8.0,-3.0,3.72406124219388,3.7846298217773438,-0.060568579583463844,"[5, 0, 0]",8,0
quincas_borba,complexo,pt,sbert,150,204,32938,11,0.47307872772216797,2.394561523470852,2.397805532528758,0.0032440090579060055,-0.17461519921333943,0.9986097185455359,0.9999846141517821,0.0013748956062461515,11,11.0,0,0.0,0.11382749970102571,0.06392509366460675,0.04990240603641896,9.0,10.0,-1.0,5.0567795397268664,5.177868910006097,-0.12108937027923083,"[9, 0, 0]",11,0
quincas_borba,complexo,pt,sbert,150,205,33096,6,0.47307872772216797,1.791750301417764,1.7917594692280547,9.167810290700018e-06,-0.0035933024516796685,0.9999948833476544,0.9999999999999999,5.116652345482642e-06,6,6.0,0,0.0,0.005418285101474685,0.03364721238264334,0.0,5.0,6.0,-1.0,2.8330540812315332,2.838472366333008,-0.005418285101474574,"[5, 0, 0]",6,0
quincas_borba,complexo,pt,sbert,150,206,33249,8,0.47307872772216797,2.0794408433064078,2.0794415416798357,6.983734279764064e-07,-0.0004494306960291379,0.9999996641533729,1.0,3.3584662706420687e-07,8,8.0,0,0.0,0.0016890606249796436,1.832744176034202e-308,0.0016890606249796436,7.0,8.0,-1.0,3.782940761152364,3.7846298217773438,-0.0016890606249795326,"[7, 0, 0]",8,0
quincas_borba,complexo,pt,sbert,150,207,33410,8,0.47307872772216797,2.0794415416798357,2.0794415416798357,0.0,0.0,1.0,1.0,0.0,8,8.0,0,0.0,1.832744176034202e-308,1.832744176034202e-308,0.0,8.0,8.0,0.0,3.7846298217773438,3.7846298217773438,0.0,"[8, 0, 0]",8,0
quincas_borba,complexo,pt,sbert,150,208,33565,11,0.47307872772216797,2.397835258990545,2.397805532528758,2.9726461787227265e-05,0.0016000855590196721,0.9999749722982041,0.9999846141517821,9.641853577990744e-06,11,11.0,0,0.0,0.017873078624486394,0.06392509366460675,0.0,10.0,10.0,0.0,5.185992926319361,5.177868910006097,0.008124016313264093,"[10, 0, 0]",11,0
quincas_borba,complexo,pt,sbert,150,209,33724,13,0.47307872772216797,2.550211576337668,2.5649112239484944,0.014699647610826538,-9.363088161245692,0.9942541629209964,0.9999851328397844,0.005730969918787965,13,13.0,0,0.0,0.229585381897475,0.0843785144436903,0.1452068674537847,12.0,12.0,0.0,5.887017514263732,6.133405576831896,-0.2463880625681636,"[12, 0, 0]",13,0
quincas_borba,complexo,pt,sbert,150,210,33875,8,0.47307872772216797,2.072739575840407,2.0794415416798357,0.006701965839428947,-4.312977915992267,0.9967770357064162,1.0,0.0032229642935838188,8,8.0,0,0.0,0.14267182851451232,1.832744176034202e-308,0.14267182851451232,6.0,8.0,-2.0,3.5675824521974575,3.7846298217773438,-0.21704736957988624,"[6, 0, 0]",8,0
quincas_borba,complexo,pt,sbert,150,211,34025,12,0.47307872772216797,2.4753046419952214,2.4848563296209933,0.009551687625771965,-2.8893633077316143,0.9961358678026806,0.9999797496750991,0.0038438818724184642,12,12.0,0,0.0,0.17934047905778233,0.05107120957433653,0.1282692694834458,7.0,11.0,-4.0,5.265326392339101,5.65980412504697,-0.3944777327078697,"[7, 0, 0]",12,0
quincas_borba,complexo,pt,sbert,150,212,34188,12,0.47307872772216797,2.4837598765367677,2.4848563296209933,0.0010964530842256792,-0.3316745097131249,0.9995385044941908,0.9999797496750991,0.00044124518090826736,12,12.0,0,0.0,0.07182002394089942,0.05107120957433653,0.020748814366562895,10.0,11.0,-1.0,5.5740379957702615,5.65980412504697,-0.0857661292767089,"[10, 0, 0]",12,0
quincas_borba,complexo,pt,sbert,150,213,34383,9,0.47307872772216797,2.1972245773362196,2.1972245773362196,0.0,0.0,1.0,1.0,0.0,9,9.0,0,0.0,1.924301780028407e-308,1.924301780028407e-308,0.0,9.0,9.0,0.0,4.257708549499512,4.257708549499512,0.0,"[9, 0, 0]",9,0
quincas_borba,complexo,pt,sbert,150,214,34564,15,0.47307872772216797,2.7076056448131363,2.707631855708187,2.6210895050837735e-05,-0.002666955558213383,0.9998358389778399,0.999845517858623,9.678880783070554e-06,15,15.0,0,0.0,0.04306601993888154,0.08432839749643417,0.0,11.0,13.0,-2.0,6.98294751737921,7.026568792244689,-0.04362127486547873,"[11, 0, 0]",15,0
quincas_borba,complexo,pt,sbert,150,215,34715,9,0.47307872772216797,2.1971224598700463,2.1972245773362196,0.00010211746617327933,-0.006182974562125566,0.9999535243382827,1.0,4.647566171733786e-05,9,9.0,0,0.0,0.021278317507163858,1.924301780028407e-308,0.021278317507163858,8.0,9.0,-1.0,4.2364302319923475,4.257708549499512,-0.021278317507164246,"[8, 0, 0]",9,0
quincas_borba,complexo,pt,sbert,150,216,34897,11,0.47307872772216797,2.3881522095967767,2.397805532528758,0.00965332293198129,-0.519609186272331,0.9959368270532417,0.9999846141517821,0.0040477870985403674,11,11.0,0,0.0,0.13714919537247844,0.06392509366460675,0.07322410170787169,7.0,10.0,-3.0,4.7333462818943355,5.177868910006097,-0.4445226281117618,"[7, 0, 0]",11,0
quincas_borba,complexo,pt,sbert,150,217,35059,7,0.47307872772216797,1.94508764422143,1.945910149055313,0.0008225048338830199,-0.4644458971712237,0.9995773161292762,0.9999999999999999,0.0004226838707236391,7,7.0,0,0.0,0.05319472868637437,1.3797025729980276e-308,0.05319472868637437,6.0,7.0,-1.0,3.2583563653688015,3.311551094055176,-0.053194728686374315,"[6, 0, 0]",7,0
quincas_borba,complexo,pt,sbert,150,218,35224,9,0.47307872772216797,2.195483089822672,2.1972245773362196,0.0017414875135477459,-0.10544300989856055,0.999207414876244,1.0,0.0007925851237560178,9,9.0,0,0.0,0.07484395458518184,1.924301780028407e-308,0.07484395458518184,3.0,9.0,-6.0,4.019243315695134,4.257708549499512,-0.23846523380437734,"[3, 0, 0]",9,0
quincas_borba,complexo,pt,sbert,150,219,35402,7,0.47307872772216797,1.9444636855587072,1.945910149055313,0.001446463496605821,-0.8167782227308619,0.9992566648067958,0.9999999999999999,0.000743335193204131,7,7.0,0,0.0,0.0700090254551669,1.3797025729980276e-308,0.0700090254551669,5.0,7.0,-2.0,3.2403528825311834,3.311551094055176,-0.07119821152399242,"[5, 0, 0]",7,0
quincas_borba,complexo,pt,sbert,150,220,35571,7,0.47307872772216797,1.9370436546719012,1.945910149055313,0.008866494383411805,-5.006665941677604,0.9954435232337339,0.9999999999999999,0.004556476766266027,7,7.0,0,0.0,0.13892164160743464,1.3797025729980276e-308,0.13892164160743464,2.0,7.0,-5.0,2.9339616749467683,3.311551094055176,-0.3775894191084075,"[2, 0, 0]",7,0
quincas_borba,complexo,pt,sbert,150,221,35728,10,0.47307872772216797,2.298024054344013,2.3025850929940455,0.004561038650032323,-2.83148594619705,0.9980191660825433,0.9999999999999998,0.001980833917456515,10,10.0,0,0.0,0.11123702696640608,0.03663890436200887,0.07459812260439722,8.0,10.0,-2.0,4.52081301497034,4.73078727722168,-0.20997426225133964,"[8, 0, 0]",10,0
quincas_borba,complexo,pt,sbert,150,222,35890,8,0.47307872772216797,2.0785916305225776,2.0794415416798357,0.0008499111572581874,-0.5469511691993839,0.9995912791294091,1.0,0.0004087208705908507,8,8.0,0,0.0,0.053156249170676295,1.832744176034202e-308,0.053156249170676295,4.0,8.0,-4.0,3.675603215867708,3.7846298217773438,-0.10902660590963587,"[4, 0, 0]",8,0
quincas_borba,complexo,pt,sbert,150,223,36040,6,0.47307872772216797,1.7914403343997995,1.7917594692280547,0.00031913482825518535,-0.1250841721658451,0.999821887461048,0.9999999999999999,0.00017811253895183565,6,6.0,0,0.0,0.03147311511911627,0.03364721238264334,0.0,5.0,6.0,-1.0,2.8069992512138917,2.838472366333008,-0.0314731151191161,"[5, 0, 0]",6,0
quincas_borba,complexo,pt,sbert,150,224,36203,9,0.47307872772216797,2.1898745452296517,2.1972245773362196,0.0073500321065678165,-0.44502731264993356,0.9966548562298176,1.0,0.003345143770182357,9,9.0,0,0.0,0.13482112566978055,1.924301780028407e-308,0.13482112566978055,5.0,9.0,-4.0,3.919236841478746,4.257708549499512,-0.33847170802076576,"[5, 0, 0]",9,0
quincas_borba,complexo,pt,sbert,150,225,36365,13,0.47307872772216797,2.5648460226859684,2.5649112239484944,6.520126252596015e-05,-0.04153059892438899,0.9999597127423714,0.9999851328397844,2.5420097413020315e-05,13,13.0,0,0.0,0.02248361122380571,0.0843785144436903,0.0,11.0,12.0,-1.0,6.114046862628927,6.133405576831896,-0.019358714202969196,"[11, 0, 0]",13,0
quincas_borba,complexo,pt,sbert,150,226,36518,8,0.47307872772216797,2.0791161394429443,2.0794415416798357,0.00032540223689148107,-0.20940910400806007,0.9998435146021808,1.0,0.000156485397819206,8,8.0,0,0.0,0.035794798581486986,1.832744176034202e-308,0.035794798581486986,7.0,8.0,-1.0,3.7488350231958565,3.7846298217773438,-0.035794798581487264,"[7, 0, 0]",8,0
quincas_borba,complexo,pt,sbert,150,227,36673,10,0.47307872772216797,2.3025850929940455,2.3025850929940455,0.0,0.0,0.9999999999999998,0.9999999999999998,0.0,10,10.0,0,0.0,1.9498466258303885e-308,0.03663890436200887,0.0,10.0,10.0,0.0,4.73078727722168,4.73078727722168,0.0,"[10, 0, 0]",10,0
quincas_borba,complexo,pt,sbert,150,228,36832,9,0.47307872772216797,2.1964849798574564,2.1972245773362196,0.0007395974787631765,-0.04478090349054802,0.9996633946814577,1.0,0.0003366053185422935,9,9.0,0,0.0,0.0495801538584803,1.924301780028407e-308,0.0495801538584803,6.0,9.0,-3.0,4.162374375760677,4.257708549499512,-0.09533417373883513,"[6, 0, 0]",9,0
quincas_borba,complexo,pt,sbert,150,229,37001,13,0.47307872772216797,2.5485826894891437,2.5649112239484944,0.016328534459350674,-10.400623996879752,0.9936191067769888,0.9999851328397844,0.006366026062795571,13,13.0,0,0.0,0.20630530985825266,0.0843785144436903,0.12192679541456236,10.0,12.0,-2.0,5.657758859394772,6.133405576831896,-0.47564671743712417,"[10, 0, 0]",13,0
quincas_borba,complexo,pt,sbert,150,230,37151,12,0.47307872772216797,2.4766522822879695,2.4848563296209933,0.008204047333023823,-2.481705251224299,0.9966781981525402,0.9999797496750991,0.003301551522558843,12,12.0,0,0.0,0.17072419574348846,0.05107120957433653,0.11965298616915193,7.0,11.0,-4.0,5.332764941255263,5.65980412504697,-0.32703918379170727,"[7, 0, 0]",12,0
quincas_borba,complexo,pt,sbert,150,231,37314,11,0.47307872772216797,2.3725377025531365,2.397805532528758,0.025267829975621492,-1.3600908894286379,0.9894250718399217,0.9999846141517821,0.010559542311860404,11,11.0,0,0.0,0.22625985477147675,0.06392509366460675,0.16233476110687,6.0,10.0,-4.0,4.78660314896877,5.177868910006097,-0.39126576103732713,"[6, 0, 0]",11,0
quincas_borba,complexo,pt,sbert,150,232,37470,10,0.47307872772216797,2.3024772558479425,2.3025850929940455,0.00010783714610296258,-0.0669451383987664,0.9999531669225031,0.9999999999999998,4.6833077496644115e-05,10,10.0,0,0.0,0.02289513238056201,0.03663890436200887,0.0,9.0,10.0,-1.0,4.707892144841118,4.73078727722168,-0.022895132380561733,"[9, 0, 0]",10,0
quincas_borba,complexo,pt,sbert,150,233,37637,8,0.47307872772216797,2.0786294604835858,2.0794415416798357,0.0008120811962499808,-0.5226061053329966,0.9996094714951237,1.0,0.0003905285048763085,8,8.0,0,0.0,0.04962871983425954,1.832744176034202e-308,0.04962871983425954,4.0,8.0,-4.0,3.6641785455404134,3.7846298217773438,-0.1204512762369303,"[4, 0, 0]",8,0
quincas_borba,complexo,pt,sbert,150,234,37817,11,0.47307872772216797,2.3976670459339613,2.397805532528758,0.0001384865947966496,-0.007454314678887882,0.9999048220049481,0.9999846141517821,7.979214683395686e-05,11,11.0,0,0.0,0.029371446979273907,0.06392509366460675,0.0,9.0,10.0,-1.0,5.153045094002989,5.177868910006097,-0.024823816003108234,"[9, 0, 0]",11,0
quincas_borba,complexo,pt,sbert,150,235,37991,10,0.47307872772216797,2.301153948911593,2.3025850929940455,0.0014311440824523736,-0.8884520977295928,0.9993784620221823,0.9999999999999998,0.000621537977817499,10,10.0,0,0.0,0.08090689898930209,0.03663890436200887,0.04426799462729322,9.0,10.0,-1.0,4.649880378232377,4.73078727722168,-0.08090689898930226,"[9, 0, 0]",10,0
quincas_borba,complexo,pt,sbert,150,236,38157,10,0.47307872772216797,2.3136819844450036,2.3025850929940455,0.011096891450958157,6.888933552369599,0.9648803309682957,0.9999999999999998,0.03511966903170405,11,10.0,1,0.0,0.16409901345108874,0.03663890436200887,0.12746010908907987,4.0,10.0,-6.0,4.148799007047738,4.73078727722168,-0.5819882701739418,"[2, 1, 0]",11,0
quincas_borba,complexo,pt,sbert,150,237,38315,10,0.47307872772216797,2.3045547034141656,2.3025850929940455,0.001969610420120116,1.2227311917240282,0.9610739591328041,0.9999999999999998,0.038926040867195644,11,10.0,1,0.0,0.11558124860165936,0.03663890436200887,0.07894234423965049,5.0,10.0,-5.0,4.420597326664121,4.73078727722168,-0.31018995055755827,"[5, 0, 0]",11,0
quincas_borba,complexo,pt,sbert,150,238,38481,10,0.47307872772216797,2.3003785875605884,2.3025850929940455,0.0022065054334570178,-1.3697952603398131,0.9990417268659599,0.9999999999999998,0.0009582731340398443,10,10.0,0,0.0,0.09944020321923758,0.03663890436200887,0.06280129885722871,9.0,10.0,-1.0,4.631347074002442,4.73078727722168,-0.09944020321923741,"[9, 0, 0]",10,0
quincas_borba,complexo,pt,sbert,150,239,38657,6,0.47307872772216797,1.791077522473675,1.7917594692280547,0.0006819467543797142,-0.2672874837858925,0.9996193982696384,0.9999999999999999,0.00038060173036147393,6,6.0,0,0.0,0.04267137358477041,0.03364721238264334,0.009024161202127068,4.0,6.0,-2.0,2.76939887716815,2.838472366333008,-0.06907348916485789,"[4, 0, 0]",6,0
quincas_borba,complexo,pt,sbert,150,240,38817,8,0.47307872772216797,2.0639123954944774,2.0794415416798357,0.015529146185358389,-9.993614732804005,0.9925320592697146,1.0,0.0074679407302854495,8,8.0,0,0.0,0.2166417504328202,1.832744176034202e-308,0.2166417504328202,6.0,8.0,-2.0,3.4940338511100055,3.7846298217773438,-0.2905959706673382,"[6, 0, 0]",8,0
quincas_borba,complexo,pt,sbert,150,241,38967,10,0.47307872772216797,2.3019461333125895,2.3025850929940455,0.0006389596814559972,-0.39666521094189333,0.9997225033361848,0.9999999999999998,0.00027749666381493565,10,10.0,0,0.0,0.0548202884559541,0.03663890436200887,0.018181384093945235,9.0,10.0,-1.0,4.675966988765726,4.73078727722168,-0.05482028845595366,"[9, 0, 0]",10,0
quincas_borba,complexo,pt,sbert,150,242,39120,11,0.47307872772216797,2.386163370773144,2.397805532528758,0.011642161755613945,-0.6266623668254114,0.9951074168424647,0.9999846141517821,0.004877197309317349,11,11.0,0,0.0,0.19694606727294803,0.06392509366460675,0.13302097360834128,9.0,10.0,-1.0,4.914815749353705,5.177868910006097,-0.26305316065239204,"[9, 0, 0]",11,0
quincas_borba,complexo,pt,sbert,150,243,39297,7,0.47307872772216797,1.945910149055313,1.945910149055313,0.0,0.0,0.9999999999999999,0.9999999999999999,0.0,7,7.0,0,0.0,1.3797025729980276e-308,1.3797025729980276e-308,0.0,7.0,7.0,0.0,3.311551094055176,3.311551094055176,0.0,"[7, 0, 0]",7,0
quincas_borba,complexo,pt,sbert,150,244,39450,13,0.47307872772216797,2.547163563375009,2.5649112239484944,0.017747660573485202,-11.30455062630325,0.9930658303117026,0.9999851328397844,0.0069193025280818166,13,13.0,0,0.0,0.228608709772997,0.0843785144436903,0.1442301953293067,7.0,12.0,-5.0,5.494471271683581,6.133405576831896,-0.6389343051483145,"[7, 0, 0]",13,0
quincas_borba,complexo,pt,sbert,150,245,39601,14,0.47307872772216797,2.625284709272121,2.639001668643156,0.013716959371034676,-6.984607196937468,0.9947812348793708,0.999978908767355,0.0051976738879842,14,14.0,0,0.0,0.19693940339643015,0.05515090284380103,0.14178850055262912,8.0,13.0,-5.0,5.966412109920154,6.5994549571616865,-0.6330428472415326,"[8, 0, 0]",14,0
quincas_borba,complexo,pt,sbert,150,246,39769,8,0.47307872772216797,2.0767281426781183,2.0794415416798357,0.0027133990017174092,-1.7461786962315835,0.9986951309054231,1.0,0.0013048690945769437,8,8.0,0,0.0,0.09794050117609882,1.832744176034202e-308,0.09794050117609882,6.0,8.0,-2.0,3.6511797584416925,3.7846298217773438,-0.13345006333565124,"[6, 0, 0]",8,0
quincas_borba,complexo,pt,sbert,150,247,39925,8,0.47307872772216797,2.0787483612161637,2.0794415416798357,0.0006931804636720607,-0.4460888197946437,0.9996666506608731,1.0,0.00033334933912687603,8,8.0,0,0.0,0.05178186927317996,1.832744176034202e-308,0.05178186927317996,7.0,8.0,-1.0,3.732847952504164,3.7846298217773438,-0.05178186927317974,"[7, 0, 0]",8,0
quincas_borba,complexo,pt,sbert,150,248,40088,13,0.47307872772216797,2.564928953755863,2.5649112239484944,1.772980736847174e-05,0.011293178848086014,0.9999920451818611,0.9999851328397844,6.912342076725864e-06,13,13.0,0,0.0,0.011281932642102477,0.0843785144436903,0.0,12.0,12.0,0.0,6.138741527746081,6.133405576831896,0.005335950914185261,"[12, 0, 0]",13,0
quincas_borba,complexo,pt,sbert,150,249,40263,10,0.47307872772216797,2.300612101219209,2.3025850929940455,0.0019729917748363412,-1.2248303316552436,0.9991431405593478,0.9999999999999998,0.000856859440651947,10,10.0,0,0.0,0.08132912114830643,0.03663890436200887,0.04469021678629756,8.0,10.0,-2.0,4.591547288788386,4.73078727722168,-0.13923998843329333,"[8, 0, 0]",10,0
quincas_borba,complexo,pt,sbert,150,250,40413,10,0.47307872772216797,2.3017189230956054,2.3025850929940455,0.0008661698984400168,-0.5377169725221366,0.9996238271927166,0.9999999999999998,0.0003761728072831927,10,10.0,0,0.0,0.04697682704957834,0.03663890436200887,0.010337922687569473,7.0,10.0,-3.0,4.6096065035979965,4.73078727722168,-0.12118077362368318,"[7, 0, 0]",10,0
quincas_borba,complexo,pt,sbert,150,251,40574,9,0.47307872772216797,2.1864830265399307,2.1972245773362196,0.010741550796288912,-0.650375864384818,0.9951113095552065,1.0,0.004888690444793453,9,9.0,0,0.0,0.15076588676747765,1.924301780028407e-308,0.15076588676747765,3.0,9.0,-6.0,3.808350415062425,4.257708549499512,-0.4493581344370865,"[3, 0, 0]",9,0
quincas_borba,complexo,pt,sbert,150,252,40751,8,0.47307872772216797,2.0702093549845473,2.0794415416798357,0.009232186695288469,-5.941274289826816,0.9955602566793821,1.0,0.004439743320617917,8,8.0,0,0.0,0.13827011427432956,1.832744176034202e-308,0.13827011427432956,3.0,8.0,-5.0,3.387072948598301,3.7846298217773438,-0.39755687317904265,"[3, 0, 0]",8,0
quincas_borba,complexo,pt,sbert,150,253,40904,8,0.47307872772216797,2.0787079034635054,2.0794415416798357,0.0007336382163303234,-0.4721249706683451,0.9996471945944979,1.0,0.00035280540550208794,8,8.0,0,0.0,0.049353133057909115,1.832744176034202e-308,0.049353133057909115,5.0,8.0,-3.0,3.685692961154953,3.7846298217773438,-0.09893686062239082,"[5, 0, 0]",8,0
quincas_borba,complexo,pt,sbert,150,254,41057,15,0.47307872772216797,2.7054246724387934,2.707631855708187,0.002207183269393731,-0.2245806439226141,0.9990304726764858,0.999845517858623,0.0008150451821371529,15,15.0,0,0.0,0.08729513419308113,0.08432839749643417,0.00296673669664696,12.0,13.0,-1.0,6.888663820978391,7.026568792244689,-0.13790497126629742,"[12, 0, 0]",15,0
quincas_borba,complexo,pt,sbert,150,255,41228,12,0.47307872772216797,2.482841706006601,2.4848563296209933,0.00201462361439253,-0.6094189611696991,0.9991690054909806,0.9999797496750991,0.0008107441841184171,12,12.0,0,0.0,0.076509596324256,0.05107120957433653,0.025438386749919467,6.0,11.0,-5.0,5.449804492606134,5.65980412504697,-0.20999963244083641,"[6, 0, 0]",12,0
quincas_borba,complexo,pt,sbert,150,256,41397,8,0.47307872772216797,2.0630123919639405,2.0794415416798357,0.016429149715895264,-10.572802309184036,0.9920992490596185,1.0,0.007900750940381451,8,8.0,0,0.0,0.1961419283996581,1.832744176034202e-308,0.1961419283996581,4.0,8.0,-4.0,3.3606006765406176,3.7846298217773438,-0.4240291452367262,"[4, 0, 0]",8,0
quincas_borba,complexo,pt,sbert,150,257,41561,12,0.47307872772216797,2.4601603437470727,2.4848563296209933,0.024695985873920634,-7.470478330953332,0.9900413538500374,0.9999797496750991,0.009938395825061619,12,12.0,0,0.0,0.22809895504200553,0.05107120957433653,0.177027745467669,7.0,11.0,-4.0,5.175884395463156,5.65980412504697,-0.483919729583814,"[7, 0, 0]",12,0
quincas_borba,complexo,pt,sbert,150,258,41723,9,0.47307872772216797,2.1952092528776865,2.1972245773362196,0.00201532445853303,-0.12202319866020868,0.9990827863117314,1.0,0.0009172136882685811,9,9.0,0,0.0,0.09101126310321317,1.924301780028407e-308,0.09101126310321317,8.0,9.0,-1.0,4.166697286396299,4.257708549499512,-0.09101126310321295,"[8, 0, 0]",9,0
quincas_borba,complexo,pt,sbert,150,259,41888,9,0.47307872772216797,2.196776295470873,2.1972245773362196,0.0004482818653466225,-0.027142422094543008,0.999795978130788,1.0,0.00020402186921197885,9,9.0,0,0.0,0.04404941597895484,1.924301780028407e-308,0.04404941597895484,8.0,9.0,-1.0,4.213659133520557,4.257708549499512,-0.04404941597895462,"[8, 0, 0]",9,0
quincas_borba,complexo,pt,sbert,150,260,42038,13,0.47307872772216797,2.5643451492744367,2.5649112239484944,0.0005660746740576705,-0.36056694822716,0.9997644366017043,0.9999851328397844,0.00022069623808007588,13,13.0,0,0.0,0.05651614469358443,0.0843785144436903,0.0,11.0,12.0,-1.0,6.06894163044621,6.133405576831896,-0.0644639463856862,"[11, 0, 0]",13,0
quincas_borba,complexo,pt,sbert,150,261,42194,8,0.47307872772216797,2.0655775853868263,2.0794415416798357,0.013863956293009405,-8.921999716597558,0.9933328463363247,1.0,0.006667153663675318,8,8.0,0,0.0,0.19583031109531757,1.832744176034202e-308,0.19583031109531757,6.0,8.0,-2.0,3.4822926003740093,3.7846298217773438,-0.3023372214033344,"[6, 0, 0]",8,0
quincas_borba,complexo,pt,sbert,150,262,42361,10,0.47307872772216797,2.2990343659901815,2.3025850929940455,0.0035507270038639405,-2.2042859930932304,0.9984579388554768,0.9999999999999998,0.0015420611445229326,10,10.0,0,0.0,0.1209926966756697,0.03663890436200887,0.08435379231366083,8.0,10.0,-2.0,4.565505761600116,4.73078727722168,-0.16528151562156346,"[8, 0, 0]",10,0
quincas_borba,complexo,pt,sbert,150,263,42554,11,0.47307872772216797,2.3939778324743184,2.397805532528758,0.0038277000544395534,-0.2060335207467965,0.9983663004933987,0.9999846141517821,0.0016183136583833857,11,11.0,0,0.0,0.0936809624927826,0.06392509366460675,0.029755868828175852,6.0,10.0,-4.0,4.877875877840718,5.177868910006097,-0.2999930321653794,"[6, 0, 0]",11,0
quincas_borba,complexo,pt,sbert,150,264,42710,13,0.47307872772216797,2.5634111476780217,2.5649112239484944,0.0015000762704726611,-0.9554886444137293,0.9994002962362433,0.9999851328397844,0.000584836603541139,13,13.0,0,0.0,0.0829497544458769,0.0843785144436903,0.0,10.0,12.0,-2.0,6.038153133473511,6.133405576831896,-0.09525244335838501,"[10, 0, 0]",13,0
quincas_borba,complexo,pt,sbert,150,265,42871,12,0.47307872772216797,2.4848827186386857,2.4848563296209933,2.6389017692363126e-05,0.007982616521259206,0.9999903693970489,0.9999797496750991,1.0619721949822747e-05,12,12.0,0,0.0,0.011510412310063889,0.05107120957433653,0.0,9.0,11.0,-2.0,5.6588230092119165,5.65980412504697,-0.0009811158350538918,"[9, 0, 0]",12,0
quincas_borba,complexo,pt,sbert,150,266,43032,9,0.47307872772216797,2.18739019105775,2.1972245773362196,0.009834386278469776,-0.5954491672434988,0.995524177919768,1.0,0.004475822080232006,9,9.0,0,0.0,0.19001749467418438,1.924301780028407e-308,0.19001749467418438,7.0,9.0,-2.0,4.051914856030847,4.257708549499512,-0.2057936934686646,"[7, 0, 0]",9,0
quincas_borba,complexo,pt,sbert,150,267,43195,9,0.47307872772216797,2.1971718715922384,2.1972245773362196,5.270574398119621e-05,-0.00319120995188686,0.9999760125821798,1.0,2.3987417820170442e-05,9,9.0,0,0.0,0.015334057316994998,1.924301780028407e-308,0.015334057316994998,8.0,9.0,-1.0,4.242374492182517,4.257708549499512,-0.015334057316994887,"[8, 0, 0]",9,0
quincas_borba,complexo,pt,sbert,150,268,43354,10,0.47307872772216797,2.300882879092965,2.3025850929940455,0.001702213901080274,-1.0567318341614784,0.9992607378957417,0.9999999999999998,0.0007392621042581204,10,10.0,0,0.0,0.06704979631575764,0.03663890436200887,0.03041089195374877,8.0,10.0,-2.0,4.598657419048046,4.73078727722168,-0.13212985817363343,"[8, 0, 0]",10,0
quincas_borba,complexo,pt,sbert,150,269,43517,11,0.47307872772216797,2.3978952727983707,2.397805532528758,8.974026961272585e-05,0.004830447380439759,1.0,0.9999846141517821,1.5385848217919218e-05,11,11.0,0,0.0,0.020559018179214433,0.06392509366460675,0.0,11.0,10.0,1.0,5.203866004943848,5.177868910006097,0.025997094937750376,"[11, 0, 0]",11,0
quincas_borba,complexo,pt,sbert,150,270,43682,8,0.47307872772216797,2.073964198715894,2.0794415416798357,0.005477342963941645,-3.5248850572787815,0.9973659548228911,1.0,0.002634045177108857,8,8.0,0,0.0,0.13904364936265834,1.832744176034202e-308,0.13904364936265834,6.0,8.0,-2.0,3.622652106763323,3.7846298217773438,-0.1619777150140207,"[6, 0, 0]",8,0
quincas_borba,complexo,pt,sbert,150,271,43851,11,0.47307872772216797,2.393331840743969,2.397805532528758,0.004473691784788958,-0.24080530241313472,0.9980969010172508,0.9999846141517821,0.001887713134531288,11,11.0,0,0.0,0.1333024288570546,0.06392509366460675,0.06937733519244785,9.0,10.0,-1.0,5.031334581102421,5.177868910006097,-0.14653432890367668,"[9, 0, 0]",11,0
quincas_borba,complexo,pt,sbert,150,272,44034,6,0.47307872772216797,1.7904139251283249,1.7917594692280547,0.0013455440997298673,-0.52738295831744,0.9992490375394473,0.9999999999999999,0.0007509624605526177,6,6.0,0,0.0,0.06336284188572672,0.03364721238264334,0.029715629503083374,5.0,6.0,-1.0,2.775109524447281,2.838472366333008,-0.0633628418857266,"[5, 0, 0]",6,0
quincas_borba,complexo,pt,sbert,150,273,44186,9,0.47307872772216797,2.195846329781586,2.1972245773362196,0.0013782475546335604,-0.08344967702342874,0.999372732505885,1.0,0.0006272674941150136,9,9.0,0,0.0,0.07590596947147543,1.924301780028407e-308,0.07590596947147543,8.0,9.0,-1.0,4.1818025800280365,4.257708549499512,-0.07590596947147521,"[8, 0, 0]",9,0
quincas_borba,complexo,pt,sbert,150,274,44340,14,0.47307872772216797,2.6326675771188928,2.639001668643156,0.006334091524263119,-3.2252877660227166,0.9975787746538658,0.999978908767355,0.0024001341134891607,14,14.0,0,0.0,0.1366375014459907,0.05515090284380103,0.08148659860218968,11.0,13.0,-2.0,6.280653228867244,6.5994549571616865,-0.3188017282944422,"[11, 0, 0]",14,0
quincas_borba,complexo,pt,sbert,150,275,44523,7,0.47307872772216797,1.9287376150318705,1.945910149055313,0.017172534023442543,-9.69685847749738,0.9911750632310646,0.9999999999999999,0.008824936768935254,7,7.0,0,0.0,0.20635361841030497,1.3797025729980276e-308,0.20635361841030497,4.0,7.0,-3.0,2.935997135289382,3.311551094055176,-0.3755539587657939,"[4, 0, 0]",7,0
quincas_borba,complexo,pt,sbert,150,276,44685,7,0.47307872772216797,1.9255946077748842,1.945910149055313,0.020315541280428784,-11.471628381760647,0.9895598770116433,0.9999999999999999,0.010440122988356615,7,7.0,0,0.0,0.22283958182065117,1.3797025729980276e-308,0.22283958182065117,5.0,7.0,-2.0,2.976288149783582,3.311551094055176,-0.335262944271594,"[5, 0, 0]",7,0
quincas_borba,complexo,pt,sbert,150,277,44845,9,0.47307872772216797,2.193714630232475,2.1972245773362196,0.0035099471037445262,-0.21251911617189503,0.9984025542313932,1.0,0.0015974457686067645,9,9.0,0,0.0,0.1182308564995243,1.924301780028407e-308,0.1182308564995243,8.0,9.0,-1.0,4.1394776929999875,4.257708549499512,-0.11823085649952425,"[8, 0, 0]",9,0
quincas_borba,complexo,pt,sbert,150,278,45008,13,0.47307872772216797,2.562665620944633,2.5649112239484944,0.0022456030038613406,-1.430359383909723,0.9991096368003289,0.9999851328397844,0.0008754960394554701,13,13.0,0,0.0,0.08323017123213952,0.0843785144436903,0.0,7.0,12.0,-5.0,5.879314380085681,6.133405576831896,-0.2540911967462147,"[7, 0, 0]",13,0
quincas_borba,complexo,pt,sbert,150,279,45169,11,0.47307872772216797,2.391551555169929,2.397805532528758,0.006253977358829044,-0.33663269210862035,0.9973544642668908,0.9999846141517821,0.0026301498848912974,11,11.0,0,0.0,0.15230098983906026,0.06392509366460675,0.08837589617445352,8.0,10.0,-2.0,4.969355297596216,5.177868910006097,-0.20851361240988098,"[8, 0, 0]",11,0
quincas_borba,complexo,pt,sbert,150,280,45331,9,0.47307872772216797,2.1970146018858174,2.1972245773362196,0.0002099754504021334,-0.012713524112557379,0.9999044360542076,1.0,9.556394579235405e-05,9,9.0,0,0.0,0.030567638561776134,1.924301780028407e-308,0.030567638561776134,7.0,9.0,-2.0,4.222380694618629,4.257708549499512,-0.03532785488088308,"[7, 0, 0]",9,0
quincas_borba,complexo,pt,sbert,150,281,45496,10,0.47307872772216797,2.3003487513501533,2.3025850929940455,0.0022363416438921924,-1.388317534983194,0.999028769164407,0.9999999999999998,0.0009712308355928068,10,10.0,0,0.0,0.10007480236524435,0.03663890436200887,0.06343589800323549,9.0,10.0,-1.0,4.630712474856436,4.73078727722168,-0.1000748023652438,"[9, 0, 0]",10,0
quincas_borba,complexo,pt,sbert,150,282,45661,11,0.47307872772216797,2.3920141811378675,2.397805532528758,0.005791351390890487,-0.3117309350201246,0.9975473942806351,0.9999846141517821,0.0024372198711469784,11,11.0,0,0.0,0.1264566985099249,0.06392509366460675,0.06253160484531814,8.0,10.0,-2.0,4.95771299008099,5.177868910006097,-0.22015591992510686,"[8, 0, 0]",11,0
quincas_borba,complexo,pt,sbert,150,283,45817,12,0.47307872772216797,2.4839944432560164,2.4848563296209933,0.0008618863649769715,-0.26071862229658854,0.9996329010862192,0.9999797496750991,0.0003468485888799,12,12.0,0,0.0,0.06990496222170389,0.05107120957433653,0.018833752647367363,10.0,11.0,-1.0,5.593768946971474,5.65980412504697,-0.06603517807549597,"[10, 0, 0]",12,0
quincas_borba,complexo,pt,sbert,150,284,45976,13,0.47307872772216797,2.554716567984493,2.5649112239484944,0.010194655964001154,-6.493588492162826,0.9960105296241908,0.9999851328397844,0.0039746032155936195,13,13.0,0,0.0,0.15841431906216916,0.0843785144436903,0.07403580461847886,8.0,12.0,-4.0,5.68352795574425,6.133405576831896,-0.44987762108764606,"[8, 0, 0]",13,0
quincas_borba,complexo,pt,sbert,150,285,46126,17,0.47307872772216797,2.8068969052160564,2.8328799623317966,0.025983057115740227,-6.741366860228327,0.9907114517530532,0.9998503452063958,0.009138893453342622,17,17.0,0,0.0,0.23016668873592877,0.06272406205655201,0.16744262667937676,13.0,15.0,-2.0,7.4105617817728335,7.966901011159748,-0.5563392293869143,"[13, 0, 0]",17,0
quincas_borba,complexo,pt,sbert,150,286,46287,13,0.47307872772216797,2.5485493421613095,2.5649112239484944,0.016361881787184895,-10.42186491222141,0.9936061056127603,0.9999851328397844,0.006379027227024103,13,13.0,0,0.0,0.20738207726812388,0.0843785144436903,0.12300356282443359,9.0,12.0,-3.0,5.615233586005794,6.133405576831896,-0.5181719908261018,"[9, 0, 0]",13,0
quincas_borba,complexo,pt,sbert,150,287,46449,10,0.47307872772216797,2.2883805009707032,2.3025850929940455,0.014204592023342233,-8.818189401940547,0.9938310240665753,0.9999999999999998,0.00616897593342447,10,10.0,0,0.0,0.22847003382685932,0.03663890436200887,0.19183112946485045,5.0,10.0,-5.0,4.3439797066102805,4.73078727722168,-0.38680757061139914,"[5, 0, 0]",10,0
quincas_borba,complexo,pt,sbert,150,288,46609,16,0.47307872772216797,2.7706576884580327,2.7719761766642175,0.0013184882061847425,-0.14095437275786282,0.9993035267848206,0.999779070883954,0.0004755440991334181,16,16.0,0,0.0,0.08018673707231055,0.08422790500723468,0.0,9.0,15.0,-6.0,7.285896816873606,7.492239382849898,-0.20634256597629186,"[9, 0, 0]",16,0
quincas_borba,complexo,pt,sbert,150,289,46783,11,0.47307872772216797,2.397807636399142,2.397805532528758,2.1038703841291806e-06,0.00011324498165270112,0.9999634527828539,0.9999846141517821,2.1161368928157565e-05,11,11.0,0,0.0,0.02155903698544931,0.06392509366460675,0.0,10.0,10.0,0.0,5.182306967958398,5.177868910006097,0.004438057952301122,"[10, 0, 0]",11,0
quincas_borba,complexo,pt,sbert,150,290,46960,5,0.47307872772216797,1.6025242480112816,1.6094379124341005,0.0069136644228189326,-1.2261222529829967,0.9957042987682808,1.0000000000000002,0.0042957012317194065,5,5.0,0,0.0,0.1274916340970748,1.874448137662374e-308,0.1274916340970748,4.0,5.0,-1.0,2.237902004513765,2.36539363861084,-0.12749163409707487,"[4, 0, 0]",5,0
quincas_borba,complexo,pt,sbert,150,291,47121,13,0.47307872772216797,2.540025881671358,2.5649112239484944,0.024885342277136235,-15.850968664853575,0.990283053457693,0.9999851328397844,0.009702079382091444,13,13.0,0,0.0,0.229585381897475,0.0843785144436903,0.1452068674537847,11.0,12.0,-1.0,5.760138001229604,6.133405576831896,-0.3732675756022914,"[11, 0, 0]",13,0
quincas_borba,complexo,pt,sbert,150,292,47292,7,0.47307872772216797,1.9433888359071347,1.945910149055313,0.0025213131481782725,-1.423716310124211,0.9987043013525561,0.9999999999999999,0.0012956986474438326,7,7.0,0,0.0,0.09103925083525888,1.3797025729980276e-308,0.09103925083525888,6.0,7.0,-1.0,3.220511843219917,3.311551094055176,-0.09103925083525866,"[6, 0, 0]",7,0
quincas_borba,complexo,pt,sbert,150,293,47451,11,0.47307872772216797,2.3896015028437327,2.397805532528758,0.008204029685025205,-0.44159811277701255,0.9965412292818948,0.9999846141517821,0.003443384869887267,11,11.0,0,0.0,0.17040093122193886,0.06392509366460675,0.10647583755733211,10.0,10.0,0.0,5.012906055542694,5.177868910006097,-0.1649628544634032,"[10, 0, 0]",11,0
quincas_borba,complexo,pt,sbert,150,294,47608,13,0.47307872772216797,2.5181768959999022,2.5649112239484944,0.046734327948592114,-29.767899498281384,0.981764762206485,0.9999851328397844,0.0182203706332994,13,13.0,0,0.0,0.23653936386108398,0.0843785144436903,0.1521608494173937,8.0,12.0,-4.0,5.417869198904061,6.133405576831896,-0.715536377927835,"[8, 0, 0]",13,0
quincas_borba,complexo,pt,sbert,150,295,47762,8,0.47307872772216797,2.0794415416798357,2.0794415416798357,0.0,0.0,1.0,1.0,0.0,8,8.0,0,0.0,1.832744176034202e-308,1.832744176034202e-308,0.0,8.0,8.0,0.0,3.7846298217773438,3.7846298217773438,0.0,"[8, 0, 0]",8,0
quincas_borba,complexo,pt,sbert,150,296,47917,11,0.47307872772216797,2.375397166544966,2.397805532528758,0.022408365983792145,-1.206174588436879,0.9906175609466258,0.9999846141517821,0.009367053205156295,11,11.0,0,0.0,0.22625985477147675,0.06392509366460675,0.16233476110687,9.0,10.0,-1.0,4.876405758732269,5.177868910006097,-0.30146315127382817,"[9, 0, 0]",11,0
quincas_borba,complexo,pt,sbert,150,297,48070,7,0.47307872772216797,1.945910149055313,1.945910149055313,0.0,0.0,0.9999999999999999,0.9999999999999999,0.0,7,7.0,0,0.0,1.3797025729980276e-308,1.3797025729980276e-308,0.0,7.0,7.0,0.0,3.311551094055176,3.311551094055176,0.0,"[7, 0, 0]",7,0
quincas_borba,complexo,pt,sbert,150,298,48221,18,0.47307872772216797,2.8847334940852827,2.8894938806498347,0.004760386564552022,-0.4827951077200565,0.9980492945948981,0.9996962753168579,0.0016469807219597898,18,18.0,0,0.0,0.10725236491066997,0.07314461002894745,0.03410775488172252,13.0,16.0,-3.0,8.026994835028525,8.396953860297412,-0.36995902526888713,"[13, 0, 0]",18,0
quincas_borba,complexo,pt,sbert,150,299,48383,9,0.47307872772216797,2.180954312763779,2.1972245773362196,0.016270264572440407,-0.9851265972439011,0.9925950834792839,1.0,0.007404916520716065,9,9.0,0,0.0,0.18591569775146077,1.924301780028407e-308,0.18591569775146077,6.0,9.0,-3.0,3.8554116757773556,4.257708549499512,-0.40229687372215617,"[6, 0, 0]",9,0
quincas_borba,complexo,pt,sbert,150,300,48538,9,0.47307872772216797,2.192986280939489,2.1972245773362196,0.004238296396730679,-0.2566189682308359,0.9980710681828123,1.0,0.0019289318171876735,9,9.0,0,0.0,0.12421530985419954,1.924301780028407e-308,0.12421530985419954,7.0,9.0,-2.0,4.080614618014161,4.257708549499512,-0.17709393148535035,"[7, 0, 0]",9,0
quincas_borba,complexo,pt,sbert,150,301,48693,10,0.47307872772216797,2.297904927179808,2.3025850929940455,0.004680165814237469,-2.9054399108833144,0.9979674298124842,0.9999999999999998,0.00203257018751557,10,10.0,0,0.0,0.10935906964606068,0.03663890436200887,0.07272016528405181,8.0,10.0,-2.0,4.517879024403663,4.73078727722168,-0.21290825281801684,"[8, 0, 0]",10,0
quincas_borba,complexo,pt,sbert,150,302,48848,9,0.47307872772216797,2.1890329363572913,2.1972245773362196,0.008191640978928216,-0.49598476825536014,0.9962718235252679,1.0,0.0037281764747321144,9,9.0,0,0.0,0.15251805755611564,1.924301780028407e-308,0.15251805755611564,4.0,9.0,-5.0,3.880104798394281,4.257708549499512,-0.3776037511052306,"[4, 0, 0]",9,0
quincas_borba,complexo,pt,sbert,150,303,49003,11,0.47307872772216797,2.3913303753452158,2.397805532528758,0.006475157183542191,-0.3485381333280686,0.9972622251156559,0.9999846141517821,0.002722389036126205,11,11.0,0,0.0,0.12328498953955969,0.06392509366460675,0.05935989587495294,8.0,10.0,-2.0,4.893979970024487,5.177868910006097,-0.28388893998161,"[8, 0, 0]",11,0
quincas_borba,complexo,pt,sbert,150,304,49207,13,0.47307872772216797,2.5611383780770374,2.5649112239484944,0.003772845871456987,-2.4031520651709894,0.9985142087217382,0.9999851328397844,0.0014709241180461685,13,13.0,0,0.0,0.10277650620241033,0.0843785144436903,0.018397991758720034,11.0,12.0,-1.0,5.936690523029817,6.133405576831896,-0.19671505380207854,"[11, 0, 0]",13,0
quincas_borba,complexo,pt,sbert,150,305,49381,7,0.47307872772216797,1.9458698888527333,1.945910149055313,4.026020257974494e-05,-0.02273383102099101,0.9999793103486306,0.9999999999999999,2.068965136925449e-05,7,7.0,0,0.0,0.012050159552442541,1.3797025729980276e-308,0.012050159552442541,6.0,7.0,-1.0,3.299500934502733,3.311551094055176,-0.012050159552442707,"[6, 0, 0]",7,0
quincas_borba,complexo,pt,sbert,150,306,49535,9,0.47307872772216797,2.187701971078956,2.1972245773362196,0.009522606257263533,-0.5765716136541248,0.9956660751224583,1.0,0.004333924877541695,9,9.0,0,0.0,0.1746450963345425,1.924301780028407e-308,0.1746450963345425,6.0,9.0,-3.0,3.965368557867245,4.257708549499512,-0.29233999163226665,"[6, 0, 0]",9,0
quincas_borba,complexo,pt,sbert,150,307,49697,13,0.47307872772216797,2.500615004016772,2.5649112239484944,0.0642962199317223,-40.95412295544874,0.9749178855100537,0.9999851328397844,0.025067247329730757,13,13.0,0,0.0,0.229585381897475,0.0843785144436903,0.1452068674537847,9.0,12.0,-3.0,5.315476680756529,6.133405576831896,-0.817928896075367,"[9, 0, 0]",13,0
quincas_borba,complexo,pt,sbert,150,308,49873,10,0.47307872772216797,2.3023690034559823,2.3025850929940455,0.00021608953806318,-0.1341480608022847,0.999906153506022,0.9999999999999998,9.384649397781164e-05,10,10.0,0,0.0,0.03225570047193693,0.03663890436200887,0.0,9.0,10.0,-1.0,4.698531576749742,4.73078727722168,-0.03225570047193749,"[9, 0, 0]",10,0
quincas_borba,complexo,pt,sbert,150,309,50030,17,0.47307872772216797,2.8326227719373964,2.8328799623317966,0.0002571903944001974,-0.06672866837244566,0.9997915539540788,0.9998503452063958,5.8791252317003106e-05,17,17.0,0,0.0,0.047842676214275764,0.06272406205655201,0.0,14.0,15.0,-1.0,7.9380837393147194,7.966901011159748,-0.028817271845028358,"[14, 0, 0]",17,0
quincas_borba,complexo,pt,sbert,150,310,50188,18,0.47307872772216797,2.88450100144858,2.8894938806498347,0.004992879201254574,-0.5063743498800872,0.9979688576628435,0.9996962753168579,0.001727417654014407,18,18.0,0,0.0,0.1364405207774652,0.07314461002894745,0.06329591074851776,14.0,16.0,-2.0,8.242693511564482,8.396953860297412,-0.1542603487329295,"[14, 0, 0]",18,0
quincas_borba,complexo,pt,sbert,150,311,50339,10,0.47307872772216797,2.2999498595609227,2.3025850929940455,0.0026352334331227745,-1.6359489588589344,0.9988555326614676,0.9999999999999998,0.0011444673385321291,10,10.0,0,0.0,0.10209649499722573,0.03663890436200887,0.06545759063521686,6.0,10.0,-4.0,4.551624572732965,4.73078727722168,-0.1791627044887143,"[6, 0, 0]",10,0
quincas_borba,complexo,pt,sbert,150,312,50489,10,0.47307872772216797,2.301120815238354,2.3025850929940455,0.0014642777556912456,-0.9090214323308435,0.9993640722507294,0.9999999999999998,0.0006359277492703486,10,10.0,0,0.0,0.06957351809135554,0.03663890436200887,0.03293461372934667,8.0,10.0,-2.0,4.609551141844076,4.73078727722168,-0.12123613537760392,"[8, 0, 0]",10,0
quincas_borba,complexo,pt,sbert,150,313,50643,9,0.47307872772216797,2.186184961733941,2.1972245773362196,0.01103961560227873,-0.6684229936601639,0.9949756544159621,1.0,0.005024345584037859,9,9.0,0,0.0,0.18989867962008383,1.924301780028407e-308,0.18989867962008383,6.0,9.0,-3.0,3.9189716164699178,4.257708549499512,-0.33873693302959396,"[6, 0, 0]",9,0
quincas_borba,complexo,pt,sbert,150,314,50793,6,0.47307872772216797,1.7915559900388183,1.7917594692280547,0.00020347918923646624,-0.07975320674893205,0.999886436102205,0.9999999999999999,0.0001135638977949327,6,6.0,0,0.0,0.025226375170366966,0.03364721238264334,0.0,5.0,6.0,-1.0,2.813245991162641,2.838472366333008,-0.025226375170366744,"[5, 0, 0]",6,0
quincas_borba,complexo,pt,sbert,150,315,50959,13,0.47307872772216797,2.488804661524765,2.5649112239484944,0.07610656242372915,-48.47683920653229,0.9703133725758508,0.9999851328397844,0.02967176026393359,13,13.0,0,0.0,0.229585381897475,0.0843785144436903,0.1452068674537847,10.0,12.0,-2.0,5.667804862787328,6.133405576831896,-0.4656007140445677,"[10, 0, 0]",13,0
quincas_borba,complexo,pt,sbert,150,316,51130,8,0.47307872772216797,2.0789410211897685,2.0794415416798357,0.0005005204900672133,-0.32210456929835035,0.9997593005237055,1.0,0.0002406994762944592,8,8.0,0,0.0,0.04418813911188957,1.832744176034202e-308,0.04418813911188957,7.0,8.0,-1.0,3.740441682665454,3.7846298217773438,-0.04418813911188968,"[7, 0, 0]",8,0
quincas_borba,complexo,pt,sbert,150,317,51302,10,0.47307872772216797,2.296461970756745,2.3025850929940455,0.006123122237300382,-3.8012250919294015,0.9973407618003212,0.9999999999999998,0.002659238199678615,10,10.0,0,0.0,0.1548700449016192,0.03663890436200887,0.11823114053961034,8.0,10.0,-2.0,4.516477131699544,4.73078727722168,-0.2143101455221359,"[8, 0, 0]",10,0
quincas_borba,complexo,pt,sbert,150,318,51462,9,0.47307872772216797,2.197142179091748,2.1972245773362196,8.239824447153765e-05,-0.004989021649507309,0.9999624989428384,1.0,3.750105716160412e-05,9,9.0,0,0.0,0.018937995337152624,1.924301780028407e-308,0.018937995337152624,7.0,9.0,-2.0,4.232840184253836,4.257708549499512,-0.02486836524567604,"[7, 0, 0]",9,0
quincas_borba,complexo,pt,sbert,150,319,51613,11,0.47307872772216797,2.3978952727983707,2.397805532528758,8.974026961272585e-05,0.004830447380439759,1.0,0.9999846141517821,1.5385848217919218e-05,11,11.0,0,0.0,0.020559018179214433,0.06392509366460675,0.0,11.0,10.0,1.0,5.203866004943848,5.177868910006097,0.025997094937750376,"[11, 0, 0]",11,0
quincas_borba,complexo,pt,sbert,150,320,51767,7,0.47307872772216797,1.9459101139556816,1.945910149055313,3.509963142356298e-08,-1.981979817666884e-05,0.9999999819623575,0.9999999999999999,1.8037642379731267e-08,7,7.0,0,0.0,0.0003581261137318159,1.3797025729980276e-308,0.0003581261137318159,6.0,7.0,-1.0,3.311192967941444,3.311551094055176,-0.0003581261137317604,"[6, 0, 0]",7,0
quincas_borba,complexo,pt,sbert,150,321,51923,9,0.47307872772216797,2.191877619536978,2.1972245773362196,0.005346957799241547,-0.3237458320927286,0.997566494634006,1.0,0.00243350536599396,9,9.0,0,0.0,0.14302467900245164,1.924301780028407e-308,0.14302467900245164,7.0,9.0,-2.0,4.078281967753842,4.257708549499512,-0.17942658174566972,"[7, 0, 0]",9,0
quincas_borba,complexo,pt,sbert,150,322,52094,8,0.47307872772216797,2.075570746343632,2.0794415416798357,0.003870795336203603,-2.4910086387122647,0.9981385409213877,1.0,0.0018614590786123486,8,8.0,0,0.0,0.11773623146546658,1.832744176034202e-308,0.11773623146546658,7.0,8.0,-1.0,3.666893590311877,3.7846298217773438,-0.11773623146546663,"[7, 0, 0]",8,0
quincas_borba,complexo,pt,sbert,150,323,52256,13,0.47307872772216797,2.560916215330682,2.5649112239484944,0.0039950086178124344,-2.5446608574456064,0.9984275938551682,0.9999851328397844,0.0015575389846161913,13,13.0,0,0.0,0.10800270567901818,0.0843785144436903,0.023624191235327885,11.0,12.0,-1.0,5.931637921162972,6.133405576831896,-0.20176765566892385,"[11, 0, 0]",13,0
quincas_borba,complexo,pt,sbert,150,324,52415,9,0.47307872772216797,2.1958942570418416,2.1972245773362196,0.0013303202943779624,-0.08054779312347085,0.9993945451420397,1.0,0.0006054548579602637,9,9.0,0,0.0,0.05689038481410291,1.924301780028407e-308,0.05689038481410291,7.0,9.0,-2.0,4.144781691442613,4.257708549499512,-0.11292685805689828,"[7, 0, 0]",9,0
quincas_borba,complexo,pt,sbert,150,325,52567,9,0.47307872772216797,2.1969576980584504,2.1972245773362196,0.00026687927776913867,-0.016158918228591973,0.9998785380063003,1.0,0.00012146199369966748,9,9.0,0,0.0,0.03416691456631055,1.924301780028407e-308,0.03416691456631055,8.0,9.0,-1.0,4.223541634933201,4.257708549499512,-0.0341669145663106,"[8, 0, 0]",9,0
quincas_borba,complexo,pt,sbert,150,326,52723,11,0.47307872772216797,2.394222600762887,2.397805532528758,0.003582931765870878,-0.19285838383854262,0.9984683767981253,0.9999846141517821,0.001516237353656802,11,11.0,0,0.0,0.11469922289418502,0.06392509366460675,0.050774129229578274,9.0,10.0,-1.0,5.026928584094006,5.177868910006097,-0.1509403259120914,"[9, 0, 0]",11,0
quincas_borba,complexo,pt,sbert,150,327,52873,14,0.47307872772216797,2.6272462741642477,2.639001668643156,0.011755394478908165,-5.985788151680411,0.9955245172893866,0.999978908767355,0.004454391477968334,14,14.0,0,0.0,0.18834290159194464,0.05515090284380103,0.1331919987481436,9.0,13.0,-4.0,6.107562015251329,6.5994549571616865,-0.4918929419103577,"[9, 0, 0]",14,0
quincas_borba,complexo,pt,sbert,150,328,53024,13,0.47307872772216797,2.5513774557950093,2.5649112239484944,0.01353376815348506,-8.620469532998198,0.994708705796843,0.9999851328397844,0.005276427042941401,13,13.0,0,0.0,0.22311600069411278,0.0843785144436903,0.13873748625042248,8.0,12.0,-4.0,5.696025284098974,6.133405576831896,-0.43738029273292156,"[8, 0, 0]",13,0
quincas_borba,complexo,pt,sbert,150,329,53192,11,0.47307872772216797,2.2979175672311074,2.397805532528758,0.09988796529765054,-5.3766671572498925,0.9979729193170146,0.9999846141517821,0.0020116948347674857,10,11.0,0,0.0,0.22625985477147675,0.06392509366460675,0.16233476110687,9.0,10.0,-1.0,4.589590563362422,5.177868910006097,-0.5882783466436754,"[9, 0, 0]",10,0
quincas_borba,complexo,pt,sbert,150,330,53355,9,0.47307872772216797,2.1968455105318165,2.1972245773362196,0.00037906680440302765,-0.02295161148038189,0.9998274792625601,1.0,0.00017252073743989627,9,9.0,0,0.0,0.040643545255890534,1.924301780028407e-308,0.040643545255890534,7.0,9.0,-2.0,4.216487581817784,4.257708549499512,-0.04122096768172767,"[7, 0, 0]",9,0
quincas_borba,complexo,pt,sbert,150,331,53505,9,0.47307872772216797,2.193758472449384,2.1972245773362196,0.0034661048868356303,-0.20986457212518986,0.9984225076841996,1.0,0.0015774923158003995,9,9.0,0,0.0,0.09181631709235782,1.924301780028407e-308,0.09181631709235782,4.0,9.0,-5.0,3.955801079696554,4.257708549499512,-0.3019074698029578,"[4, 0, 0]",9,0
quincas_borba,complexo,pt,sbert,150,332,53668,9,0.47307872772216797,2.1972245773362196,2.1972245773362196,0.0,0.0,1.0,1.0,0.0,9,9.0,0,0.0,1.924301780028407e-308,1.924301780028407e-308,0.0,9.0,9.0,0.0,4.257708549499512,4.257708549499512,0.0,"[9, 0, 0]",9,0
quincas_borba,complexo,pt,sbert,150,333,53826,7,0.47307872772216797,1.9458456803312592,1.945910149055313,6.446872405385662e-05,-0.036403718433265765,0.9999668696295739,0.9999999999999999,3.313037042596001e-05,7,7.0,0,0.0,0.015221435400177896,1.3797025729980276e-308,0.015221435400177896,6.0,7.0,-1.0,3.296329658654998,3.311551094055176,-0.015221435400177619,"[6, 0, 0]",7,0
quincas_borba,complexo,pt,sbert,150,334,53986,8,0.47307872772216797,2.07565996116813,2.0794415416798357,0.003781580511705851,-2.4335953995139707,0.9981814441830132,1.0,0.0018185558169867555,8,8.0,0,0.0,0.08875456230110618,1.832744176034202e-308,0.08875456230110618,5.0,8.0,-3.0,3.55006797453813,3.7846298217773438,-0.2345618472392137,"[5, 0, 0]",8,0
quincas_borba,complexo,pt,sbert,150,335,54141,15,0.47307872772216797,2.7064943018538243,2.707631855708187,0.0011375538543627606,-0.1157459739080088,0.9994254540599903,0.999845517858623,0.00042006379863268606,15,15.0,0,0.0,0.0620059319755103,0.08432839749643417,0.0,10.0,13.0,-3.0,6.906591502988849,7.026568792244689,-0.11997728925583928,"[10, 0, 0]",15,0
quincas_borba,complexo,pt,sbert,150,336,54329,8,0.47307872772216797,2.0794337948472634,2.0794415416798357,7.746832572319562e-06,-0.004985390645642377,0.9999962745610218,1.0,3.7254389781971042e-06,8,8.0,0,0.0,0.005613828586911396,1.832744176034202e-308,0.005613828586911396,7.0,8.0,-1.0,3.7790159931904324,3.7846298217773438,-0.005613828586911396,"[7, 0, 0]",8,0
quincas_borba,complexo,pt,sbert,150,337,54509,8,0.47307872772216797,2.072187663045286,2.0794415416798357,0.0072538786345499595,-4.668155449561032,0.9965116217555748,1.0,0.003488378244425161,8,8.0,0,0.0,0.14876965897509836,1.832744176034202e-308,0.14876965897509836,6.0,8.0,-2.0,3.5611051580104403,3.7846298217773438,-0.2235246637669035,"[6, 0, 0]",8,0
quincas_borba,complexo,pt,sbert,150,338,54670,11,0.47307872772216797,2.3972022101589583,2.397805532528758,0.0006033223697996526,-0.03247501900023451,0.9997109704300791,0.9999846141517821,0.00027364372170302076,11,11.0,0,0.0,0.053369705436897896,0.06392509366460675,0.0,8.0,10.0,-2.0,5.097924037685089,5.177868910006097,-0.07994487232100855,"[8, 0, 0]",11,0
quincas_borba,complexo,pt,sbert,150,339,54863,6,0.47307872772216797,1.7917594692280547,1.7917594692280547,0.0,0.0,0.9999999999999999,0.9999999999999999,0.0,6,6.0,0,0.0,1.424711903624413e-308,0.03364721238264334,0.0,6.0,6.0,0.0,2.838472366333008,2.838472366333008,0.0,"[6, 0, 0]",6,0
quincas_borba,complexo,pt,sbert,150,340,55018,6,0.47307872772216797,1.7816462461511366,1.7917594692280547,0.010113223076918088,-3.9638548491275984,0.9943557027320886,0.9999999999999999,0.005644297267911269,6,6.0,0,0.0,0.1643505339170343,0.03364721238264334,0.13070332153439096,4.0,6.0,-2.0,2.6461512888763634,2.838472366333008,-0.1923210774566444,"[4, 0, 0]",6,0
quincas_borba,complexo,pt,sbert,150,341,55169,8,0.47307872772216797,2.0789733631378473,2.0794415416798357,0.0004681785419884399,-0.30129125703058685,0.9997748537130742,1.0,0.00022514628692582583,8,8.0,0,0.0,0.04277029939399629,1.832744176034202e-308,0.04277029939399629,7.0,8.0,-1.0,3.7418595223833475,3.7846298217773438,-0.042770299393996236,"[7, 0, 0]",8,0
quincas_borba,complexo,pt,sbert,150,342,55323,9,0.47307872772216797,2.1972245773362196,2.1972245773362196,0.0,0.0,1.0,1.0,0.0,9,9.0,0,0.0,1.924301780028407e-308,1.924301780028407e-308,0.0,9.0,9.0,0.0,4.257708549499512,4.257708549499512,0.0,"[9, 0, 0]",9,0
quincas_borba,complexo,pt,sbert,150,343,55475,8,0.47307872772216797,2.0683660300313877,2.0794415416798357,0.011075511648448,-7.127526205377007,0.994673804756492,1.0,0.00532619524350797,8,8.0,0,0.0,0.1658603426054317,1.832744176034202e-308,0.1658603426054317,5.0,8.0,-3.0,3.497410237199508,3.7846298217773438,-0.2872195845778358,"[5, 0, 0]",8,0
quincas_borba,complexo,pt,sbert,150,344,55630,9,0.47307872772216797,2.1962769216051,2.1972245773362196,0.0009476557311196565,-0.057378345730032705,0.9995687032900986,1.0,0.00043129670990138536,9,9.0,0,0.0,0.06179554807764709,1.924301780028407e-308,0.06179554807764709,7.0,9.0,-2.0,4.172528307901512,4.257708549499512,-0.08518024159799964,"[7, 0, 0]",9,0
quincas_borba,complexo,pt,sbert,150,345,55785,10,0.47307872772216797,2.302583977070845,2.3025850929940455,1.1159232005120145e-06,-0.0006927634474797992,0.9999995153607116,0.9999999999999998,4.846392881452388e-07,10,10.0,0,0.0,0.0023530958229554533,0.03663890436200887,0.0,9.0,10.0,-1.0,4.7284341813987245,4.73078727722168,-0.0023530958229551757,"[9, 0, 0]",10,0
quincas_borba,complexo,pt,sbert,150,346,55940,8,0.47307872772216797,2.070598898478536,2.0794415416798357,0.008842643201299794,-5.690587770804693,0.9957475875017114,1.0,0.00425241249828856,8,8.0,0,0.0,0.1598851318697539,1.832744176034202e-308,0.1598851318697539,4.0,8.0,-4.0,3.5057090631549306,3.7846298217773438,-0.27892075862241317,"[4, 0, 0]",8,0
quincas_borba,complexo,pt,sbert,150,347,56098,8,0.47307872772216797,2.0787136123406613,2.0794415416798357,0.0007279293391744268,-0.46845108427614096,0.9996499399840851,1.0,0.0003500600159148659,8,8.0,0,0.0,0.04855362969680871,1.832744176034202e-308,0.04855362969680871,5.0,8.0,-3.0,3.695255329639269,3.7846298217773438,-0.08937449213807458,"[5, 0, 0]",8,0
quincas_borba,complexo,pt,sbert,150,348,56269,11,0.47307872772216797,2.3724991032103397,2.397805532528758,0.0253064293184182,-1.3621685753449349,0.9894089746636877,0.9999846141517821,0.010575639488094368,11,11.0,0,0.0,0.22625985477147675,0.06392509366460675,0.16233476110687,5.0,10.0,-5.0,4.534281217606026,5.177868910006097,-0.6435876924000716,"[5, 0, 0]",11,0
quincas_borba,complexo,pt,sbert,150,349,56430,10,0.47307872772216797,2.3020067437443155,2.3025850929940455,0.0005783492497299925,-0.35903834592422856,0.9997488261122291,0.9999999999999998,0.0002511738877706282,10,10.0,0,0.0,0.05249662855375892,0.03663890436200887,0.01585772419175005,8.0,10.0,-2.0,4.672036362764221,4.73078727722168,-0.05875091445745895,"[8, 0, 0]",10,0
quincas_borba,complexo,pt,sbert,150,350,56598,11,0.47307872772216797,2.405269267308086,2.397805532528758,0.007463734779328046,0.40175027631062155,0.9679515596746024,0.9999846141517821,0.032033054477179634,12,11.0,1,0.0,0.10875257586151246,0.06392509366460675,0.044827482196905716,6.0,10.0,-4.0,4.911927253884156,5.177868910006097,-0.2659416561219414,"[6, 0, 0]",12,0
quincas_borba,complexo,pt,sbert,150,351,56755,11,0.47307872772216797,2.391990090429003,2.397805532528758,0.005815442099755153,-0.313027665039217,0.9975373476747063,0.9999846141517821,0.002447266477075827,11,11.0,0,0.0,0.1370834729965784,0.06392509366460675,0.07315837933197164,6.0,10.0,-4.0,4.879157898875308,5.177868910006097,-0.29871101113078957,"[6, 0, 0]",11,0
quincas_borba,complexo,pt,sbert,150,352,56940,11,0.47307872772216797,2.3978952727983707,2.397805532528758,8.974026961272585e-05,0.004830447380439759,1.0,0.9999846141517821,1.5385848217919218e-05,11,11.0,0,0.0,0.020559018179214433,0.06392509366460675,0.0,11.0,10.0,1.0,5.203866004943848,5.177868910006097,0.025997094937750376,"[11, 0, 0]",11,0
quincas_borba,complexo,pt,sbert,150,353,57118,8,0.47307872772216797,2.076119808367249,2.0794415416798357,0.003321733312586783,-2.1376656884337915,0.9984025839409252,1.0,0.0015974160590748188,8,8.0,0,0.0,0.10960649867194933,1.832744176034202e-308,0.10960649867194933,7.0,8.0,-1.0,3.6750233231053944,3.7846298217773438,-0.10960649867194938,"[7, 0, 0]",8,0
quincas_borba,complexo,pt,sbert,150,354,57296,9,0.47307872772216797,2.1967471922059607,2.1972245773362196,0.0004773851302588561,-0.028904556951295134,0.999782732664115,1.0,0.00021726733588500746,9,9.0,0,0.0,0.04542337136348662,1.924301780028407e-308,0.04542337136348662,8.0,9.0,-1.0,4.212285178136025,4.257708549499512,-0.045423371363487064,"[8, 0, 0]",9,0
quincas_borba,complexo,pt,sbert,150,355,57451,14,0.47307872772216797,2.6233402723388934,2.639001668643156,0.015661396304262443,-7.974704771075667,0.9940444426500366,0.999978908767355,0.005934466117318404,14,14.0,0,0.0,0.22732584184628582,0.05515090284380103,0.1721749390024848,8.0,13.0,-5.0,6.0700856444139974,6.5994549571616865,-0.5293693127476891,"[8, 0, 0]",14,0
quincas_borba,complexo,pt,sbert,150,356,57628,8,0.47307872772216797,2.0629229345827635,2.0794415416798357,0.016518607097072202,-10.630371643120169,0.9920562291528869,1.0,0.007943770847113063,8,8.0,0,0.0,0.18094056130872643,1.832744176034202e-308,0.18094056130872643,5.0,8.0,-3.0,3.3812654283993946,3.7846298217773438,-0.40336439337794916,"[5, 0, 0]",8,0
quincas_borba,complexo,pt,sbert,150,357,57784,6,0.47307872772216797,1.777224988592819,1.7917594692280547,0.014534480635235658,-5.696756722100008,0.9918881519060715,0.9999999999999999,0.008111848093928398,6,6.0,0,0.0,0.16755743474524148,0.03364721238264334,0.13391022236259814,2.0,6.0,-4.0,2.5304527242250607,2.838472366333008,-0.3080196421079471,"[2, 0, 0]",6,0
quincas_borba,complexo,pt,sbert,150,358,57942,8,0.47307872772216797,2.079115984312158,2.0794415416798357,0.00032555736767792,-0.20950893675445595,0.9998434400000421,1.0,0.00015655999995789482,8,8.0,0,0.0,0.03053213578860181,1.832744176034202e-308,0.03053213578860181,6.0,8.0,-2.0,3.7305620311600034,3.7846298217773438,-0.05406779061734035,"[6, 0, 0]",8,0
quincas_borba,complexo,pt,sbert,150,359,58106,13,0.47307872772216797,2.5527005723049525,2.5649112239484944,0.012210651643541848,-7.777697185103701,0.9952245508781871,0.9999851328397844,0.004760581961597343,13,13.0,0,0.0,0.176302836197824,0.0843785144436903,0.0919243217541337,9.0,12.0,-3.0,5.664101824937188,6.133405576831896,-0.4693037518947074,"[9, 0, 0]",13,0
quincas_borba,complexo,pt,sbert,150,360,58290,11,0.47307872772216797,2.3950020509798287,2.397805532528758,0.0028034815489292875,-0.1509029353553035,0.9987934327860927,0.9999846141517821,0.0011911813656894088,11,11.0,0,0.0,0.10633435045606723,0.06392509366460675,0.04240925679146049,8.0,10.0,-2.0,5.0696808832512,5.177868910006097,-0.10818802675489714,"[8, 0, 0]",11,0
quincas_borba,complexo,pt,sbert,150,361,58443,9,0.47307872772216797,2.190584701687387,2.1972245773362196,0.006639875648832394,-0.40202899436169287,0.9969780623622542,1.0,0.0030219376377458307,9,9.0,0,0.0,0.15632727186072115,1.924301780028407e-308,0.15632727186072115,4.0,9.0,-5.0,3.953240128964085,4.257708549499512,-0.3044684205354269,"[4, 0, 0]",9,0
quincas_borba,complexo,pt,sbert,150,362,58604,9,0.47307872772216797,2.131182591124796,2.1972245773362196,0.06604198621142343,-3.9986883349082363,0.9699429967730069,1.0,0.030057003226993118,9,9.0,0,0.0,0.23653936386108398,1.924301780028407e-308,0.23653936386108398,4.0,9.0,-5.0,3.488382675421562,4.257708549499512,-0.7693258740779498,"[4, 0, 0]",9,0
quincas_borba,complexo,pt,sbert,150,363,58761,10,0.47307872772216797,2.2912843613205705,2.3025850929940455,0.011300731673475006,-7.015477256471305,0.9950921545927404,0.9999999999999998,0.004907845407259415,10,10.0,0,0.0,0.15859881732788628,0.03663890436200887,0.12195991296587741,4.0,10.0,-6.0,4.239379443231105,4.73078727722168,-0.49140783399057497,"[4, 0, 0]",10,0
quincas_borba,complexo,pt,sbert,150,364,58926,10,0.47307872772216797,2.293550135036571,2.3025850929940455,0.009034957957474443,-5.608888335311255,0.9960761676148407,0.9999999999999998,0.003923832385159032,10,10.0,0,0.0,0.18979320677509387,0.03663890436200887,0.153154302413085,8.0,10.0,-2.0,4.499438979876346,4.73078727722168,-0.2313482973453338,"[8, 0, 0]",10,0
quincas_borba,complexo,pt,sbert,150,365,59091,10,0.47307872772216797,2.3019758082827977,2.3025850929940455,0.0006092847112477706,-0.3782430339893226,0.9997353910119969,0.9999999999999998,0.0002646089880028457,10,10.0,0,0.0,0.053567425436457206,0.03663890436200887,0.01692852107444834,9.0,10.0,-1.0,4.677219851785223,4.73078727722168,-0.05356742543645687,"[9, 0, 0]",10,0
quincas_borba,complexo,pt,sbert,150,366,59241,8,0.47307872772216797,2.0724112960178633,2.0794415416798357,0.007030245661972412,-4.524238859246562,0.9966191664824138,1.0,0.0033808335175862236,8,8.0,0,0.0,0.13074441105486007,1.832744176034202e-308,0.13074441105486007,5.0,8.0,-3.0,3.4850628269375297,3.7846298217773438,-0.2995669948398141,"[5, 0, 0]",8,0
quincas_borba,complexo,pt,sbert,150,367,59415,9,0.47307872772216797,2.190948586549689,2.1972245773362196,0.0062759907865306275,-0.3799966140895793,0.9971436735000756,1.0,0.0028563264999244,9,9.0,0,0.0,0.1514246744500034,1.924301780028407e-308,0.1514246744500034,6.0,9.0,-3.0,4.008566569926684,4.257708549499512,-0.24914197957282802,"[6, 0, 0]",9,0
quincas_borba,complexo,pt,sbert,150,368,59566,10,0.47307872772216797,2.2974414163986148,2.3025850929940455,0.005143676595430691,-3.1931867079533465,0.9977661296379093,0.9999999999999998,0.00223387036209044,10,10.0,0,0.0,0.1476543035624024,0.03663890436200887,0.11101539920039352,9.0,10.0,-1.0,4.583132973659277,4.73078727722168,-0.14765430356240294,"[9, 0, 0]",10,0
quincas_borba,complexo,pt,sbert,150,369,59716,13,0.47307872772216797,2.564949357461537,2.5649112239484944,3.8133513042826195e-05,0.0242895240736943,1.0000000000000002,0.9999851328397844,1.4867160215814579e-05,13,13.0,0,0.0,0.013907963927217964,0.0843785144436903,0.0,13.0,12.0,1.0,6.150023460388184,6.133405576831896,0.016617883556287794,"[13, 0, 0]",13,0
quincas_borba,complexo,pt,sbert,150,370,59868,11,0.47307872772216797,2.3957272758693566,2.397805532528758,0.002078256659401312,-0.11186627229458378,0.9990958750560929,0.9999846141517821,0.0008887390956892061,11,11.0,0,0.0,0.06612495635623156,0.06392509366460675,0.00219986269162481,7.0,10.0,-3.0,4.959700107100083,5.177868910006097,-0.21816880290601404,"[7, 0, 0]",11,0
quincas_borba,complexo,pt,sbert,150,371,60018,13,0.47307872772216797,2.564394537089566,2.5649112239484944,0.0005166868589281393,-0.32910888342235994,0.999783691490689,0.9999851328397844,0.00020144134909538813,13,13.0,0,0.0,0.03826623444859162,0.0843785144436903,0.0,9.0,12.0,-3.0,6.03337172397765,6.133405576831896,-0.10003385285424571,"[9, 0, 0]",13,0
quincas_borba,complexo,pt,sbert,150,372,60175,11,0.47307872772216797,2.385031092470801,2.397805532528758,0.012774440057957026,-0.6876094843578766,0.9946352201142808,0.9999846141517821,0.005349394037501232,11,11.0,0,0.0,0.20549511010085067,0.06392509366460675,0.14157001643624392,9.0,10.0,-1.0,4.901858250431232,5.177868910006097,-0.27601065957486526,"[9, 0, 0]",11,0
quincas_borba,complexo,pt,sbert,150,373,60330,12,0.47307872772216797,2.4701096566582637,2.4848563296209933,0.01474667296272969,-4.460834298502869,0.9940452519087591,0.9999797496750991,0.005934497766339919,12,12.0,0,0.0,0.22689658211408154,0.05107120957433653,0.175825372539745,8.0,11.0,-3.0,5.261718207254402,5.65980412504697,-0.3980859177925682,"[8, 0, 0]",12,0
quincas_borba,complexo,pt,sbert,150,374,60481,12,0.47307872772216797,2.478746033125235,2.4848563296209933,0.006110296495758227,-1.84835048903497,0.9975207854736552,0.9999797496750991,0.0024589642014438695,12,12.0,0,0.0,0.14333556239487338,0.05107120957433653,0.09226435282053685,10.0,11.0,-1.0,5.432678885948616,5.65980412504697,-0.22712523909835447,"[10, 0, 0]",12,0
quincas_borba,complexo,pt,sbert,150,375,60639,15,0.47307872772216797,2.688839424535448,2.707631855708187,0.01879243117273921,-1.9121277114448414,0.9929060485810258,0.999845517858623,0.006939469277597143,15,15.0,0,0.0,0.19548699430900135,0.08432839749643417,0.11115859681256718,9.0,13.0,-4.0,6.270421555590438,7.026568792244689,-0.7561472366542503,"[9, 0, 0]",15,0
quincas_borba,complexo,pt,sbert,150,376,60793,11,0.47307872772216797,2.354678821238259,2.397805532528758,0.04312671129049894,-2.321380473662304,0.9819773398570165,0.9999846141517821,0.018007274294765563,11,11.0,0,0.0,0.22625985477147675,0.06392509366460675,0.16233476110687,3.0,10.0,-7.0,4.165647522555626,5.177868910006097,-1.012221387450471,"[3, 0, 0]",11,0
quincas_borba,complexo,pt,sbert,150,377,60953,12,0.47307872772216797,2.4826131830857667,2.4848563296209933,0.0022431465352266144,-0.6785466136121957,0.9990770411023572,0.9999797496750991,0.0009027085727418838,12,12.0,0,0.0,0.07743608458375287,0.05107120957433653,0.02636487500941634,7.0,11.0,-4.0,5.428998078259544,5.65980412504697,-0.23080604678742667,"[7, 0, 0]",12,0
quincas_borba,complexo,pt,sbert,150,378,61103,8,0.47307872772216797,1.9458996032255236,2.0794415416798357,0.13354193845431217,-85.93947585106206,0.9999945805155522,1.0,5.4194844477661874e-06,7,8.0,0,0.0,0.23653936386108398,1.832744176034202e-308,0.23653936386108398,6.0,8.0,-2.0,3.305363545726822,3.7846298217773438,-0.47926627605052197,"[6, 0, 0]",7,0
quincas_borba,complexo,pt,sbert,150,379,61256,9,0.47307872772216797,2.1956885254458998,2.1972245773362196,0.0015360518903198006,-0.09300436174000326,0.9993009126576483,1.0,0.0006990873423516897,9,9.0,0,0.0,0.07995284315988743,1.924301780028407e-308,0.07995284315988743,8.0,9.0,-1.0,4.1777557063396245,4.257708549499512,-0.07995284315988727,"[8, 0, 0]",9,0
quincas_borba,complexo,pt,sbert,150,380,61409,8,0.47307872772216797,2.079428234380157,2.0794415416798357,1.33072996786332e-05,-0.008563769349252062,0.999993600541582,1.0,6.399458417960524e-06,8,8.0,0,0.0,0.007350900589753295,1.832744176034202e-308,0.007350900589753295,7.0,8.0,-1.0,3.7772789211875906,3.7846298217773438,-0.007350900589753184,"[7, 0, 0]",8,0
quincas_borba,complexo,pt,sbert,150,381,61563,6,0.47307872772216797,1.7830805956932734,1.7917594692280547,0.008678873534781362,-3.4016647990614595,0.995156228453744,0.9999999999999999,0.004843771546255926,6,6.0,0,0.0,0.14190761583633021,0.03364721238264334,0.10826040345368687,4.0,6.0,-2.0,2.61120960087653,2.838472366333008,-0.22726276545647783,"[4, 0, 0]",6,0
quincas_borba,complexo,pt,sbert,150,382,61715,13,0.47307872772216797,2.558435348904735,2.5649112239484944,0.006475875043759238,-4.124873640594652,0.9974603753723823,0.9999851328397844,0.0025247574674021056,13,13.0,0,0.0,0.1380440985257458,0.0843785144436903,0.05366558408205552,10.0,12.0,-2.0,5.8211178728670365,6.133405576831896,-0.3122877039648593,"[10, 0, 0]",13,0
quincas_borba,complexo,pt,sbert,150,383,61865,13,0.47307872772216797,2.564949357461537,2.5649112239484944,3.8133513042826195e-05,0.0242895240736943,1.0000000000000002,0.9999851328397844,1.4867160215814579e-05,13,13.0,0,0.0,0.013907963927217964,0.0843785144436903,0.0,13.0,12.0,1.0,6.150023460388184,6.133405576831896,0.016617883556287794,"[13, 0, 0]",13,0
quincas_borba,complexo,pt,sbert,150,384,62039,7,0.47307872772216797,1.9451684507789442,1.945910149055313,0.0007416982763688296,-0.4188166527510822,0.9996188424852355,0.9999999999999999,0.0003811575147644186,7,7.0,0,0.0,0.04828511494003024,1.3797025729980276e-308,0.04828511494003024,5.0,7.0,-2.0,3.2384591016189503,3.311551094055176,-0.07309199243622544,"[5, 0, 0]",7,0
quincas_borba,complexo,pt,sbert,150,385,62196,11,0.47307872772216797,2.390494302768917,2.397805532528758,0.007311229759840998,-0.39354139221584206,0.9969135557697577,0.9999846141517821,0.003071058382024372,11,11.0,0,0.0,0.1568138186859034,0.06392509366460675,0.09288872502129666,7.0,10.0,-3.0,4.886096567591187,5.177868910006097,-0.29177234241491057,"[7, 0, 0]",11,0
quincas_borba,complexo,pt,sbert,150,386,62359,5,0.47307872772216797,1.6094379124341005,1.6094379124341005,0.0,0.0,1.0000000000000002,1.0000000000000002,0.0,5,5.0,0,0.0,1.874448137662374e-308,1.874448137662374e-308,0.0,5.0,5.0,0.0,2.36539363861084,2.36539363861084,0.0,"[5, 0, 0]",5,0
quincas_borba,complexo,pt,sbert,150,387,62514,11,0.47307872772216797,2.3822227933859854,2.397805532528758,0.015582739142772528,-0.8387717331039484,0.9934640684311057,0.9999846141517821,0.006520545720676396,11,11.0,0,0.0,0.18884821496529167,0.06392509366460675,0.12492312130068492,6.0,10.0,-4.0,4.574443385440454,5.177868910006097,-0.603425524565643,"[6, 0, 0]",11,0
quincas_borba,complexo,pt,sbert,150,388,62685,9,0.47307872772216797,2.1972245773362196,2.1972245773362196,0.0,0.0,1.0,1.0,0.0,9,9.0,0,0.0,1.924301780028407e-308,1.924301780028407e-308,0.0,9.0,9.0,0.0,4.257708549499512,4.257708549499512,0.0,"[9, 0, 0]",9,0
quincas_borba,complexo,pt,sbert,150,389,62841,6,0.47307872772216797,1.7910260036051038,1.7917594692280547,0.0007334656229509573,-0.28748018748228144,0.9995906450416209,0.9999999999999999,0.0004093549583790157,6,6.0,0,0.0,0.0472543968655631,0.03364721238264334,0.013607184482919754,5.0,6.0,-1.0,2.7912179694674446,2.838472366333008,-0.04725439686556321,"[5, 0, 0]",6,0
quincas_borba,complexo,pt,sbert,150,390,63005,7,0.47307872772216797,1.9458902927500104,1.945910149055313,1.9856305302656807e-05,-0.011212310433800787,0.9999897958776193,0.9999999999999999,1.0204122380619296e-05,7,7.0,0,0.0,0.008479535032536789,1.3797025729980276e-308,0.008479535032536789,6.0,7.0,-1.0,3.303071559022639,3.311551094055176,-0.008479535032536845,"[6, 0, 0]",7,0
quincas_borba,complexo,pt,sbert,150,391,63190,6,0.47307872772216797,1.7906617671232419,1.7917594692280547,0.0010977021048128588,-0.4302418504928292,0.9993873607905162,0.9999999999999999,0.0006126392094837341,6,6.0,0,0.0,0.04739871793667377,0.03364721238264334,0.01375150555403043,4.0,6.0,-2.0,2.7481159011621816,2.838472366333008,-0.09035646517082618,"[4, 0, 0]",6,0
quincas_borba,complexo,pt,sbert,150,392,63376,8,0.47307872772216797,2.0766279600554425,2.0794415416798357,0.0028135816243932688,-1.8106501437918094,0.9986469532477839,1.0,0.0013530467522161471,8,8.0,0,0.0,0.09696661039642479,1.832744176034202e-308,0.09696661039642479,6.0,8.0,-2.0,3.642080529610203,3.7846298217773438,-0.14254929216714096,"[6, 0, 0]",8,0
quincas_borba,complexo,pt,sbert,150,393,63529,8,0.47307872772216797,2.076397338152762,2.0794415416798357,0.0030442035270739076,-1.9590643847826983,0.9985360475560112,1.0,0.0014639524439887808,8,8.0,0,0.0,0.1058071864028341,1.832744176034202e-308,0.1058071864028341,6.0,8.0,-2.0,3.6714285470623143,3.7846298217773438,-0.1132012747150295,"[6, 0, 0]",8,0
quincas_borba,complexo,pt,sbert,150,394,63679,8,0.47307872772216797,2.0790479351652493,2.0794415416798357,0.0003936065145864198,-0.2533012321570659,0.9998107152777815,1.0,0.00018928472221846349,8,8.0,0,0.0,0.039291959233406115,1.832744176034202e-308,0.039291959233406115,7.0,8.0,-1.0,3.7453378625439377,3.7846298217773438,-0.039291959233406004,"[7, 0, 0]",8,0
quincas_borba,complexo,pt,sbert,150,395,63829,7,0.47307872772216797,1.9459019588165822,1.945910149055313,8.1902387307764e-06,-0.004624802941769653,0.9999957910498926,0.9999999999999999,4.208950107331688e-06,7,7.0,0,0.0,0.005455112423950803,1.3797025729980276e-308,0.005455112423950803,6.0,7.0,-1.0,3.306095981631225,3.311551094055176,-0.005455112423950581,"[6, 0, 0]",7,0
quincas_borba,complexo,pt,sbert,150,396,63980,12,0.47307872772216797,2.481992371448768,2.4848563296209933,0.0028639581722251783,-0.866340690976768,0.9988272081208842,0.9999797496750991,0.0011525415542148476,12,12.0,0,0.0,0.09065222511516852,0.05107120957433653,0.03958101554083199,6.0,11.0,-5.0,5.363517727774393,5.65980412504697,-0.2962863972725778,"[6, 0, 0]",12,0
quincas_borba,complexo,pt,sbert,150,397,64134,19,0.47307872772216797,2.944197988621363,2.943492560932647,0.0007054276887159538,0.09828966919856201,0.9999181540025851,0.9996409196686631,0.00027723433392201624,19,19.0,0,0.0,0.04720319155894337,0.06092846909432975,0.0,14.0,16.0,-2.0,8.91437386273001,8.847595557521366,0.06677830520864347,"[14, 0, 0]",19,0
quincas_borba,complexo,pt,sbert,150,398,64288,13,0.47307872772216797,2.5649181294792354,2.5649112239484944,6.905530741008192e-06,0.004398547151608652,0.9999878251076535,0.9999851328397844,2.6922678690866064e-06,13,13.0,0,0.0,0.01393995023332717,0.0843785144436903,0.0,12.0,12.0,0.0,6.136083510154856,6.133405576831896,0.002677933322960513,"[12, 0, 0]",13,0
quincas_borba,complexo,pt,sbert,150,399,64448,7,0.47307872772216797,1.945910149055313,1.945910149055313,0.0,0.0,0.9999999999999999,0.9999999999999999,0.0,7,7.0,0,0.0,1.3797025729980276e-308,1.3797025729980276e-308,0.0,7.0,7.0,0.0,3.311551094055176,3.311551094055176,0.0,"[7, 0, 0]",7,0
quincas_borba,complexo,pt,sbert,150,400,64606,8,0.47307872772216797,2.0766434665347155,2.0794415416798357,0.0027980751451202046,-1.8006711161062228,0.9986544102880335,1.0,0.0013455897119665217,8,8.0,0,0.0,0.1011110085791691,1.832744176034202e-308,0.1011110085791691,7.0,8.0,-1.0,3.683518813198175,3.7846298217773438,-0.10111100857916888,"[7, 0, 0]",8,0
quincas_borba,complexo,pt,sbert,150,401,64768,8,0.47307872772216797,2.0782406300347582,2.0794415416798357,0.0012009116450775181,-0.7728337518232722,0.9994224835750336,1.0,0.0005775164249663955,8,8.0,0,0.0,0.06856379233120208,1.832744176034202e-308,0.06856379233120208,5.0,8.0,-3.0,3.697131354578838,3.7846298217773438,-0.08749846719850574,"[5, 0, 0]",8,0
quincas_borba,complexo,pt,sbert,150,402,64928,15,0.47307872772216797,2.6988394365945028,2.707631855708187,0.008792419113684335,-0.894627634039249,0.996598746764754,0.999845517858623,0.00324677109386895,15,15.0,0,0.0,0.14613445988719745,0.08432839749643417,0.06180606239076328,8.0,13.0,-5.0,6.5173835096351995,7.026568792244689,-0.5091852826094891,"[8, 0, 0]",15,0
quincas_borba,complexo,pt,sbert,150,403,65122,14,0.47307872772216797,2.637161283938759,2.639001668643156,0.0018403847043968469,-0.9371146989476168,0.9992815443396313,0.999978908767355,0.0006973644277236124,14,14.0,0,0.0,0.07182458963793659,0.05515090284380103,0.016673686794135556,9.0,13.0,-4.0,6.391742395765758,6.5994549571616865,-0.20771256139592875,"[9, 0, 0]",14,0
quincas_borba,complexo,pt,sbert,150,404,65272,12,0.47307872772216797,2.483002864912309,2.4848563296209933,0.0018534647086845268,-0.5606687667422249,0.9992338606056473,0.9999797496750991,0.0007458890694517217,12,12.0,0,0.0,0.07240521678412418,0.05107120957433653,0.021334007209787648,8.0,11.0,-3.0,5.503510120099518,5.65980412504697,-0.15629400494745216,"[8, 0, 0]",12,0
quincas_borba,complexo,pt,sbert,150,405,65429,15,0.47307872772216797,2.7121798522756664,2.707631855708187,0.004547996567479284,0.4627581279024882,0.9572804878833198,0.999845517858623,0.042565029975303204,17,15.0,2,0.0,0.15807654205396535,0.08432839749643417,0.07374814455753118,8.0,13.0,-5.0,6.313336776353855,7.026568792244689,-0.7132320158908341,"[8, 0, 0]",17,0
quincas_borba,complexo,pt,sbert,150,406,65586,13,0.47307872772216797,2.511655214608927,2.5649112239484944,0.053256009339567534,-33.921949951727925,0.9792221461614533,0.9999851328397844,0.020762986678331097,13,13.0,0,0.0,0.229585381897475,0.0843785144436903,0.1452068674537847,11.0,12.0,-1.0,5.570154208794676,6.133405576831896,-0.5632513680372195,"[11, 0, 0]",13,0
quincas_borba,complexo,pt,sbert,150,407,65747,14,0.47307872772216797,2.6355615685734266,2.639001668643156,0.0034401000697292794,-1.7516817725620912,0.9986753751036013,0.999978908767355,0.0013035336637536865,14,14.0,0,0.0,0.10964514161467484,0.05515090284380103,0.05449423877087381,10.0,13.0,-3.0,6.357902626028277,6.5994549571616865,-0.24155233113340913,"[10, 0, 0]",14,0
quincas_borba,complexo,pt,sbert,150,408,65915,7,0.47307872772216797,1.9433361702012424,1.945910149055313,0.0025739788540706243,-1.4534551882628992,0.9986772365335982,0.9999999999999999,0.0013227634664016996,7,7.0,0,0.0,0.09193443974287607,1.3797025729980276e-308,0.09193443974287607,6.0,7.0,-1.0,3.2196166543122997,3.311551094055176,-0.09193443974287607,"[6, 0, 0]",7,0
quincas_borba,complexo,pt,sbert,150,409,66065,10,0.47307872772216797,2.2950833760986638,2.3025850929940455,0.007501716895381705,-4.6570545859048424,0.9967420457475351,0.9999999999999998,0.0032579542524646676,10,10.0,0,0.0,0.1640197288053048,0.03663890436200887,0.12738082444329593,7.0,10.0,-3.0,4.4345047338082955,4.73078727722168,-0.2962825434133842,"[7, 0, 0]",10,0
quincas_borba,complexo,pt,sbert,150,410,66216,10,0.47307872772216797,2.3024982189590033,2.3025850929940455,8.687403504215041e-05,-0.05393127052530802,0.9999622710859604,0.9999999999999998,3.772891403941436e-05,10,10.0,0,0.0,0.020573759197913044,0.03663890436200887,0.0,9.0,10.0,-1.0,4.7102135180237665,4.73078727722168,-0.020573759197913155,"[9, 0, 0]",10,0
quincas_borba,complexo,pt,sbert,150,411,66385,11,0.47307872772216797,2.3933778717650647,2.397805532528758,0.004427660763693275,-0.23832759172394066,0.998116097444058,0.9999846141517821,0.0018685167077240328,11,11.0,0,0.0,0.13316640517081021,0.06392509366460675,0.06924131150620347,9.0,10.0,-1.0,5.052479943233539,5.177868910006097,-0.12538896677255806,"[9, 0, 0]",11,0
quincas_borba,complexo,pt,sbert,150,412,66549,11,0.47307872772216797,2.3960052064079296,2.397805532528758,0.001800326120828366,-0.09690611173581143,0.9992117810932437,0.9999846141517821,0.0007728330585383691,11,11.0,0,0.0,0.07723371680912292,0.06392509366460675,0.013308623144516168,9.0,10.0,-1.0,5.061916300891158,5.177868910006097,-0.11595260911493899,"[9, 0, 0]",11,0
quincas_borba,complexo,pt,sbert,150,413,66703,12,0.47307872772216797,2.484906649788001,2.4848563296209933,5.032016700745601e-05,0.015221733570722764,1.0000000000000002,0.9999797496750991,2.0250324901160965e-05,12,12.0,0,0.0,0.01688081763815691,0.05107120957433653,0.0,12.0,11.0,1.0,5.676944732666016,5.65980412504697,0.017140607619045234,"[12, 0, 0]",12,0
quincas_borba,complexo,pt,sbert,150,414,66857,7,0.47307872772216797,1.945910149055313,1.945910149055313,0.0,0.0,0.9999999999999999,0.9999999999999999,0.0,7,7.0,0,0.0,1.3797025729980276e-308,1.3797025729980276e-308,0.0,7.0,7.0,0.0,3.311551094055176,3.311551094055176,0.0,"[7, 0, 0]",7,0
quincas_borba,complexo,pt,sbert,150,415,67010,10,0.47307872772216797,2.3025690847065743,2.3025850929940455,1.600828747116978e-05,-0.009937920827962797,0.9999930476890864,0.9999999999999998,6.952310913410642e-06,10,10.0,0,0.0,0.008883563617776924,0.03663890436200887,0.0,9.0,10.0,-1.0,4.721903713603902,4.73078727722168,-0.008883563617777313,"[9, 0, 0]",10,0
quincas_borba,complexo,pt,sbert,150,416,67163,10,0.47307872772216797,2.294849786826924,2.3025850929940455,0.007735306167121259,-4.802066455100088,0.9966405992157868,0.9999999999999998,0.003359400784212929,10,10.0,0,0.0,0.17775434758151432,0.03663890436200887,0.14111544321950545,9.0,10.0,-1.0,4.553032929640166,4.73078727722168,-0.17775434758151398,"[9, 0, 0]",10,0
quincas_borba,complexo,pt,sbert,150,417,67322,10,0.47307872772216797,2.2906851420623586,2.3025850929940455,0.011899950931686831,-7.387471672327742,0.9948319169754487,0.9999999999999998,0.005168083024551073,10,10.0,0,0.0,0.20058052623952816,0.03663890436200887,0.1639416218775193,5.0,10.0,-5.0,4.285578316214072,4.73078727722168,-0.44520896100760776,"[5, 0, 0]",10,0
quincas_borba,complexo,pt,sbert,150,418,67495,11,0.47307872772216797,2.3966139510752265,2.397805532528758,0.0011915814535314873,-0.06413922685580552,0.9994656473376133,0.9999846141517821,0.000518966814168742,11,11.0,0,0.0,0.067450490001841,0.06392509366460675,0.0035253963372342545,6.0,10.0,-4.0,5.007033923595161,5.177868910006097,-0.1708349864109362,"[6, 0, 0]",11,0
quincas_borba,complexo,pt,sbert,150,419,67669,10,0.47307872772216797,2.288333059932508,2.3025850929940455,0.014252033061537439,-8.84764072722624,0.9938104206854714,0.9999999999999998,0.006189579314528348,10,10.0,0,0.0,0.23402402731135996,0.03663890436200887,0.1973851229493511,6.0,10.0,-4.0,4.448198355203987,4.73078727722168,-0.2825889220176929,"[6, 0, 0]",10,0
quincas_borba,complexo,pt,sbert,150,420,67822,15,0.47307872772216797,2.6951427179969913,2.707631855708187,0.012489137711195752,-1.27076832636058,0.995233661805839,0.999845517858623,0.004611856052783914,15,15.0,0,0.0,0.2113851292186658,0.08432839749643417,0.12705673172223164,13.0,13.0,0.0,6.795642842915632,7.026568792244689,-0.2309259493290563,"[13, 0, 0]",15,0
quincas_borba,complexo,pt,sbert,150,421,67989,11,0.47307872772216797,2.3971847780995508,2.397805532528758,0.0006207544292071709,-0.03341333405170586,0.9997037006966569,0.9999846141517821,0.00028091345512515353,11,11.0,0,0.0,0.050342938217817323,0.06392509366460675,0.0,8.0,10.0,-2.0,5.113308070930736,5.177868910006097,-0.06456083907536136,"[8, 0, 0]",11,0
quincas_borba,complexo,pt,sbert,150,422,68152,13,0.47307872772216797,2.4848626080086733,2.5649112239484944,0.08004861593982104,-50.98776978015585,0.9999822762841691,0.9999851328397844,2.8565556152715388e-06,12,13.0,0,0.0,0.229585381897475,0.0843785144436903,0.1452068674537847,10.0,12.0,-2.0,5.653523227883184,6.133405576831896,-0.4798823489487116,"[10, 0, 0]",12,0
quincas_borba,complexo,pt,sbert,150,423,68303,15,0.47307872772216797,2.707836688049496,2.707631855708187,0.0002048323413088582,0.020841667180612374,0.9999211561688822,0.999845517858623,7.563831025925172e-05,15,15.0,0,0.0,0.03792786442901691,0.08432839749643417,0.0,12.0,13.0,-1.0,7.041891944358037,7.026568792244689,0.015323152113348115,"[12, 0, 0]",15,0
quincas_borba,complexo,pt,sbert,150,424,68457,8,0.47307872772216797,2.0789143851925145,2.0794415416798357,0.0005271564873212675,-0.33924587838281367,0.9997464913166564,1.0,0.0002535086833436173,8,8.0,0,0.0,0.045320144908786275,1.832744176034202e-308,0.045320144908786275,7.0,8.0,-1.0,3.739309676868557,3.7846298217773438,-0.04532014490878655,"[7, 0, 0]",8,0
quincas_borba,complexo,pt,sbert,150,425,68610,13,0.47307872772216797,2.5646146412213064,2.5649112239484944,0.0002965827271879107,-0.18891134639974846,0.9998695037626156,0.9999851328397844,0.00011562907716877735,13,13.0,0,0.0,0.042507823163682845,0.0843785144436903,0.0,11.0,12.0,-1.0,6.088834874101449,6.133405576831896,-0.0445707027304465,"[11, 0, 0]",13,0
quincas_borba,complexo,pt,sbert,150,426,68766,14,0.47307872772216797,2.6284326271539493,2.639001668643156,0.010569041489206565,-5.381703135034842,0.9959740539388517,0.999978908767355,0.004004854828503213,14,14.0,0,0.0,0.17648340099916673,0.05515090284380103,0.1213324981553657,9.0,13.0,-4.0,6.10946846517505,6.5994549571616865,-0.48998649198663635,"[9, 0, 0]",14,0
quincas_borba,complexo,pt,sbert,150,427,68924,12,0.47307872772216797,2.484906330253932,2.4848563296209933,5.00006329384739e-05,0.015125075257484378,0.9999998714100312,0.9999797496750991,2.0121734932154745e-05,12,12.0,0,0.0,0.015513363650709877,0.05107120957433653,0.0,11.0,11.0,0.0,5.675577278678569,5.65980412504697,0.01577315363159837,"[11, 0, 0]",12,0
quincas_borba,complexo,pt,sbert,150,428,69085,8,0.47307872772216797,2.070760983008375,2.0794415416798357,0.00868055867146067,-5.5862800177559695,0.9958255336841794,1.0,0.004174466315820635,8,8.0,0,0.0,0.15936771932866411,1.832744176034202e-308,0.15936771932866411,4.0,8.0,-4.0,3.4378547467348763,3.7846298217773438,-0.3467750750424674,"[4, 0, 0]",8,0
quincas_borba,complexo,pt,sbert,150,429,69242,13,0.47307872772216797,2.3951575536195557,2.5649112239484944,0.16975367032893862,-108.12630500164205,0.9988582824238108,0.9999851328397844,0.0011268504159736015,11,13.0,0,0.0,0.23653936386108398,0.0843785144436903,0.1521608494173937,6.0,12.0,-6.0,4.931868903416559,6.133405576831896,-1.2015366734153368,"[6, 0, 0]",11,0
quincas_borba,complexo,pt,sbert,150,430,69393,11,0.47307872772216797,2.3978952727983707,2.397805532528758,8.974026961272585e-05,0.004830447380439759,1.0,0.9999846141517821,1.5385848217919218e-05,11,11.0,0,0.0,0.020559018179214433,0.06392509366460675,0.0,11.0,10.0,1.0,5.203866004943848,5.177868910006097,0.025997094937750376,"[11, 0, 0]",11,0
quincas_borba,complexo,pt,sbert,150,431,69544,10,0.47307872772216797,2.289202202938376,2.3025850929940455,0.013382890055669616,-8.308078054076615,0.9941878846969046,0.9999999999999998,0.005812115303095222,10,10.0,0,0.0,0.21208624978893348,0.03663890436200887,0.1754473454269246,5.0,10.0,-5.0,4.270640234013269,4.73078727722168,-0.46014704320841027,"[5, 0, 0]",10,0
quincas_borba,complexo,pt,sbert,150,432,69705,12,0.47307872772216797,2.484536394033771,2.4848563296209933,0.0003199355872225418,-0.09677977157294956,0.9998509981233052,0.9999797496750991,0.00012875155179381537,12,12.0,0,0.0,0.04556535682771823,0.05107120957433653,0.0,11.0,11.0,0.0,5.631379375838297,5.65980412504697,-0.028424749208673106,"[11, 0, 0]",12,0
quincas_borba,complexo,pt,sbert,150,433,69859,12,0.47307872772216797,2.484906649788001,2.4848563296209933,5.032016700745601e-05,0.015221733570722764,1.0000000000000002,0.9999797496750991,2.0250324901160965e-05,12,12.0,0,0.0,0.01688081763815691,0.05107120957433653,0.0,12.0,11.0,1.0,5.676944732666016,5.65980412504697,0.017140607619045234,"[12, 0, 0]",12,0
quincas_borba,complexo,pt,sbert,150,434,70012,9,0.47307872772216797,2.1972245773362196,2.1972245773362196,0.0,0.0,1.0,1.0,0.0,9,9.0,0,0.0,1.924301780028407e-308,1.924301780028407e-308,0.0,9.0,9.0,0.0,4.257708549499512,4.257708549499512,0.0,"[9, 0, 0]",9,0
quincas_borba,complexo,pt,sbert,150,435,70163,8,0.47307872772216797,2.0794415416798357,2.0794415416798357,0.0,0.0,1.0,1.0,0.0,8,8.0,0,0.0,1.832744176034202e-308,1.832744176034202e-308,0.0,8.0,8.0,0.0,3.7846298217773438,3.7846298217773438,0.0,"[8, 0, 0]",8,0
quincas_borba,complexo,pt,sbert,150,436,70340,11,0.47307872772216797,2.391558623440138,2.397805532528758,0.006246909088619912,-0.33625222849442254,0.9973574119645193,0.9999846141517821,0.002627202187262756,11,11.0,0,0.0,0.13217837663526577,0.06392509366460675,0.06825328297065902,4.0,10.0,-6.0,4.6798597416065935,5.177868910006097,-0.4980091683995038,"[4, 0, 0]",11,0
quincas_borba,complexo,pt,sbert,150,437,70491,10,0.47307872772216797,2.301492851396879,2.3025850929940455,0.0010922415971665878,-0.678061943677477,0.9995256455014452,0.9999999999999998,0.00047435449855459666,10,10.0,0,0.0,0.05564663357867922,0.03663890436200887,0.01900772921667035,7.0,10.0,-3.0,4.6034179982080285,4.73078727722168,-0.12736927901365114,"[7, 0, 0]",10,0
quincas_borba,complexo,pt,sbert,150,438,70645,17,0.47307872772216797,2.6834062418993785,2.8328799623317966,0.14947372043241813,-38.7813174142511,0.9908997406352359,0.9998503452063958,0.008950604571159926,15,17.0,0,0.0,0.23653936386108398,0.06272406205655201,0.17381530180453197,8.0,15.0,-7.0,6.387690848603743,7.966901011159748,-1.5792101625560049,"[8, 0, 0]",15,0
quincas_borba,complexo,pt,sbert,150,439,70796,12,0.47307872772216797,2.484906649788001,2.4848563296209933,5.032016700745601e-05,0.015221733570722764,1.0000000000000002,0.9999797496750991,2.0250324901160965e-05,12,12.0,0,0.0,0.01688081763815691,0.05107120957433653,0.0,12.0,11.0,1.0,5.676944732666016,5.65980412504697,0.017140607619045234,"[12, 0, 0]",12,0
quincas_borba,complexo,pt,sbert,150,440,70965,8,0.47307872772216797,2.0794415416798357,2.0794415416798357,0.0,0.0,1.0,1.0,0.0,8,8.0,0,0.0,1.832744176034202e-308,1.832744176034202e-308,0.0,8.0,8.0,0.0,3.7846298217773438,3.7846298217773438,0.0,"[8, 0, 0]",8,0
quincas_borba,complexo,pt,sbert,150,441,71119,11,0.47307872772216797,2.3854642201473752,2.397805532528758,0.012341312381382696,-0.6642955311044116,0.9948158483850347,0.9999846141517821,0.005168765766747407,11,11.0,0,0.0,0.20860294608490607,0.06392509366460675,0.14467785242029932,7.0,10.0,-3.0,4.931851236202409,5.177868910006097,-0.24601767380368855,"[7, 0, 0]",11,0
quincas_borba,complexo,pt,sbert,150,442,71277,16,0.47307872772216797,2.7022284045222906,2.7719761766642175,0.06974777214192684,-7.45645916846837,0.9978501888267988,0.999779070883954,0.0019288820571552456,15,16.0,0,0.0,0.20415794842091048,0.08422790500723468,0.1199300434136758,9.0,15.0,-6.0,6.575846174667193,7.492239382849898,-0.9163932081827051,"[9, 0, 0]",15,0
quincas_borba,complexo,pt,sbert,150,443,71453,11,0.47307872772216797,2.386285466308549,2.397805532528758,0.011520066220208847,-0.6200903333146349,0.995158334635577,0.9999846141517821,0.0048262795162050676,11,11.0,0,0.0,0.17787559335651057,0.06392509366460675,0.11395049969190382,4.0,10.0,-6.0,4.69491710244993,5.177868910006097,-0.4829518075561676,"[4, 0, 0]",11,0
quincas_borba,complexo,pt,sbert,150,444,71610,12,0.47307872772216797,2.4847676042510645,2.4848563296209933,8.872536992887703e-05,-0.026839218196972003,0.9999440439595798,0.9999797496750991,3.5705715519251946e-05,12,12.0,0,0.0,0.028162514709376918,0.05107120957433653,0.0,11.0,11.0,0.0,5.648782217956638,5.65980412504697,-0.011021907090332128,"[11, 0, 0]",12,0
quincas_borba,complexo,pt,sbert,150,445,71765,9,0.47307872772216797,2.1970818432996033,2.1972245773362196,0.0001427340366162433,-0.008642213233632475,0.9999350389404486,1.0,6.496105955144937e-05,9,9.0,0,0.0,0.025106301367854522,1.924301780028407e-308,0.025106301367854522,8.0,9.0,-1.0,4.232602248131657,4.257708549499512,-0.0251063013678543,"[8, 0, 0]",9,0
quincas_borba,complexo,pt,sbert,150,446,71922,7,0.47307872772216797,1.9446427813695124,1.945910149055313,0.0012673676858006022,-0.7156477355866759,0.999348701847094,0.9999999999999999,0.000651298152905877,7,7.0,0,0.0,0.0632760637127413,1.3797025729980276e-308,0.0632760637127413,3.0,7.0,-4.0,3.148044877924055,3.311551094055176,-0.16350621613112093,"[3, 0, 0]",7,0
quincas_borba,complexo,pt,sbert,150,447,72093,12,0.47307872772216797,2.4792180129435275,2.4848563296209933,0.005638316677465838,-1.705577690929185,0.9977107241252068,0.9999797496750991,0.0022690255498922784,12,12.0,0,0.0,0.13606944284858546,0.05107120957433653,0.08499823327424894,7.0,11.0,-4.0,5.349213480043419,5.65980412504697,-0.3105906450035514,"[7, 0, 0]",12,0
quincas_borba,complexo,pt,sbert,150,448,72245,13,0.47307872772216797,2.5646699236456456,2.5649112239484944,0.00024130030284874593,-0.15369865106453767,0.9998910567902332,0.9999851328397844,9.407604955125048e-05,13,13.0,0,0.0,0.03922783190795365,0.0843785144436903,0.0,9.0,12.0,-3.0,6.07876048728087,6.133405576831896,-0.05464508955102598,"[9, 0, 0]",13,0
quincas_borba,complexo,pt,sbert,150,449,72421,10,0.47307872772216797,2.3025850929940455,2.3025850929940455,0.0,0.0,0.9999999999999998,0.9999999999999998,0.0,10,10.0,0,0.0,1.9498466258303885e-308,0.03663890436200887,0.0,10.0,10.0,0.0,4.73078727722168,4.73078727722168,0.0,"[10, 0, 0]",10,0
quincas_borba,complexo,pt,sbert,150,450,72576,6,0.47307872772216797,1.7905320388490842,1.7917594692280547,0.001227430378970551,-0.48108855333700573,0.9993149580621445,0.9999999999999999,0.0006850419378553463,6,6.0,0,0.0,0.05356480144595821,0.03364721238264334,0.019917589063314867,4.0,6.0,-2.0,2.7443107447240864,2.838472366333008,-0.09416162160892139,"[4, 0, 0]",6,0
quincas_borba,complexo,pt,sbert,150,451,72751,9,0.47307872772216797,2.1940836788541307,2.1972245773362196,0.003140898482088872,-0.19017408230655722,0.998570515497375,1.0,0.0014294845026250336,9,9.0,0,0.0,0.11253769337140568,1.924301780028407e-308,0.11253769337140568,7.0,9.0,-2.0,4.141483077542496,4.257708549499512,-0.11622547195701571,"[7, 0, 0]",9,0
quincas_borba,complexo,pt,sbert,150,452,72929,12,0.47307872772216797,2.4843330959539123,2.4848563296209933,0.0005232336670810689,-0.15827696824535917,0.9997691849574563,0.9999797496750991,0.0002105647176428027,12,12.0,0,0.0,0.05640525433415666,0.05107120957433653,0.0053340447598201335,11.0,11.0,0.0,5.6205394783318585,5.65980412504697,-0.03926464671511187,"[11, 0, 0]",12,0
quincas_borba,complexo,pt,sbert,150,453,73082,11,0.47307872772216797,2.3978952727983707,2.397805532528758,8.974026961272585e-05,0.004830447380439759,1.0,0.9999846141517821,1.5385848217919218e-05,11,11.0,0,0.0,0.020559018179214433,0.06392509366460675,0.0,11.0,10.0,1.0,5.203866004943848,5.177868910006097,0.025997094937750376,"[11, 0, 0]",11,0
quincas_borba,complexo,pt,sbert,150,454,73239,9,0.47307872772216797,2.1921957809277424,2.1972245773362196,0.0050287964084771986,-0.3044819014502622,0.9977112961231419,1.0,0.002288703876858089,9,9.0,0,0.0,0.12360825759529664,1.924301780028407e-308,0.12360825759529664,6.0,9.0,-3.0,4.049573808322805,4.257708549499512,-0.20813474117670694,"[6, 0, 0]",9,0
quincas_borba,complexo,pt,sbert,150,455,73404,9,0.47307872772216797,2.1966466068691277,2.1972245773362196,0.0005779704670918484,-0.03499476465294253,0.9997369543045106,1.0,0.0002630456954894056,9,9.0,0,0.0,0.04553443469791063,1.924301780028407e-308,0.04553443469791063,6.0,9.0,-3.0,4.166357765020875,4.257708549499512,-0.09135078447863698,"[6, 0, 0]",9,0
quincas_borba,complexo,pt,sbert,150,456,73565,13,0.47307872772216797,2.5466357690190726,2.5649112239484944,0.01827545492942173,-11.640734541487848,0.9928600584689171,0.9999851328397844,0.00712507437086729,13,13.0,0,0.0,0.229585381897475,0.0843785144436903,0.1452068674537847,2.0,12.0,-10.0,5.21765991709354,6.133405576831896,-0.9157456597383558,"[2, 0, 0]",13,0
quincas_borba,complexo,pt,sbert,150,457,73724,10,0.47307872772216797,2.1158257758887578,2.3025850929940455,0.1867593171052877,-115.93990366673013,0.9629538089610554,0.9999999999999998,0.037046191038944354,9,10.0,0,0.0,0.23653936386108398,0.03663890436200887,0.19990045949907512,4.0,10.0,-6.0,3.5765249213407793,4.73078727722168,-1.1542623558809004,"[4, 0, 0]",9,0
quincas_borba,complexo,pt,sbert,150,458,73877,11,0.47307872772216797,2.3970703813243697,2.397805532528758,0.0007351512043882735,-0.03957096657709278,0.9996559935359319,0.9999846141517821,0.00032862061585015034,11,11.0,0,0.0,0.06471552468323544,0.06392509366460675,0.00079043101862869,10.0,10.0,0.0,5.1391504802606125,5.177868910006097,-0.038718429745484784,"[10, 0, 0]",11,0
quincas_borba,complexo,pt,sbert,150,459,74038,13,0.47307872772216797,2.560921393689296,2.5649112239484944,0.0039898302591985235,-2.5413624499248106,0.9984296127482893,0.9999851328397844,0.0015555200914950662,13,13.0,0,0.0,0.13080526748901747,0.0843785144436903,0.046426753045327174,10.0,12.0,-2.0,5.934353979741604,6.133405576831896,-0.19905159709029174,"[10, 0, 0]",13,0
quincas_borba,complexo,pt,sbert,150,460,74192,12,0.47307872772216797,2.484906649788001,2.4848563296209933,5.032016700745601e-05,0.015221733570722764,1.0000000000000002,0.9999797496750991,2.0250324901160965e-05,12,12.0,0,0.0,0.01688081763815691,0.05107120957433653,0.0,12.0,11.0,1.0,5.676944732666016,5.65980412504697,0.017140607619045234,"[12, 0, 0]",12,0
quincas_borba,complexo,pt,sbert,150,461,74356,9,0.47307872772216797,2.1972245773362196,2.1972245773362196,0.0,0.0,1.0,1.0,0.0,9,9.0,0,0.0,1.924301780028407e-308,1.924301780028407e-308,0.0,9.0,9.0,0.0,4.257708549499512,4.257708549499512,0.0,"[9, 0, 0]",9,0
quincas_borba,complexo,pt,sbert,150,462,74512,8,0.47307872772216797,2.0794415416798357,2.0794415416798357,0.0,0.0,1.0,1.0,0.0,8,8.0,0,0.0,1.832744176034202e-308,1.832744176034202e-308,0.0,8.0,8.0,0.0,3.7846298217773438,3.7846298217773438,0.0,"[8, 0, 0]",8,0
quincas_borba,complexo,pt,sbert,150,463,74664,7,0.47307872772216797,1.945145441679025,1.945910149055313,0.0007647073762879764,-0.4318092597423383,0.9996070181469275,0.9999999999999999,0.00039298185307234945,7,7.0,0,0.0,0.05134733960931592,1.3797025729980276e-308,0.05134733960931592,6.0,7.0,-1.0,3.2602037544458597,3.311551094055176,-0.051347339609316034,"[6, 0, 0]",7,0
quincas_borba,complexo,pt,sbert,150,464,74819,9,0.47307872772216797,2.1972245773362196,2.1972245773362196,0.0,0.0,1.0,1.0,0.0,9,9.0,0,0.0,1.924301780028407e-308,1.924301780028407e-308,0.0,9.0,9.0,0.0,4.257708549499512,4.257708549499512,0.0,"[9, 0, 0]",9,0
quincas_borba,complexo,pt,sbert,150,465,74983,10,0.47307872772216797,2.2960245060471,2.3025850929940455,0.006560586946945612,-4.072802526886867,0.9971507732908949,0.9999999999999998,0.002849226709104924,10,10.0,0,0.0,0.15704730338969802,0.03663890436200887,0.12040839902768916,3.0,10.0,-7.0,4.215629737058262,4.73078727722168,-0.5151575401634174,"[3, 0, 0]",10,0
quincas_borba,complexo,pt,sbert,150,466,75159,10,0.47307872772216797,2.3003514690128246,2.3025850929940455,0.0022336239812208447,-1.3866304140770007,0.9990299494303089,0.9999999999999998,0.0009700505696909056,10,10.0,0,0.0,0.09780429060602513,0.03663890436200887,0.06116538624401627,6.0,10.0,-4.0,4.552674729952427,4.73078727722168,-0.17811254726925263,"[6, 0, 0]",10,0
quincas_borba,complexo,pt,sbert,150,467,75314,9,0.47307872772216797,2.1895289619259493,2.1972245773362196,0.007695615410270307,-0.4659515762060041,0.996497574490269,1.0,0.003502425509731011,9,9.0,0,0.0,0.1568211726547442,1.924301780028407e-308,0.1568211726547442,6.0,9.0,-3.0,3.9674521435347736,4.257708549499512,-0.2902564059647381,"[6, 0, 0]",9,0
quincas_borba,complexo,pt,sbert,150,468,75470,12,0.47307872772216797,2.484906649788001,2.4848563296209933,5.032016700745601e-05,0.015221733570722764,1.0000000000000002,0.9999797496750991,2.0250324901160965e-05,12,12.0,0,0.0,0.01688081763815691,0.05107120957433653,0.0,12.0,11.0,1.0,5.676944732666016,5.65980412504697,0.017140607619045234,"[12, 0, 0]",12,0
quincas_borba,complexo,pt,sbert,150,469,75631,10,0.47307872772216797,2.2970267322282196,2.3025850929940455,0.005558360765825832,-3.4506220183460576,0.9975860345909742,0.9999999999999998,0.002413965409025609,10,10.0,0,0.0,0.15299813194421136,0.03663890436200887,0.11635922758220249,9.0,10.0,-1.0,4.577789145277468,4.73078727722168,-0.1529981319442113,"[9, 0, 0]",10,0
quincas_borba,complexo,pt,sbert,150,470,75790,9,0.47307872772216797,2.1959407567472193,2.1972245773362196,0.0012838205890002286,-0.07773234434403284,0.9994157080699704,1.0,0.0005842919300296234,9,9.0,0,0.0,0.07377362565307222,1.924301780028407e-308,0.07377362565307222,7.0,9.0,-2.0,4.178040675747782,4.257708549499512,-0.07966787375172935,"[7, 0, 0]",9,0
quincas_borba,complexo,pt,sbert,150,471,75981,5,0.47307872772216797,1.6094379124341005,1.6094379124341005,0.0,0.0,1.0000000000000002,1.0000000000000002,0.0,5,5.0,0,0.0,1.874448137662374e-308,1.874448137662374e-308,0.0,5.0,5.0,0.0,2.36539363861084,2.36539363861084,0.0,"[5, 0, 0]",5,0
quincas_borba,complexo,pt,sbert,250,0,0,15,0.47307872772216797,2.7059444846755945,2.707631855708187,0.0016873710325926439,-0.17168980858581465,0.9992224234152829,0.999845517858623,0.0006230944433400776,15,15.0,0,0.0,0.06967930087607443,0.08432839749643417,0.0,10.0,13.0,-3.0,6.860982659724956,7.026568792244689,-0.1655861325197323,"[10, 0, 0]",15,0
quincas_borba,complexo,pt,sbert,250,1,260,9,0.47307872772216797,2.196671992833621,2.1972245773362196,0.000552584502598652,-0.03345770367230563,0.9997485079548543,1.0,0.0002514920451457403,9,9.0,0,0.0,0.0487821155847008,1.924301780028407e-308,0.0487821155847008,8.0,9.0,-1.0,4.208926433914811,4.257708549499512,-0.048782115584701025,"[8, 0, 0]",9,0
quincas_borba,complexo,pt,sbert,250,2,512,16,0.47307872772216797,2.7600671226372078,2.7719761766642175,0.011909054027009702,-1.2731499854473844,0.9954837875873426,0.999779070883954,0.004295283296611441,16,16.0,0,0.0,0.15765324634439887,0.08422790500723468,0.07342534133716419,11.0,15.0,-4.0,6.996460776685609,7.492239382849898,-0.49577860616428904,"[11, 0, 0]",16,0
quincas_borba,complexo,pt,sbert,250,3,784,16,0.47307872772216797,2.771370172946134,2.7719761766642175,0.0006060037180835032,-0.06478546684810034,0.9995605012442441,0.999779070883954,0.00021856963970989796,16,16.0,0,0.0,0.06530900569048359,0.08422790500723468,0.0,13.0,15.0,-2.0,7.43066513750875,7.492239382849898,-0.061574245341148526,"[13, 0, 0]",16,0
quincas_borba,complexo,pt,sbert,250,4,1040,14,0.47307872772216797,2.63607512162978,2.639001668643156,0.002926547013375913,-1.4901831214113597,0.9988699722616813,0.999978908767355,0.0011089365056736744,14,14.0,0,0.0,0.11442812186792478,0.05515090284380103,0.05927721902412375,12.0,13.0,-1.0,6.4670595383076,6.5994549571616865,-0.13239541885408634,"[12, 0, 0]",14,0
quincas_borba,complexo,pt,sbert,250,5,1345,22,0.47307872772216797,3.077685493284765,3.0897397924884635,0.012054299203698715,-1.6924163579224094,0.9684183017591643,0.9995785690783906,0.031160267319226276,24,22.0,2,0.0,0.19237119261012814,0.08986165301637042,0.10250953959375772,15.0,19.0,-4.0,9.08229662348214,10.242331597121424,-1.1600349736392843,"[11, 2, 0]",24,0
quincas_borba,complexo,pt,sbert,250,6,1599,14,0.47307872772216797,2.638802921742271,2.639001668643156,0.0001987469008848386,-0.10120092921034518,0.9999035989593207,0.999978908767355,7.5309808034274e-05,14,14.0,0,0.0,0.033667584575513776,0.05515090284380103,0.0,11.0,13.0,-2.0,6.5592396498124375,6.5994549571616865,-0.04021530734924905,"[11, 0, 0]",14,0
quincas_borba,complexo,pt,sbert,250,7,1879,12,0.47307872772216797,2.4844797173438975,2.4848563296209933,0.00037661227709584466,-0.11392433853740473,0.9998281897454219,0.9999797496750991,0.0001515599296771919,12,12.0,0,0.0,0.04412096687188416,0.05107120957433653,0.0,10.0,11.0,-1.0,5.607367293502265,5.65980412504697,-0.05243683154470524,"[10, 0, 0]",12,0
quincas_borba,complexo,pt,sbert,250,8,2136,12,0.47307872772216797,2.453639228235788,2.4848563296209933,0.031217101385205392,-9.443100617401154,0.9874170639147029,0.9999797496750991,0.012562685760396208,12,12.0,0,0.0,0.23653936386108398,0.05107120957433653,0.18546815428674746,8.0,11.0,-3.0,5.070617938380126,5.65980412504697,-0.5891861866668444,"[8, 0, 0]",12,0
quincas_borba,complexo,pt,sbert,250,9,2422,18,0.47307872772216797,2.860561683208923,2.8894938806498347,0.0289321974409118,-2.934283422291242,0.9896864219608416,0.9996962753168579,0.01000985335601634,18,18.0,0,0.0,0.20205165271776465,0.07314461002894745,0.1289070426888172,13.0,16.0,-3.0,7.959583805224127,8.396953860297412,-0.4373700550732851,"[13, 0, 0]",18,0
quincas_borba,complexo,pt,sbert,250,10,2675,14,0.47307872772216797,2.626568434086785,2.639001668643156,0.012433234556370909,-6.330940933383358,0.9952676679705574,0.999978908767355,0.004711240796797522,14,14.0,0,0.0,0.19222096099186206,0.05515090284380103,0.13707005814806103,5.0,13.0,-8.0,5.905148603029394,6.5994549571616865,-0.6943063541322925,"[5, 0, 0]",14,0
quincas_borba,complexo,pt,sbert,250,11,2927,18,0.47307872772216797,2.882215881533605,2.8894938806498347,0.0072779991162295055,-0.7381296286884984,0.9971782604295526,0.9996962753168579,0.0025180148873052977,18,18.0,0,0.0,0.15737277625364873,0.07314461002894745,0.08422816622470128,10.0,16.0,-6.0,8.150720668068846,8.396953860297412,-0.24623319222856566,"[10, 0, 0]",18,0
quincas_borba,complexo,pt,sbert,250,12,3188,13,0.47307872772216797,2.5638769585986196,2.5649112239484944,0.001034265349874719,-0.6587857008127355,0.9995819025199084,0.9999851328397844,0.00040323031987599123,13,13.0,0,0.0,0.061978405791477564,0.0843785144436903,0.0,9.0,12.0,-3.0,5.994682069091561,6.133405576831896,-0.13872350774033482,"[9, 0, 0]",13,0
quincas_borba,complexo,pt,sbert,250,13,3445,21,0.47307872772216797,3.036968769800893,3.0424360155583896,0.005467245757496464,-0.7231169702096791,0.9975189317612064,0.999341815066279,0.0018228833050725202,21,21.0,0,0.0,0.1217863731093849,0.08054192351718004,0.04124444959220486,14.0,17.5,-3.5,9.519292101217687,9.730537798380961,-0.21124569716327457,"[14, 0, 0]",21,0
quincas_borba,complexo,pt,sbert,250,14,3720,18,0.47307872772216797,2.880171514265708,2.8894938806498347,0.009322366384126646,-0.9454679408065692,0.9964709578957825,0.9996962753168579,0.0032253174210753466,18,18.0,0,0.0,0.13679114473299323,0.07314461002894745,0.06364653470404577,9.0,16.0,-7.0,7.720468966454253,8.396953860297412,-0.6764848938431589,"[9, 0, 0]",18,0
quincas_borba,complexo,pt,sbert,250,15,3975,21,0.47307872772216797,3.016030081037517,3.0424360155583896,0.026405934520872698,-3.4925408904670023,0.9906414364588452,0.999341815066279,0.008700378607433779,21,21.0,0,0.0,0.2007908681730565,0.08054192351718004,0.12024894465587646,15.0,17.5,-2.5,9.051466767819974,9.730537798380961,-0.679071030560987,"[15, 0, 0]",21,0
quincas_borba,complexo,pt,sbert,250,16,4249,26,0.47307872772216797,3.224146785215705,3.2567590303739022,0.03261224515819716,-3.610677173805422,0.9895798812559454,0.9995894818855207,0.010009600629575233,26,26.0,0,0.0,0.20049198889122333,0.07585280647152143,0.1246391824197019,15.0,21.5,-6.5,10.717346916176378,12.062798136477857,-1.345451220301479,"[15, 0, 0]",26,0
quincas_borba,complexo,pt,sbert,250,17,4529,14,0.47307872772216797,2.629939891801554,2.639001668643156,0.009061776841601699,-4.61421150510547,0.9965451914547709,0.999978908767355,0.003433717312584017,14,14.0,0,0.0,0.15231672919357686,0.05515090284380103,0.09716582634977583,9.0,13.0,-4.0,6.130582421422711,6.5994549571616865,-0.46887253573897514,"[9, 0, 0]",14,0
quincas_borba,complexo,pt,sbert,250,18,4790,10,0.47307872772216797,2.302424753030065,2.3025850929940455,0.0001603399639802383,-0.09953880891155538,0.9999303652384146,0.9999999999999998,6.96347615851689e-05,10,10.0,0,0.0,0.027847604675070914,0.03663890436200887,0.0,9.0,10.0,-1.0,4.702939672546609,4.73078727722168,-0.027847604675070414,"[9, 0, 0]",10,0
quincas_borba,complexo,pt,sbert,250,19,5048,21,0.47307872772216797,3.028871431084461,3.0424360155583896,0.013564584473928498,-1.7940991976610947,0.994859290099151,0.999341815066279,0.0044825249671279765,21,21.0,0,0.0,0.16697102961692598,0.08054192351718004,0.08642910609974594,13.0,17.5,-4.5,9.023232727160469,9.730537798380961,-0.7073050712204925,"[13, 0, 0]",21,0
quincas_borba,complexo,pt,sbert,250,20,5310,19,0.47307872772216797,2.928992722119384,2.943492560932647,0.01449983881326311,-2.0203124759424678,0.9947540916431459,0.9996409196686631,0.004886828025517209,19,19.0,0,0.0,0.18126887856089516,0.06092846909432975,0.1203404094665654,10.0,16.0,-6.0,8.103736779226077,8.847595557521366,-0.743858778295289,"[10, 0, 0]",19,0
quincas_borba,complexo,pt,sbert,250,21,5572,23,0.47307872772216797,3.1308366306041244,3.1342054586413117,0.003368828037187299,-0.5334309420286325,0.9726490864966246,0.9995889779412475,0.026939891444622832,25,23.0,2,0.0,0.1770996406800404,0.09145039145440378,0.0856492492256366,12.0,19.0,-7.0,9.821947788650238,10.688929332342557,-0.8669815436923187,"[10, 1, 0]",25,0
quincas_borba,complexo,pt,sbert,250,22,5830,17,0.47307872772216797,2.8007365086512364,2.8328799623317966,0.03214345368056026,-8.339696612687831,0.9885371020600645,0.9998503452063958,0.011313243146331309,17,17.0,0,0.0,0.21037883123436338,0.06272406205655201,0.14765476917781137,10.0,15.0,-5.0,7.183595542906878,7.966901011159748,-0.7833054682528697,"[10, 0, 0]",17,0
quincas_borba,complexo,pt,sbert,250,23,6114,14,0.47307872772216797,2.634767418997356,2.639001668643156,0.004234249645799881,-2.1560587700022436,0.9983744534194989,0.999978908767355,0.0016044553478560264,14,14.0,0,0.0,0.10594407152446841,0.05515090284380103,0.05079316868066738,11.0,13.0,-2.0,6.339741352977031,6.5994549571616865,-0.2597136041846557,"[11, 0, 0]",14,0
quincas_borba,complexo,pt,sbert,250,24,6381,12,0.47307872772216797,2.484496807664047,2.4848563296209933,0.0003595219569465513,-0.10875455641183364,0.9998350673961983,0.9999797496750991,0.00014468227890074292,12,12.0,0,0.0,0.047884160842162626,0.05107120957433653,0.0,11.0,11.0,0.0,5.629060571823853,5.65980412504697,-0.03074355322311728,"[11, 0, 0]",12,0
quincas_borba,complexo,pt,sbert,250,25,6663,14,0.47307872772216797,2.6338569659594944,2.639001668643156,0.005144702683661517,-2.619656909262628,0.9980294616576131,0.999978908767355,0.0019494471097418753,14,14.0,0,0.0,0.13297593877963812,0.05515090284380103,0.07782503593583709,12.0,13.0,-1.0,6.375529841965168,6.5994549571616865,-0.22392511519651848,"[12, 0, 0]",14,0
quincas_borba,complexo,pt,sbert,250,26,6960,13,0.47307872772216797,2.559087861846224,2.5649112239484944,0.005823362102270302,-3.7092489699042552,0.9977147714054231,0.9999851328397844,0.002270361434361323,13,13.0,0,0.0,0.1008712139110027,0.0843785144436903,0.01649269946731241,9.0,12.0,-3.0,5.743780996139088,6.133405576831896,-0.38962458069280803,"[9, 0, 0]",13,0
quincas_borba,complexo,pt,sbert,250,27,7217,17,0.47307872772216797,2.821807398539524,2.8328799623317966,0.011072563792272838,-2.872803391629141,0.9959742016814156,0.9998503452063958,0.0038761435249802245,17,17.0,0,0.0,0.20706634084001257,0.06272406205655201,0.14434227878346056,14.0,15.0,-1.0,7.704869542744293,7.966901011159748,-0.2620314684154552,"[14, 0, 0]",17,0
quincas_borba,complexo,pt,sbert,250,28,7473,20,0.47307872772216797,2.9955777118600144,2.9946534006314884,0.0009243112285259869,0.10026212607822206,0.9999484060390373,0.9996398633709606,0.0003085426680767833,20,20.0,0,0.0,0.05577777858138458,0.09283795922508728,0.0,18.0,17.0,1.0,9.415897517394,9.305247596956939,0.11064992043706212,"[18, 0, 0]",20,0
quincas_borba,complexo,pt,sbert,250,29,7732,17,0.47307872772216797,2.8305712349555052,2.8328799623317966,0.0023087273762913973,-0.5990048882432795,0.9990674514129853,0.9998503452063958,0.0007828937934105662,17,17.0,0,0.0,0.0710330220109473,0.06272406205655201,0.00830895995439529,14.0,15.0,-1.0,7.806634441813108,7.966901011159748,-0.16026656934664008,"[14, 0, 0]",17,0
quincas_borba,complexo,pt,sbert,250,30,7985,17,0.47307872772216797,2.83296574979293,2.8328799623317966,8.578746113352409e-05,0.022257763777855172,0.9999126100885394,0.9998503452063958,6.226488214355896e-05,17,17.0,0,0.0,0.038707704858218506,0.06272406205655201,0.0,15.0,15.0,0.0,7.980249319638555,7.966901011159748,0.013348308478807525,"[15, 0, 0]",17,0
quincas_borba,complexo,pt,sbert,250,31,8246,14,0.47307872772216797,2.631124608080064,2.639001668643156,0.007877060563092009,-4.010959893623619,0.9969941079164237,0.999978908767355,0.002984800850931224,14,14.0,0,0.0,0.13617787423561914,0.05515090284380103,0.08102697139181811,7.0,13.0,-6.0,6.053587178246932,6.5994549571616865,-0.5458677789147544,"[7, 0, 0]",14,0
quincas_borba,complexo,pt,sbert,250,32,8506,13,0.47307872772216797,2.5639761650474444,2.5649112239484944,0.0009350589010499455,-0.5955951569913769,0.9996205802616487,0.9999851328397844,0.00036455257813572395,13,13.0,0,0.0,0.07357251000836343,0.0843785144436903,0.0,12.0,12.0,0.0,6.074501454915499,6.133405576831896,-0.058904121916397045,"[12, 0, 0]",13,0
quincas_borba,complexo,pt,sbert,250,33,8764,12,0.47307872772216797,2.482154126192629,2.4848563296209933,0.002702203428364136,-0.8174102568927861,0.9988923030184631,0.9999797496750991,0.0010874466566359597,12,12.0,0,0.0,0.10348597882133301,0.05107120957433653,0.05241476924699648,10.0,11.0,-1.0,5.541076389969836,5.65980412504697,-0.11872773507713408,"[10, 0, 0]",12,0
quincas_borba,complexo,pt,sbert,250,34,9025,11,0.47307872772216797,2.3757268894773365,2.397805532528758,0.022078643051421487,-1.1884265999160724,0.9907550660896197,0.9999846141517821,0.009229548062162363,11,11.0,0,0.0,0.2049804281930289,0.06392509366460675,0.14105533452842214,6.0,10.0,-4.0,4.549410690292934,5.177868910006097,-0.6284582197131634,"[6, 0, 0]",11,0
quincas_borba,complexo,pt,sbert,250,35,9277,18,0.47307872772216797,2.8790734728701937,2.8894938806498347,0.010420407779641039,-1.0568305384947552,0.9960910616445428,0.9996962753168579,0.003605213672315144,18,18.0,0,0.0,0.16206098172018488,0.07314461002894745,0.08891637169123742,13.0,16.0,-3.0,7.895375178661023,8.396953860297412,-0.5015786816363885,"[13, 0, 0]",18,0
quincas_borba,complexo,pt,sbert,250,36,9540,15,0.47307872772216797,2.7057461568531775,2.707631855708187,0.0018856988550095544,-0.19186964171693202,0.9991491870246368,0.999845517858623,0.0006963308339861252,15,15.0,0,0.0,0.08819114580882534,0.08432839749643417,0.0038627483123911677,12.0,13.0,-1.0,6.954102833025868,7.026568792244689,-0.07246595921882104,"[12, 0, 0]",15,0
quincas_borba,complexo,pt,sbert,250,37,9811,11,0.47307872772216797,2.409191527273539,2.397805532528758,0.01138599474478097,0.6128736711621018,0.9695299932007824,0.9999846141517821,0.03045462095099971,12,11.0,1,0.0,0.10243346813795348,0.06392509366460675,0.038508374473346735,8.0,10.0,-2.0,4.954622987950246,5.177868910006097,-0.2232459220558516,"[6, 1, 0]",12,0
quincas_borba,complexo,pt,sbert,250,38,10080,18,0.47307872772216797,2.885368885009512,2.8894938806498347,0.004124995640322648,-0.41835420033829757,0.9982691247681253,0.9996962753168579,0.0014271505487325475,18,18.0,0,0.0,0.10990229824211317,0.07314461002894745,0.03675768821316572,9.0,16.0,-7.0,8.008044714705683,8.396953860297412,-0.38890914559172884,"[9, 0, 0]",18,0
quincas_borba,complexo,pt,sbert,250,39,10343,14,0.47307872772216797,2.6340703576513245,2.639001668643156,0.004931310991831417,-2.510998925652171,0.9981103207164276,0.999978908767355,0.0018685880509273778,14,14.0,0,0.0,0.11500499742080228,0.05515090284380103,0.05985409457700125,10.0,13.0,-3.0,6.287835121494162,6.5994549571616865,-0.3116198356675248,"[10, 0, 0]",14,0
quincas_borba,complexo,pt,sbert,250,40,10600,14,0.47307872772216797,2.6389441936796407,2.639001668643156,5.747496351515835e-05,-0.02926596434042019,0.9999571301713123,0.999978908767355,2.1778596042687504e-05,14,14.0,0,0.0,0.026697215750679404,0.05515090284380103,0.0,12.0,13.0,-1.0,6.58836158282136,6.5994549571616865,-0.011093374340326534,"[12, 0, 0]",14,0
quincas_borba,complexo,pt,sbert,250,41,10850,15,0.47307872772216797,2.5559965910239213,2.707631855708187,0.1516352646842658,-15.428870749605892,0.996509573800523,0.999845517858623,0.0033359440581000044,13,15.0,0,0.0,0.23115353395661958,0.08432839749643417,0.1468251364601854,8.0,13.0,-5.0,5.652984904032368,7.026568792244689,-1.3735838882123206,"[8, 0, 0]",13,0
quincas_borba,complexo,pt,sbert,250,42,11104,22,0.47307872772216797,3.053208043204634,3.0897397924884635,0.03653174928382974,-5.1290356267664965,0.9877599836545188,0.9995785690783906,0.011818585423871819,22,22.0,0,0.0,0.19704326656562315,0.08986165301637042,0.10718161354925274,12.0,19.0,-7.0,9.330268796475753,10.242331597121424,-0.9120628006456712,"[12, 0, 0]",22,0
quincas_borba,complexo,pt,sbert,250,43,11354,12,0.47307872772216797,2.4848960456490303,2.4848563296209933,3.9716028036984596e-05,0.012014006177220326,0.9999957325805495,0.9999797496750991,1.5982905450462326e-05,12,12.0,0,0.0,0.0090273465614501,0.05107120957433653,0.0,11.0,11.0,0.0,5.669091261589308,5.65980412504697,0.009287136542337926,"[11, 0, 0]",12,0
quincas_borba,complexo,pt,sbert,250,44,11610,12,0.47307872772216797,2.4848913193592987,2.4848563296209933,3.4989738305402085e-05,0.010584314517780245,0.9999938305816426,0.9999797496750991,1.4080906543534333e-05,12,12.0,0,0.0,0.009435720750868237,0.05107120957433653,0.0,11.0,11.0,0.0,5.667509011915147,5.65980412504697,0.007704886868176608,"[11, 0, 0]",12,0
quincas_borba,complexo,pt,sbert,250,45,11866,15,0.47307872772216797,2.7073787990023788,2.707631855708187,0.00025305670580832995,-0.025748490724551737,0.9997520717675182,0.999845517858623,9.34460911047319e-05,15,15.0,0,0.0,0.06056842509288485,0.08432839749643417,0.0,13.0,13.0,0.0,7.001171909681338,7.026568792244689,-0.025396882563351042,"[13, 0, 0]",15,0
quincas_borba,complexo,pt,sbert,250,46,12116,15,0.47307872772216797,2.7002553440548915,2.707631855708187,0.007376511653295559,-0.7505592127176752,0.9971215980249754,0.999845517858623,0.0027239198336476145,15,15.0,0,0.0,0.1468922703386739,0.08432839749643417,0.06256387284223974,11.0,13.0,-2.0,6.696706439274628,7.026568792244689,-0.3298623529700606,"[11, 0, 0]",15,0
quincas_borba,complexo,pt,sbert,250,47,12367,17,0.47307872772216797,2.7692395323343346,2.8328799623317966,0.063640429997462,-16.511663113563095,0.9987920350831042,0.9998503452063958,0.001058310123291606,16,17.0,0,0.0,0.21037883123436338,0.06272406205655201,0.14765476917781137,14.0,15.0,-1.0,7.411643456823571,7.966901011159748,-0.5552575543361771,"[14, 0, 0]",16,0
quincas_borba,complexo,pt,sbert,250,48,12625,21,0.47307872772216797,3.0417753194631993,3.0424360155583896,0.0006606960951902607,-0.08738596722641585,0.9990976850010415,0.999341815066279,0.00024413006523749115,21,21.0,0,0.0,0.06602868929866387,0.08054192351718004,0.0,16.0,17.5,-1.5,9.69602153427983,9.730537798380961,-0.034516264101132066,"[16, 0, 0]",21,0
quincas_borba,complexo,pt,sbert,250,49,12893,17,0.47307872772216797,2.8188906784945744,2.8328799623317966,0.0139892838372222,-3.629553444711766,0.9949447274799517,0.9998503452063958,0.004905617726444156,17,17.0,0,0.0,0.16831884967697705,0.06272406205655201,0.10559478762042504,10.0,15.0,-5.0,7.287423362021354,7.966901011159748,-0.679477649138394,"[10, 0, 0]",17,0
quincas_borba,complexo,pt,sbert,250,50,13153,18,0.47307872772216797,2.8845201045098934,2.8894938806498347,0.004973776139941322,-0.5044369306349377,0.9979754668684798,0.9996962753168579,0.001720808448378075,18,18.0,0,0.0,0.13665933001549435,0.07314461002894745,0.0635147199865469,15.0,16.0,-1.0,8.187063289678845,8.396953860297412,-0.2098905706185672,"[15, 0, 0]",18,0
quincas_borba,complexo,pt,sbert,250,51,13413,19,0.47307872772216797,2.935022119697652,2.943492560932647,0.008470441234995185,-1.180215747511963,0.9968018153762336,0.9996409196686631,0.0028391042924295062,19,19.0,0,0.0,0.15081905465375292,0.06092846909432975,0.08989058555942317,13.0,16.0,-3.0,8.500503628377782,8.847595557521366,-0.3470919291435841,"[13, 0, 0]",19,0
quincas_borba,complexo,pt,sbert,250,52,13677,20,0.47307872772216797,2.9653257283265564,2.9946534006314884,0.02932767230493205,-3.181238837601342,0.9898500458482689,0.9996398633709606,0.009789817522691702,20,20.0,0,0.0,0.21641542202006894,0.09283795922508728,0.12357746279498166,10.0,17.0,-7.0,8.087754109222129,9.305247596956939,-1.21749348773481,"[10, 0, 0]",20,0
quincas_borba,complexo,pt,sbert,250,53,13953,15,0.47307872772216797,2.6985259682149243,2.707631855708187,0.009105887493262799,-0.9265230056249746,0.9964829924927502,0.999845517858623,0.0033625253658727816,15,15.0,0,0.0,0.1317863132123197,0.08432839749643417,0.047457915715885535,10.0,13.0,-3.0,6.551562483168225,7.026568792244689,-0.4750063090764636,"[10, 0, 0]",15,0
quincas_borba,complexo,pt,sbert,250,54,14213,16,0.47307872772216797,2.7697793747027153,2.7719761766642175,0.0021968019615021817,-0.23485143143813278,0.9989867420600353,0.999779070883954,0.0007923288239186643,16,16.0,0,0.0,0.08623898724823995,0.08422790500723468,0.0020110822410052687,9.0,15.0,-6.0,7.228214569543377,7.492239382849898,-0.26402481330652083,"[9, 0, 0]",16,0
quincas_borba,complexo,pt,sbert,250,55,14463,13,0.47307872772216797,2.564877197403762,2.5649112239484944,3.402654473250166e-05,-0.021673549365791172,0.9999718668684179,0.9999851328397844,1.3265971366527296e-05,13,13.0,0,0.0,0.021118906468933996,0.0843785144436903,0.0,12.0,12.0,0.0,6.1289045539192495,6.133405576831896,-0.004501022912646313,"[12, 0, 0]",13,0
quincas_borba,complexo,pt,sbert,250,56,14716,18,0.47307872772216797,2.8880139571092576,2.8894938806498347,0.0014799235405771327,-0.150092820299694,0.9991842569107362,0.9996962753168579,0.0005120184061216948,18,18.0,0,0.0,0.07086583631552296,0.07314461002894745,0.0,12.0,16.0,-4.0,8.249628938603122,8.396953860297412,-0.14732492169429,"[12, 0, 0]",18,0
quincas_borba,complexo,pt,sbert,250,57,14975,13,0.47307872772216797,2.5637042482265886,2.5649112239484944,0.0012069757219057564,-0.7687953066550635,0.9995145677120969,0.9999851328397844,0.0004705651276875056,13,13.0,0,0.0,0.07324562290699652,0.0843785144436903,0.0,11.0,12.0,-1.0,6.046035614574644,6.133405576831896,-0.08736996225725147,"[11, 0, 0]",13,0
quincas_borba,complexo,pt,sbert,250,58,15243,17,0.47307872772216797,2.8331964643562437,2.8328799623317966,0.0003165020244471073,0.08211721389437124,0.9999940422065258,0.9998503452063958,0.0001436970001299498,17,17.0,0,0.0,0.040800652003993354,0.06272406205655201,0.0,15.0,15.0,0.0,8.028403706126095,7.966901011159748,0.061502694966347526,"[15, 0, 0]",17,0
quincas_borba,complexo,pt,sbert,250,59,15518,9,0.47307872772216797,2.1965985464596485,2.1972245773362196,0.0006260308765710931,-0.037904710428048966,0.9997150810695327,1.0,0.0002849189304673372,9,9.0,0,0.0,0.05192864477217646,1.924301780028407e-308,0.05192864477217646,7.0,9.0,-2.0,4.2048986215307655,4.257708549499512,-0.05280992796874617,"[7, 0, 0]",9,0
quincas_borba,complexo,pt,sbert,250,60,15784,19,0.47307872772216797,2.9328075984773965,2.943492560932647,0.010684962455250524,-1.4887726154289205,0.9960497124337294,0.9996409196686631,0.0035912072349336688,19,19.0,0,0.0,0.16233263876366816,0.06092846909432975,0.1014041696693384,11.0,16.0,-5.0,8.404787688367204,8.847595557521366,-0.44280786915416215,"[11, 0, 0]",19,0
quincas_borba,complexo,pt,sbert,250,61,16037,12,0.47307872772216797,2.481953370007332,2.4848563296209933,0.00290295961366116,-0.8781385363679548,0.9988115127862368,0.9999797496750991,0.0011682368888622507,12,12.0,0,0.0,0.09071833880632602,0.05107120957433653,0.039647129231989486,10.0,11.0,-1.0,5.492663014855481,5.65980412504697,-0.1671411101914897,"[10, 0, 0]",12,0
quincas_borba,complexo,pt,sbert,250,62,16293,16,0.47307872772216797,2.7713715036014754,2.7719761766642175,0.0006046730627420338,-0.0646432117349079,0.9995609811767097,0.999779070883954,0.00021808970724435106,16,16.0,0,0.0,0.058098779777843834,0.08422790500723468,0.0,13.0,15.0,-2.0,7.3963714304009995,7.492239382849898,-0.09586795244889856,"[13, 0, 0]",16,0
quincas_borba,complexo,pt,sbert,250,63,16546,21,0.47307872772216797,3.0316775139346404,3.0424360155583896,0.01075850162374925,-1.4229569043049375,0.9957809725329574,0.999341815066279,0.003560842533321562,21,21.0,0,0.0,0.16107641226915262,0.08054192351718004,0.08053448875197258,16.0,17.5,-1.5,9.449941529656758,9.730537798380961,-0.28059626872420296,"[16, 0, 0]",21,0
quincas_borba,complexo,pt,sbert,250,64,16806,15,0.47307872772216797,2.6950687510592264,2.707631855708187,0.01256310464896071,-1.2782944537749117,0.9720405805019896,0.999845517858623,0.027804937356633364,16,15.0,1,0.0,0.20537067184862134,0.08432839749643417,0.12104227435218717,7.0,13.0,-6.0,6.148835995343051,7.026568792244689,-0.877732796901638,"[5, 1, 0]",16,0
quincas_borba,complexo,pt,sbert,250,65,17065,14,0.47307872772216797,2.6374690956111384,2.639001668643156,0.0015325730320174813,-0.7803785328595121,0.9993981813178907,0.999978908767355,0.0005807274494642467,14,14.0,0,0.0,0.07446639574168992,0.05515090284380103,0.019315492897888892,8.0,13.0,-5.0,6.3718790960113045,6.5994549571616865,-0.22757586115038198,"[8, 0, 0]",14,0
quincas_borba,complexo,pt,sbert,250,66,17326,14,0.47307872772216797,2.6256394334491575,2.639001668643156,0.013362235193998373,-6.80398341780116,0.9949156480931557,0.999978908767355,0.005063260674199266,14,14.0,0,0.0,0.22732584184628582,0.05515090284380103,0.1721749390024848,7.0,13.0,-6.0,6.081048928736527,6.5994549571616865,-0.5184060284251597,"[7, 0, 0]",14,0
quincas_borba,complexo,pt,sbert,250,67,17593,15,0.47307872772216797,2.701151561042061,2.707631855708187,0.006480294666125985,-0.6593692373024422,0.9974525435099612,0.999845517858623,0.002392974348661814,15,15.0,0,0.0,0.1247340665714862,0.08432839749643417,0.040405669075052025,4.0,13.0,-9.0,6.560820201566628,7.026568792244689,-0.46574859067806074,"[4, 0, 0]",15,0
quincas_borba,complexo,pt,sbert,250,68,17870,17,0.47307872772216797,2.8219104955028507,2.8328799623317966,0.01096946682894595,-2.8460546357430974,0.9960105903859737,0.9998503452063958,0.003839754820422092,17,17.0,0,0.0,0.1637426565214132,0.06272406205655201,0.1010185944648612,12.0,15.0,-3.0,7.440953587687329,7.966901011159748,-0.5259474234724184,"[12, 0, 0]",17,0
quincas_borba,complexo,pt,sbert,250,69,18140,22,0.47307872772216797,3.0587884860085186,3.0897397924884635,0.03095130647994493,-4.345544813559608,0.9895653431369877,0.9995785690783906,0.010013225941402859,22,22.0,0,0.0,0.20728682303480622,0.08986165301637042,0.1174251700184358,14.0,19.0,-5.0,9.212108127491327,10.242331597121424,-1.0302234696300978,"[14, 0, 0]",22,0
quincas_borba,complexo,pt,sbert,250,70,18396,16,0.47307872772216797,2.768166620511501,2.7719761766642175,0.003809556152716276,-0.4072646197919351,0.998405063941576,0.999779070883954,0.0013740069423779921,16,16.0,0,0.0,0.1105880540422805,0.08422790500723468,0.026360149035045827,9.0,15.0,-6.0,7.231130644792693,7.492239382849898,-0.2611087380572048,"[9, 0, 0]",16,0
quincas_borba,complexo,pt,sbert,250,71,18653,10,0.47307872772216797,2.300437198479678,2.3025850929940455,0.0021478945143673656,-1.3334096897648156,0.9990671812646998,0.9999999999999998,0.000932818735299934,10,10.0,0,0.0,0.09860662446784824,0.03663890436200887,0.06196772010583937,8.0,10.0,-2.0,4.620886555349125,4.73078727722168,-0.10990072187255429,"[8, 0, 0]",10,0
quincas_borba,complexo,pt,sbert,250,72,18937,14,0.47307872772216797,2.638095078602764,2.639001668643156,0.0009065900403917304,-0.46163112024398095,0.9996353807847613,0.999978908767355,0.0003435279825936277,14,14.0,0,0.0,0.07191053962152236,0.05515090284380103,0.016759636777721326,11.0,13.0,-2.0,6.503653263189124,6.5994549571616865,-0.09580169397256277,"[11, 0, 0]",14,0
quincas_borba,complexo,pt,sbert,250,73,19189,11,0.47307872772216797,2.393318890879798,2.397805532528758,0.004486641648959733,-0.2415023544470847,0.9980915005044271,0.9999846141517821,0.0018931136473550048,11,11.0,0,0.0,0.09839028209300954,0.06392509366460675,0.03446518842840279,3.0,10.0,-7.0,4.6895393703829455,5.177868910006097,-0.48832953962315173,"[3, 0, 0]",11,0
quincas_borba,complexo,pt,sbert,250,74,19453,20,0.47307872772216797,2.989892724199001,2.9946534006314884,0.004760676432487454,-0.5164013223693711,0.9980507105369393,0.9996398633709606,0.001589152834021279,20,20.0,0,0.0,0.11427935026580929,0.09283795922508728,0.021441391040722013,13.0,17.0,-4.0,8.999255331793433,9.305247596956939,-0.3059922651635052,"[13, 0, 0]",20,0
quincas_borba,complexo,pt,sbert,250,75,19706,16,0.47307872772216797,2.7715753130994,2.7719761766642175,0.0004008635648173886,-0.04285474232933625,0.9996344899146952,0.999779070883954,0.00014458096925884512,16,16.0,0,0.0,0.07463943813148616,0.08422790500723468,0.0,15.0,15.0,0.0,7.484665139462377,7.492239382849898,-0.007574243387520774,"[15, 0, 0]",16,0
quincas_borba,complexo,pt,sbert,250,76,19969,17,0.47307872772216797,2.8295390828811295,2.8328799623317966,0.003340879450667078,-0.8667992343018498,0.9987031470175747,0.9998503452063958,0.0011471981888211413,17,17.0,0,0.0,0.10099445824662118,0.06272406205655201,0.03827039619006917,15.0,15.0,0.0,7.823957059805489,7.966901011159748,-0.1429439513542592,"[15, 0, 0]",17,0
quincas_borba,complexo,pt,sbert,250,77,20224,10,0.47307872772216797,2.2925408588816323,2.3025850929940455,0.010044234112413175,-6.235445457014348,0.9956378445500343,0.9999999999999998,0.0043621554499654325,10,10.0,0,0.0,0.19599761922245207,0.03663890436200887,0.1593587148604432,4.0,10.0,-6.0,4.339038542821056,4.73078727722168,-0.39174873440062363,"[4, 0, 0]",10,0
quincas_borba,complexo,pt,sbert,250,78,20480,18,0.47307872772216797,2.883225814768698,2.8894938806498347,0.0062680658811364864,-0.6357028995951891,0.9975276733493038,0.9996962753168579,0.0021686019675540846,18,18.0,0,0.0,0.1515916936259963,0.07314461002894745,0.07844708359704886,14.0,16.0,-2.0,8.225929008436088,8.396953860297412,-0.17102485186132377,"[14, 0, 0]",18,0
quincas_borba,complexo,pt,sbert,250,79,20733,18,0.47307872772216797,2.885210986122059,2.8894938806498347,0.004282894527775749,-0.4343681961226863,0.9982144955021766,0.9996962753168579,0.0014817798146813388,18,18.0,0,0.0,0.12668875357150225,0.07314461002894745,0.053544143542554795,15.0,16.0,-1.0,8.261691224532363,8.396953860297412,-0.1352626357650486,"[15, 0, 0]",18,0
quincas_borba,complexo,pt,sbert,250,80,21000,17,0.47307872772216797,2.826731093726311,2.8328799623317966,0.006148868605485802,-1.5953387955957408,0.9977120500496356,0.9998503452063958,0.002138295156760228,17,17.0,0,0.0,0.1373132871855423,0.06272406205655201,0.0745892251289903,13.0,15.0,-2.0,7.681075604720823,7.966901011159748,-0.2858254064389252,"[13, 0, 0]",17,0
quincas_borba,complexo,pt,sbert,250,81,21254,18,0.47307872772216797,2.8889019435945036,2.8894938806498347,0.0005919370553311154,-0.06003384609984353,0.9994914791505122,0.9996962753168579,0.00020479616634572206,18,18.0,0,0.0,0.06949615383682836,0.07314461002894745,0.0,15.0,16.0,-1.0,8.380622719842767,8.396953860297412,-0.016331140454644455,"[15, 0, 0]",18,0
quincas_borba,complexo,pt,sbert,250,82,21516,15,0.47307872772216797,2.7045726093050932,2.707631855708187,0.0030592464030938515,-0.3112779698232655,0.9987158318572893,0.999845517858623,0.001129686001333674,15,15.0,0,0.0,0.09825886262227704,0.08432839749643417,0.013930465125842867,12.0,13.0,-1.0,6.900533321952894,7.026568792244689,-0.12603547029179474,"[12, 0, 0]",15,0
quincas_borba,complexo,pt,sbert,250,83,21766,12,0.47307872772216797,2.4847981695448658,2.4848563296209933,5.816007612757801e-05,-0.017593287858837393,0.9999563443386721,0.9999797496750991,2.3405336426973733e-05,12,12.0,0,0.0,0.021716529627955783,0.05107120957433653,0.0,10.0,11.0,-1.0,5.640853459269638,5.65980412504697,-0.018950665777332176,"[10, 0, 0]",12,0
quincas_borba,complexo,pt,sbert,250,84,22044,10,0.47307872772216797,2.3025850929940455,2.3025850929940455,0.0,0.0,0.9999999999999998,0.9999999999999998,0.0,10,10.0,0,0.0,1.9498466258303885e-308,0.03663890436200887,0.0,10.0,10.0,0.0,4.73078727722168,4.73078727722168,0.0,"[10, 0, 0]",10,0
quincas_borba,complexo,pt,sbert,250,85,22312,16,0.47307872772216797,2.7725169624051063,2.7719761766642175,0.0005407857408887828,0.0578132701876394,0.9999741181105949,0.999779070883954,0.00019504722664087648,16,16.0,0,0.0,0.04159052690418613,0.08422790500723468,0.0,15.0,15.0,0.0,7.546087339578527,7.492239382849898,0.053847956728628965,"[15, 0, 0]",16,0
quincas_borba,complexo,pt,sbert,250,86,22563,15,0.47307872772216797,2.7051127518197937,2.707631855708187,0.0025191038883933814,-0.2563185310473763,0.9989152899450605,0.999845517858623,0.0009302279135624536,15,15.0,0,0.0,0.09161824879193797,0.08432839749643417,0.007289851295503802,7.0,13.0,-6.0,6.727997350638422,7.026568792244689,-0.29857144160626703,"[7, 0, 0]",15,0
quincas_borba,complexo,pt,sbert,250,87,22823,20,0.47307872772216797,2.9949082000217055,2.9946534006314884,0.0002547993902171086,0.027638665200834574,0.9997249174969471,0.9996398633709606,8.505412598658335e-05,20,20.0,0,0.0,0.06097485950342427,0.09283795922508728,0.0,17.0,17.0,0.0,9.365157831036955,9.305247596956939,0.05991023408001617,"[17, 0, 0]",20,0
quincas_borba,complexo,pt,sbert,250,88,23090,23,0.47307872772216797,3.1323703564742935,3.1342054586413117,0.00183510216701821,-0.2905759115234067,0.9990037106625852,0.9995889779412475,0.0005852672786622604,23,23.0,0,0.0,0.08261857529657249,0.09145039145440378,0.0,15.0,19.0,-4.0,10.412283484798039,10.688929332342557,-0.2766458475445184,"[15, 0, 0]",23,0
quincas_borba,complexo,pt,sbert,250,89,23349,18,0.47307872772216797,2.8884926763469894,2.8894938806498347,0.0010012043028453377,-0.10154144683153211,0.9993498824004069,0.9996962753168579,0.00034639291645099934,18,18.0,0,0.0,0.07483629565987032,0.07314461002894745,0.0016916856309228678,15.0,16.0,-1.0,8.314404110664995,8.396953860297412,-0.08254974963241679,"[15, 0, 0]",18,0
quincas_borba,complexo,pt,sbert,250,90,23616,14,0.47307872772216797,2.6325843124654438,2.639001668643156,0.006417356177712108,-3.2676857116606093,0.9975472237464587,0.999978908767355,0.0024316850208963015,14,14.0,0,0.0,0.13688164628964086,0.05515090284380103,0.08173074344583983,10.0,13.0,-3.0,6.3378864061306475,6.5994549571616865,-0.26156855103103904,"[10, 0, 0]",14,0
quincas_borba,complexo,pt,sbert,250,91,23868,16,0.47307872772216797,2.7636119171026863,2.7719761766642175,0.008364259561531195,-0.8941899931673651,0.9967623019364217,0.999779070883954,0.0030167689475323334,16,16.0,0,0.0,0.1330060429729887,0.08422790500723468,0.04877813796575403,13.0,15.0,-2.0,7.153632987243078,7.492239382849898,-0.3386063956068197,"[13, 0, 0]",16,0
quincas_borba,complexo,pt,sbert,250,92,24131,17,0.47307872772216797,2.831772672456125,2.8328799623317966,0.0011072898756716576,-0.28728902989622657,0.9994915061362698,0.9998503452063958,0.0003588390701260158,17,17.0,0,0.0,0.06326167523437642,0.06272406205655201,0.0005376131778244142,12.0,15.0,-3.0,7.801495637840111,7.966901011159748,-0.16540537331963723,"[12, 0, 0]",17,0
quincas_borba,complexo,pt,sbert,250,93,24383,23,0.47307872772216797,3.089672193743544,3.1342054586413117,0.044533264897767655,-7.0515387499151485,0.9995566998397957,0.9995889779412475,3.227810145178811e-05,22,23.0,0,0.0,0.1940641636342723,0.09145039145440378,0.10261377217986853,19.0,19.0,0.0,10.248708722343572,10.688929332342557,-0.4402206099989847,"[19, 0, 0]",22,0
quincas_borba,complexo,pt,sbert,250,94,24640,20,0.47307872772216797,2.9935316464176016,2.9946534006314884,0.0011217542138868275,-0.12167921253196798,0.9992654126152006,0.9996398633709606,0.00037445075575992526,20,20.0,0,0.0,0.0749103250422864,0.09283795922508728,0.0,11.0,17.0,-6.0,9.035924867601597,9.305247596956939,-0.2693227293553413,"[11, 0, 0]",20,0
quincas_borba,complexo,pt,sbert,250,95,24894,14,0.47307872772216797,2.623511180531678,2.639001668643156,0.015490488111477685,-7.887679172978415,0.9941092037262235,0.999978908767355,0.00586970504113149,14,14.0,0,0.0,0.22475109919644218,0.05515090284380103,0.16960019635264115,11.0,13.0,-2.0,6.214740701909822,6.5994549571616865,-0.38471425525186476,"[11, 0, 0]",14,0
quincas_borba,complexo,pt,sbert,250,96,25160,19,0.47307872772216797,2.9401654499499434,2.943492560932647,0.0033271109827035517,-0.4635778310206252,0.998548610024954,0.9996409196686631,0.0010923096437090996,19,19.0,0,0.0,0.10204564473204147,0.06092846909432975,0.04111717563771172,13.0,16.0,-3.0,8.63732642016327,8.847595557521366,-0.2102691373580967,"[13, 0, 0]",19,0
quincas_borba,complexo,pt,sbert,250,97,25420,16,0.47307872772216797,2.771029470105838,2.7719761766642175,0.0009467065583792511,-0.10120866344966369,0.9994376186697163,0.999779070883954,0.0003414522142377585,16,16.0,0,0.0,0.06744398353617453,0.08422790500723468,0.0,12.0,15.0,-3.0,7.378238025319501,7.492239382849898,-0.11400135753039731,"[12, 0, 0]",16,0
quincas_borba,complexo,pt,sbert,250,98,25677,17,0.47307872772216797,2.828742007922752,2.8328799623317966,0.004137954409044742,-1.0736022554240228,0.998421814529836,0.9998503452063958,0.0014285306765597916,17,17.0,0,0.0,0.10718703241390679,0.06272406205655201,0.044462970357354775,12.0,15.0,-3.0,7.696419856757493,7.966901011159748,-0.27048115440225473,"[12, 0, 0]",17,0
quincas_borba,complexo,pt,sbert,250,99,25952,12,0.47307872772216797,2.4832657767274404,2.4848563296209933,0.0015905528935529212,-0.4811385536979112,0.999339664103398,0.9999797496750991,0.0006400855717010323,12,12.0,0,0.0,0.06772710114601432,0.05107120957433653,0.016655891571677794,5.0,11.0,-6.0,5.3866655321802455,5.65980412504697,-0.2731385928667249,"[5, 0, 0]",12,0
quincas_borba,complexo,pt,sbert,250,100,26208,23,0.47307872772216797,3.1333261668610035,3.1342054586413117,0.0008792917803082112,-0.13922985605387397,0.9993085463028023,0.9995889779412475,0.0002804316384451555,23,23.0,0,0.0,0.06486032651152934,0.09145039145440378,0.0,19.0,19.0,0.0,10.59903568667275,10.688929332342557,-0.0898936456698074,"[19, 0, 0]",23,0
quincas_borba,complexo,pt,sbert,250,101,26464,15,0.47307872772216797,2.694899991105657,2.707631855708187,0.012731864602530063,-1.2954657596499177,0.9951440301988491,0.999845517858623,0.004701487659773851,15,15.0,0,0.0,0.2113851292186658,0.08432839749643417,0.12705673172223164,13.0,13.0,0.0,6.7848986882068765,7.026568792244689,-0.2416701040378122,"[13, 0, 0]",15,0
quincas_borba,complexo,pt,sbert,250,102,26723,20,0.47307872772216797,2.992001516826824,2.9946534006314884,0.002651883804664301,-0.2876558243180231,0.9987546428096724,0.9996398633709606,0.000885220561288147,20,20.0,0,0.0,0.08859807882049603,0.09283795922508728,0.0,15.0,17.0,-2.0,9.13409750168955,9.305247596956939,-0.17115009526738945,"[15, 0, 0]",20,0
quincas_borba,complexo,pt,sbert,250,103,26982,14,0.47307872772216797,2.6310997716867517,2.639001668643156,0.007901896956404197,-4.023606461042969,0.9969846968312481,0.999978908767355,0.0029942119361068276,14,14.0,0,0.0,0.1795359712299334,0.05515090284380103,0.12438506838613236,9.0,13.0,-4.0,6.241389916323569,6.5994549571616865,-0.35806504083811763,"[9, 0, 0]",14,0
quincas_borba,complexo,pt,sbert,250,104,27253,13,0.47307872772216797,2.55620102386095,2.5649112239484944,0.008710200087544528,-5.54804941457938,0.9965892762852656,0.9999851328397844,0.0033958565545187946,13,13.0,0,0.0,0.16475447541532143,0.0843785144436903,0.08037596097163113,7.0,12.0,-5.0,5.6427413311570325,6.133405576831896,-0.49066424567486333,"[7, 0, 0]",13,0
quincas_borba,complexo,pt,sbert,250,105,27522,13,0.47307872772216797,2.5558890969445622,2.5649112239484944,0.009022127003932123,-5.746734396377957,0.9964676649499461,0.9999851328397844,0.0035174678898383105,13,13.0,0,0.0,0.16387606617696407,0.0843785144436903,0.07949755173327377,8.0,12.0,-4.0,5.619304645402124,6.133405576831896,-0.5141009314297715,"[8, 0, 0]",13,0
quincas_borba,complexo,pt,sbert,250,106,27772,15,0.47307872772216797,2.707132163370727,2.707631855708187,0.000499692337460278,-0.050843637891859486,0.9996609967824416,0.999845517858623,0.00018452107618138758,15,15.0,0,0.0,0.060989239160868264,0.08432839749643417,0.0,12.0,13.0,-1.0,6.982382117152474,7.026568792244689,-0.044186675092214855,"[12, 0, 0]",15,0
quincas_borba,complexo,pt,sbert,250,107,28028,13,0.47307872772216797,2.5645197868463296,2.5649112239484944,0.0003914371021647156,-0.2493297930796239,0.9998325227693259,0.9999851328397844,0.00015261007045852537,13,13.0,0,0.0,0.05079721900204076,0.0843785144436903,0.0,12.0,12.0,0.0,6.099226241386143,6.133405576831896,-0.03417933544575291,"[12, 0, 0]",13,0
quincas_borba,complexo,pt,sbert,250,108,28306,16,0.47307872772216797,2.7708784944882052,2.7719761766642175,0.001097682176012249,-0.11734887114008301,0.9993831657260027,0.999779070883954,0.0003959051579512929,16,16.0,0,0.0,0.07303985212123504,0.08422790500723468,0.0,13.0,15.0,-2.0,7.410282469628192,7.492239382849898,-0.08195691322170617,"[13, 0, 0]",16,0
quincas_borba,complexo,pt,sbert,250,109,28567,18,0.47307872772216797,2.8782969517430734,2.8894938806498347,0.011196928906761272,-1.135584773288751,0.9958224037720739,0.9996962753168579,0.0038738715447840244,18,18.0,0,0.0,0.15184442966854084,0.07314461002894745,0.07869981963959338,10.0,16.0,-6.0,7.735427949385939,8.396953860297412,-0.6615259109114726,"[10, 0, 0]",18,0
quincas_borba,complexo,pt,sbert,250,110,28830,12,0.47307872772216797,2.4768418945478223,2.4848563296209933,0.008014435073171011,-2.424347983296422,0.9967545037392588,0.9999797496750991,0.003225245935840282,12,12.0,0,0.0,0.16491820466465446,0.05107120957433653,0.11384699509031793,6.0,11.0,-5.0,5.266157379937952,5.65980412504697,-0.3936467451090184,"[6, 0, 0]",12,0
quincas_borba,complexo,pt,sbert,250,111,29089,13,0.47307872772216797,2.5646440531768935,2.5649112239484944,0.00026717077160087754,-0.17017710593039143,0.9998809706383656,0.9999851328397844,0.0001041622014188448,13,13.0,0,0.0,0.03851178900594299,0.0843785144436903,0.0,9.0,12.0,-3.0,6.066488707018268,6.133405576831896,-0.06691686981362821,"[9, 0, 0]",13,0
quincas_borba,complexo,pt,sbert,250,112,29351,20,0.47307872772216797,2.995258304415774,2.9946534006314884,0.0006049037842856819,0.06561527937074016,0.9998417852147867,0.9996398633709606,0.0002019218438261694,20,20.0,0,0.0,0.05450967428241005,0.09283795922508728,0.0,18.0,17.0,1.0,9.368305150239822,9.305247596956939,0.0630575532828832,"[18, 0, 0]",20,0
quincas_borba,complexo,pt,sbert,250,113,29601,18,0.47307872772216797,2.8787678900523774,2.8894938806498347,0.010725990597457269,-1.0878225361916625,0.9776965698461667,0.9996962753168579,0.02199970547069119,19,18.0,1,0.0,0.15730464341070446,0.07314461002894745,0.08416003338175701,13.0,16.0,-3.0,7.713005360705909,8.396953860297412,-0.6839484995915033,"[11, 1, 0]",19,0
quincas_borba,complexo,pt,sbert,250,114,29859,15,0.47307872772216797,2.7034890820229633,2.707631855708187,0.004142773685223755,-0.4215267462174858,0.9983157184171142,0.999845517858623,0.0015297994415087723,15,15.0,0,0.0,0.09804737825509793,0.08432839749643417,0.013718980758663762,7.0,13.0,-6.0,6.560150935773645,7.026568792244689,-0.4664178564710433,"[7, 0, 0]",15,0
quincas_borba,complexo,pt,sbert,250,115,30125,13,0.47307872772216797,2.5593714684135156,2.5649112239484944,0.005539755534978763,-3.5286029188585712,0.9978253414509746,0.9999851328397844,0.0021597913888098397,13,13.0,0,0.0,0.12485104830278607,0.0843785144436903,0.04047253385909577,10.0,12.0,-2.0,5.833634991749142,6.133405576831896,-0.29977058508275345,"[10, 0, 0]",13,0
quincas_borba,complexo,pt,sbert,250,116,30385,13,0.47307872772216797,2.5624513826340345,2.5649112239484944,0.002459841314459865,-1.5668206272508847,0.9990261114433954,0.9999851328397844,0.000959021396389037,13,13.0,0,0.0,0.10156550836863634,0.0843785144436903,0.017186993924946048,8.0,12.0,-4.0,5.947257961457793,6.133405576831896,-0.18614761537410285,"[8, 0, 0]",13,0
quincas_borba,complexo,pt,sbert,250,117,30645,16,0.47307872772216797,2.7721295142921383,2.7719761766642175,0.00015333762792080208,0.016392720892284402,0.9998343757427998,0.999779070883954,5.530485884575054e-05,16,16.0,0,0.0,0.057779845057321366,0.08422790500723468,0.0,14.0,15.0,-1.0,7.506489513996154,7.492239382849898,0.014250131146256173,"[14, 0, 0]",16,0
quincas_borba,complexo,pt,sbert,250,118,30896,15,0.47307872772216797,2.7080029749930348,2.707631855708187,0.0003711192848476763,0.03776134456930925,0.9999825608442724,0.999845517858623,0.00013704298564942707,15,15.0,0,0.0,0.03202809524263389,0.08432839749643417,0.0,14.0,13.0,1.0,7.077900541790317,7.026568792244689,0.05133174954562847,"[14, 0, 0]",15,0
quincas_borba,complexo,pt,sbert,250,119,31158,18,0.47307872772216797,2.892314414773213,2.8894938806498347,0.0028205341233782377,0.2860566169278395,0.9822972848946648,0.9996962753168579,0.01739899042219306,19,18.0,1,0.0,0.09486763994042396,0.07314461002894745,0.02172302991147651,10.0,16.0,-6.0,7.960026662062133,8.396953860297412,-0.4369271982352787,"[8, 1, 0]",19,0
quincas_borba,complexo,pt,sbert,250,120,31409,16,0.47307872772216797,2.7703885148408474,2.7719761766642175,0.0015876618233701123,-0.16973066229564931,0.9992064429241577,0.999779070883954,0.0005726279597962902,16,16.0,0,0.0,0.07415322397921847,0.08422790500723468,0.0,11.0,15.0,-4.0,7.29535045831623,7.492239382849898,-0.1968889245336678,"[11, 0, 0]",16,0
quincas_borba,complexo,pt,sbert,250,121,31663,16,0.47307872772216797,2.7704226159493563,2.7719761766642175,0.0015535607148611241,-0.16608504731199983,0.9992187422991914,0.999779070883954,0.000560328584762626,16,16.0,0,0.0,0.08039477317402294,0.08422790500723468,0.0,12.0,15.0,-3.0,7.3285191320039775,7.492239382849898,-0.16372025084592057,"[12, 0, 0]",16,0
quincas_borba,complexo,pt,sbert,250,122,31924,19,0.47307872772216797,2.9322556526016896,2.943492560932647,0.011236908330957363,-1.5656771350650645,0.9958622587695128,0.9996409196686631,0.0037786608991502435,19,19.0,0,0.0,0.16231288541182637,0.06092846909432975,0.10138441631749662,12.0,16.0,-4.0,8.35193628829888,8.847595557521366,-0.49565926922248593,"[12, 0, 0]",19,0
quincas_borba,complexo,pt,sbert,250,123,32197,13,0.47307872772216797,2.557396030006069,2.5649112239484944,0.007515193942425391,-4.786878250058402,0.9970551748191461,0.9999851328397844,0.0029299580206383347,13,13.0,0,0.0,0.15528687195592264,0.0843785144436903,0.07090835751223235,11.0,12.0,-1.0,5.861677968574706,6.133405576831896,-0.2717276082571898,"[11, 0, 0]",13,0
quincas_borba,complexo,pt,sbert,250,124,32447,11,0.47307872772216797,2.3948794469239325,2.397805532528758,0.0029260856048254347,-0.15750234098658378,0.9987423029234639,0.9999846141517821,0.0012423112283181936,11,11.0,0,0.0,0.10016816690231026,0.06392509366460675,0.03624307323770351,8.0,10.0,-2.0,5.022075386128707,5.177868910006097,-0.15579352387739043,"[8, 0, 0]",11,0
quincas_borba,complexo,pt,sbert,250,125,32703,15,0.47307872772216797,2.7024053064125497,2.707631855708187,0.005226549295637373,-0.5318007899860262,0.9979155132769094,0.999845517858623,0.0019300045817135514,15,15.0,0,0.0,0.1353793995518747,0.08432839749643417,0.051051002055440525,11.0,13.0,-2.0,6.852496034484636,7.026568792244689,-0.1740727577600527,"[11, 0, 0]",15,0
quincas_borba,complexo,pt,sbert,250,126,32960,13,0.47307872772216797,2.5621013382718956,2.5649112239484944,0.002809885676598789,-1.789784898900487,0.9988896392120351,0.9999851328397844,0.0010954936277493,13,13.0,0,0.0,0.11199092715520784,0.0843785144436903,0.027612412711517542,10.0,12.0,-2.0,5.997518710069728,6.133405576831896,-0.135886866762168,"[10, 0, 0]",13,0
quincas_borba,complexo,pt,sbert,250,127,33221,14,0.47307872772216797,2.6387993842298147,2.639001668643156,0.00020228441334113612,-0.10300221288358302,0.9999022585138454,0.999978908767355,7.665025350955812e-05,14,14.0,0,0.0,0.04102259110901163,0.05515090284380103,0.0,12.0,13.0,-1.0,6.58039053637636,6.5994549571616865,-0.019064420785326774,"[12, 0, 0]",14,0
quincas_borba,complexo,pt,sbert,250,128,33490,18,0.47307872772216797,2.8876416871451447,2.8894938806498347,0.001852193504690014,-0.1878481821779018,0.999055460342234,0.9996962753168579,0.0006408149746238712,18,18.0,0,0.0,0.0921247453682694,0.07314461002894745,0.01898013533932194,16.0,16.0,0.0,8.35512391224153,8.396953860297412,-0.04182994805588258,"[16, 0, 0]",18,0
quincas_borba,complexo,pt,sbert,250,129,33746,18,0.47307872772216797,2.8768303314894803,2.8894938806498347,0.012663549160354393,-1.2843283834380963,0.9953149879873789,0.9996962753168579,0.004381287329478956,18,18.0,0,0.0,0.19403052383781325,0.07314461002894745,0.12088591380886579,13.0,16.0,-3.0,7.954414984125291,8.396953860297412,-0.4425388761721205,"[13, 0, 0]",18,0
quincas_borba,complexo,pt,sbert,250,130,34025,21,0.47307872772216797,3.038144989588695,3.0424360155583896,0.004291025969694662,-0.5675460434611094,0.9979052714292043,0.999341815066279,0.0014365436370746831,21,21.0,0,0.0,0.09489368059028569,0.08054192351718004,0.014351757073105653,15.0,17.5,-2.5,9.446276771765081,9.730537798380961,-0.28426102661588004,"[15, 0, 0]",21,0
quincas_borba,complexo,pt,sbert,250,131,34298,12,0.47307872772216797,2.484906649788001,2.4848563296209933,5.032016700745601e-05,0.015221733570722764,1.0000000000000002,0.9999797496750991,2.0250324901160965e-05,12,12.0,0,0.0,0.01688081763815691,0.05107120957433653,0.0,12.0,11.0,1.0,5.676944732666016,5.65980412504697,0.017140607619045234,"[12, 0, 0]",12,0
quincas_borba,complexo,pt,sbert,250,132,34564,21,0.47307872772216797,3.0439612612696836,3.0424360155583896,0.0015252457112939766,0.20173431129630734,0.9998156766897869,0.999341815066279,0.0004738616235079318,21,21.0,0,0.0,0.067269522898849,0.08054192351718004,0.0,15.0,17.5,-2.5,9.743444014442934,9.730537798380961,0.012906216061972842,"[15, 0, 0]",21,0
quincas_borba,complexo,pt,sbert,250,133,34820,15,0.47307872772216797,2.7003134250125425,2.707631855708187,0.00731843069564464,-0.744649481953692,0.9971430455437943,0.999845517858623,0.0027024723148286744,15,15.0,0,0.0,0.12797662959664888,0.08432839749643417,0.04364823210021471,10.0,13.0,-3.0,6.604382875275843,7.026568792244689,-0.42218591696884555,"[10, 0, 0]",15,0
quincas_borba,complexo,pt,sbert,250,134,35085,12,0.47307872772216797,2.482547198574243,2.4848563296209933,0.0023091310467502346,-0.698506774993576,0.9990504869814895,0.9999797496750991,0.0009292626936096005,12,12.0,0,0.0,0.07592977380395582,0.05107120957433653,0.024858564229619295,8.0,11.0,-3.0,5.4490295903955595,5.65980412504697,-0.21077453465141094,"[8, 0, 0]",12,0
quincas_borba,complexo,pt,sbert,250,135,35337,11,0.47307872772216797,2.4402508482887515,2.397805532528758,0.04244531575999355,2.284703012478185,0.951383636947828,0.9999846141517821,0.048600977203954066,13,11.0,2,0.0,0.13239715844612343,0.06392509366460675,0.06847206478151668,6.0,10.0,-4.0,4.462042694713357,5.177868910006097,-0.7158262152927399,"[2, 2, 0]",13,0
quincas_borba,complexo,pt,sbert,250,136,35597,15,0.47307872772216797,2.697873075827041,2.707631855708187,0.00975877988114604,-0.9929547310354644,0.9962418993299952,0.999845517858623,0.0036036185286277833,15,15.0,0,0.0,0.13156860079526794,0.08432839749643417,0.04724020329883377,7.0,13.0,-6.0,6.346000732457275,7.026568792244689,-0.6805680597874133,"[7, 0, 0]",15,0
quincas_borba,complexo,pt,sbert,250,137,35868,13,0.47307872772216797,2.563517722176053,2.5649112239484944,0.0013935017724415744,-0.8876049476596231,0.9713762916055263,0.9999851328397844,0.02860884123425811,14,13.0,1,0.0,0.12940323760698738,0.0843785144436903,0.04502472316329709,8.0,12.0,-4.0,5.8125434958628714,6.133405576831896,-0.32086208096902435,"[6, 1, 0]",14,0
quincas_borba,complexo,pt,sbert,250,138,36155,16,0.47307872772216797,2.7573376661564573,2.7719761766642175,0.014638510507760216,-1.56494541024481,0.9944993442550673,0.999779070883954,0.005279726628886761,16,16.0,0,0.0,0.16349577680527005,0.08422790500723468,0.07926787179803538,8.0,15.0,-7.0,6.504632240035129,7.492239382849898,-0.9876071428147695,"[8, 0, 0]",16,0
quincas_borba,complexo,pt,sbert,250,139,36426,17,0.47307872772216797,2.828561328777886,2.8328799623317966,0.004318633553910711,-1.1204798954995618,0.9983580427192009,0.9998503452063958,0.0014923024871948964,17,17.0,0,0.0,0.1258878601785888,0.06272406205655201,0.06316379812203679,14.0,15.0,-1.0,7.8166284884836665,7.966901011159748,-0.15027252267608127,"[14, 0, 0]",17,0
quincas_borba,complexo,pt,sbert,250,140,36690,15,0.47307872772216797,2.7070312469718516,2.707631855708187,0.000600608736335495,-0.061111869876044896,0.9996237314470966,0.999845517858623,0.00022178641152637013,15,15.0,0,0.0,0.06257720376997586,0.08432839749643417,0.0,12.0,13.0,-1.0,6.9979902200541275,7.026568792244689,-0.028578572190561147,"[12, 0, 0]",15,0
quincas_borba,complexo,pt,sbert,250,141,36941,20,0.47307872772216797,2.984585539841626,2.9946534006314884,0.010067860789862326,-1.0920835933811066,0.9962791288758455,0.9996398633709606,0.003360734495115092,20,20.0,0,0.0,0.15552424295200448,0.09283795922508728,0.0626862837269172,14.0,17.0,-3.0,8.879240702325749,9.305247596956939,-0.4260068946311897,"[14, 0, 0]",20,0
quincas_borba,complexo,pt,sbert,250,142,37199,18,0.47307872772216797,2.874557995962963,2.8894938806498347,0.014935884686871681,-1.514787078425247,0.9945288138489452,0.9996962753168579,0.005167461467912693,18,18.0,0,0.0,0.20205165271776465,0.07314461002894745,0.1289070426888172,11.0,16.0,-5.0,8.066987394830404,8.396953860297412,-0.3299664654670078,"[11, 0, 0]",18,0
quincas_borba,complexo,pt,sbert,250,143,37452,14,0.47307872772216797,2.6379181457853957,2.639001668643156,0.0010835228577601441,-0.5517244270868537,0.9995683368386586,0.999978908767355,0.00041057192869631276,14,14.0,0,0.0,0.07068079013216538,0.05515090284380103,0.015529887288364352,9.0,13.0,-4.0,6.4618180545834845,6.5994549571616865,-0.13763690257820205,"[9, 0, 0]",14,0
quincas_borba,complexo,pt,sbert,250,144,37714,16,0.47307872772216797,2.7662945335681774,2.7719761766642175,0.005681643096040023,-0.6074020496199648,0.9977298513042645,0.999779070883954,0.0020492195796895096,16,16.0,0,0.0,0.13666194651252733,0.08422790500723468,0.052434041505292656,12.0,15.0,-3.0,7.312779454870327,7.492239382849898,-0.179459927979571,"[12, 0, 0]",16,0
quincas_borba,complexo,pt,sbert,250,145,37991,17,0.47307872772216797,2.8311670281062336,2.8328799623317966,0.0017129342255630675,-0.44442491776559995,0.9992777402540916,0.9998503452063958,0.0005726049523042676,17,17.0,0,0.0,0.06709568327267834,0.06272406205655201,0.004371621216126331,9.0,15.0,-6.0,7.655890454776686,7.966901011159748,-0.31101055638306185,"[9, 0, 0]",17,0
quincas_borba,complexo,pt,sbert,250,146,38243,14,0.47307872772216797,2.645543415214489,2.639001668643156,0.006541746571333107,3.331024678775271,0.9541780913965988,0.999978908767355,0.04580081737075614,16,14.0,2,0.0,0.11558124860165936,0.05515090284380103,0.06043034575785833,4.0,13.0,-9.0,5.933501228993518,6.5994549571616865,-0.6659537281681684,"[4, 0, 0]",16,0
quincas_borba,complexo,pt,sbert,250,147,38493,13,0.47307872772216797,2.5631742859602924,2.5649112239484944,0.0017369379882019587,-1.1063600941136587,0.9993079506633998,0.9999851328397844,0.000677182176384572,13,13.0,0,0.0,0.08798880455357524,0.0843785144436903,0.0036102901098849505,10.0,12.0,-2.0,6.006955487386196,6.133405576831896,-0.1264500894456999,"[10, 0, 0]",13,0
quincas_borba,complexo,pt,sbert,250,148,38756,13,0.47307872772216797,2.5549250716883622,2.5649112239484944,0.009986152260132108,-6.360779964165578,0.9960918192228577,0.9999851328397844,0.0038933136169266858,13,13.0,0,0.0,0.20273378650560223,0.0843785144436903,0.11835527206191193,11.0,12.0,-1.0,5.859427489720845,6.133405576831896,-0.27397808711105043,"[11, 0, 0]",13,0
quincas_borba,complexo,pt,sbert,250,149,39014,18,0.47307872772216797,2.882225168036679,2.8894938806498347,0.00726871261315587,-0.7371877979797983,0.9971814733391198,0.9996962753168579,0.0025148019777381236,18,18.0,0,0.0,0.14852966316552382,0.07314461002894745,0.07538505313657637,15.0,16.0,-1.0,8.137264539882072,8.396953860297412,-0.2596893204153403,"[15, 0, 0]",18,0
quincas_borba,complexo,pt,sbert,250,150,39297,15,0.47307872772216797,2.6991175791887567,2.707631855708187,0.008514276519430375,-0.8663266570492327,0.9967014563061579,0.999845517858623,0.0031440615524650495,15,15.0,0,0.0,0.15332397873110584,0.08432839749643417,0.06899558123467167,9.0,13.0,-4.0,6.575096656124842,7.026568792244689,-0.4514721361198468,"[9, 0, 0]",15,0
quincas_borba,complexo,pt,sbert,250,151,39547,21,0.47307872772216797,3.0399853744748606,3.0424360155583896,0.0024506410835289927,-0.32413032704136613,0.9834822459885714,0.999341815066279,0.01585956907770758,22,21.0,1,0.0,0.1293552915166979,0.08054192351718004,0.048813367999517854,14.0,17.5,-3.5,9.23591545663187,9.730537798380961,-0.4946223417490909,"[12, 1, 0]",22,0
quincas_borba,complexo,pt,sbert,250,152,39803,13,0.47307872772216797,2.5628682223908985,2.5649112239484944,0.002043001557595847,-1.3013103581641983,0.9991886252784742,0.9999851328397844,0.0007965075613102224,13,13.0,0,0.0,0.08648910251043648,0.0843785144436903,0.0021105880667461885,10.0,12.0,-2.0,5.964791527779353,6.133405576831896,-0.16861404905254318,"[10, 0, 0]",13,0
quincas_borba,complexo,pt,sbert,250,153,40068,18,0.47307872772216797,2.890356691040652,2.8894938806498347,0.0008628103908172591,0.08750563214309115,0.9999947872257361,0.9996962753168579,0.00029851190887819623,18,18.0,0,0.0,0.058338808433021944,0.07314461002894745,0.0,17.0,16.0,1.0,8.504135166356921,8.396953860297412,0.10718130605950904,"[17, 0, 0]",18,0
quincas_borba,complexo,pt,sbert,250,154,40328,17,0.47307872772216797,2.8299203390182055,2.8328799623317966,0.00295962331359112,-0.767881409648124,0.9988377137059167,0.9998503452063958,0.0010126315004791442,17,17.0,0,0.0,0.08132912114830643,0.06272406205655201,0.018605059091754417,10.0,15.0,-5.0,7.612192618856902,7.966901011159748,-0.3547083923028458,"[10, 0, 0]",17,0
quincas_borba,complexo,pt,sbert,250,155,40592,13,0.47307872772216797,2.553179981020151,2.5649112239484944,0.011731242928343377,-7.472332989681305,0.9954114585509658,0.9999851328397844,0.004573674288818608,13,13.0,0,0.0,0.1628959446872398,0.0843785144436903,0.07851743024354951,2.0,12.0,-10.0,5.079069732996146,6.133405576831896,-1.0543358438357497,"[2, 0, 0]",13,0
quincas_borba,complexo,pt,sbert,250,156,40853,17,0.47307872772216797,2.826428171281117,2.8328799623317966,0.006451791050679834,-1.6739327548882863,0.9976051317175482,0.9998503452063958,0.0022452134888476527,17,17.0,0,0.0,0.1511499763984689,0.06272406205655201,0.08842591434191688,12.0,15.0,-3.0,7.674627446451749,7.966901011159748,-0.29227356470799837,"[12, 0, 0]",17,0
quincas_borba,complexo,pt,sbert,250,157,41105,19,0.47307872772216797,2.9391512777043407,2.943492560932647,0.004341283228306292,-0.6048859425750529,0.9982041735286372,0.9996409196686631,0.0014367461400258685,19,19.0,0,0.0,0.09722342549014917,0.06092846909432975,0.03629495639581942,11.0,16.0,-5.0,8.412402974747227,8.847595557521366,-0.43519258277413897,"[11, 0, 0]",19,0
quincas_borba,complexo,pt,sbert,250,158,41355,14,0.47307872772216797,2.625807696035609,2.639001668643156,0.013193972607546733,-6.718304949234201,0.9949794066877733,0.999978908767355,0.004999502079581664,14,14.0,0,0.0,0.1777148843700618,0.05515090284380103,0.12256398152626077,4.0,13.0,-9.0,5.583175749013564,6.5994549571616865,-1.0162792081481227,"[4, 0, 0]",14,0
quincas_borba,complexo,pt,sbert,250,159,41621,17,0.47307872772216797,2.8146620002810847,2.8328799623317966,0.01821796205071191,-4.726694210096137,0.9934521896086469,0.9998503452063958,0.006398155597748922,17,17.0,0,0.0,0.21037883123436338,0.06272406205655201,0.14765476917781137,10.0,15.0,-5.0,7.447996556686925,7.966901011159748,-0.518904454472823,"[10, 0, 0]",17,0
quincas_borba,complexo,pt,sbert,250,160,41888,17,0.47307872772216797,2.8325399227853683,2.8328799623317966,0.0003400395464283612,-0.08822408076340481,0.9997623118385135,0.9998503452063958,8.803336788232308e-05,17,17.0,0,0.0,0.04794399718692019,0.06272406205655201,0.0,14.0,15.0,-1.0,7.917509065954624,7.966901011159748,-0.04939194520512391,"[14, 0, 0]",17,0
quincas_borba,complexo,pt,sbert,250,161,42146,16,0.47307872772216797,2.7651053381616117,2.7719761766642175,0.006870838502605725,-0.7345342392237248,0.9973009397253394,0.999779070883954,0.002478131158614616,16,16.0,0,0.0,0.1351480153352378,0.08422790500723468,0.050920110328003115,12.0,15.0,-3.0,7.206034971181567,7.492239382849898,-0.2862044116683311,"[12, 0, 0]",16,0
quincas_borba,complexo,pt,sbert,250,162,42407,14,0.47307872772216797,2.632527355674611,2.639001668643156,0.0064743129685447265,-3.296687825059299,0.9975256414980574,0.999978908767355,0.00245326726929751,14,14.0,0,0.0,0.1343676486700067,0.05515090284380103,0.07921674582620566,5.0,13.0,-8.0,6.035281618633265,6.5994549571616865,-0.5641733385284216,"[5, 0, 0]",14,0
quincas_borba,complexo,pt,sbert,250,163,42667,21,0.47307872772216797,3.0430350284861003,3.0424360155583896,0.0005990129277106959,0.07922753660902504,0.9995114474378993,0.999341815066279,0.00016963237162037625,21,21.0,0,0.0,0.06864371616942377,0.08054192351718004,0.0,14.0,17.5,-3.5,9.707113855870254,9.730537798380961,-0.023423942510707008,"[14, 0, 0]",21,0
quincas_borba,complexo,pt,sbert,250,164,42924,16,0.47307872772216797,2.7631647347884716,2.7719761766642175,0.008811441875745896,-0.9419964902697827,0.9966010150096489,0.999779070883954,0.0031780558743050857,16,16.0,0,0.0,0.16273915689021262,0.08422790500723468,0.07851125188297794,12.0,15.0,-3.0,7.211465810589957,7.492239382849898,-0.2807735722599407,"[12, 0, 0]",16,0
quincas_borba,complexo,pt,sbert,250,165,43178,15,0.47307872772216797,2.7058606414712605,2.707631855708187,0.0017712142369266104,-0.1802208449881654,0.9991914626877824,0.999845517858623,0.0006540551708406062,15,15.0,0,0.0,0.06704979631575764,0.08432839749643417,0.0,8.0,13.0,-5.0,6.772178509956371,7.026568792244689,-0.25439028228831795,"[8, 0, 0]",15,0
quincas_borba,complexo,pt,sbert,250,166,43444,18,0.47307872772216797,2.8896975374266303,2.8894938806498347,0.00020365677679556882,0.020654729223694678,0.9997667357260559,0.9996962753168579,7.046040919800323e-05,18,18.0,0,0.0,0.05062756020275622,0.07314461002894745,0.0,15.0,16.0,-1.0,8.389229754415188,8.396953860297412,-0.007724105882223498,"[15, 0, 0]",18,0
quincas_borba,complexo,pt,sbert,250,167,43698,13,0.47307872772216797,2.564864113895439,2.5649112239484944,4.7110053055465784e-05,-0.030007221378178735,0.9999667659847358,0.9999851328397844,1.836685504863489e-05,13,13.0,0,0.0,0.022934065651362245,0.0843785144436903,0.0,12.0,12.0,0.0,6.127089394736821,6.133405576831896,-0.006316182095075007,"[12, 0, 0]",13,0
quincas_borba,complexo,pt,sbert,250,168,43964,13,0.47307872772216797,2.5632395973887414,2.5649112239484944,0.0016716265597529478,-1.064759323898284,0.9993334137113383,0.9999851328397844,0.0006517191284460822,13,13.0,0,0.0,0.0712454789020173,0.0843785144436903,0.0,10.0,12.0,-2.0,5.990731921976578,6.133405576831896,-0.1426736548553178,"[10, 0, 0]",13,0
quincas_borba,complexo,pt,sbert,250,169,44230,18,0.47307872772216797,2.8604848329274306,2.8894938806498347,0.02900904772240409,-2.9420775246037882,0.9896598335881582,0.9996962753168579,0.010036441728699663,18,18.0,0,0.0,0.2125426968895612,0.07314461002894745,0.13939808686061375,9.0,16.0,-7.0,7.373123827268204,8.396953860297412,-1.023830033029208,"[9, 0, 0]",18,0
quincas_borba,complexo,pt,sbert,250,170,44482,11,0.47307872772216797,2.3723120175999783,2.397805532528758,0.025493514928779604,-1.3722388280908666,0.9893309539041977,0.9999846141517821,0.010653660247584407,11,11.0,0,0.0,0.22625985477147675,0.06392509366460675,0.16233476110687,6.0,10.0,-4.0,4.4663447933024285,5.177868910006097,-0.7115241167036688,"[6, 0, 0]",11,0
quincas_borba,complexo,pt,sbert,250,171,44738,13,0.47307872772216797,2.560471820076129,2.5649112239484944,0.0044394038723654106,-2.82772287750071,0.9982543369238919,0.9999851328397844,0.0017307959158925357,13,13.0,0,0.0,0.11242336245094287,0.0843785144436903,0.02804484800725257,10.0,12.0,-2.0,5.882053420265054,6.133405576831896,-0.25135215656684196,"[10, 0, 0]",13,0
quincas_borba,complexo,pt,sbert,250,172,44993,19,0.47307872772216797,2.9397436166115916,2.943492560932647,0.0037489443210554363,-0.5223533227496248,0.9984053456063885,0.9996409196686631,0.0012355740622745914,19,19.0,0,0.0,0.09674137449295284,0.06092846909432975,0.035812905398623085,9.0,16.0,-7.0,8.467331021414557,8.847595557521366,-0.3802645361068091,"[9, 0, 0]",19,0
quincas_borba,complexo,pt,sbert,250,173,45251,16,0.47307872772216797,2.769766999183622,2.7719761766642175,0.002209177480595681,-0.2361744493636589,0.9989822785350292,0.999779070883954,0.0007967923489248241,16,16.0,0,0.0,0.09590825499161909,0.08422790500723468,0.011680349984384414,10.0,15.0,-5.0,7.368365806663987,7.492239382849898,-0.1238735761859111,"[10, 0, 0]",16,0
quincas_borba,complexo,pt,sbert,250,174,45517,18,0.47307872772216797,2.8795769922341536,2.8894938806498347,0.009916888415681058,-1.005763953404292,0.9962652673890406,0.9996962753168579,0.0034310079278172534,18,18.0,0,0.0,0.13989797058525252,0.07314461002894745,0.06675336055630507,11.0,16.0,-5.0,7.888889357596064,8.396953860297412,-0.5080645027013482,"[11, 0, 0]",18,0
quincas_borba,complexo,pt,sbert,250,175,45774,19,0.47307872772216797,2.938546946355655,2.943492560932647,0.004945614576992163,-0.6890895105648159,0.9979989285386878,0.9996409196686631,0.0016419911299753176,19,19.0,0,0.0,0.11065894339928728,0.06092846909432975,0.04973047430495753,11.0,16.0,-5.0,8.408939927464417,8.847595557521366,-0.4386556300569495,"[11, 0, 0]",19,0
quincas_borba,complexo,pt,sbert,250,176,46031,25,0.47307872772216797,3.1735120477838743,3.217530491417053,0.04401844363317853,-5.23638670441299,0.9859069502669666,0.9995820486640852,0.013675098397118557,25,25.0,0,0.0,0.21818486688163807,0.06238318048164829,0.15580168639998979,17.0,21.0,-4.0,10.47049942279679,11.607151478089826,-1.1366520552930357,"[17, 0, 0]",25,0
quincas_borba,complexo,pt,sbert,250,177,46287,19,0.47307872772216797,2.9319053719908066,2.943492560932647,0.01158718894184041,-1.6144829388647903,0.9957432953223633,0.9996409196686631,0.0038976243462998106,19,19.0,0,0.0,0.15383973444113755,0.06092846909432975,0.0929112653468078,8.0,16.0,-8.0,8.053298533152109,8.847595557521366,-0.7942970243692571,"[8, 0, 0]",19,0
quincas_borba,complexo,pt,sbert,250,178,46543,21,0.47307872772216797,3.0487958352364015,3.0424360155583896,0.006359819678011913,0.8411719064097415,0.9863325661942899,0.999341815066279,0.013009248871989065,22,21.0,1,0.0,0.12915754835028115,0.08054192351718004,0.04861562483310111,11.0,17.5,-6.5,9.050652874163358,9.730537798380961,-0.6798849242176033,"[9, 1, 0]",22,0
quincas_borba,complexo,pt,sbert,250,179,46797,14,0.47307872772216797,2.638987080580805,2.639001668643156,1.4588062350995301e-05,-0.007428168483264126,0.9999733810123542,0.999978908767355,5.5277550007337695e-06,14,14.0,0,0.0,0.02155903698544931,0.05515090284380103,0.0,13.0,13.0,0.0,6.601543151124902,6.5994549571616865,0.002088193963215801,"[13, 0, 0]",14,0
quincas_borba,complexo,pt,sbert,250,180,47067,17,0.47307872772216797,2.8126294686234234,2.8328799623317966,0.020250493708373174,-5.254039452739739,0.9927347951131263,0.9998503452063958,0.007115550093269474,17,17.0,0,0.0,0.21037883123436338,0.06272406205655201,0.14765476917781137,13.0,15.0,-2.0,7.472584371685765,7.966901011159748,-0.49431663947398263,"[13, 0, 0]",17,0
quincas_borba,complexo,pt,sbert,250,181,47335,15,0.47307872772216797,2.7018910192859336,2.707631855708187,0.005740836422253537,-0.5841294459966775,0.9977256027920864,0.999845517858623,0.0021199150665365263,15,15.0,0,0.0,0.14178781694833073,0.08432839749643417,0.05745941945189656,14.0,13.0,1.0,6.905220966431366,7.026568792244689,-0.12134782581332271,"[14, 0, 0]",15,0
quincas_borba,complexo,pt,sbert,250,182,47608,18,0.47307872772216797,2.856066530782199,2.8894938806498347,0.03342734986763585,-3.3901786674881085,0.9881312059529201,0.9996962753168579,0.011565069363937752,18,18.0,0,0.0,0.22465622797165416,0.07314461002894745,0.1515116179427067,12.0,16.0,-4.0,7.720771597148708,8.396953860297412,-0.6761822631487036,"[12, 0, 0]",18,0
quincas_borba,complexo,pt,sbert,250,183,47881,18,0.47307872772216797,2.81748798394518,2.8894938806498347,0.07200589670465485,-7.302788163228629,0.9944496378488311,0.9996962753168579,0.0052466374680267824,17,18.0,0,0.0,0.22465622797165416,0.07314461002894745,0.1515116179427067,11.0,16.0,-5.0,7.545801261898193,8.396953860297412,-0.851152598399219,"[11, 0, 0]",17,0
quincas_borba,complexo,pt,sbert,250,184,48131,21,0.47307872772216797,3.0393797376988694,3.0424360155583896,0.003056277859520229,-0.4042339568995716,0.9983108352361498,0.999341815066279,0.0010309798301291195,21,21.0,0,0.0,0.09141699988033544,0.08054192351718004,0.010875076363155406,15.0,17.5,-2.5,9.38419078294988,9.730537798380961,-0.34634701543108193,"[15, 0, 0]",21,0
quincas_borba,complexo,pt,sbert,250,185,48383,16,0.47307872772216797,2.687451178079517,2.7719761766642175,0.0845249985847003,-9.036234152098512,0.9923934116825793,0.999779070883954,0.007385659201374684,15,16.0,0,0.0,0.21930266377250585,0.08422790500723468,0.13507475876527117,8.0,15.0,-7.0,6.217164954097595,7.492239382849898,-1.275074428752303,"[8, 0, 0]",15,0
quincas_borba,complexo,pt,sbert,250,186,48638,14,0.47307872772216797,2.6344925947697284,2.639001668643156,0.004509073873427472,-2.2959978939916192,0.9982703161487608,0.999978908767355,0.0017085926185941291,14,14.0,0,0.0,0.10354918317195633,0.05515090284380103,0.048398280328155296,7.0,13.0,-6.0,6.213127451948527,6.5994549571616865,-0.38632750521315984,"[7, 0, 0]",14,0
quincas_borba,complexo,pt,sbert,250,187,48890,15,0.47307872772216797,2.702219856299904,2.707631855708187,0.005411999408283297,-0.5506703176283697,0.9978470322300771,0.999845517858623,0.0019984856285458763,15,15.0,0,0.0,0.1047811553435706,0.08432839749643417,0.020452757847136432,12.0,13.0,-1.0,6.756391501811779,7.026568792244689,-0.27017729043291006,"[12, 0, 0]",15,0
quincas_borba,complexo,pt,sbert,250,188,49141,17,0.47307872772216797,2.8301675104208126,2.8328799623317966,0.002712451910984015,-0.7037521928700767,0.9989249543661111,0.9998503452063958,0.0009253908402847566,17,17.0,0,0.0,0.09491395698813926,0.06272406205655201,0.03218989493158725,12.0,15.0,-3.0,7.762392734371488,7.966901011159748,-0.20450827678825956,"[12, 0, 0]",17,0
quincas_borba,complexo,pt,sbert,250,189,49393,12,0.47307872772216797,2.4786227502159446,2.4848563296209933,0.006233579405048761,-1.8856432825737124,0.9974711727812423,0.9999797496750991,0.002508576893856751,12,12.0,0,0.0,0.1577642786963856,0.05107120957433653,0.10669306912204907,9.0,11.0,-2.0,5.454537109833929,5.65980412504697,-0.20526701521304158,"[9, 0, 0]",12,0
quincas_borba,complexo,pt,sbert,250,190,49665,19,0.47307872772216797,2.9002817469105153,2.943492560932647,0.04321081402213167,-6.020711525750823,0.9850031763034105,0.9996409196686631,0.014637743365252587,19,19.0,0,0.0,0.19947969897061713,0.06092846909432975,0.13855122987628737,12.0,16.0,-4.0,8.031957488636117,8.847595557521366,-0.8156380688852494,"[12, 0, 0]",19,0
quincas_borba,complexo,pt,sbert,250,191,49921,22,0.47307872772216797,3.0878556037181615,3.0897397924884635,0.0018841887703020532,-0.26453897007089805,0.9989690048945487,0.9995785690783906,0.0006095641838419485,22,22.0,0,0.0,0.07166909439657523,0.08986165301637042,0.0,18.0,19.0,-1.0,10.101766154220016,10.242331597121424,-0.1405654429014085,"[18, 0, 0]",22,0
quincas_borba,complexo,pt,sbert,250,192,50172,26,0.47307872772216797,3.253177447413115,3.2567590303739022,0.003581582960787255,-0.39653632492562413,0.9984901949494246,0.9995894818855207,0.0010992869360960666,26,26.0,0,0.0,0.11540226546764529,0.07585280647152143,0.03954945899612386,19.0,21.5,-2.5,11.895085686300483,12.062798136477857,-0.16771245017737435,"[19, 0, 0]",26,0
quincas_borba,complexo,pt,sbert,250,193,50423,18,0.47307872772216797,2.8662987059323233,2.8894938806498347,0.023195174717511424,-2.352438551884767,0.9916712956047691,0.9996962753168579,0.00802497971208882,18,18.0,0,0.0,0.20205165271776465,0.07314461002894745,0.1289070426888172,10.0,16.0,-6.0,7.6226399721499245,8.396953860297412,-0.7743138881474874,"[10, 0, 0]",18,0
quincas_borba,complexo,pt,sbert,250,194,50677,11,0.47307872772216797,2.3958524549297033,2.397805532528758,0.001953077599054609,-0.10512826195934522,0.9991480787789855,0.9999846141517821,0.0008365353727965985,11,11.0,0,0.0,0.0777515801538988,0.06392509366460675,0.01382648648929205,8.0,10.0,-2.0,5.02980137636397,5.177868910006097,-0.1480675336421271,"[8, 0, 0]",11,0
quincas_borba,complexo,pt,sbert,250,195,50959,18,0.47307872772216797,2.8351519456096765,2.8894938806498347,0.05434193504015816,-5.511321407550109,0.980895256073675,0.9996962753168579,0.018801019243182893,18,18.0,0,0.0,0.20205165271776465,0.07314461002894745,0.1289070426888172,13.0,16.0,-3.0,7.91575340544239,8.396953860297412,-0.4812004548550215,"[13, 0, 0]",18,0
quincas_borba,complexo,pt,sbert,250,196,51213,14,0.47307872772216797,2.633765729587244,2.639001668643156,0.00523593905591202,-2.6661140142963404,0.997994890081154,0.999978908767355,0.0019840186862009057,14,14.0,0,0.0,0.1364430008720229,0.05515090284380103,0.08129209802822188,10.0,13.0,-3.0,6.301911355721513,6.5994549571616865,-0.29754360144017333,"[10, 0, 0]",14,0
quincas_borba,complexo,pt,sbert,250,197,51468,15,0.47307872772216797,2.7079443688654945,2.707631855708187,0.0003125131573074036,0.031798177829457784,0.9999609193962976,0.999845517858623,0.00011540153767464201,15,15.0,0,0.0,0.029308022407241008,0.08432839749643417,0.0,12.0,13.0,-1.0,7.050312103709248,7.026568792244689,0.023743311464559547,"[12, 0, 0]",15,0
quincas_borba,complexo,pt,sbert,250,198,51733,15,0.47307872772216797,2.697899663266318,2.707631855708187,0.00973219244186918,-0.9902494621455409,0.9962517172570284,0.999845517858623,0.0035938006015945323,15,15.0,0,0.0,0.1554125886390166,0.08432839749643417,0.07108419114258244,12.0,13.0,-1.0,6.742537457332401,7.026568792244689,-0.2840313349122878,"[12, 0, 0]",15,0
quincas_borba,complexo,pt,sbert,250,199,52001,13,0.47307872772216797,2.552444366139485,2.5649112239484944,0.012466857809009468,-7.9408902750496955,0.9951246634614151,0.9999851328397844,0.004860469378369259,13,13.0,0,0.0,0.21348273842776186,0.0843785144436903,0.12910422398407156,11.0,12.0,-1.0,5.804896526567737,6.133405576831896,-0.32850905026415855,"[11, 0, 0]",13,0
quincas_borba,complexo,pt,sbert,250,200,52256,19,0.47307872772216797,2.9409097438395984,2.943492560932647,0.0025828170930486394,-0.35987280019903334,0.9988013895510102,0.9996409196686631,0.0008395301176529202,19,19.0,0,0.0,0.08046965488615718,0.06092846909432975,0.019541185791827426,13.0,16.0,-3.0,8.589219049632558,8.847595557521366,-0.2583765078888085,"[13, 0, 0]",19,0
quincas_borba,complexo,pt,sbert,250,201,52519,17,0.47307872772216797,2.8327634594327815,2.8328799623317966,0.00011650289901510291,-0.030226958246001124,0.9998412104671262,0.9998503452063958,9.134739269667236e-06,17,17.0,0,0.0,0.04951872228894316,0.06272406205655201,0.0,15.0,15.0,0.0,7.958004650136289,7.966901011159748,-0.008896361023459143,"[15, 0, 0]",17,0
quincas_borba,complexo,pt,sbert,250,202,52775,21,0.47307872772216797,3.027565923638135,3.0424360155583896,0.01487009192025468,-1.9667701605273866,0.9944304847698979,0.999341815066279,0.004911330296381022,21,21.0,0,0.0,0.17382336559628123,0.08054192351718004,0.09328144207910119,10.0,17.5,-7.5,8.844495881681029,9.730537798380961,-0.8860419166999325,"[10, 0, 0]",21,0
quincas_borba,complexo,pt,sbert,250,203,53031,20,0.47307872772216797,2.932481638580219,2.9946534006314884,0.0621717620512694,-6.743911415238575,0.9959390088669434,0.9996398633709606,0.003700854504017137,19,20.0,0,0.0,0.20476354339725247,0.09283795922508728,0.1119255841721652,10.0,17.0,-7.0,8.233593054289543,9.305247596956939,-1.071654542667396,"[10, 0, 0]",19,0
quincas_borba,complexo,pt,sbert,250,204,53301,15,0.47307872772216797,2.699742127611405,2.707631855708187,0.007889728096782012,-0.8027789268429643,0.9969320829106405,0.999845517858623,0.002913434947982463,15,15.0,0,0.0,0.14622403461041072,0.08432839749643417,0.061895637113976554,10.0,13.0,-3.0,6.633191363529589,7.026568792244689,-0.39337742871509995,"[10, 0, 0]",15,0
quincas_borba,complexo,pt,sbert,250,205,53553,14,0.47307872772216797,2.637779294874628,2.639001668643156,0.0012223737685279623,-0.6224266173038879,0.99951572300977,0.999978908767355,0.0004631857575849718,14,14.0,0,0.0,0.07446639574168992,0.05515090284380103,0.019315492897888892,12.0,13.0,-1.0,6.49527522412396,6.5994549571616865,-0.10417973303772676,"[12, 0, 0]",14,0
quincas_borba,complexo,pt,sbert,250,206,53806,11,0.47307872772216797,2.395814536754081,2.397805532528758,0.0019909957746770957,-0.1071692827061864,0.9991322656715272,0.9999846141517821,0.0008523484802548387,11,11.0,0,0.0,0.07602744625878327,0.06392509366460675,0.012102352594176524,8.0,10.0,-2.0,5.036589677026104,5.177868910006097,-0.14127923297999345,"[8, 0, 0]",11,0
quincas_borba,complexo,pt,sbert,250,207,54070,20,0.47307872772216797,2.994246545004512,2.9946534006314884,0.00040685562697628797,-0.044132548549239876,0.9995040516261768,0.9996398633709606,0.00013581174478372038,20,20.0,0,0.0,0.057966318955944895,0.09283795922508728,0.0,14.0,17.0,-3.0,9.214501047145287,9.305247596956939,-0.09074654981165153,"[14, 0, 0]",20,0
quincas_borba,complexo,pt,sbert,250,208,54329,12,0.47307872772216797,2.48490124287329,2.4848563296209933,4.491325229682985e-05,0.013586154436961583,0.9999978240974523,0.9999797496750991,1.8074422353242525e-05,12,12.0,0,0.0,0.011266989051245513,0.05107120957433653,0.0,11.0,11.0,0.0,5.671330904079104,5.65980412504697,0.011526779032133838,"[11, 0, 0]",12,0
quincas_borba,complexo,pt,sbert,250,209,54581,15,0.47307872772216797,2.7037030409984264,2.707631855708187,0.003928814709760697,-0.3997564450608832,0.9983947269138459,0.999845517858623,0.0014507909447770695,15,15.0,0,0.0,0.10103275676255333,0.08432839749643417,0.016704359266119156,10.0,13.0,-3.0,6.7667142848068575,7.026568792244689,-0.2598545074378311,"[10, 0, 0]",15,0
quincas_borba,complexo,pt,sbert,250,210,54863,9,0.47307872772216797,2.195384983422136,2.1972245773362196,0.0018395939140836148,-0.11138312378530428,0.9991627647291685,1.0,0.0008372352708314601,9,9.0,0,0.0,0.08764544668402124,1.924301780028407e-308,0.08764544668402124,7.0,9.0,-2.0,4.161559879792874,4.257708549499512,-0.09614866970663805,"[7, 0, 0]",9,0
quincas_borba,complexo,pt,sbert,250,211,55117,15,0.47307872772216797,2.707782493135447,2.707631855708187,0.00015063742725995866,0.015327340906394215,0.9999011436469479,0.999845517858623,5.5625788324964454e-05,15,15.0,0,0.0,0.04277029939399629,0.08432839749643417,0.0,12.0,13.0,-1.0,7.044372416124621,7.026568792244689,0.017803623879932395,"[12, 0, 0]",15,0
quincas_borba,complexo,pt,sbert,250,212,55382,14,0.47307872772216797,2.6319713776411193,2.639001668643156,0.007030291002036559,-3.5797890626605646,0.997314968532657,0.999978908767355,0.002663940234697959,14,14.0,0,0.0,0.1474332985758354,0.05515090284380103,0.09228239573203437,10.0,13.0,-3.0,6.277752372460599,6.5994549571616865,-0.3217025847010877,"[10, 0, 0]",14,0
quincas_borba,complexo,pt,sbert,250,213,55637,15,0.47307872772216797,2.703068838066118,2.707631855708187,0.004563017642069234,-0.46428652051519004,0.9981605351946339,0.999845517858623,0.0016849826639890875,15,15.0,0,0.0,0.11510459399282522,0.08432839749643417,0.030776196496391045,10.0,13.0,-3.0,6.755239884501302,7.026568792244689,-0.2713289077433867,"[10, 0, 0]",15,0
quincas_borba,complexo,pt,sbert,250,214,55908,16,0.47307872772216797,2.7673579751763837,2.7719761766642175,0.004618201487833762,-0.493713702506814,0.998113406787873,0.999779070883954,0.0016656640960810432,16,16.0,0,0.0,0.10224095877698597,0.08422790500723468,0.01801305376975129,11.0,15.0,-4.0,7.230265756687777,7.492239382849898,-0.2619736261621215,"[11, 0, 0]",16,0
quincas_borba,complexo,pt,sbert,250,215,56203,17,0.47307872772216797,2.8226279715885405,2.8328799623317966,0.010251990743256112,-2.659903734194805,0.9765622584283299,0.9998503452063958,0.02328808677806593,18,17.0,1,0.0,0.20540032566772384,0.06272406205655201,0.14267626361117183,5.0,15.0,-10.0,6.615810983141665,7.966901011159748,-1.351090028018083,"[5, 0, 0]",18,0
quincas_borba,complexo,pt,sbert,250,216,56481,16,0.47307872772216797,2.775711346282613,2.7719761766642175,0.003735169618395595,0.3993122488586045,0.9797043177513489,0.999779070883954,0.020074753132605094,17,16.0,1,0.0,0.12082396724291256,0.08422790500723468,0.03659606223567788,10.0,15.0,-5.0,7.2031694129634,7.492239382849898,-0.2890699698864978,"[10, 0, 0]",17,0
quincas_borba,complexo,pt,sbert,250,217,56741,18,0.47307872772216797,2.8813385117314,2.8894938806498347,0.008155368918434824,-0.8271118662488433,0.9785696127916008,0.9996962753168579,0.02112666252525708,19,18.0,1,0.0,0.20878268159346083,0.07314461002894745,0.13563807156451338,11.0,16.0,-5.0,7.486881653229623,8.396953860297412,-0.9100722070677891,"[9, 1, 0]",19,0
quincas_borba,complexo,pt,sbert,250,218,56992,11,0.47307872772216797,2.3954125439965432,2.397805532528758,0.0023929885322147015,-0.12880733740541053,0.998964621670516,0.9999846141517821,0.0010199924812660521,11,11.0,0,0.0,0.10494517000751794,0.06392509366460675,0.04102007634291119,10.0,10.0,0.0,5.094259506271898,5.177868910006097,-0.083609403734199,"[10, 0, 0]",11,0
quincas_borba,complexo,pt,sbert,250,219,57245,16,0.47307872772216797,2.770937344220504,2.7719761766642175,0.001038832443713389,-0.11105747841905347,0.999404391280239,0.999779070883954,0.0003746796037150668,16,16.0,0,0.0,0.07304890842377615,0.08422790500723468,0.0,11.0,15.0,-4.0,7.327850743586124,7.492239382849898,-0.16438863926377412,"[11, 0, 0]",16,0
quincas_borba,complexo,pt,sbert,250,220,57499,17,0.47307872772216797,2.812690084277732,2.8328799623317966,0.020189878054064803,-5.238312574976846,0.9927561897795166,0.9998503452063958,0.0070941554268791895,17,17.0,0,0.0,0.21037883123436338,0.06272406205655201,0.14765476917781137,8.0,15.0,-7.0,7.1308715187166545,7.966901011159748,-0.8360294924430933,"[8, 0, 0]",17,0
quincas_borba,complexo,pt,sbert,250,221,57764,12,0.47307872772216797,2.4766406401295216,2.4848563296209933,0.008215689491471778,-2.4852269770972804,0.9966735130033219,0.9999797496750991,0.0033062366717772074,12,12.0,0,0.0,0.15067661710708458,0.05107120957433653,0.09960540753274805,5.0,11.0,-6.0,5.251014101298889,5.65980412504697,-0.4087900237480815,"[5, 0, 0]",12,0
quincas_borba,complexo,pt,sbert,250,222,58054,18,0.47307872772216797,2.8810354524040367,2.8894938806498347,0.008458428245798011,-0.8578479332920974,0.9967698599785227,0.9996962753168579,0.002926415338335153,18,18.0,0,0.0,0.15417958032804174,0.07314461002894745,0.08103497029909429,14.0,16.0,-2.0,8.029495463548027,8.396953860297412,-0.3674583967493845,"[14, 0, 0]",18,0
quincas_borba,complexo,pt,sbert,250,223,58320,16,0.47307872772216797,2.766099007114024,2.7719761766642175,0.005877169550193351,-0.6283050114921088,0.997659330042822,0.999779070883954,0.0021197408411319785,16,16.0,0,0.0,0.11840574183746733,0.08422790500723468,0.03417783683023265,9.0,15.0,-6.0,7.140037615054961,7.492239382849898,-0.35220176779493695,"[9, 0, 0]",16,0
quincas_borba,complexo,pt,sbert,250,224,58571,17,0.47307872772216797,2.7911431482873783,2.8328799623317966,0.04173681404441831,-10.828717105813826,0.9851510667711993,0.9998503452063958,0.014699278435196472,17,17.0,0,0.0,0.21037883123436338,0.06272406205655201,0.14765476917781137,5.0,15.0,-10.0,6.434219587769498,7.966901011159748,-1.5326814233902502,"[5, 0, 0]",17,0
quincas_borba,complexo,pt,sbert,250,225,58834,14,0.47307872772216797,2.632473110754021,2.639001668643156,0.006528557889134756,-3.324309067675974,0.9975050868401569,0.999978908767355,0.0024738219271980277,14,14.0,0,0.0,0.17136616274549757,0.05515090284380103,0.11621525990169654,10.0,13.0,-3.0,6.382355142824888,6.5994549571616865,-0.21709981433679815,"[10, 0, 0]",14,0
quincas_borba,complexo,pt,sbert,250,226,59091,15,0.47307872772216797,2.699804810141325,2.707631855708187,0.00782704556686209,-0.7964009866296076,0.9969552296491664,0.999845517858623,0.002890288209456582,15,15.0,0,0.0,0.13074441105486007,0.08432839749643417,0.046416013558425895,11.0,13.0,-2.0,6.629470163092757,7.026568792244689,-0.39709862915193206,"[11, 0, 0]",15,0
quincas_borba,complexo,pt,sbert,250,227,59378,17,0.47307872772216797,2.826584918407243,2.8328799623317966,0.0062950439245534895,-1.6332643348175766,0.9976604565756128,0.9998503452063958,0.0021898886307830656,17,17.0,0,0.0,0.13319501326288596,0.06272406205655201,0.07047095120633395,7.0,15.0,-8.0,7.239194082935151,7.966901011159748,-0.7277069282245971,"[7, 0, 0]",17,0
quincas_borba,complexo,pt,sbert,250,228,59636,20,0.47307872772216797,2.993249925205853,2.9946534006314884,0.0014034754256355697,-0.15223814850454742,0.9991713717644091,0.9996398633709606,0.000468491606551491,20,20.0,0,0.0,0.0688861232129172,0.09283795922508728,0.0,16.0,17.0,-1.0,9.161315449140176,9.305247596956939,-0.14393214781676278,"[16, 0, 0]",20,0
quincas_borba,complexo,pt,sbert,250,229,59888,19,0.47307872772216797,2.94340279269915,2.943492560932647,8.976823349682306e-05,-0.012507717114141774,0.9996480869616855,0.9996409196686631,7.167293022414256e-06,19,19.0,0,0.0,0.061319460926565705,0.06092846909432975,0.000390991832235954,12.0,16.0,-4.0,8.762204077076508,8.847595557521366,-0.08539148044485856,"[12, 0, 0]",19,0
quincas_borba,complexo,pt,sbert,250,230,60139,18,0.47307872772216797,2.8820020825413644,2.8894938806498347,0.007491798108470338,-0.7598129743768471,0.9971042910546246,0.9996962753168579,0.0025919842622332823,18,18.0,0,0.0,0.15707870599342647,0.07314461002894745,0.08393409596447901,12.0,16.0,-4.0,8.034629574990955,8.396953860297412,-0.3623242853064568,"[12, 0, 0]",18,0
quincas_borba,complexo,pt,sbert,250,231,60393,21,0.47307872772216797,3.0283328170637027,3.0424360155583896,0.014103198494686886,-1.865338164424061,0.9946823776172179,0.999341815066279,0.004659437449061055,21,21.0,0,0.0,0.16336958524925793,0.08054192351718004,0.0828276617320779,12.0,17.5,-5.5,8.98034112518605,9.730537798380961,-0.7501966731949121,"[12, 0, 0]",21,0
quincas_borba,complexo,pt,sbert,250,232,60653,19,0.47307872772216797,2.9274255293519698,2.943492560932647,0.016067031580677238,-2.238674841275619,0.9942218365077863,0.9996409196686631,0.005419083160876803,19,19.0,0,0.0,0.1797160153801696,0.06092846909432975,0.11878754628583985,11.0,16.0,-5.0,8.04698661937644,8.847595557521366,-0.8006089381449257,"[11, 0, 0]",19,0
quincas_borba,complexo,pt,sbert,250,233,60910,21,0.47307872772216797,2.999701098697733,3.0424360155583896,0.04273491686065656,-5.652268980238993,0.985278039514399,0.999341815066279,0.014063775551879987,21,21.0,0,0.0,0.2270551492418141,0.08054192351718004,0.14651322572463407,7.0,17.5,-10.5,7.915625609487009,9.730537798380961,-1.8149121888939526,"[7, 0, 0]",21,0
quincas_borba,complexo,pt,sbert,250,234,61189,16,0.47307872772216797,2.7070923404543064,2.7719761766642175,0.06488383620991112,-6.9364749659432805,0.9996462913990612,0.999779070883954,0.00013277948489276437,15,16.0,0,0.0,0.20415794842091048,0.08422790500723468,0.1199300434136758,14.0,15.0,-1.0,7.016228072672632,7.492239382849898,-0.47601131017726583,"[14, 0, 0]",15,0
quincas_borba,complexo,pt,sbert,250,235,61441,12,0.47307872772216797,2.4796921190239227,2.4848563296209933,0.005164210597070618,-1.5621617034789368,0.9979015184475752,0.9999797496750991,0.002078231227523819,12,12.0,0,0.0,0.12569504759694447,0.05107120957433653,0.07462383802260794,8.0,11.0,-3.0,5.358886178148271,5.65980412504697,-0.3009179468986991,"[8, 0, 0]",12,0
quincas_borba,complexo,pt,sbert,250,236,61715,22,0.47307872772216797,3.0866536468174157,3.0897397924884635,0.003086145671047813,-0.4332929959968243,0.9985801532631388,0.9995785690783906,0.0009984158152518408,22,22.0,0,0.0,0.09123204661905979,0.08986165301637042,0.0013703936026893682,14.0,19.0,-5.0,9.87433401984154,10.242331597121424,-0.36799757727988514,"[14, 0, 0]",22,0
quincas_borba,complexo,pt,sbert,250,237,61968,14,0.47307872772216797,2.6223962507352834,2.639001668643156,0.01660541790787251,-8.455395856343639,0.9936867309804126,0.999978908767355,0.0062921777869423545,14,14.0,0,0.0,0.22708668409632646,0.05515090284380103,0.17193578125252543,10.0,13.0,-3.0,6.0837975580628125,6.5994549571616865,-0.515657399098874,"[10, 0, 0]",14,0
quincas_borba,complexo,pt,sbert,250,238,62238,13,0.47307872772216797,2.5588839109654717,2.5649112239484944,0.006027312983022615,-3.839157531497334,0.9976352568215742,0.9999851328397844,0.0023498760182102396,13,13.0,0,0.0,0.16346487293789988,0.0843785144436903,0.07908635849420959,11.0,12.0,-1.0,5.938185792563134,6.133405576831896,-0.19521978426876174,"[11, 0, 0]",13,0
quincas_borba,complexo,pt,sbert,250,239,62514,17,0.47307872772216797,2.8214120682674664,2.8328799623317966,0.011467894064330242,-2.9753727845616744,0.9958346674409438,0.9998503452063958,0.004015677765451975,17,17.0,0,0.0,0.1570861678910649,0.06272406205655201,0.09436210583451288,8.0,15.0,-7.0,7.1189240471789255,7.966901011159748,-0.8479769639808223,"[8, 0, 0]",17,0
quincas_borba,complexo,pt,sbert,250,240,62779,11,0.47307872772216797,2.387159362122584,2.397805532528758,0.010646170406173994,-0.5730511638993995,0.9955227774967595,0.9999846141517821,0.004461836655022533,11,11.0,0,0.0,0.18574110592723345,0.06392509366460675,0.1218160122626267,5.0,10.0,-5.0,4.824580112043586,5.177868910006097,-0.3532887979625112,"[5, 0, 0]",11,0
quincas_borba,complexo,pt,sbert,250,241,63049,9,0.47307872772216797,2.193634924253339,2.1972245773362196,0.0035896530828805062,-0.2173451274304473,0.9983662784769901,1.0,0.00163372152300989,9,9.0,0,0.0,0.10825938234336957,1.924301780028407e-308,0.10825938234336957,6.0,9.0,-3.0,4.072848545768678,4.257708549499512,-0.1848600037308339,"[6, 0, 0]",9,0
quincas_borba,complexo,pt,sbert,250,242,63310,13,0.47307872772216797,2.5611582229622836,2.5649112239484944,0.003753000986210786,-2.3905116662288317,0.998521945671861,0.9999851328397844,0.0014631871679233743,13,13.0,0,0.0,0.09863001486136547,0.0843785144436903,0.014251500417675173,9.0,12.0,-3.0,5.8529005644198335,6.133405576831896,-0.28050501241206227,"[9, 0, 0]",13,0
quincas_borba,complexo,pt,sbert,250,243,63563,13,0.47307872772216797,2.5628207454445238,2.5649112239484944,0.002090478503970594,-1.3315512759264776,0.9991701153822703,0.9999851328397844,0.0008150174575141111,13,13.0,0,0.0,0.09189922247561613,0.0843785144436903,0.007520708031925838,11.0,12.0,-1.0,6.0049243147519435,6.133405576831896,-0.12848126207995225,"[11, 0, 0]",13,0
quincas_borba,complexo,pt,sbert,250,244,63829,16,0.47307872772216797,2.7691253381214667,2.7719761766642175,0.002850838542750811,-0.3047719022001445,0.9987508482269535,0.999779070883954,0.0010282226570005326,16,16.0,0,0.0,0.09992304795671209,0.08422790500723468,0.01569514294947741,8.0,15.0,-7.0,7.141716759302691,7.492239382849898,-0.3505226235472074,"[8, 0, 0]",16,0
quincas_borba,complexo,pt,sbert,250,245,64083,25,0.47307872772216797,3.2132977983248003,3.217530491417053,0.004232693092252493,-0.5035166171896572,0.9982670886213423,0.9995820486640852,0.0013149600427428965,25,25.0,0,0.0,0.10394378004474583,0.06238318048164829,0.041560599563097544,14.0,21.0,-7.0,11.29035870154389,11.607151478089826,-0.31679277654593463,"[14, 0, 0]",25,0
quincas_borba,complexo,pt,sbert,250,246,64336,17,0.47307872772216797,2.833189012956355,2.8328799623317966,0.0003090506245584379,0.08018393021462462,0.9999914121893037,0.9998503452063958,0.0001410669829078337,17,17.0,0,0.0,0.03838111502011404,0.06272406205655201,0.0,16.0,15.0,1.0,8.028398421043528,7.966901011159748,0.061497409883780385,"[16, 0, 0]",17,0
quincas_borba,complexo,pt,sbert,250,247,64606,14,0.47307872772216797,2.6374049617807827,2.639001668643156,0.0015967068623732317,-0.8130351589348105,0.9993738795228383,0.999978908767355,0.0006050292445166638,14,14.0,0,0.0,0.0831739568589806,0.05515090284380103,0.02802305401517957,10.0,13.0,-3.0,6.497639275666077,6.5994549571616865,-0.10181568149560949,"[10, 0, 0]",14,0
quincas_borba,complexo,pt,sbert,250,248,64893,19,0.47307872772216797,2.936731448060979,2.943492560932647,0.006761112871668029,-0.9420491401181386,0.9973823430677299,0.9996409196686631,0.0022585766009332042,19,19.0,0,0.0,0.128164985557854,0.06092846909432975,0.06723651646352424,11.0,16.0,-5.0,8.361631307351361,8.847595557521366,-0.4859642501700048,"[11, 0, 0]",19,0
quincas_borba,complexo,pt,sbert,250,249,65146,23,0.47307872772216797,3.129902495690754,3.1342054586413117,0.004302962950557543,-0.6813448341360377,0.9982166383181356,0.9995889779412475,0.0013723396231118956,23,23.0,0,0.0,0.11055645462065791,0.09145039145440378,0.019106063166254128,9.0,19.0,-10.0,10.128083078053212,10.688929332342557,-0.5608462542893449,"[9, 0, 0]",23,0
quincas_borba,complexo,pt,sbert,250,250,65417,21,0.47307872772216797,3.047130329459528,3.0424360155583896,0.004694313901138614,0.6208863102138918,0.9718181950326333,0.999341815066279,0.027523620033645613,23,21.0,2,0.0,0.14014911861795037,0.08054192351718004,0.05960719510077034,8.0,17.5,-9.5,8.887320923102326,9.730537798380961,-0.8432168752786353,"[8, 0, 0]",23,0
quincas_borba,complexo,pt,sbert,250,251,65679,24,0.47307872772216797,3.1467511201228096,3.176684287639573,0.029933167516763337,-6.786910544512687,0.990150352418131,0.9994938893057546,0.009343536887623571,24,24.0,0,0.0,0.18417464470787273,0.07725772440224302,0.10691692030562971,13.0,20.0,-7.0,10.190967614055708,11.161038542278167,-0.9700709282224587,"[13, 0, 0]",24,0
quincas_borba,complexo,pt,sbert,250,252,65949,14,0.47307872772216797,2.624039083956284,2.639001668643156,0.01496258468687195,-7.618873385992183,0.9943092385715001,0.999978908767355,0.005669670195854848,14,14.0,0,0.0,0.1955621956715771,0.05515090284380103,0.14041129282777606,7.0,13.0,-6.0,6.032774631372025,6.5994549571616865,-0.5666803257896618,"[7, 0, 0]",14,0
quincas_borba,complexo,pt,sbert,250,253,66203,17,0.47307872772216797,2.830207375140202,2.8328799623317966,0.0026725871915944666,-0.6934091952394321,0.9989390248629457,0.9998503452063958,0.0009113203434500949,17,17.0,0,0.0,0.08610382070573486,0.06272406205655201,0.023379758649182847,13.0,15.0,-2.0,7.758702657775437,7.966901011159748,-0.20819835338431059,"[13, 0, 0]",17,0
quincas_borba,complexo,pt,sbert,250,254,66462,17,0.47307872772216797,2.8307730314018444,2.8328799623317966,0.0021069309299521777,-0.546648313348982,0.9991386767044949,0.9998503452063958,0.0007116685019009639,17,17.0,0,0.0,0.08141443414768754,0.06272406205655201,0.018690372091135526,13.0,15.0,-2.0,7.7946168784856305,7.966901011159748,-0.17228413267411735,"[13, 0, 0]",17,0
quincas_borba,complexo,pt,sbert,250,255,66724,15,0.47307872772216797,2.706958018516356,2.707631855708187,0.000673837191830895,-0.06856285680434501,0.999596690421245,0.999845517858623,0.0002488274373779742,15,15.0,0,0.0,0.057171274653584514,0.08432839749643417,0.0,12.0,13.0,-1.0,6.958807669943216,7.026568792244689,-0.06776112230147291,"[12, 0, 0]",15,0
quincas_borba,complexo,pt,sbert,250,256,66981,20,0.47307872772216797,2.991236578815304,2.9946534006314884,0.003416821816184523,-0.3706303776785514,0.9984993002284034,0.9996398633709606,0.0011405631425571716,20,20.0,0,0.0,0.11190049612433203,0.09283795922508728,0.019062536899244753,16.0,17.0,-1.0,9.17872484849434,9.305247596956939,-0.12652274846259814,"[16, 0, 0]",20,0
quincas_borba,complexo,pt,sbert,250,257,67253,14,0.47307872772216797,2.629994652954105,2.639001668643156,0.009007015689050935,-4.586327399752915,0.9965659417249285,0.999978908767355,0.0034129670424264402,14,14.0,0,0.0,0.18215348220993186,0.05515090284380103,0.12700257936613082,7.0,13.0,-6.0,6.146415972746434,6.5994549571616865,-0.4530389844152527,"[7, 0, 0]",14,0
quincas_borba,complexo,pt,sbert,250,258,67519,18,0.47307872772216797,2.8820638795236753,2.8894938806498347,0.007430001126159436,-0.753545567239424,0.9971256713432128,0.9996962753168579,0.002570603973645058,18,18.0,0,0.0,0.16504860502472132,0.07314461002894745,0.09190399499577387,11.0,16.0,-5.0,8.128969746427025,8.396953860297412,-0.2679841138703871,"[11, 0, 0]",18,0
quincas_borba,complexo,pt,sbert,250,259,67782,21,0.47307872772216797,3.0343963005190195,3.0424360155583896,0.008039715039370066,-1.0633607191787615,0.9966739817454013,0.999341815066279,0.0026678333208776106,21,21.0,0,0.0,0.15290819569344924,0.08054192351718004,0.0723662721762692,13.0,17.5,-4.5,9.342621511450508,9.730537798380961,-0.3879162869304533,"[13, 0, 0]",21,0
quincas_borba,complexo,pt,sbert,250,260,68057,22,0.47307872772216797,3.0427381817323393,3.0897397924884635,0.04700161075612419,-6.598997880188558,0.9994139455275561,0.9995785690783906,0.000164623550834464,21,22.0,0,0.0,0.18788436472841616,0.08986165301637042,0.09802271171204574,15.0,19.0,-4.0,9.663652657779737,10.242331597121424,-0.5786789393416871,"[15, 0, 0]",21,0
quincas_borba,complexo,pt,sbert,250,261,68322,19,0.47307872772216797,2.9435173595816453,2.943492560932647,2.4798648998292094e-05,0.0034552811657423336,0.9996869965411693,0.9996409196686631,4.607687250623993e-05,19,19.0,0,0.0,0.045320144908786275,0.06092846909432975,0.0,15.0,16.0,-1.0,8.827057525472359,8.847595557521366,-0.02053803204900717,"[15, 0, 0]",19,0
quincas_borba,complexo,pt,sbert,250,262,68576,19,0.47307872772216797,2.9440204932744836,2.943492560932647,0.0005279323418365678,0.0735586312649438,0.9998578724521318,0.9996409196686631,0.0002169527834686713,19,19.0,0,0.0,0.042507823163682845,0.06092846909432975,0.0,14.0,16.0,-2.0,8.849393378526582,8.847595557521366,0.0017978210052156385,"[14, 0, 0]",19,0
quincas_borba,complexo,pt,sbert,250,263,68830,22,0.47307872772216797,3.090078281460288,3.0897397924884635,0.0003384889718245354,0.04752364805383335,0.9996880754914963,0.9995785690783906,0.00010950641310569775,22,22.0,0,0.0,0.05947100610698225,0.08986165301637042,0.0,18.0,19.0,-1.0,10.237956013288432,10.242331597121424,-0.0043755838329921914,"[18, 0, 0]",22,0
quincas_borba,complexo,pt,sbert,250,264,69085,19,0.47307872772216797,2.9037647485680798,2.943492560932647,0.03972781236456724,-5.53541291015041,0.9861860847223687,0.9996409196686631,0.013454834946294403,19,19.0,1,0.0,0.19730416294147848,0.06092846909432975,0.13637569384714873,11.0,16.0,-5.0,7.937377567097034,8.847595557521366,-0.9102179904243322,"[9, 1, 0]",19,0
quincas_borba,complexo,pt,sbert,250,265,69357,17,0.47307872772216797,2.8300366880556402,2.8328799623317966,0.0028432742761563823,-0.7376943711603837,0.998878779811185,0.9998503452063958,0.0009715653952108161,17,17.0,0,0.0,0.07674365829267815,0.06272406205655201,0.014019596236126142,9.0,15.0,-6.0,7.570850479595871,7.966901011159748,-0.39605053156387715,"[9, 0, 0]",17,0
quincas_borba,complexo,pt,sbert,250,266,69610,19,0.47307872772216797,2.9414756128691044,2.943492560932647,0.0020169480635425785,-0.2810283195959229,0.9989935718422751,0.9996409196686631,0.0006473478263879784,19,19.0,0,0.0,0.08436977242902308,0.06092846909432975,0.023441303334693325,15.0,16.0,-1.0,8.727395234793653,8.847595557521366,-0.12020032272771353,"[15, 0, 0]",19,0
quincas_borba,complexo,pt,sbert,250,267,69875,18,0.47307872772216797,2.890371757896165,2.8894938806498347,0.0008778772463302609,0.08903370219197526,1.0000000000000002,0.9996962753168579,0.0003037246831423257,18,18.0,0,0.0,0.06897542228663864,0.07314461002894745,0.0,18.0,16.0,2.0,8.515417098999023,8.396953860297412,0.11846323870161157,"[18, 0, 0]",18,0
quincas_borba,complexo,pt,sbert,250,268,70135,14,0.47307872772216797,2.638494375327138,2.639001668643156,0.0005072933160179538,-0.2583112226386951,0.9997866835699993,0.999978908767355,0.00019222519735562216,14,14.0,0,0.0,0.058728175486002065,0.05515090284380103,0.003577272642201035,12.0,13.0,-1.0,6.547178283744895,6.5994549571616865,-0.05227667341679165,"[12, 0, 0]",14,0
quincas_borba,complexo,pt,sbert,250,269,70389,17,0.47307872772216797,2.8303518399404695,2.8328799623317966,0.002528122391327159,-0.6559274542474701,0.998990014598883,0.9998503452063958,0.0008603306075127826,17,17.0,0,0.0,0.0740579287445838,0.06272406205655201,0.011333866688031796,7.0,15.0,-8.0,7.572990143401028,7.966901011159748,-0.39391086775872,"[7, 0, 0]",17,0
quincas_borba,complexo,pt,sbert,250,270,70645,25,0.47307872772216797,3.0724737860261646,3.217530491417053,0.14505670539088822,-17.255789637284618,0.9939927491736721,0.9995820486640852,0.005589299490413091,22,25.0,0,0.0,0.23167345436796885,0.06238318048164829,0.16929027388632056,12.0,21.0,-9.0,9.489400251611947,11.607151478089826,-2.1177512264778784,"[12, 0, 0]",22,0
quincas_borba,complexo,pt,sbert,250,271,70901,14,0.47307872772216797,2.6388558133536106,2.639001668643156,0.00014585528954524918,-0.07426878490435461,0.9999236408169742,0.999978908767355,5.526795038079957e-05,14,14.0,0,0.0,0.02477823365229348,0.05515090284380103,0.0,11.0,13.0,-2.0,6.555375331625466,6.5994549571616865,-0.044079625536220135,"[11, 0, 0]",14,0
quincas_borba,complexo,pt,sbert,250,272,71161,24,0.47307872772216797,3.080273705306741,3.176684287639573,0.09641058233283184,-21.859697857597716,0.9965161435942508,0.9994938893057546,0.0029777457115037764,22,24.0,0,0.0,0.21887946125623572,0.07725772440224302,0.1416217368539927,11.0,20.0,-9.0,9.331946347437423,11.161038542278167,-1.8290921948407437,"[11, 0, 0]",22,0
quincas_borba,complexo,pt,sbert,250,273,71413,17,0.47307872772216797,2.823942119122433,2.8328799623317966,0.008937843209363638,-2.318944985769981,0.9967276643838936,0.9998503452063958,0.003122680822502222,17,17.0,0,0.0,0.1461595140538017,0.06272406205655201,0.0834354519972497,6.0,15.0,-9.0,7.279258023520082,7.966901011159748,-0.6876429876396655,"[6, 0, 0]",17,0
quincas_borba,complexo,pt,sbert,250,274,71675,17,0.47307872772216797,2.831966266021653,2.8328799623317966,0.0009136963101434858,-0.2370607122201494,0.9995598361707637,0.9998503452063958,0.00029050903563210273,17,17.0,0,0.0,0.0552349487562413,0.06272406205655201,0.0,12.0,15.0,-3.0,7.847186989093251,7.966901011159748,-0.11971402206649717,"[12, 0, 0]",17,0
quincas_borba,complexo,pt,sbert,250,275,71959,15,0.47307872772216797,2.7048852831104906,2.707631855708187,0.002746572597696506,-0.2794634460691242,0.9988312927173834,0.999845517858623,0.0010142251412396108,15,15.0,0,0.0,0.08649805789317394,0.08432839749643417,0.00216966039673977,9.0,13.0,-4.0,6.7967236545560565,7.026568792244689,-0.22984513768863213,"[9, 0, 0]",15,0
quincas_borba,complexo,pt,sbert,250,276,72217,21,0.47307872772216797,2.991694069068563,3.0424360155583896,0.05074194648982644,-6.711306613198042,0.9986520142266796,0.999341815066279,0.0006898008395993527,20,21.0,0,0.0,0.1813715924422187,0.08054192351718004,0.10082966892503867,13.0,17.5,-4.5,9.134087162375774,9.730537798380961,-0.5964506360051871,"[13, 0, 0]",20,0
quincas_borba,complexo,pt,sbert,250,277,72477,11,0.47307872772216797,2.3970946884153754,2.397805532528758,0.0007108441133825139,-0.038262589361584255,0.9996661303802226,0.9999846141517821,0.000318483771559519,11,11.0,0,0.0,0.05356480144595821,0.06392509366460675,0.0,9.0,10.0,-1.0,5.109704383334926,5.177868910006097,-0.06816452667117101,"[9, 0, 0]",11,0
quincas_borba,complexo,pt,sbert,250,278,72751,15,0.47307872772216797,2.7057556345585345,2.707631855708187,0.0018762211496525794,-0.1909052862864186,0.9991526868509522,0.999845517858623,0.0006928310076708133,15,15.0,0,0.0,0.08018452239238899,0.08432839749643417,0.0,11.0,13.0,-2.0,6.916261111771069,7.026568792244689,-0.11030768047361938,"[11, 0, 0]",15,0
quincas_borba,complexo,pt,sbert,250,279,73011,19,0.47307872772216797,2.943697029000119,2.943492560932647,0.00020446806747198565,0.02848923998159503,0.9997480164569309,0.9996409196686631,0.0001070967882678131,19,19.0,0,0.0,0.05740324195932808,0.06092846909432975,0.0,17.0,16.0,1.0,8.892178382528366,8.847595557521366,0.04458282500699973,"[17, 0, 0]",19,0
quincas_borba,complexo,pt,sbert,250,280,73295,15,0.47307872772216797,2.701186991900368,2.707631855708187,0.006444863807819168,-0.6557641515428616,0.9974656270407953,0.999845517858623,0.0023798908178276346,15,15.0,0,0.0,0.1231295027453333,0.08432839749643417,0.038801105248899126,6.0,13.0,-7.0,6.459065234711167,7.026568792244689,-0.5675035575335219,"[6, 0, 0]",15,0
quincas_borba,complexo,pt,sbert,250,281,73550,20,0.47307872772216797,2.892403209796337,2.9946534006314884,0.10225019083515141,-11.091309083613483,0.9823274417509462,0.9996398633709606,0.01731242162001434,19,20.0,0,0.0,0.22980136044431912,0.09283795922508728,0.13696340121923184,5.0,17.0,-12.0,7.331089899636019,9.305247596956939,-1.9741576973209192,"[5, 0, 0]",19,0
quincas_borba,complexo,pt,sbert,250,282,73825,20,0.47307872772216797,2.9435984122873444,2.9946534006314884,0.051054988344144014,-5.538049869247919,0.9997145239262748,0.9996398633709606,7.46605553142432e-05,19,20.0,0,0.0,0.19513256951151062,0.09283795922508728,0.10229461028642334,15.0,17.0,-2.0,8.832580530693644,9.305247596956939,-0.4726670662632948,"[15, 0, 0]",19,0
quincas_borba,complexo,pt,sbert,250,283,74105,20,0.47307872772216797,2.9380815440269927,2.9946534006314884,0.05657185660449571,-6.136477026687532,0.9978408670770799,0.9996398633709606,0.0017989962938806947,19,20.0,0,0.0,0.19513256951151062,0.09283795922508728,0.10229461028642334,14.0,17.0,-3.0,8.5125363776566,9.305247596956939,-0.7927112193003385,"[14, 0, 0]",19,0
quincas_borba,complexo,pt,sbert,250,284,74356,14,0.47307872772216797,2.564949357461537,2.639001668643156,0.0740523111816187,-37.70706697004471,1.0000000000000002,0.999978908767355,2.1091232645265023e-05,13,14.0,0,0.0,0.22732584184628582,0.05515090284380103,0.1721749390024848,13.0,13.0,0.0,6.150023460388184,6.5994549571616865,-0.4494314967735029,"[13, 0, 0]",13,0
quincas_borba,complexo,pt,sbert,250,285,74612,12,0.47307872772216797,2.4844337506105965,2.4848563296209933,0.00042257901039688406,-0.1278291685297459,0.9998096913711249,0.9999797496750991,0.00017005830397420763,12,12.0,0,0.0,0.05134733960931592,0.05107120957433653,0.0002761300349793938,11.0,11.0,0.0,5.625597393056699,5.65980412504697,-0.034206731990271244,"[11, 0, 0]",12,0
quincas_borba,complexo,pt,sbert,250,286,74877,17,0.47307872772216797,2.8265775983114634,2.8328799623317966,0.00630236402033324,-1.6351635513294556,0.99765787290298,0.9998503452063958,0.0021924723034157934,17,17.0,0,0.0,0.11261216642956573,0.06272406205655201,0.04988810437301372,7.0,15.0,-8.0,7.302706171857581,7.966901011159748,-0.6641948393021666,"[7, 0, 0]",17,0
quincas_borba,complexo,pt,sbert,250,287,75159,16,0.47307872772216797,2.7674115208363403,2.7719761766642175,0.004564655827877129,-0.48798934723561066,0.9981327193023931,0.999779070883954,0.0016463515815609009,16,16.0,0,0.0,0.09973317832400483,0.08422790500723468,0.015505273316770152,9.0,15.0,-6.0,7.12804275567613,7.492239382849898,-0.3641966271737678,"[9, 0, 0]",16,0
quincas_borba,complexo,pt,sbert,250,288,75415,19,0.47307872772216797,2.940281862563923,2.943492560932647,0.0032106983687238966,-0.44735766061672794,0.9985881464578037,0.9996409196686631,0.0010527732108593923,19,19.0,0,0.0,0.10100200444272436,0.06092846909432975,0.04007353534839461,15.0,16.0,-1.0,8.639612494978875,8.847595557521366,-0.20798306254249077,"[15, 0, 0]",19,0
quincas_borba,complexo,pt,sbert,250,289,75697,15,0.47307872772216797,2.703649626016066,2.707631855708187,0.003982229692121031,-0.4051914133754509,0.9983750023967972,0.999845517858623,0.0014705154618257499,15,15.0,0,0.0,0.10526122973166632,0.08432839749643417,0.02093283223523215,12.0,13.0,-1.0,6.863514910136578,7.026568792244689,-0.16305388210811067,"[12, 0, 0]",15,0
quincas_borba,complexo,pt,sbert,250,290,75981,5,0.47307872772216797,1.6094379124341005,1.6094379124341005,0.0,0.0,1.0000000000000002,1.0000000000000002,0.0,5,5.0,0,0.0,1.874448137662374e-308,1.874448137662374e-308,0.0,5.0,5.0,0.0,2.36539363861084,2.36539363861084,0.0,"[5, 0, 0]",5,0
quincas_borba,complexo,pt,sbert,400,0,0,21,0.47307872772216797,3.0427924445699133,3.0424360155583896,0.00035642901152366235,0.04714254276102719,0.9994317686307468,0.999341815066279,8.995356446783731e-05,21,21.0,0,0.0,0.06459048277467214,0.08054192351718004,0.0,14.0,17.5,-3.5,9.651280839617643,9.730537798380961,-0.07925695876331851,"[14, 0, 0]",21,0
quincas_borba,complexo,pt,sbert,400,1,404,20,0.47307872772216797,2.9829057826205534,2.9946534006314884,0.011747618010935046,-1.2742906520885644,0.9957184121402742,0.9996398633709606,0.003921451230686324,20,20.0,0,0.0,0.14915583077829142,0.09283795922508728,0.05631787155320414,14.0,17.0,-3.0,8.72735763923955,9.305247596956939,-0.5778899577173888,"[14, 0, 0]",20,0
quincas_borba,complexo,pt,sbert,400,2,816,24,0.47307872772216797,3.17263498175599,3.176684287639573,0.004049305883583099,-0.918121237381798,0.9982949160457226,0.9994938893057546,0.0011989732600319325,24,24.0,0,0.0,0.10931049302819668,0.07725772440224302,0.03205276862595366,14.0,20.0,-6.0,10.783918967075953,11.161038542278167,-0.3771195752022134,"[14, 0, 0]",24,0
quincas_borba,complexo,pt,sbert,400,3,1223,29,0.47307872772216797,3.351695930454417,3.364956187982004,0.013260257527587083,-1.7916462275733964,0.9760362316076052,0.9993690663014301,0.023332834693824855,31,29.0,2,0.0,0.18069871784764985,0.08256351007400428,0.09813520777364557,17.0,23.0,-6.0,11.852818236260632,13.420833856434648,-1.568015620174016,"[13, 2, 0]",31,0
quincas_borba,complexo,pt,sbert,400,4,1623,20,0.47307872772216797,2.9949607519152575,2.9946534006314884,0.00030735128376901955,0.03333908775802183,0.9997424597499769,0.9996398633709606,0.00010259637901632868,20,20.0,0,0.0,0.05203319664262529,0.09283795922508728,0.0,15.0,17.0,-2.0,9.299566201152938,9.305247596956939,-0.005681395804000289,"[15, 0, 0]",20,0
quincas_borba,complexo,pt,sbert,400,5,2045,19,0.47307872772216797,2.92012770563851,2.943492560932647,0.023364855294136788,-3.2555057512885477,0.9917433257405075,0.9996409196686631,0.007897593928155588,19,19.0,0,0.0,0.212560515307972,0.06092846909432975,0.15163204621364224,10.0,16.0,-6.0,8.111882075232021,8.847595557521366,-0.735713482289345,"[10, 0, 0]",19,0
quincas_borba,complexo,pt,sbert,400,6,2462,25,0.47307872772216797,3.1956276555364074,3.217530491417053,0.021902835880645455,-2.6055377957048833,0.9927775501147997,0.9995820486640852,0.006804498549285443,25,25.0,0,0.0,0.1847788903177578,0.06238318048164829,0.1223957098361095,13.0,21.0,-8.0,10.928245801893455,11.607151478089826,-0.6789056761963703,"[13, 0, 0]",25,0
quincas_borba,complexo,pt,sbert,400,7,2864,27,0.47307872772216797,3.2800222527204514,3.293803207772021,0.01378095505156951,-1.9570139958880213,0.9952016395450269,0.9994021232890827,0.004200483744055794,27,27.0,0,0.0,0.175819351676099,0.07812270211843123,0.09769664955766777,13.0,22.0,-9.0,11.681123180140451,12.481867660652213,-0.8007444805117618,"[13, 0, 0]",27,0
quincas_borba,complexo,pt,sbert,400,8,3266,24,0.47307872772216797,3.16103971869941,3.176684287639573,0.015644568940162973,-3.547178555189163,0.9946463739896209,0.9994938893057546,0.004847515316133699,24,24.0,0,0.0,0.18159626621954678,0.07725772440224302,0.10433854181730376,14.0,20.0,-6.0,10.334242030407395,11.161038542278167,-0.8267965118707714,"[14, 0, 0]",24,0
quincas_borba,complexo,pt,sbert,400,9,3666,33,0.47307872772216797,3.4726698562280047,3.4943189290953702,0.021649072867365504,-3.571976430414446,0.9690669746325208,0.9993505844924959,0.030283609859975136,36,33.0,3,0.0,0.2037709291010667,0.08438089592836404,0.11939003317270266,19.0,26.0,-7.0,13.420444643601487,15.150549204067651,-1.730104560466165,"[15, 2, 0]",36,0
quincas_borba,complexo,pt,sbert,400,10,4079,35,0.47307872772216797,3.534289310841756,3.553110819764356,0.01882150892260004,-5.3971650089921175,0.9862622108436342,0.9992940162636444,0.013031805420010256,36,35.0,1,0.0,0.17751395455739943,0.09170625054335255,0.08580770401404689,16.0,27.0,-11.0,14.13177315546501,16.05476705665003,-1.9229939011850181,"[14, 1, 0]",36,0
quincas_borba,complexo,pt,sbert,400,11,4479,20,0.47307872772216797,2.9856955240410574,2.9946534006314884,0.008957876590431013,-0.9716811008941425,0.9966496507042579,0.9996398633709606,0.0029902126667026296,20,20.0,0,0.0,0.15055206219775213,0.09283795922508728,0.057714102972664855,13.0,17.0,-4.0,8.713141275278675,9.305247596956939,-0.5921063216782638,"[13, 0, 0]",20,0
quincas_borba,complexo,pt,sbert,400,12,4881,26,0.47307872772216797,3.245034575450041,3.2567590303739022,0.011724454923861316,-1.2980775032060645,0.9959909221783302,0.9995894818855207,0.003598559707190474,26,26.0,0,0.0,0.14956932959261898,0.07585280647152143,0.07371652312109755,15.0,21.5,-6.5,11.366917806958869,12.062798136477857,-0.6958803295189888,"[15, 0, 0]",26,0
quincas_borba,complexo,pt,sbert,400,13,5295,34,0.47307872772216797,3.5109161611986197,3.524146990027996,0.013230828829376318,-1.7786946493742675,0.9956203107113607,0.9992824835396861,0.003662172828325372,34,34.0,0,0.0,0.14140106094472277,0.07495278127004654,0.06644827967467623,17.0,26.0,-9.0,14.489211468729472,15.631932560707789,-1.1427210919783164,"[17, 0, 0]",34,0
quincas_borba,complexo,pt,sbert,400,14,5718,27,0.47307872772216797,3.2687133081019457,3.293803207772021,0.025089899670075244,-3.56298127568244,0.9917703578771888,0.9994021232890827,0.0076317654118939204,27,27.0,0,0.0,0.19524728075849093,0.07812270211843123,0.1171245786400597,14.0,22.0,-8.0,11.42118214245151,12.481867660652213,-1.0606855182007031,"[14, 0, 0]",27,0
quincas_borba,complexo,pt,sbert,400,15,6118,18,0.47307872772216797,2.8868139164116835,2.8894938806498347,0.0026799642381512,-0.27180011654491937,0.9987690713228284,0.9996962753168579,0.0009272039940294574,18,18.0,0,0.0,0.09659554691467345,0.07314461002894745,0.023450936885725998,13.0,16.0,-3.0,8.176857815457456,8.396953860297412,-0.2200960448399556,"[13, 0, 0]",18,0
quincas_borba,complexo,pt,sbert,400,16,6530,21,0.47307872772216797,3.040937223256394,3.0424360155583896,0.0014987923019957883,-0.19823549122640402,0.9988224049780003,0.999341815066279,0.0005194100882786046,21,21.0,0,0.0,0.07644455931571573,0.08054192351718004,0.0,19.0,17.5,1.5,9.687080936020344,9.730537798380961,-0.04345686236061752,"[19, 0, 0]",21,0
quincas_borba,complexo,pt,sbert,400,17,6960,21,0.47307872772216797,3.0363857864079624,3.0424360155583896,0.006050229150427189,-0.8002243847063828,0.9973274457712504,0.999341815066279,0.0020143692950285175,21,21.0,0,0.0,0.11246144861753166,0.08054192351718004,0.03191952510035162,9.0,17.5,-8.5,8.808268045939172,9.730537798380961,-0.9222697524417889,"[9, 0, 0]",21,0
quincas_borba,complexo,pt,sbert,400,18,7378,31,0.47307872772216797,3.4273863329325507,3.431326201509118,0.0039398685765674735,-0.5109120866611703,0.9980777821350137,0.9989347910109349,0.0008570088759211059,31,31.0,0,0.0,0.11752580762266193,0.08647556897917308,0.031050238643488853,23.0,23.5,-0.5,14.209296608600276,14.212668895011092,-0.0033722864108156614,"[23, 0, 0]",31,0
quincas_borba,complexo,pt,sbert,400,19,7787,27,0.47307872772216797,3.2950079503206,3.293803207772021,0.001204742548579052,0.17108379065081497,0.9997484961430345,0.9994021232890827,0.00034637285395178186,27,27.0,0,0.0,0.06122539278090616,0.07812270211843123,0.0,21.0,22.0,-1.0,12.57080873113575,12.481867660652213,0.08894107048353739,"[21, 0, 0]",27,0
quincas_borba,complexo,pt,sbert,400,20,8187,27,0.47307872772216797,3.29076409321486,3.293803207772021,0.0030391145571608824,-0.43158037314645353,0.99846085440642,0.9994021232890827,0.0009412688826627713,27,27.0,0,0.0,0.08105095238351118,0.07812270211843123,0.0029282502650799513,17.0,22.0,-5.0,12.071933094807616,12.481867660652213,-0.40993456584459764,"[17, 0, 0]",27,0
quincas_borba,complexo,pt,sbert,400,21,8616,17,0.47307872772216797,2.83022870974753,2.8328799623317966,0.0026512525842665724,-0.6878738798923738,0.9989465550432524,0.9998503452063958,0.0009037901631434586,17,17.0,0,0.0,0.0755220054726844,0.06272406205655201,0.012797943416132385,11.0,15.0,-4.0,7.715159641105549,7.966901011159748,-0.25174137005419883,"[11, 0, 0]",17,0
quincas_borba,complexo,pt,sbert,400,22,9025,25,0.47307872772216797,3.2034933914884736,3.217530491417053,0.014037099928579266,-1.6698383079388617,0.9952211783813198,0.9995820486640852,0.004360870282765328,25,25.0,0,0.0,0.15710936572374273,0.06238318048164829,0.09472618524209445,13.0,21.0,-8.0,10.538940392511964,11.607151478089826,-1.068211085577861,"[13, 0, 0]",25,0
quincas_borba,complexo,pt,sbert,400,23,9443,21,0.47307872772216797,3.0424301167764503,3.0424360155583896,5.8987819393507834e-06,-0.0007801934489705757,0.9993127589006907,0.999341815066279,2.9056165588237093e-05,21,21.0,0,0.0,0.05822909251433833,0.08054192351718004,0.0,13.0,17.5,-4.5,9.635028988341443,9.730537798380961,-0.09550881003951872,"[13, 0, 0]",21,0
quincas_borba,complexo,pt,sbert,400,24,9854,22,0.47307872772216797,3.09324264925052,3.0897397924884635,0.0035028567620565276,0.4917989825360041,0.9865247505595831,0.9995785690783906,0.013053818518807492,23,22.0,1,0.0,0.107715002727198,0.08986165301637042,0.017853349710827582,11.0,19.0,-8.0,9.64293943105526,10.242331597121424,-0.5993921660661652,"[9, 1, 0]",23,0
quincas_borba,complexo,pt,sbert,400,25,10268,24,0.47307872772216797,3.171548128510532,3.176684287639573,0.005136159129040863,-1.1645494093353401,0.9979529289984678,0.9994938893057546,0.0015409603072867872,24,24.0,0,0.0,0.11021494373183643,0.07725772440224302,0.03295721932959342,16.0,20.0,-4.0,10.65435829891959,11.161038542278167,-0.5066802433585771,"[16, 0, 0]",24,0
quincas_borba,complexo,pt,sbert,400,26,10675,24,0.47307872772216797,3.084778947016969,3.176684287639573,0.09190534062260403,-20.838199800247125,0.9979736589076795,0.9994938893057546,0.0015202303980750287,22,24.0,0,0.0,0.2125845062191583,0.07725772440224302,0.1353267818169153,13.0,20.0,-7.0,9.723848791450699,11.161038542278167,-1.4371897508274678,"[13, 0, 0]",22,0
quincas_borba,complexo,pt,sbert,400,27,11104,30,0.47307872772216797,3.373099846287948,3.3990717117610734,0.025971865473125355,-9.62713461695487,0.9917389283180983,0.9993304957147386,0.007591567396640353,30,30.0,0,0.0,0.17408981407861643,0.07653222534499071,0.09755758873362572,19.0,23.0,-4.0,13.10704514717639,13.801512629446673,-0.6944674822702837,"[19, 0, 0]",30,0
quincas_borba,complexo,pt,sbert,400,28,11530,20,0.47307872772216797,2.9942670354697354,2.9946534006314884,0.000386365161753055,-0.04190990151844548,0.9995108915115044,0.9996398633709606,0.00012897185945615064,20,20.0,0,0.0,0.07133961636863087,0.09283795922508728,0.0,17.0,17.0,0.0,9.28834770845154,9.305247596956939,-0.016899888505399474,"[17, 0, 0]",20,0
quincas_borba,complexo,pt,sbert,400,29,11939,26,0.47307872772216797,3.2339466699685837,3.2567590303739022,0.022812360405318532,-2.5256791918664585,0.9925877371124295,0.9995894818855207,0.007001744773091123,26,26.0,0,0.0,0.19414165351128784,0.07585280647152143,0.11828884703976641,14.0,21.5,-7.5,10.927495383009775,12.062798136477857,-1.135302753468082,"[14, 0, 0]",26,0
quincas_borba,complexo,pt,sbert,400,30,12367,27,0.47307872772216797,3.253258963526669,3.293803207772021,0.04054424424535208,-5.757630958372491,0.9985152145007493,0.9994021232890827,0.0008869087883334181,26,27.0,0,0.0,0.17739721097969666,0.07812270211843123,0.09927450886126543,19.0,22.0,-3.0,11.860739930246936,12.481867660652213,-0.6211277304052771,"[19, 0, 0]",26,0
quincas_borba,complexo,pt,sbert,400,31,12771,29,0.47307872772216797,3.3510066544287533,3.364956187982004,0.013949533553250681,-1.884777057692477,0.9951625350488477,0.9993690663014301,0.004206531252582413,29,29.0,0,0.0,0.15571661160489744,0.08256351007400428,0.07315310153089316,16.0,23.0,-7.0,12.26157325424446,13.420833856434648,-1.1592606021901872,"[16, 0, 0]",29,0
quincas_borba,complexo,pt,sbert,400,32,13176,31,0.47307872772216797,3.423658146419853,3.431326201509118,0.007668055089264936,-0.9943737843413977,0.996992109332323,0.9989347910109349,0.0019426816786118906,31,31.0,0,0.0,0.12008453255243481,0.08647556897917308,0.033608963573261735,19.0,23.5,-4.5,13.58448951451765,14.212668895011092,-0.6281793804934424,"[19, 0, 0]",31,0
quincas_borba,complexo,pt,sbert,400,33,13582,29,0.47307872772216797,3.351592274643038,3.364956187982004,0.013363913338965805,-1.8056515772460089,0.985415398916109,0.9993690663014301,0.013953667385321111,30,29.0,1,0.0,0.2002024552919372,0.08256351007400428,0.11763894521793292,15.0,23.0,-8.0,12.167585688686831,13.420833856434648,-1.2532481677478167,"[13, 1, 0]",30,0
quincas_borba,complexo,pt,sbert,400,34,14028,25,0.47307872772216797,3.21645135874693,3.217530491417053,0.0010791326701227177,-0.12837246162581445,0.9759133990895487,0.9995820486640852,0.023668649574536516,27,25.0,2,0.0,0.1847788903177578,0.06238318048164829,0.1223957098361095,11.0,21.0,-10.0,10.563415183755918,11.607151478089826,-1.0437362943339075,"[9, 1, 0]",27,0
quincas_borba,complexo,pt,sbert,400,35,14433,23,0.47307872772216797,3.1337820656292283,3.1342054586413117,0.000423393012083384,-0.0670413956399351,0.9994539456359948,0.9995889779412475,0.0001350323052526914,23,23.0,0,0.0,0.06916575015727189,0.09145039145440378,0.0,19.0,19.0,0.0,10.664802248759669,10.688929332342557,-0.024127083582888176,"[19, 0, 0]",23,0
quincas_borba,complexo,pt,sbert,400,36,14834,23,0.47307872772216797,3.127159390313207,3.1342054586413117,0.0070460683281048375,-1.11569686085764,0.9973417824936178,0.9995889779412475,0.002247195447629635,23,23.0,0,0.0,0.1338673870462348,0.09145039145440378,0.042416995591831014,18.0,19.0,-1.0,10.43741012472465,10.688929332342557,-0.2515192076179069,"[18, 0, 0]",23,0
quincas_borba,complexo,pt,sbert,400,37,15243,22,0.47307872772216797,3.090840008323941,3.0897397924884635,0.0011002158354775915,0.1544696415562845,0.9999345059029665,0.9995785690783906,0.0003559368245759087,22,22.0,0,0.0,0.06359779095184773,0.08986165301637042,0.0,15.0,19.0,-4.0,10.304291630824377,10.242331597121424,0.061960033702952444,"[15, 0, 0]",22,0
quincas_borba,complexo,pt,sbert,400,38,15667,25,0.47307872772216797,3.209704574008702,3.217530491417053,0.007825917408351035,-0.9309627166380673,0.9971507907236917,0.9995820486640852,0.0024312579403934498,25,25.0,0,0.0,0.13728209351622672,0.06238318048164829,0.07489891303457843,15.0,21.0,-6.0,11.189928402324982,11.607151478089826,-0.4172230757648432,"[15, 0, 0]",25,0
quincas_borba,complexo,pt,sbert,400,39,16077,22,0.47307872772216797,3.088473189898628,3.0897397924884635,0.0012666025898355748,-0.17783024179181411,0.9991688035675806,0.9995785690783906,0.00040976551080995627,22,22.0,0,0.0,0.07458053588294083,0.08986165301637042,0.0,15.0,19.0,-4.0,9.97463028181491,10.242331597121424,-0.267701315306514,"[15, 0, 0]",22,0
quincas_borba,complexo,pt,sbert,400,40,16488,31,0.47307872772216797,3.423818672572482,3.431326201509118,0.007507528936636199,-0.9735571631751426,0.9970388556196764,0.9989347910109349,0.0018959353912584298,31,31.0,0,0.0,0.1186062115652845,0.08647556897917308,0.032130642586111424,15.0,23.5,-8.5,13.605891310914497,14.212668895011092,-0.6067775840965943,"[15, 0, 0]",31,0
quincas_borba,complexo,pt,sbert,400,41,16889,22,0.47307872772216797,3.0871674884284483,3.0897397924884635,0.0025723040600151847,-0.36114994286720004,0.9845872056611719,0.9995785690783906,0.01499136341721874,23,22.0,1,0.0,0.18263584557468882,0.08986165301637042,0.0927741925583184,12.0,19.0,-7.0,9.445881380615893,10.242331597121424,-0.7964502165055318,"[10, 1, 0]",23,0
quincas_borba,complexo,pt,sbert,400,42,17296,20,0.47307872772216797,2.982470844930016,2.9946534006314884,0.01218255570147253,-1.321469325482354,0.9796186120934596,0.9996398633709606,0.020021251277500984,21,20.0,1,0.0,0.1779604948679575,0.09283795922508728,0.08512253564287023,7.0,17.0,-10.0,8.18276628137213,9.305247596956939,-1.1224813155848086,"[7, 0, 0]",21,0
quincas_borba,complexo,pt,sbert,400,43,17699,26,0.47307872772216797,3.252636239988663,3.2567590303739022,0.004122790385239217,-0.45645631155284183,0.9983240834121708,0.9995894818855207,0.0012653984733498325,26,26.0,0,0.0,0.09698754283184119,0.07585280647152143,0.02113473636031976,14.0,21.5,-7.5,11.554519595025123,12.062798136477857,-0.508278541452734,"[14, 0, 0]",26,0
quincas_borba,complexo,pt,sbert,400,44,18119,32,0.47307872772216797,3.4504582478894,3.463399785441771,0.012941537552371152,-1.5200617796717752,0.9868299116282286,0.99932170022185,0.012491788593621322,33,32.0,1,0.0,0.17542135693851435,0.083724556497489,0.09169680044102535,16.0,25.0,-9.0,13.343256163167942,14.73459505607008,-1.391338892902139,"[14, 1, 0]",33,0
quincas_borba,complexo,pt,sbert,400,45,18525,17,0.47307872772216797,2.829281846332495,2.8328799623317966,0.0035981159993014877,-0.9335398775017221,0.9986123538024523,0.9998503452063958,0.0012379914039435391,17,17.0,0,0.0,0.09860662446784824,0.06272406205655201,0.035882562411296226,11.0,15.0,-4.0,7.713174550918879,7.966901011159748,-0.25372646024086887,"[11, 0, 0]",17,0
quincas_borba,complexo,pt,sbert,400,46,18937,22,0.47307872772216797,3.092214124154185,3.0897397924884635,0.0024743316657214187,0.3473946776356288,0.9861967240905468,0.9995785690783906,0.013381844987843783,23,22.0,1,0.0,0.09315290604332926,0.08986165301637042,0.003291253026958846,10.0,19.0,-9.0,9.689082587029914,10.242331597121424,-0.5532490100915108,"[10, 0, 0]",23,0
quincas_borba,complexo,pt,sbert,400,47,19350,27,0.47307872772216797,3.287344843116696,3.293803207772021,0.0064583646553249,-0.9171432584840976,0.9974234092180878,0.9994021232890827,0.0019787140709949247,27,27.0,0,0.0,0.12825786619987656,0.07812270211843123,0.05013516408144533,15.0,22.0,-7.0,11.877327046959078,12.481867660652213,-0.6045406136931355,"[15, 0, 0]",27,0
quincas_borba,complexo,pt,sbert,400,48,19755,26,0.47307872772216797,3.253280000701894,3.2567590303739022,0.0034790296720084157,-0.38518209840438267,0.9985216713920597,0.9995894818855207,0.0010678104934609411,26,26.0,0,0.0,0.08607574583048422,0.07585280647152143,0.01022293935896279,18.0,21.5,-3.5,11.721810464602783,12.062798136477857,-0.34098767187507484,"[18, 0, 0]",26,0
quincas_borba,complexo,pt,sbert,400,49,20160,19,0.47307872772216797,2.9385567485083195,2.943492560932647,0.0049358124243275014,-0.6877237428777023,0.9980022575778473,0.9996409196686631,0.0016386620908157568,19,19.0,0,0.0,0.12514606993415764,0.06092846909432975,0.06421760083982789,10.0,16.0,-6.0,8.549247470330497,8.847595557521366,-0.2983480871908686,"[10, 0, 0]",19,0
quincas_borba,complexo,pt,sbert,400,50,20572,30,0.47307872772216797,3.3890540586807307,3.3990717117610734,0.010017653080342637,-3.713298717421926,0.9964296917765206,0.9993304957147386,0.0029008039382180106,30,30.0,0,0.0,0.171802138522868,0.07653222534499071,0.09526991317787728,21.0,23.0,-2.0,13.413468563899901,13.801512629446673,-0.3880440655467723,"[21, 0, 0]",30,0
quincas_borba,complexo,pt,sbert,400,51,21000,27,0.47307872772216797,3.2902368473752226,3.293803207772021,0.0035663603967983626,-0.5064538114229078,0.9983008811246488,0.9994021232890827,0.0011012421644339687,27,27.0,0,0.0,0.09643551815592993,0.07812270211843123,0.018312816037498708,17.0,22.0,-5.0,12.110337351986608,12.481867660652213,-0.371530308665605,"[17, 0, 0]",27,0
quincas_borba,complexo,pt,sbert,400,52,21414,27,0.47307872772216797,3.291881192440666,3.293803207772021,0.0019220153313548316,-0.2729426871865729,0.9987997969182077,0.9994021232890827,0.0006023263708749838,27,27.0,0,0.0,0.09291961461186515,0.07812270211843123,0.014796912493433928,22.0,22.0,0.0,12.379772531843347,12.481867660652213,-0.10209512880886606,"[22, 0, 0]",27,0
quincas_borba,complexo,pt,sbert,400,53,21815,15,0.47307872772216797,2.7003750337914525,2.707631855708187,0.0072568219167346015,-0.7383807957821522,0.997165795778958,0.999845517858623,0.002679722079664937,15,15.0,0,0.0,0.15306678225026754,0.08432839749643417,0.06873838475383337,12.0,13.0,-1.0,6.803322356123108,7.026568792244689,-0.22324643612158024,"[12, 0, 0]",15,0
quincas_borba,complexo,pt,sbert,400,54,22218,23,0.47307872772216797,3.133827400768334,3.1342054586413117,0.0003780578729775108,-0.05986288557848476,0.9994684043260716,0.9995889779412475,0.00012057361517581189,23,23.0,0,0.0,0.060895526898177565,0.09145039145440378,0.0,18.0,19.0,-1.0,10.627464274643314,10.688929332342557,-0.06146505769924282,"[18, 0, 0]",23,0
quincas_borba,complexo,pt,sbert,400,55,22628,27,0.47307872772216797,3.2884511673800714,3.293803207772021,0.005352040391949586,-0.760035709746435,0.9977590824653856,0.9994021232890827,0.0016430408236971505,27,27.0,0,0.0,0.12387376687135593,0.07812270211843123,0.0457510647529247,17.0,22.0,-5.0,12.19342347033023,12.481867660652213,-0.2884441903219823,"[17, 0, 0]",27,0
quincas_borba,complexo,pt,sbert,400,56,23030,32,0.47307872772216797,3.463119863993957,3.463399785441771,0.0002799214478139689,-0.03287846536089845,0.9992451707576286,0.99932170022185,7.65294642213199e-05,32,32.0,0,0.0,0.05786788706145579,0.083724556497489,0.0,22.0,25.0,-3.0,14.599637603417428,14.73459505607008,-0.13495745265265313,"[22, 0, 0]",32,0
quincas_borba,complexo,pt,sbert,400,57,23463,27,0.47307872772216797,3.29007452139358,3.293803207772021,0.0037286863784409263,-0.5295054951982335,0.9982516292993181,0.9994021232890827,0.0011504939897646338,27,27.0,0,0.0,0.09344710250763208,0.07812270211843123,0.015324400389200854,18.0,22.0,-4.0,12.122838019505537,12.481867660652213,-0.3590296411466767,"[18, 0, 0]",27,0
quincas_borba,complexo,pt,sbert,400,58,23868,27,0.47307872772216797,3.2851007336480813,3.293803207772021,0.008702474123939652,-1.2358260799539873,0.9967425170623618,0.9994021232890827,0.002659606226720901,27,27.0,0,0.0,0.13815711870208602,0.07812270211843123,0.0600344165836548,20.0,22.0,-2.0,11.915501315069037,12.481867660652213,-0.5663663455831767,"[20, 0, 0]",27,0
quincas_borba,complexo,pt,sbert,400,59,24299,36,0.47307872772216797,3.553606686412827,3.580581434777841,0.026974748365014012,-5.267808563476646,0.9995102096766703,0.9990284435296379,0.00048176614703232534,35,36.0,0,0.0,0.15890381902045103,0.08601629422725093,0.0728875247932001,25.0,25.5,-0.5,16.090461392259538,16.421115629581713,-0.33065423732217525,"[25, 0, 0]",35,0
quincas_borba,complexo,pt,sbert,400,60,24699,25,0.47307872772216797,3.211469454635645,3.217530491417053,0.0060610367814080135,-0.721014415720978,0.9976990817181154,0.9995820486640852,0.0018829669459697884,25,25.0,0,0.0,0.1396571961393861,0.06238318048164829,0.07727401565773781,17.0,21.0,-4.0,11.314130811347445,11.607151478089826,-0.2930206667423807,"[17, 0, 0]",25,0
quincas_borba,complexo,pt,sbert,400,61,25108,29,0.47307872772216797,3.3259493895854213,3.364956187982004,0.03900679839658272,-5.270363946669925,0.9877211737582263,0.9993690663014301,0.011647892543203753,29,29.0,0,0.0,0.17392707759048745,0.08256351007400428,0.09136356751648317,18.0,23.0,-5.0,12.630568756977086,13.420833856434648,-0.790265099457562,"[18, 0, 0]",29,0
quincas_borba,complexo,pt,sbert,400,62,25525,25,0.47307872772216797,3.234047228161275,3.217530491417053,0.01651673674422227,1.964813236207774,0.9604286024890976,0.9995820486640852,0.039153446174987616,29,25.0,4,0.0,0.08542474423986451,0.06238318048164829,0.023041563758216227,17.0,21.0,-4.0,10.950477618313123,11.607151478089826,-0.6566738597767028,"[11, 3, 0]",29,0
quincas_borba,complexo,pt,sbert,400,63,25952,28,0.47307872772216797,3.3389371341120633,3.3294232477861527,0.009513886325910548,1.781174323563766,0.981694609114492,0.9992127788011367,0.017518169686644658,30,28.0,2,0.0,0.07584010944846137,0.09632917089359398,0.0,18.0,22.0,-4.0,12.436591967244839,12.857705455302344,-0.4211134880575056,"[14, 2, 0]",30,0
quincas_borba,complexo,pt,sbert,400,64,26354,24,0.47307872772216797,3.168841171494727,3.176684287639573,0.007843116144846007,-1.7783125569815694,0.9971011633707255,0.9994938893057546,0.0023927259350290386,24,24.0,0,0.0,0.15987330708960656,0.07725772440224302,0.08261558268736355,21.0,20.0,1.0,10.938903476473923,11.161038542278167,-0.22213506580424358,"[21, 0, 0]",24,0
quincas_borba,complexo,pt,sbert,400,65,26754,28,0.47307872772216797,3.3221176785884983,3.3294232477861527,0.00730556919765446,-1.3677367826480813,0.9969729254144203,0.9992127788011367,0.002239853386716395,28,28.0,0,0.0,0.11651436305040128,0.09632917089359398,0.020185192156807294,18.0,22.0,-4.0,12.263322747000831,12.857705455302344,-0.594382708301513,"[18, 0, 0]",28,0
quincas_borba,complexo,pt,sbert,400,66,27163,20,0.47307872772216797,2.9850588316920748,2.9946534006314884,0.009594568939413683,-1.0407445576570127,0.9964371175768475,0.9996398633709606,0.00320274579411306,20,20.0,0,0.0,0.1413880470812764,0.09283795922508728,0.04855008785618911,12.0,17.0,-5.0,8.564022644779264,9.305247596956939,-0.7412249521776744,"[12, 0, 0]",20,0
quincas_borba,complexo,pt,sbert,400,67,27597,23,0.47307872772216797,3.132631407150817,3.1342054586413117,0.0015740514904947212,-0.24924031743609287,0.9990869672909014,0.9995889779412475,0.000502010650346052,23,23.0,0,0.0,0.08628867061209608,0.09145039145440378,0.0,16.0,19.0,-3.0,10.485903180336589,10.688929332342557,-0.20302615200596819,"[16, 0, 0]",23,0
quincas_borba,complexo,pt,sbert,400,68,28000,23,0.47307872772216797,3.13499574473658,3.1342054586413117,0.0007902860952682111,0.12513641290608077,0.9998410230865561,0.9995889779412475,0.00025204514530863253,23,23.0,0,0.0,0.05079721900204076,0.09145039145440378,0.0,21.0,19.0,2.0,10.77745383707634,10.688929332342557,0.08852450473378326,"[21, 0, 0]",23,0
quincas_borba,complexo,pt,sbert,400,69,28415,26,0.47307872772216797,3.2450503157695136,3.2567590303739022,0.011708714604388604,-1.296334807726105,0.9959957533180122,0.9995894818855207,0.003593728567508503,26,26.0,0,0.0,0.15184442966854084,0.07585280647152143,0.07599162319701941,14.0,21.5,-7.5,11.108309719475919,12.062798136477857,-0.9544884170019383,"[14, 0, 0]",26,0
quincas_borba,complexo,pt,sbert,400,70,28830,20,0.47307872772216797,2.9900275772879317,2.9946534006314884,0.0046258233435567675,-0.5017735033111002,0.9980957256039134,0.9996398633709606,0.0015441377670472045,20,20.0,0,0.0,0.10693709659432679,0.09283795922508728,0.014099137369239512,8.0,17.0,-9.0,8.82266917155551,9.305247596956939,-0.48257842540142804,"[8, 0, 0]",20,0
quincas_borba,complexo,pt,sbert,400,71,29240,27,0.47307872772216797,3.291794061602998,3.293803207772021,0.002009146169022813,-0.2853160145903414,0.9987733602827763,0.9994021232890827,0.000628763006306432,27,27.0,0,0.0,0.084025096776731,0.07812270211843123,0.005902394658299781,19.0,22.0,-3.0,12.342002725662361,12.481867660652213,-0.13986493498985197,"[19, 0, 0]",27,0
quincas_borba,complexo,pt,sbert,400,72,29640,28,0.47307872772216797,3.3266981860987372,3.3294232477861527,0.0027250616874154865,-0.5101816167944669,0.9780961857829578,0.9992127788011367,0.02111659301817892,30,28.0,2,0.0,0.11468779033952117,0.09632917089359398,0.01835861944592719,17.0,22.0,-5.0,11.898083727241584,12.857705455302344,-0.9596217280607604,"[13, 2, 0]",30,0
quincas_borba,complexo,pt,sbert,400,73,30056,20,0.47307872772216797,2.994801346827079,2.9946534006314884,0.00014794619559044264,0.016048057902247177,0.983668673194761,0.9996398633709606,0.015971190176199523,21,20.0,1,0.0,0.10335224212164179,0.09283795922508728,0.010514282896554511,13.0,17.0,-4.0,8.766102229724037,9.305247596956939,-0.5391453672329014,"[11, 1, 0]",21,0
quincas_borba,complexo,pt,sbert,400,74,30477,23,0.47307872772216797,3.133714320042191,3.1342054586413117,0.0004911385991208661,-0.07776844727711477,0.9994323396044182,0.9995889779412475,0.0001566383368292179,23,23.0,0,0.0,0.06453904310601549,0.09145039145440378,0.0,14.0,19.0,-5.0,10.52293930605458,10.688929332342557,-0.165990026287977,"[14, 0, 0]",23,0
quincas_borba,complexo,pt,sbert,400,75,30883,26,0.47307872772216797,3.2552921048127965,3.2567590303739022,0.0014669255611057253,-0.1624112235592232,0.9991392418315547,0.9995894818855207,0.000450240053965989,26,26.0,0,0.0,0.07776655784342562,0.07585280647152143,0.0019137513719041932,16.0,21.5,-5.5,11.919139624321424,12.062798136477857,-0.1436585121564331,"[16, 0, 0]",26,0
quincas_borba,complexo,pt,sbert,400,76,31288,26,0.47307872772216797,3.2602782047239884,3.2567590303739022,0.003519174350086196,0.3896267317647073,0.9784147986020721,0.9995894818855207,0.021174683283448514,28,26.0,2,0.0,0.09353403957119558,0.07585280647152143,0.01768123309967415,14.0,21.5,-7.5,11.501062851072929,12.062798136477857,-0.5617352854049287,"[12, 1, 0]",28,0
quincas_borba,complexo,pt,sbert,400,77,31690,27,0.47307872772216797,3.273487041446884,3.293803207772021,0.020316166325136997,-2.8850701342759164,0.9932187709931952,0.9994021232890827,0.006183352295887512,27,27.0,0,0.0,0.19870906188144846,0.07812270211843123,0.12058635976301724,17.0,22.0,-5.0,11.57460331616001,12.481867660652213,-0.9072643444922033,"[17, 0, 0]",27,0
quincas_borba,complexo,pt,sbert,400,78,32093,23,0.47307872772216797,3.1284870258543185,3.1342054586413117,0.005718432786993244,-0.9054748282848104,0.9977652039543773,0.9995889779412475,0.0018237739868701697,23,23.0,0,0.0,0.1191506559303368,0.09145039145440378,0.027700264475933017,18.0,19.0,-1.0,10.346763507532529,10.688929332342557,-0.3421658248100279,"[18, 0, 0]",23,0
quincas_borba,complexo,pt,sbert,400,79,32540,22,0.47307872772216797,3.085908787060143,3.0897397924884635,0.0038310054283203776,-0.5378708579084815,0.9983391796212325,0.9995785690783906,0.0012393894571580688,22,22.0,0,0.0,0.1064765146052129,0.08986165301637042,0.016614861588842483,14.0,19.0,-5.0,9.969926047113006,10.242331597121424,-0.2724055500084184,"[14, 0, 0]",22,0
quincas_borba,complexo,pt,sbert,400,80,32940,21,0.47307872772216797,3.0399323185405542,3.0424360155583896,0.0025036970178353712,-0.3311476897444542,0.9984923352424687,0.999341815066279,0.0008494798238102286,21,21.0,0,0.0,0.08725085032057966,0.08054192351718004,0.0067089268033996285,15.0,17.5,-2.5,9.580966685117602,9.730537798380961,-0.14957111326335948,"[15, 0, 0]",21,0
quincas_borba,complexo,pt,sbert,400,81,33350,26,0.47307872772216797,3.2561636541295345,3.2567590303739022,0.0005953762443677846,-0.06591730820545558,0.9994067444382353,0.9995894818855207,0.00018273744728536379,26,26.0,0,0.0,0.08139442922152476,0.07585280647152143,0.005541622750003333,23.0,21.5,1.5,12.119859928265237,12.062798136477857,0.05706179178737969,"[23, 0, 0]",26,0
quincas_borba,complexo,pt,sbert,400,82,33750,27,0.47307872772216797,3.2881014610700934,3.293803207772021,0.005701746701927579,-0.8096970097446048,0.9976529769983387,0.9994021232890827,0.0017491462907440747,27,27.0,0,0.0,0.10763349027279645,0.07812270211843123,0.029510788154365225,12.0,22.0,-10.0,11.73621670791255,12.481867660652213,-0.7456509527396626,"[12, 0, 0]",27,0
quincas_borba,complexo,pt,sbert,400,83,34151,23,0.47307872772216797,3.134817626411522,3.1342054586413117,0.0006121677702104478,0.09693259101927,0.9997842159892402,0.9995889779412475,0.00019523804799270739,23,23.0,0,0.0,0.05311250588487654,0.09145039145440378,0.0,20.0,19.0,1.0,10.752287922893643,10.688929332342557,0.06335859055108628,"[20, 0, 0]",23,0
quincas_borba,complexo,pt,sbert,400,84,34564,31,0.47307872772216797,3.431088187858832,3.431326201509118,0.00023801365028619514,-0.030865001803564458,0.9991557870039446,0.9989347910109349,0.0002209959930097316,31,31.0,0,0.0,0.0757624262482181,0.08647556897917308,0.0,22.0,23.5,-1.5,14.188511237525425,14.212668895011092,-0.02415765748566656,"[22, 0, 0]",31,0
quincas_borba,complexo,pt,sbert,400,85,34983,20,0.47307872772216797,2.9917647029520085,2.9946534006314884,0.002888697679479968,-0.31334356005147807,0.9826712609775132,0.9996398633709606,0.01696860239344733,21,20.0,1,0.0,0.1621915928615774,0.09283795922508728,0.06935363363649011,9.0,17.0,-8.0,8.495267603739155,9.305247596956939,-0.8099799932177838,"[7, 1, 0]",21,0
quincas_borba,complexo,pt,sbert,400,86,35402,20,0.47307872772216797,3.0519294676006576,2.9946534006314884,0.057276066969169204,6.21286431506991,0.9481351980161028,0.9996398633709606,0.05150466535485776,25,20.0,5,0.0,0.13892164160743464,0.09283795922508728,0.04608368238234736,12.0,17.0,-5.0,8.433821575668807,9.305247596956939,-0.8714260212881317,"[4, 4, 0]",25,0
quincas_borba,complexo,pt,sbert,400,87,35802,18,0.47307872772216797,2.8861292328171024,2.8894938806498347,0.0033646478327322704,-0.3412402524072957,0.980196653161464,0.9996962753168579,0.019499622155393914,19,18.0,1,0.0,0.11912421690822922,0.07314461002894745,0.045979606879281765,8.0,16.0,-8.0,7.748526263638411,8.396953860297412,-0.6484275966590012,"[6, 1, 0]",19,0
quincas_borba,complexo,pt,sbert,400,88,36203,28,0.47307872772216797,3.3192585738496643,3.3294232477861527,0.010164673936488455,-1.9030137215075758,0.996114903426243,0.9992127788011367,0.0030978753748936994,28,28.0,0,0.0,0.13468858825823882,0.09632917089359398,0.038359417364644835,16.0,22.0,-6.0,11.870041368263369,12.857705455302344,-0.9876640870389757,"[16, 0, 0]",28,0
quincas_borba,complexo,pt,sbert,400,89,36604,22,0.47307872772216797,3.0887985388845376,3.0897397924884635,0.00094125360392594,-0.13215143985714997,0.9992740589921887,0.9995785690783906,0.00030451008620191455,22,22.0,0,0.0,0.07012084501678073,0.08986165301637042,0.0,13.0,19.0,-6.0,10.070592844392323,10.242331597121424,-0.17173875272910166,"[13, 0, 0]",22,0
quincas_borba,complexo,pt,sbert,400,90,37008,32,0.47307872772216797,3.450473624045613,3.463399785441771,0.012926161396157987,-1.5182557572201685,0.9955962372257551,0.99932170022185,0.003725462996094886,32,32.0,0,0.0,0.14806906904064535,0.083724556497489,0.06434451254315635,14.0,25.0,-11.0,13.644673046645476,14.73459505607008,-1.0899220094246047,"[14, 0, 0]",32,0
quincas_borba,complexo,pt,sbert,400,91,37418,22,0.47307872772216797,3.0885818911042318,3.0897397924884635,0.0011579013842317742,-0.1625686579053522,0.9992039700873694,0.9995785690783906,0.0003745989910212133,22,22.0,0,0.0,0.07068079013216538,0.08986165301637042,0.0,12.0,19.0,-7.0,9.93952120462055,10.242331597121424,-0.3028103925008736,"[12, 0, 0]",22,0
quincas_borba,complexo,pt,sbert,400,92,37819,25,0.47307872772216797,3.224097435389794,3.217530491417053,0.006566943972741157,0.7811965910027736,0.9895647344285463,0.9995820486640852,0.010017314235538866,26,25.0,1,0.0,0.062172422156981766,0.06238318048164829,0.0,17.0,21.0,-4.0,11.368261229993347,11.607151478089826,-0.23889024809647808,"[15, 1, 0]",26,0
quincas_borba,complexo,pt,sbert,400,93,38224,25,0.47307872772216797,3.226691574307925,3.217530491417053,0.009161082890872141,1.0897925662149144,0.9903609474590253,0.9995820486640852,0.009221101205059923,26,25.0,1,0.0,0.09757241137715233,0.06238318048164829,0.03518923089550405,7.0,21.0,-14.0,10.707140089503218,11.607151478089826,-0.9000113885866075,"[7, 0, 0]",26,0
quincas_borba,complexo,pt,sbert,400,94,38657,20,0.47307872772216797,2.988857587732325,2.9946534006314884,0.005795812899163533,-0.6286849122761493,0.997705173495524,0.9996398633709606,0.001934689875436546,20,20.0,0,0.0,0.13382816173367348,0.09283795922508728,0.040990202508586204,13.0,17.0,-4.0,9.00765788438513,9.305247596956939,-0.2975897125718081,"[13, 0, 0]",20,0
quincas_borba,complexo,pt,sbert,400,95,39062,23,0.47307872772216797,3.1284884628293868,3.1342054586413117,0.005716995811924974,-0.9052472930838807,0.997765662247383,0.9995889779412475,0.0018233156938645134,23,23.0,0,0.0,0.13255468499853917,0.09145039145440378,0.04110429354413539,16.0,19.0,-3.0,10.300962128800402,10.688929332342557,-0.3879672035421553,"[16, 0, 0]",23,0
quincas_borba,complexo,pt,sbert,400,96,39472,32,0.47307872772216797,3.460369617025389,3.463399785441771,0.0030301684163820397,-0.3559115891037976,0.9812863979363098,0.99932170022185,0.018035302285540178,34,32.0,2,0.0,0.14197225466186975,0.083724556497489,0.058247698164380746,15.0,25.0,-10.0,13.452348969417164,14.73459505607008,-1.2822460866529166,"[13, 1, 0]",34,0
quincas_borba,complexo,pt,sbert,400,97,39897,25,0.47307872772216797,3.216408043442775,3.217530491417053,0.0011224479742777405,-0.13352520361426598,0.9992333405947629,0.9995820486640852,0.00034870806932230103,25,25.0,0,0.0,0.0583348012178061,0.06238318048164829,0.0,19.0,21.0,-2.0,11.541492592965566,11.607151478089826,-0.06565888512425921,"[19, 0, 0]",25,0
quincas_borba,complexo,pt,sbert,400,98,40300,27,0.47307872772216797,3.291811902546095,3.293803207772021,0.0019913052259261654,-0.28278244741670744,0.9775832207054161,0.9994021232890827,0.02181890258366659,29,27.0,2,0.0,0.17731741161721848,0.07812270211843123,0.09919470949878725,14.0,22.0,-8.0,11.064400204739414,12.481867660652213,-1.4174674559127993,"[10, 2, 0]",29,0
quincas_borba,complexo,pt,sbert,400,99,40751,26,0.47307872772216797,3.2625972710312188,3.2567590303739022,0.005838240657316529,0.6463830433721932,0.9791107541774724,0.9995894818855207,0.02047872770804826,28,26.0,2,0.0,0.14805031192812404,0.07585280647152143,0.07219750545660261,14.0,21.5,-7.5,11.016405981212106,12.062798136477857,-1.0463921552657514,"[10, 2, 0]",28,0
quincas_borba,complexo,pt,sbert,400,100,41165,26,0.47307872772216797,3.263677258595721,3.2567590303739022,0.006918228221818978,0.7659542789074002,0.9692279572029259,0.9995894818855207,0.030361524682594787,29,26.0,3,0.0,0.15321172853850568,0.07585280647152143,0.07735892206698425,9.0,21.5,-12.5,10.411122030112043,12.062798136477857,-1.651676106365814,"[5, 2, 0]",29,0
quincas_borba,complexo,pt,sbert,400,101,41589,26,0.47307872772216797,3.2454904186381004,3.2567590303739022,0.011268611735801848,-1.2476086506024802,0.9961308330688577,0.9995894818855207,0.0034586488166629126,26,26.0,0,0.0,0.19097429066835872,0.07585280647152143,0.11512148419683729,15.0,21.5,-6.5,11.553315178862736,12.062798136477857,-0.5094829576151216,"[15, 0, 0]",26,0
quincas_borba,complexo,pt,sbert,400,102,41997,27,0.47307872772216797,3.2875652889663862,3.293803207772021,0.0062379188056347346,-0.8858380541956657,0.9974902953713328,0.9994021232890827,0.0019118279177499087,27,27.0,0,0.0,0.13494690132090026,0.07812270211843123,0.05682419920246903,19.0,22.0,-3.0,12.093071226245982,12.481867660652213,-0.38879643440623113,"[19, 0, 0]",27,0
quincas_borba,complexo,pt,sbert,400,103,42407,25,0.47307872772216797,3.212450735951302,3.217530491417053,0.005079755465750679,-0.6042822459646636,0.9980039338991397,0.9995820486640852,0.0015781147649455152,25,25.0,0,0.0,0.09875822183549143,0.06238318048164829,0.036375041353843146,9.0,21.0,-12.0,10.76213504763322,11.607151478089826,-0.8450164304566048,"[9, 0, 0]",25,0
quincas_borba,complexo,pt,sbert,400,104,42811,29,0.47307872772216797,3.3575022869542397,3.364956187982004,0.007453901027764331,-1.0071262665386211,0.9970915703500058,0.9993690663014301,0.0022774959514242354,29,29.0,0,0.0,0.132864763712463,0.08256351007400428,0.05030125363845872,15.0,23.0,-8.0,12.810973037684292,13.420833856434648,-0.6098608187503558,"[15, 0, 0]",29,0
quincas_borba,complexo,pt,sbert,400,105,43215,24,0.47307872772216797,3.164866294869519,3.176684287639573,0.011817992770053909,-2.6795580421328697,0.9958504367193229,0.9994938893057546,0.003643452586431617,24,24.0,0,0.0,0.18417464470787273,0.07725772440224302,0.10691692030562971,15.0,20.0,-5.0,10.590043644250528,11.161038542278167,-0.5709948980276387,"[15, 0, 0]",24,0
quincas_borba,complexo,pt,sbert,400,106,43618,23,0.47307872772216797,3.130813672287923,3.1342054586413117,0.0033917863533887704,-0.5370662348080666,0.9985072389489834,0.9995889779412475,0.0010817389922640475,23,23.0,0,0.0,0.10042956491625116,0.09145039145440378,0.008979173461847373,17.0,19.0,-2.0,10.449504337336379,10.688929332342557,-0.23942499500617842,"[17, 0, 0]",23,0
quincas_borba,complexo,pt,sbert,400,107,44034,25,0.47307872772216797,3.1963162303770627,3.217530491417053,0.021214261039990134,-2.5236256733534446,0.9929914679165788,0.9995820486640852,0.006590580747506403,25,25.0,0,0.0,0.19266644939011765,0.06238318048164829,0.13028326890846936,11.0,21.0,-10.0,10.393955828942532,11.607151478089826,-1.213195649147293,"[11, 0, 0]",25,0
quincas_borba,complexo,pt,sbert,400,108,44456,19,0.47307872772216797,2.921949864923414,2.943492560932647,0.021542696009233087,-3.0016180230278713,0.9923621734387605,0.9996409196686631,0.007278746229902544,19,19.0,0,0.0,0.20635361841030497,0.06092846909432975,0.14542514931597522,11.0,16.0,-5.0,7.878395849635515,8.847595557521366,-0.969199707885851,"[11, 0, 0]",19,0
quincas_borba,complexo,pt,sbert,400,109,44869,29,0.47307872772216797,3.3664015579315203,3.364956187982004,0.001445369949516273,0.19528969268593074,0.9897695370700214,0.9993690663014301,0.009599529231408721,30,29.0,1,0.0,0.09786733635721548,0.08256351007400428,0.015303826283211197,15.0,23.0,-8.0,12.843553186547613,13.420833856434648,-0.5772806698870347,"[13, 1, 0]",30,0
quincas_borba,complexo,pt,sbert,400,110,45278,23,0.47307872772216797,3.120792543375549,3.1342054586413117,0.013412915265762937,-2.123843647282123,0.9953112104372853,0.9995889779412475,0.004277767503962138,23,23.0,0,0.0,0.1635461350965583,0.09145039145440378,0.07209574364215451,14.0,19.0,-5.0,9.986666266115831,10.688929332342557,-0.7022630662267257,"[14, 0, 0]",23,0
quincas_borba,complexo,pt,sbert,400,111,45679,32,0.47307872772216797,3.4570760629560704,3.463399785441771,0.006323722485700678,-0.7427594145491159,0.9887226045368905,0.99932170022185,0.010599095684959425,33,32.0,1,0.0,0.11091450689878096,0.083724556497489,0.027189950401291962,17.0,25.0,-8.0,13.714093213265166,14.73459505607008,-1.020501842804915,"[15, 1, 0]",33,0
quincas_borba,complexo,pt,sbert,400,112,46083,36,0.47307872772216797,3.5256156295224845,3.580581434777841,0.054965805255356326,-10.734088626313135,0.983841773985832,0.9990284435296379,0.015186669543805986,36,36.0,0,0.0,0.20890254301035585,0.08601629422725093,0.12288624878310492,17.0,25.5,-8.5,14.188324505139462,16.421115629581713,-2.232791124442251,"[17, 0, 0]",36,0
quincas_borba,complexo,pt,sbert,400,113,46497,31,0.47307872772216797,3.4452584065821816,3.431326201509118,0.013932205073063475,1.8066927430030477,0.9614176639642666,0.9989347910109349,0.03751712704666821,36,31.0,5,0.0,0.12715558212305206,0.08647556897917308,0.04068001314387898,18.0,23.5,-5.5,13.099370123399506,14.212668895011092,-1.1132987716115856,"[10, 4, 0]",36,0
quincas_borba,complexo,pt,sbert,400,114,46902,24,0.47307872772216797,3.1618903196068606,3.176684287639573,0.014793968032712268,-3.3543171660723496,0.9949140223533233,0.9994938893057546,0.0045798669524312885,24,24.0,0,0.0,0.18417464470787273,0.07725772440224302,0.10691692030562971,17.0,20.0,-3.0,10.581109225850536,11.161038542278167,-0.5799293164276307,"[17, 0, 0]",24,0
quincas_borba,complexo,pt,sbert,400,115,47335,26,0.47307872772216797,3.2065500767607076,3.2567590303739022,0.05020895361319466,-5.5589034686944885,0.9961707910531163,0.9995894818855207,0.003418690832404314,25,26.0,0,0.0,0.20402155630645652,0.07585280647152143,0.1281687498349351,19.0,21.5,-2.5,11.210947811364672,12.062798136477857,-0.851850325113185,"[19, 0, 0]",25,0
quincas_borba,complexo,pt,sbert,400,116,47745,26,0.47307872772216797,3.2078422674499016,3.2567590303739022,0.0489167629240006,-5.415838083191455,0.9965722326617708,0.9995894818855207,0.003017249223749907,25,26.0,0,0.0,0.20402155630645652,0.07585280647152143,0.1281687498349351,14.0,21.5,-7.5,11.203828225282356,12.062798136477857,-0.8589699111955014,"[14, 0, 0]",25,0
quincas_borba,complexo,pt,sbert,400,117,48150,30,0.47307872772216797,3.354013784042223,3.3990717117610734,0.04505792771885053,-16.70187057449736,0.9960555749732555,0.9993304957147386,0.003274920741483167,29,30.0,0,0.0,0.1754523046919821,0.07653222534499071,0.0989200793469914,16.0,23.0,-7.0,12.296092405271766,13.801512629446673,-1.505420224174907,"[16, 0, 0]",29,0
quincas_borba,complexo,pt,sbert,400,118,48568,26,0.47307872772216797,3.2500799109205882,3.2567590303739022,0.006679119453314009,-0.7394812603124011,0.9861167415305923,0.9995894818855207,0.013472740354928403,27,26.0,1,0.0,0.12550212467094612,0.07585280647152143,0.0496493181994247,13.0,21.5,-8.5,11.104145240425678,12.062798136477857,-0.958652896052179,"[11, 1, 0]",27,0
quincas_borba,complexo,pt,sbert,400,119,48980,25,0.47307872772216797,3.213666824486849,3.217530491417053,0.0038636669302039017,-0.45961766191002773,0.998381733044466,0.9995820486640852,0.0012003156196191966,25,25.0,0,0.0,0.09279377281842946,0.06238318048164829,0.030410592336781173,15.0,21.0,-6.0,11.114802080233638,11.607151478089826,-0.4923493978561879,"[15, 0, 0]",25,0
quincas_borba,complexo,pt,sbert,400,120,49381,24,0.47307872772216797,3.144218556852664,3.176684287639573,0.03246573078690895,-7.361132445792294,0.9893534611742,0.9994938893057546,0.01014042813155458,24,24.0,0,0.0,0.18417464470787273,0.07725772440224302,0.10691692030562971,16.0,20.0,-4.0,10.474123582895874,11.161038542278167,-0.6869149593822925,"[16, 0, 0]",24,0
quincas_borba,complexo,pt,sbert,400,121,49787,32,0.47307872772216797,3.4603368552857408,3.463399785441771,0.003062930156030319,-0.35975965337540206,0.9984421641852098,0.99932170022185,0.0008795360366401495,32,32.0,0,0.0,0.07694583658155721,0.083724556497489,0.0,19.0,25.0,-6.0,14.232243806488077,14.73459505607008,-0.502351249582004,"[19, 0, 0]",32,0
quincas_borba,complexo,pt,sbert,400,122,50188,34,0.47307872772216797,3.520514613996734,3.524146990027996,0.0036323760312622078,-0.4883207163088953,0.9983422254818758,0.9992824835396861,0.0009402580578102837,34,34.0,0,0.0,0.0962394156995561,0.07495278127004654,0.021286634429509566,21.0,26.0,-5.0,15.272174277628952,15.631932560707789,-0.35975828307883617,"[21, 0, 0]",34,0
quincas_borba,complexo,pt,sbert,400,123,50591,22,0.47307872772216797,3.0854600850171723,3.0897397924884635,0.00427970747129125,-0.6008683548616099,0.9981940175764721,0.9995785690783906,0.0013845515019185184,22,22.0,0,0.0,0.10156233711817214,0.08986165301637042,0.011700684101801723,16.0,19.0,-3.0,9.937155706782413,10.242331597121424,-0.3051758903390116,"[16, 0, 0]",22,0
quincas_borba,complexo,pt,sbert,400,124,51005,26,0.47307872772216797,3.208286678373463,3.2567590303739022,0.04847235200043931,-5.366634958116541,0.9847119755149223,0.9995894818855207,0.01487750637059837,26,26.0,0,0.0,0.20402155630645652,0.07585280647152143,0.1281687498349351,11.0,21.5,-10.5,10.878224475043478,12.062798136477857,-1.1845736614343796,"[11, 0, 0]",26,0
quincas_borba,complexo,pt,sbert,400,125,51422,23,0.47307872772216797,3.1348712334776927,3.1342054586413117,0.0006657748363809723,0.1054209043113338,0.999801312836652,0.9995889779412475,0.000212334895404509,23,23.0,0,0.0,0.05462396450600526,0.09145039145440378,0.0,19.0,19.0,0.0,10.758746018789086,10.688929332342557,0.06981668644652927,"[19, 0, 0]",23,0
quincas_borba,complexo,pt,sbert,400,126,51827,22,0.47307872772216797,3.081283199739797,3.0897397924884635,0.008456592748666392,-1.1873005355416717,0.996842730643212,0.9995785690783906,0.0027358384351785503,22,22.0,0,0.0,0.13905435985306813,0.08986165301637042,0.049192706836697714,16.0,19.0,-3.0,9.817114267549158,10.242331597121424,-0.4252173295722663,"[16, 0, 0]",22,0
quincas_borba,complexo,pt,sbert,400,127,52235,29,0.47307872772216797,3.364724930638455,3.364956187982004,0.0002312573435490073,-0.03124610108862781,0.999236509211598,0.9993690663014301,0.00013255708983206382,29,29.0,0,0.0,0.05539211405570438,0.08256351007400428,0.0,20.0,23.0,-3.0,13.231703172723805,13.420833856434648,-0.18913068371084307,"[20, 0, 0]",29,0
quincas_borba,complexo,pt,sbert,400,128,52666,34,0.47307872772216797,3.513508529313839,3.524146990027996,0.010638460714157194,-1.4301880399084366,0.980463223344249,0.9992824835396861,0.018819260195437115,36,34.0,2,0.0,0.1659071064180716,0.07495278127004654,0.09095432514802507,16.0,26.0,-10.0,14.136732965350545,15.631932560707789,-1.495199595357244,"[14, 1, 0]",36,0
quincas_borba,complexo,pt,sbert,400,129,53082,26,0.47307872772216797,3.222285402579569,3.2567590303739022,0.03447362779433316,-3.8167608630274357,0.977683524271658,0.9995894818855207,0.021905957613862603,27,26.0,2,0.0,0.19097429066835872,0.07585280647152143,0.11512148419683729,17.0,21.5,-4.5,11.15869758870625,12.062798136477857,-0.9041005477716073,"[13, 2, 0]",27,0
quincas_borba,complexo,pt,sbert,400,130,53492,23,0.47307872772216797,3.133576513968267,3.1342054586413117,0.0006289446730445292,-0.09958909915335061,0.9993883892525969,0.9995889779412475,0.00020058868865058255,23,23.0,0,0.0,0.06756589373308797,0.09145039145440378,0.0,17.0,19.0,-2.0,10.563681832406727,10.688929332342557,-0.1252474999358295,"[17, 0, 0]",23,0
quincas_borba,complexo,pt,sbert,400,131,53899,26,0.47307872772216797,3.2537370411882076,3.2567590303739022,0.003021989185694629,-0.33458068646745165,0.9986619497665585,0.9995894818855207,0.0009275321189621266,26,26.0,0,0.0,0.08749042889575309,0.07585280647152143,0.011637622424231664,14.0,21.5,-7.5,11.55879859713355,12.062798136477857,-0.5039995393443082,"[14, 0, 0]",26,0
quincas_borba,complexo,pt,sbert,400,132,54329,20,0.47307872772216797,2.992480329598255,2.9946534006314884,0.002173071033233498,-0.23571792182860374,0.9989144744393738,0.9996398633709606,0.0007253889315868012,20,20.0,0,0.0,0.08236925845561283,0.09283795922508728,0.0,15.0,17.0,-2.0,9.179863800267682,9.305247596956939,-0.12538379668925614,"[15, 0, 0]",20,0
quincas_borba,complexo,pt,sbert,400,133,54730,17,0.47307872772216797,2.8320577253476427,2.8328799623317966,0.0008222369841539567,-0.21333136942040912,0.9995921172999563,0.9998503452063958,0.0002582279064394788,17,17.0,0,0.0,0.054596169469934924,0.06272406205655201,0.0,13.0,15.0,-2.0,7.887452555246308,7.966901011159748,-0.07944845591343963,"[13, 0, 0]",17,0
quincas_borba,complexo,pt,sbert,400,134,55139,23,0.47307872772216797,3.13002868694136,3.1342054586413117,0.004176771699951676,-0.661363310311313,0.9982568843660998,0.9995889779412475,0.0013320935751476304,23,23.0,0,0.0,0.10622071985601486,0.09145039145440378,0.014770328401611077,18.0,19.0,-1.0,10.465051756123241,10.688929332342557,-0.2238775762193157,"[18, 0, 0]",23,0
quincas_borba,complexo,pt,sbert,400,135,55547,24,0.47307872772216797,3.1734253839749074,3.176684287639573,0.0032589036646655245,-0.7389090256780512,0.9858800266409301,0.9994938893057546,0.01361386266482445,25,24.0,1,0.0,0.11043521193895131,0.07725772440224302,0.033177487536708294,15.0,20.0,-5.0,10.498897284782338,11.161038542278167,-0.6621412574958292,"[13, 1, 0]",25,0
quincas_borba,complexo,pt,sbert,400,136,55949,23,0.47307872772216797,3.1321276609822366,3.1342054586413117,0.00207779765907512,-0.32900508734507017,0.9855489642978511,0.9995889779412475,0.014040013643396354,24,23.0,1,0.0,0.17495064590091491,0.09145039145440378,0.08350025444651113,7.0,19.0,-12.0,9.282366334226236,10.688929332342557,-1.4065629981163212,"[7, 0, 0]",24,0
quincas_borba,complexo,pt,sbert,400,137,56381,26,0.47307872772216797,3.252079749955944,3.2567590303739022,0.004679280417958065,-0.5180683179891155,0.9867235188428991,0.9995894818855207,0.012865963042621553,27,26.0,1,0.0,0.14270533270255809,0.07585280647152143,0.06685252623103666,13.0,21.5,-8.5,11.137983392797583,12.062798136477857,-0.9248147436802743,"[13, 0, 0]",27,0
quincas_borba,complexo,pt,sbert,400,138,56785,23,0.47307872772216797,3.1189863308408228,3.1342054586413117,0.015219127800488952,-2.4098450825786717,0.9947351568998398,0.9995889779412475,0.0048538210414076355,23,23.0,0,0.0,0.18478040920519567,0.09145039145440378,0.09333001775079189,16.0,19.0,-3.0,10.058027745244965,10.688929332342557,-0.6309015870975916,"[16, 0, 0]",23,0
quincas_borba,complexo,pt,sbert,400,139,57200,28,0.47307872772216797,3.3256209346797165,3.3294232477861527,0.003802313106436195,-0.7118628753098903,0.9876236311239321,0.9992127788011367,0.011589147677204537,29,28.0,1,0.0,0.13541461127606777,0.09632917089359398,0.03908544038247379,19.0,22.0,-3.0,12.491753500777191,12.857705455302344,-0.36595195452515306,"[17, 1, 0]",29,0
quincas_borba,complexo,pt,sbert,400,140,57628,19,0.47307872772216797,2.931635259298936,2.943492560932647,0.011857301633710904,-1.6521186704287298,0.9956515587661698,0.9996409196686631,0.003989360902493244,19,19.0,0,0.0,0.1609648469270184,0.06092846909432975,0.10003637783268865,5.0,16.0,-11.0,7.740333552861182,8.847595557521366,-1.1072620046601838,"[5, 0, 0]",19,0
quincas_borba,complexo,pt,sbert,400,141,58054,28,0.47307872772216797,3.3248257102713614,3.3294232477861527,0.004597537514791306,-0.8607434956065332,0.9977856101324782,0.9992127788011367,0.0014271686686584406,28,28.0,0,0.0,0.09887155439205504,0.09632917089359398,0.0025423834984610594,20.0,22.0,-2.0,12.529404030370948,12.857705455302344,-0.32830142493139647,"[20, 0, 0]",28,0
quincas_borba,complexo,pt,sbert,400,142,58467,25,0.47307872772216797,3.2022754549554975,3.217530491417053,0.015255036461555349,-1.814722727779816,0.9716122445215987,0.9995820486640852,0.02796980414248651,27,25.0,2,0.0,0.1847788903177578,0.06238318048164829,0.1223957098361095,9.0,21.0,-12.0,9.667784406168103,11.607151478089826,-1.9393670719217226,"[7, 1, 0]",27,0
quincas_borba,complexo,pt,sbert,400,143,58890,24,0.47307872772216797,3.173422108708701,3.176684287639573,0.003262178930871773,-0.7396516446721427,0.998542591823016,0.9994938893057546,0.0009512974827385889,24,24.0,0,0.0,0.0940754325288182,0.07725772440224302,0.01681770812657518,17.0,20.0,-3.0,10.896445913613809,11.161038542278167,-0.2645926286643583,"[17, 0, 0]",24,0
quincas_borba,complexo,pt,sbert,400,144,59296,25,0.47307872772216797,3.224117286206261,3.217530491417053,0.006586794789208206,0.7835580227763733,0.9895708271935197,0.9995820486640852,0.010011221470565435,26,25.0,1,0.0,0.1108983166246835,0.06238318048164829,0.04851513614303521,12.0,21.0,-9.0,10.655575673174983,11.607151478089826,-0.9515758049148424,"[10, 1, 0]",26,0
quincas_borba,complexo,pt,sbert,400,145,59716,33,0.47307872772216797,3.4925093498482673,3.4943189290953702,0.0018095792471028993,-0.29857049579995515,0.9988565128065858,0.9993505844924959,0.0004940716859100913,33,33.0,0,0.0,0.0643954759048174,0.08438089592836404,0.0,21.0,26.0,-5.0,14.913203173981632,15.150549204067651,-0.2373460300860195,"[21, 0, 0]",33,0
quincas_borba,complexo,pt,sbert,400,146,60128,30,0.47307872772216797,3.39686770645196,3.3990717117610734,0.002204005309113466,-0.81697080362881,0.9891905543548024,0.9993304957147386,0.010139941359936233,31,30.0,1,0.0,0.1617204747358957,0.07653222534499071,0.085188249390905,17.0,23.0,-6.0,12.87033847769537,13.801512629446673,-0.9311741517513035,"[15, 1, 0]",31,0
quincas_borba,complexo,pt,sbert,400,147,60531,35,0.47307872772216797,3.527036916262224,3.553110819764356,0.026073903502132012,-7.4768266565794494,0.9920370257039394,0.9992940162636444,0.007256990559705079,35,35.0,0,0.0,0.18253710930063474,0.09170625054335255,0.0908308587572822,11.0,27.0,-16.0,13.868404264884694,16.05476705665003,-2.186362791765335,"[11, 0, 0]",35,0
quincas_borba,complexo,pt,sbert,400,148,60953,26,0.47307872772216797,3.2130864135352577,3.2567590303739022,0.04367261683864454,-4.835230447174808,0.9982014182441536,0.9995894818855207,0.00138806364136701,25,26.0,0,0.0,0.19097429066835872,0.07585280647152143,0.11512148419683729,15.0,21.5,-6.5,11.161313005990475,12.062798136477857,-0.9014851304873819,"[15, 0, 0]",25,0
quincas_borba,complexo,pt,sbert,400,149,61359,21,0.47307872772216797,3.036941145928849,3.0424360155583896,0.005494869629540489,-0.7267705997599048,0.9975098584590354,0.999341815066279,0.0018319566072435567,21,21.0,0,0.0,0.10068456125864772,0.08054192351718004,0.020142637741467684,15.0,17.5,-2.5,9.323907970518981,9.730537798380961,-0.40662982786198043,"[15, 0, 0]",21,0
quincas_borba,complexo,pt,sbert,400,150,61799,31,0.47307872772216797,3.4269862418507544,3.431326201509118,0.004339959658363757,-0.5627948755112372,0.9979612729408985,0.9989347910109349,0.0009735180700363166,31,31.0,0,0.0,0.08802007427822203,0.08647556897917308,0.0015445052990489538,18.0,23.5,-5.5,13.626298146205393,14.212668895011092,-0.5863707488056988,"[18, 0, 0]",31,0
quincas_borba,complexo,pt,sbert,400,151,62213,23,0.47307872772216797,3.090168954289453,3.1342054586413117,0.044036504351858685,-6.972880105709574,0.9855444601334513,0.9995889779412475,0.014044517807796142,23,23.0,0,0.0,0.20151440500763232,0.09145039145440378,0.11006401355322853,10.0,19.0,-9.0,9.244873291199122,10.688929332342557,-1.444056041143435,"[10, 0, 0]",23,0
quincas_borba,complexo,pt,sbert,400,152,62643,19,0.47307872772216797,2.9352557813041154,2.943492560932647,0.008236779628531643,-1.1476588712068796,0.9968811722955371,0.9996409196686631,0.002759747373126009,19,19.0,0,0.0,0.14022067589277978,0.06092846909432975,0.07929220679845003,10.0,16.0,-6.0,8.377812888284662,8.847595557521366,-0.46978266923670375,"[10, 0, 0]",19,0
quincas_borba,complexo,pt,sbert,400,153,63049,15,0.47307872772216797,2.7054864951257818,2.707631855708187,0.0021453605824053312,-0.21829019262869198,0.9990533019013514,0.999845517858623,0.0007922159572715248,15,15.0,0,0.0,0.07493412266163416,0.08432839749643417,0.0,9.0,13.0,-4.0,6.7940695577798484,7.026568792244689,-0.23249923446484022,"[9, 0, 0]",15,0
quincas_borba,complexo,pt,sbert,400,154,63451,21,0.47307872772216797,3.0571381683970773,3.0424360155583896,0.014702152838687699,1.9445579525475278,0.9890314398870831,0.999341815066279,0.010310375179195863,22,21.0,1,0.0,0.08154057246960839,0.08054192351718004,0.0009986489524283493,12.0,17.5,-5.5,9.540558352020335,9.730537798380961,-0.18997944636062591,"[12, 0, 0]",22,0
quincas_borba,complexo,pt,sbert,400,155,63851,32,0.47307872772216797,3.4646412202079153,3.463399785441771,0.0012414347661442449,0.14581401416448292,0.9908862369955237,0.99932170022185,0.008435463226326267,33,32.0,1,0.0,0.10942335162730554,0.083724556497489,0.025698795129816543,15.0,25.0,-10.0,14.00026342633637,14.73459505607008,-0.7343316297337115,"[15, 0, 0]",33,0
quincas_borba,complexo,pt,sbert,400,156,64252,28,0.47307872772216797,3.3302003837540015,3.3294232477861527,0.0007771359678487855,0.1454941318859676,0.9993985583972765,0.9992127788011367,0.00018577959613985673,28,28.0,0,0.0,0.05560769263730858,0.09632917089359398,0.0,20.0,22.0,-2.0,12.824250798891168,12.857705455302344,-0.03345465641117684,"[20, 0, 0]",28,0
quincas_borba,complexo,pt,sbert,400,157,64680,28,0.47307872772216797,3.324164762162752,3.3294232477861527,0.005258485623400588,-0.9844851254656872,0.9975872585287303,0.9992127788011367,0.0016255202724063667,28,28.0,0,0.0,0.10988036439335078,0.09632917089359398,0.013551193499756795,16.0,22.0,-6.0,12.331647408867518,12.857705455302344,-0.5260580464348266,"[16, 0, 0]",28,0
quincas_borba,complexo,pt,sbert,400,158,65122,36,0.47307872772216797,3.5771624905339645,3.580581434777841,0.003418944243876343,-0.6676742085683449,0.9632672872048493,0.9990284435296379,0.0357611563247886,41,36.0,5,0.0,0.1818002560847305,0.08601629422725093,0.09578396185747956,13.0,25.5,-12.5,14.32640857368961,16.421115629581713,-2.094707055892103,"[5, 4, 0]",41,0
quincas_borba,complexo,pt,sbert,400,159,65532,34,0.47307872772216797,3.503098163256152,3.524146990027996,0.02104882677184383,-2.8297120337282227,0.9934032946439754,0.9992824835396861,0.0058791888957107075,34,34.0,0,0.0,0.17357967246245976,0.07495278127004654,0.09862689119241322,19.0,26.0,-7.0,14.634287979438621,15.631932560707789,-0.9976445812691672,"[19, 0, 0]",34,0
quincas_borba,complexo,pt,sbert,400,160,65949,24,0.47307872772216797,3.164428425659083,3.176684287639573,0.01225586198048978,-2.7788385195417633,0.9957126576778685,0.9994938893057546,0.003781231627886017,24,24.0,0,0.0,0.1633036134378449,0.07725772440224302,0.0860458890356019,13.0,20.0,-7.0,10.397707439105721,11.161038542278167,-0.7633311031724457,"[13, 0, 0]",24,0
quincas_borba,complexo,pt,sbert,400,161,66357,26,0.47307872772216797,3.2544277190932442,3.2567590303739022,0.0023313112806579994,-0.2581120185155709,0.998873937931113,0.9995894818855207,0.0007155439544076492,26,26.0,0,0.0,0.08276612338306713,0.07585280647152143,0.006913316911545703,20.0,21.5,-1.5,11.859339075775578,12.062798136477857,-0.20345906070227926,"[20, 0, 0]",26,0
quincas_borba,complexo,pt,sbert,400,162,66760,26,0.47307872772216797,3.2500139527542373,3.2567590303739022,0.006745077619664919,-0.7467838438822856,0.9975192308843761,0.9995894818855207,0.002070251001144552,26,26.0,0,0.0,0.17382202436270608,0.07585280647152143,0.09796921789118465,18.0,21.5,-3.5,11.828414156764993,12.062798136477857,-0.23438397971286484,"[18, 0, 0]",26,0
quincas_borba,complexo,pt,sbert,400,163,67163,25,0.47307872772216797,3.2103273854270857,3.217530491417053,0.007203105989967096,-0.8568737402589912,0.9973442779696341,0.9995820486640852,0.00223777069445108,25,25.0,0,0.0,0.12966637841869785,0.06238318048164829,0.06728319793704957,16.0,21.0,-5.0,11.100458955057128,11.607151478089826,-0.5066925230326973,"[16, 0, 0]",25,0
quincas_borba,complexo,pt,sbert,400,164,67575,31,0.47307872772216797,3.43334179927574,3.431326201509118,0.002015597766621635,0.261377566485083,0.973621890135426,0.9989347910109349,0.02531290087550886,34,31.0,3,0.0,0.13672127115265245,0.08647556897917308,0.05024570217347937,24.0,23.5,0.5,13.541344654145547,14.212668895011092,-0.6713242408655447,"[18, 3, 0]",34,0
quincas_borba,complexo,pt,sbert,400,165,67989,34,0.47307872772216797,3.493193031045984,3.524146990027996,0.03095395898201181,-4.161314603058794,0.9990520454018107,0.9992824835396861,0.00023043813787537726,33,34.0,0,0.0,0.17357967246245976,0.07495278127004654,0.09862689119241322,24.0,26.0,-2.0,15.113968690367981,15.631932560707789,-0.5179638703398073,"[24, 0, 0]",33,0
quincas_borba,complexo,pt,sbert,400,166,68393,29,0.47307872772216797,3.365944675751804,3.364956187982004,0.000988487769800095,0.1335585210227094,0.9995987420461732,0.9993690663014301,0.00022967574474308527,29,29.0,0,0.0,0.05506539214549913,0.08256351007400428,0.0,17.0,23.0,-6.0,13.308966055284035,13.420833856434648,-0.11186780115061268,"[17, 0, 0]",29,0
quincas_borba,complexo,pt,sbert,400,167,68811,29,0.47307872772216797,3.3634556585217834,3.364956187982004,0.001500529460220612,-0.20274251394996892,0.9988595681346162,0.9993690663014301,0.0005094981668138931,29,29.0,0,0.0,0.06192204322146927,0.08256351007400428,0.0,19.0,23.0,-4.0,13.117660569317353,13.420833856434648,-0.3031732871172945,"[19, 0, 0]",29,0
quincas_borba,complexo,pt,sbert,400,168,69211,31,0.47307872772216797,3.3773204080215935,3.431326201509118,0.054005793487524656,-7.003333260050666,0.9834982505498157,0.9989347910109349,0.015436540461119197,31,31.0,2,0.0,0.18707400400486351,0.08647556897917308,0.10059843502569044,14.0,23.5,-9.5,12.609140396553801,14.212668895011092,-1.6035284984572904,"[12, 1, 0]",31,0
quincas_borba,complexo,pt,sbert,400,169,69627,30,0.47307872772216797,3.3751249273830077,3.3990717117610734,0.023946784378065633,-8.876486638565957,0.9923343307213749,0.9993304957147386,0.0069961649933637515,30,30.0,0,0.0,0.17408981407861643,0.07653222534499071,0.09755758873362572,22.0,23.0,-1.0,13.266430255957957,13.801512629446673,-0.5350823734887165,"[22, 0, 0]",30,0
quincas_borba,complexo,pt,sbert,400,170,70034,23,0.47307872772216797,3.131230566657292,3.1342054586413117,0.0029748919840195676,-0.47105385491683305,0.998640198648686,0.9995889779412475,0.0009487792925614302,23,23.0,0,0.0,0.0946404769059663,0.09145039145440378,0.0031900854515625188,15.0,19.0,-4.0,10.338601956841247,10.688929332342557,-0.3503273755013101,"[15, 0, 0]",23,0
quincas_borba,complexo,pt,sbert,400,171,70434,34,0.47307872772216797,3.3931779142868486,3.524146990027996,0.13096907574114747,-17.606908626695105,0.9790641899591185,0.9992824835396861,0.020218293580567592,32,34.0,2,0.0,0.2210183199142979,0.07495278127004654,0.14606553864425137,14.0,26.0,-12.0,12.884641732485605,15.631932560707789,-2.7472908282221837,"[10, 2, 0]",32,0
quincas_borba,complexo,pt,sbert,400,172,70851,28,0.47307872772216797,3.3262269719152364,3.3294232477861527,0.0031962758709163097,-0.5984015697977841,0.9982061310337602,0.9992127788011367,0.0010066477673764673,28,28.0,0,0.0,0.10490925968536957,0.09632917089359398,0.00858008879177559,18.0,22.0,-4.0,12.699781747561968,12.857705455302344,-0.15792370774037678,"[18, 0, 0]",28,0
quincas_borba,complexo,pt,sbert,400,173,71277,34,0.47307872772216797,3.4773306731003495,3.524146990027996,0.04681631692764654,-6.293780495272281,0.9945154163035507,0.9992824835396861,0.004767067236135403,33,34.0,0,0.0,0.1927233081229657,0.07495278127004654,0.11777052685291917,8.0,26.0,-18.0,13.244401793348302,15.631932560707789,-2.387530767359486,"[8, 0, 0]",33,0
quincas_borba,complexo,pt,sbert,400,174,71695,22,0.47307872772216797,3.087441145322373,3.0897397924884635,0.0022986471660906282,-0.3227286795560946,0.9988349211988239,0.9995785690783906,0.0007436478795667112,22,22.0,0,0.0,0.07735138708360789,0.08986165301637042,0.0,9.0,19.0,-10.0,9.830467028361369,10.242331597121424,-0.4118645687600555,"[9, 0, 0]",22,0
quincas_borba,complexo,pt,sbert,400,175,72108,31,0.47307872772216797,3.395070088037934,3.431326201509118,0.03625611347118429,-4.701600123912077,0.9981984892563844,0.9989347910109349,0.0007363017545504169,30,31.0,0,0.0,0.16355743162912836,0.08647556897917308,0.07708186264995529,14.0,23.5,-9.5,13.202450547691694,14.212668895011092,-1.0102183473193982,"[14, 0, 0]",30,0
quincas_borba,complexo,pt,sbert,400,176,72518,18,0.47307872772216797,2.885527417597401,2.8894938806498347,0.003966463052433866,-0.40227593509470455,0.9983239732793785,0.9996962753168579,0.0013723020374794004,18,18.0,0,0.0,0.10603785390026665,0.07314461002894745,0.0328932438713192,13.0,16.0,-3.0,8.152446118852815,8.396953860297412,-0.24450774144459686,"[13, 0, 0]",18,0
quincas_borba,complexo,pt,sbert,400,177,72929,27,0.47307872772216797,3.2930932943695237,3.293803207772021,0.0007099134024972642,-0.10081380131904602,0.9991675644923131,0.9994021232890827,0.00023455879676959057,27,27.0,0,0.0,0.06746071986899083,0.07812270211843123,0.0,23.0,22.0,1.0,12.469241597650159,12.481867660652213,-0.012626063002054266,"[23, 0, 0]",27,0
quincas_borba,complexo,pt,sbert,400,178,73330,29,0.47307872772216797,3.3309520934589787,3.364956187982004,0.03400409452302533,-4.594428693973751,0.9699954877841149,0.9993690663014301,0.029373578517315146,31,29.0,3,0.0,0.21422144868615037,0.08256351007400428,0.13165793861214609,8.0,23.0,-15.0,11.129152925068738,13.420833856434648,-2.29168093136591,"[4, 2, 0]",31,0
quincas_borba,complexo,pt,sbert,400,179,73739,27,0.47307872772216797,3.230654412188552,3.293803207772021,0.06314879558346886,-8.967671421745576,0.9915772520817954,0.9994021232890827,0.007824871207287365,26,27.0,0,0.0,0.20483971054253824,0.07812270211843123,0.12671700842410702,16.0,22.0,-6.0,11.533077093171478,12.481867660652213,-0.9487905674807351,"[16, 0, 0]",26,0
quincas_borba,complexo,pt,sbert,400,180,74145,29,0.47307872772216797,3.253164528773196,3.364956187982004,0.11179165920880818,-15.104616488702396,0.9984862298612915,0.9993690663014301,0.0008828364401385347,26,29.0,0,0.0,0.21422144868615037,0.08256351007400428,0.13165793861214609,19.0,23.0,-4.0,11.789604438646514,13.420833856434648,-1.6312294177881341,"[19, 0, 0]",26,0
quincas_borba,complexo,pt,sbert,400,181,74563,21,0.47307872772216797,3.0442431450017757,3.0424360155583896,0.001807129443386124,0.23901723570525318,0.9999082638649048,0.999341815066279,0.0005664487986258848,21,21.0,0,0.0,0.0749096907229862,0.08054192351718004,0.0,20.0,17.5,2.5,9.88330594255621,9.730537798380961,0.15276814417524953,"[20, 0, 0]",21,0
quincas_borba,complexo,pt,sbert,400,182,74983,24,0.47307872772216797,3.1922508131442675,3.176684287639573,0.015566525504694617,3.5294833408482966,0.9685706371184436,0.9994938893057546,0.030923252187310957,27,24.0,3,0.0,0.13713861740430422,0.07725772440224302,0.0598808930020612,14.0,20.0,-6.0,10.150358723142169,11.161038542278167,-1.0106798191359978,"[8, 3, 0]",27,0
quincas_borba,complexo,pt,sbert,400,183,75388,27,0.47307872772216797,3.2908659293916145,3.293803207772021,0.0029372783804064717,-0.41711876127337727,0.9984917528340105,0.9994021232890827,0.0009103704550722513,27,27.0,0,0.0,0.0924614988768403,0.07812270211843123,0.014338796758409073,20.0,22.0,-2.0,12.228993728407648,12.481867660652213,-0.2528739322445652,"[20, 0, 0]",27,0
quincas_borba,complexo,pt,sbert,400,184,75790,14,0.47307872772216797,2.638197776025194,2.639001668643156,0.0008038926179620987,-0.4093381057058161,0.9996742952188197,0.999978908767355,0.0003046135485352819,14,14.0,0,0.0,0.07191053962152236,0.05515090284380103,0.016759636777721326,11.0,13.0,-2.0,6.542632976011496,6.5994549571616865,-0.05682198115019066,"[11, 0, 0]",14,0
