obra,nivel,idioma,embedder,janela_palavras,janela_idx,palavra_ini,n_sentencas,eps,H_obs,H_ref,delta_H,z_H,H_norm_obs,H_norm_ref,delta_H_norm,n_barras_obs,n_barras_ref,n_H1_obs,n_H1_ref,dB_obs_ref,dB_base,delta_dB,C_obs,C_ref,delta_T,Cpers_obs,Cpers_ref,delta_Tpers,beta_obs,n_barras,degenerado
alice_wonderland,simples,en,sbert,150,0,0,16,0.4772210121154785,2.7676456676318453,2.7700998165236004,0.0024541488917551035,-0.5190226315474816,0.9982171699075719,0.9990564990373199,0.0008393291297479344,16,16.0,0,0.0,0.08347264568799578,0.09617791116386026,0.0,12.0,12.0,0.0,7.26576635944021,7.3897525723851,-0.12398621294488965,"[12, 0, 0]",16,0
alice_wonderland,simples,en,sbert,150,1,201,6,0.4772210121154785,1.7832637539867424,1.7917594692280547,0.008495715241312318,-2.222325218340382,0.9952584510436701,0.9999999999999999,0.004741548956329833,6,6.0,0,0.0,0.15324237534336865,0.07745760845772631,0.07578476688564234,4.0,6.0,-2.0,2.676817026605537,2.863326072692871,-0.18650904608733399,"[4, 0, 0]",6,0
alice_wonderland,simples,en,sbert,150,2,363,4,0.4772210121154785,1.3581663367890455,1.3862943611198906,0.028128024330845047,-13.030527441863322,0.9797099193939429,1.0,0.02029008060605708,4,4.0,0,0.0,0.2243413363178539,1.60946666574568e-308,0.2243413363178539,2.0,4.0,-2.0,1.606314621671224,1.908884048461914,-0.30256942679069,"[2, 0, 0]",4,0
alice_wonderland,simples,en,sbert,150,3,543,10,0.4772210121154785,2.301107260920624,2.3022935737186287,0.0011863127980049626,-0.10185474689971363,0.9993581856853332,0.9998668828285244,0.000508697143191239,10,10.0,0,0.0,0.07585729203758501,0.08260405472171761,0.0,7.0,9.0,-2.0,4.64626910033182,4.722102693973432,-0.07583359364161169,"[7, 0, 0]",10,0
alice_wonderland,simples,en,sbert,150,4,704,11,0.4772210121154785,2.3978899414656936,2.3975634935950363,0.000326447870657276,0.09474071620842785,0.9999977766615842,0.9998616373254086,0.00013613933617562246,11,11.0,0,0.0,0.031988990280885254,0.07671686564887228,0.0,10.0,10.0,0.0,5.2440245425648495,5.193574855682799,0.050449686882050315,"[10, 0, 0]",11,0
alice_wonderland,simples,en,sbert,150,5,863,10,0.4772210121154785,2.28421309226363,2.3022935737186287,0.018080481454998854,-1.5523585900117471,0.9920211414612579,0.9998668828285244,0.007845741367266568,10,10.0,0,0.0,0.17717385040325023,0.08260405472171761,0.09456979568153262,5.0,9.0,-4.0,4.151947154368555,4.722102693973432,-0.570155539604877,"[5, 0, 0]",10,0
alice_wonderland,simples,en,sbert,150,6,1039,4,0.4772210121154785,1.3815702270871384,1.3862943611198906,0.004724134032752181,-2.188492068577799,0.9965922576292269,1.0,0.003407742370773126,4,4.0,0,0.0,0.11388727491906869,1.60946666574568e-308,0.11388727491906869,1.0,4.0,-3.0,1.6625852216181793,1.908884048461914,-0.24629882684373472,"[1, 0, 0]",4,0
alice_wonderland,simples,en,sbert,150,7,1204,5,0.4772210121154785,1.5917394459338121,1.6094379124341005,0.01769846650028839,-4.875745962259484,0.989003324475238,1.0000000000000002,0.010996675524762245,5,5.0,0,0.0,0.17684889124667996,0.010108151569347468,0.1667407396773325,2.0,5.0,-3.0,1.9630652039986303,2.3861050605773926,-0.4230398565787623,"[2, 0, 0]",5,0
alice_wonderland,simples,en,sbert,150,8,1402,6,0.4772210121154785,1.7819847397308803,1.7917594692280547,0.009774729497174395,-2.5568921800009394,0.994544619595963,0.9999999999999999,0.005455380404036925,6,6.0,0,0.0,0.16100596116790228,0.07745760845772631,0.08354835271017597,4.0,6.0,-2.0,2.645989047995674,2.863326072692871,-0.2173370246971973,"[4, 0, 0]",6,0
alice_wonderland,simples,en,sbert,150,10,1721,6,0.4772210121154785,1.7793659351827773,1.7917594692280547,0.012393534045277432,-3.2419240135602396,0.9930830369488058,0.9999999999999999,0.006916963051194047,6,6.0,0,0.0,0.18113283952177223,0.07745760845772631,0.10367523106404591,4.0,6.0,-2.0,2.642979040464002,2.863326072692871,-0.2203470322288692,"[4, 0, 0]",6,0
alice_wonderland,simples,en,sbert,150,11,1874,4,0.4772210121154785,1.3862913504422774,1.3862943611198906,3.010677613213275e-06,-0.0013947199702383274,0.9999978282551688,1.0,2.1717448311919796e-06,4,4.0,0,0.0,0.0026992685037956488,1.60946666574568e-308,0.0026992685037956488,3.0,4.0,-1.0,1.9061847799581184,1.908884048461914,-0.0026992685037956488,"[3, 0, 0]",4,0
alice_wonderland,simples,en,sbert,150,12,2040,7,0.4772210121154785,1.9410787698439749,1.945584377803471,0.004505607959496061,-0.7193320261406738,0.9975171622319335,0.9998325866936866,0.002315424461753035,7,7.0,0,0.0,0.0899538753342099,0.041660299906542964,0.048293575427666935,3.0,6.0,-3.0,3.08334600246606,3.304461951815597,-0.22111594934953693,"[3, 0, 0]",7,0
alice_wonderland,simples,en,sbert,150,13,2224,7,0.4772210121154785,1.945910149055313,1.945584377803471,0.00032577125184207745,0.05201022742159646,0.9999999999999999,0.9998325866936866,0.0001674133063133132,7,7.0,0,0.0,0.03411338517251761,0.041660299906542964,0.0,7.0,6.0,1.0,3.3405470848083496,3.304461951815597,0.03608513299275273,"[7, 0, 0]",7,0
alice_wonderland,simples,en,sbert,150,14,2399,9,0.4772210121154785,2.190193342069958,2.1966527710017165,0.0064594289317585485,-1.2755489950160084,0.9967999469245034,0.9997397597221508,0.002939812797647434,9,9.0,0,0.0,0.11902062852133422,0.09620808332230434,0.02281254519902988,6.0,8.0,-2.0,4.063423801638451,4.244939755745701,-0.1815159541072502,"[6, 0, 0]",9,0
alice_wonderland,simples,en,sbert,150,15,2572,6,0.4772210121154785,1.7893925020704806,1.7917594692280547,0.002366967157574118,-0.6191557339023861,0.99867897047666,0.9999999999999999,0.0013210295233399005,6,6.0,0,0.0,0.08372047578887698,0.07745760845772631,0.006262867331150668,5.0,6.0,-1.0,2.779605596903994,2.863326072692871,-0.0837204757888772,"[5, 0, 0]",6,0
alice_wonderland,simples,en,sbert,150,16,2742,10,0.4772210121154785,2.301933144597455,2.3022935737186287,0.0003604291211738442,-0.030945815449505542,0.9997168624088748,0.9998668828285244,0.00015002041964962132,10,10.0,0,0.0,0.05584370311203135,0.08260405472171761,0.0,9.0,9.0,0.0,4.716366418042754,4.722102693973432,-0.0057362759306780475,"[9, 0, 0]",10,0
alice_wonderland,simples,en,sbert,150,17,2911,8,0.4772210121154785,2.0794415416798357,2.0793956797754674,4.586190436839388e-05,0.01727921127147863,1.0,0.9999779450860007,2.2054913999314252e-05,8,8.0,0,0.0,0.013478788974952777,0.0392596090678414,0.0,8.0,7.0,1.0,3.817768096923828,3.8012854518067853,0.016482645117042782,"[8, 0, 0]",8,0
alice_wonderland,simples,en,sbert,150,18,3061,6,0.4772210121154785,1.7796867741711222,1.7917594692280547,0.012072695056932536,-3.1579983457885,0.9932621005976131,0.9999999999999999,0.006737899402386782,6,6.0,0,0.0,0.17738552660578677,0.07745760845772631,0.09992791814806046,5.0,6.0,-1.0,2.6859405460870844,2.863326072692871,-0.17738552660578666,"[5, 0, 0]",6,0
alice_wonderland,simples,en,sbert,150,19,3231,7,0.4772210121154785,1.945910149055313,1.945584377803471,0.00032577125184207745,0.05201022742159646,0.9999999999999999,0.9998325866936866,0.0001674133063133132,7,7.0,0,0.0,0.03411338517251761,0.041660299906542964,0.0,7.0,6.0,1.0,3.3405470848083496,3.304461951815597,0.03608513299275273,"[7, 0, 0]",7,0
alice_wonderland,simples,en,sbert,150,20,3410,6,0.4772210121154785,1.790850776717914,1.7917594692280547,0.0009086925101406962,-0.23769750087465946,0.9994928490538229,0.9999999999999999,0.0005071509461770374,6,6.0,0,0.0,0.05370683531344511,0.07745760845772631,0.0,4.0,6.0,-2.0,2.796003991487284,2.863326072692871,-0.06732208120558703,"[4, 0, 0]",6,0
alice_wonderland,simples,en,sbert,150,21,3568,9,0.4772210121154785,2.179472216763659,2.1966527710017165,0.01718055423805742,-3.3926588439461343,0.9919205525208159,0.9997397597221508,0.007819207201334888,9,9.0,0,0.0,0.1891740729341576,0.09620808332230434,0.09296598961185328,5.0,8.0,-3.0,3.835846898121278,4.244939755745701,-0.40909285762442327,"[5, 0, 0]",9,0
alice_wonderland,simples,en,sbert,150,22,3729,8,0.4772210121154785,2.0701407370224216,2.0793956797754674,0.009254942753045725,-3.486948772356825,0.9955272584148239,0.9999779450860007,0.004450686671176762,8,8.0,0,0.0,0.15082488049380618,0.0392596090678414,0.11156527142596478,5.0,7.0,-2.0,3.520008329318254,3.8012854518067853,-0.28127712248853154,"[5, 0, 0]",8,0
alice_wonderland,simples,en,sbert,150,23,3891,8,0.4772210121154785,2.074900434847666,2.0793956797754674,0.004495244927801512,-1.6936559415542918,0.9978161892310272,0.9999779450860007,0.0021617558549734683,8,8.0,0,0.0,0.09895444378189872,0.0392596090678414,0.059694834714057315,3.0,7.0,-4.0,3.4680260263806124,3.8012854518067853,-0.33325942542617293,"[3, 0, 0]",8,0
alice_wonderland,simples,en,sbert,150,24,4046,10,0.4772210121154785,2.3020622855446247,2.3022935737186287,0.00023128817400408508,-0.019857999056994466,0.9997729476096184,0.9998668828285244,9.393521890599388e-05,10,10.0,0,0.0,0.050420412041078055,0.08260405472171761,0.0,8.0,9.0,-1.0,4.716024220888627,4.722102693973432,-0.006078473084804692,"[8, 0, 0]",10,0
alice_wonderland,simples,en,sbert,150,25,4211,6,0.4772210121154785,1.789874129753259,1.7917594692280547,0.0018853394747957442,-0.4931706561440725,0.9989477720044598,0.9999999999999999,0.001052227995540056,6,6.0,0,0.0,0.07608421304561008,0.07745760845772631,0.0,4.0,6.0,-2.0,2.779539657695941,2.863326072692871,-0.08378641499693007,"[4, 0, 0]",6,0
alice_wonderland,simples,en,sbert,150,26,4369,5,0.4772210121154785,1.6094379124341005,1.6094379124341005,0.0,0.0,1.0000000000000002,1.0000000000000002,0.0,5,5.0,0,0.0,1.8908608335028523e-308,0.010108151569347468,0.0,5.0,5.0,0.0,2.3861050605773926,2.3861050605773926,0.0,"[5, 0, 0]",5,0
alice_wonderland,simples,en,sbert,150,27,4540,9,0.4772210121154785,2.18625772525576,2.1966527710017165,0.010395045745956732,-2.0527186372790913,0.9950087705218756,0.9997397597221508,0.004730989200275149,9,9.0,0,0.0,0.1403858828213577,0.09620808332230434,0.04417779949905336,5.0,8.0,-3.0,3.891284688464535,4.244939755745701,-0.35365506728116625,"[5, 0, 0]",9,0
alice_wonderland,simples,en,sbert,150,28,4711,9,0.4772210121154785,2.1932735409917297,2.1966527710017165,0.0033792300099868555,-0.6672994607888953,0.9982018058667085,0.9997397597221508,0.001537953855442309,9,9.0,0,0.0,0.09085659495821186,0.09620808332230434,0.0,8.0,8.0,0.0,4.168953137143282,4.244939755745701,-0.0759866186024194,"[8, 0, 0]",9,0
alice_wonderland,simples,en,sbert,150,29,4877,7,0.4772210121154785,1.9449977076189393,1.945584377803471,0.0005866701845316236,-0.09366342041056241,0.9995310978583379,0.9998325866936866,0.00030148883534864,7,7.0,0,0.0,0.052559899021339285,0.041660299906542964,0.010899599114796321,5.0,6.0,-1.0,3.257523461472089,3.304461951815597,-0.046938490343507944,"[5, 0, 0]",7,0
alice_wonderland,simples,en,sbert,150,30,5058,7,0.4772210121154785,1.942709139354573,1.945584377803471,0.002875238448897921,-0.4590392945139057,0.9983550064208802,0.9998325866936866,0.0014775802728064225,7,7.0,0,0.0,0.07669386076696089,0.041660299906542964,0.03503356086041792,2.0,6.0,-4.0,3.0770747704922146,3.304461951815597,-0.22738718132338231,"[2, 0, 0]",7,0
alice_wonderland,simples,en,sbert,150,31,5237,9,0.4772210121154785,2.1821791676276434,2.1966527710017165,0.014473603374073107,-2.8581149251893896,0.9931525389512909,0.9997397597221508,0.006587220770859936,9,9.0,0,0.0,0.17116842041146813,0.09620808332230434,0.07496033708916379,6.0,8.0,-2.0,3.903467397104647,4.244939755745701,-0.3414723586410542,"[6, 0, 0]",9,0
alice_wonderland,simples,en,sbert,150,32,5406,6,0.4772210121154785,1.7689547497583393,1.7917594692280547,0.022804719469715407,-5.965301535565366,0.9872724437284316,0.9999999999999999,0.012727556271568297,6,6.0,0,0.0,0.23861050605773926,0.07745760845772631,0.16115289760001295,1.0,6.0,-5.0,2.284131784610702,2.863326072692871,-0.579194288082169,"[1, 0, 0]",6,0
alice_wonderland,simples,en,sbert,150,33,5608,14,0.4772210121154785,2.6257580289871703,2.636345809418253,0.01058778043108255,-2.0257591545440485,0.9949605866917537,0.998840751467547,0.0038801647757933377,14,14.0,0,0.0,0.11991486002830928,0.09468735244908599,0.02522750757922329,7.0,12.0,-5.0,5.902793155638219,6.459001859862777,-0.5562087042245585,"[7, 0, 0]",14,0
alice_wonderland,simples,en,sbert,150,34,5776,12,0.4772210121154785,2.477622310395024,2.484126977263214,0.006504666868190068,-1.2258454542479915,0.9970685661799015,0.9996373097794202,0.0025687435995187524,12,12.0,0,0.0,0.1110120889525874,0.07806086488254915,0.032951224070038254,8.0,10.0,-2.0,5.362272352028936,5.6381015314591885,-0.27582917943025276,"[8, 0, 0]",12,0
alice_wonderland,simples,en,sbert,150,35,5952,10,0.4772210121154785,2.294366856263319,2.3022935737186287,0.007926717455309706,-0.6805741297859074,0.9964308651368707,0.9998668828285244,0.003436017691653692,10,10.0,0,0.0,0.1213399084964561,0.08260405472171761,0.03873585377473848,7.0,9.0,-2.0,4.421643467918985,4.722102693973432,-0.3004592260544472,"[7, 0, 0]",10,0
alice_wonderland,simples,en,sbert,150,36,6111,10,0.4772210121154785,2.2903112605819436,2.3022935737186287,0.011982313136685185,-1.0287804985857347,0.9946695423116186,0.9998668828285244,0.005197340516905791,10,10.0,0,0.0,0.18081316015517673,0.08260405472171761,0.09820910543345912,5.0,9.0,-4.0,4.432724812338897,4.722102693973432,-0.28937788163453515,"[5, 0, 0]",10,0
alice_wonderland,simples,en,sbert,150,37,6272,10,0.4772210121154785,2.2978633508422432,2.3022935737186287,0.004430222876385503,-0.38037120609540886,0.9979493734385021,0.9998668828285244,0.0019175093900223317,10,10.0,0,0.0,0.11472504802539227,0.08260405472171761,0.032120993303674655,8.0,9.0,-1.0,4.6260083976734245,4.722102693973432,-0.09609429630000754,"[8, 0, 0]",10,0
alice_wonderland,simples,en,sbert,150,38,6425,5,0.4772210121154785,1.6091430892776244,1.6094379124341005,0.00029482315647610946,-0.0812207551849514,0.9998168160733644,1.0000000000000002,0.0001831839266358548,5,5.0,0,0.0,0.02844932306779191,0.010108151569347468,0.018341171498444442,4.0,5.0,-1.0,2.357655737509601,2.3861050605773926,-0.0284493230677918,"[4, 0, 0]",5,0
alice_wonderland,simples,en,sbert,150,39,6577,6,0.4772210121154785,1.787188118077598,1.7917594692280547,0.004571351150456815,-1.195782656903205,0.9974486803452327,0.9999999999999999,0.0025513196547671813,6,6.0,0,0.0,0.10801515986355065,0.07745760845772631,0.030557551405824335,3.0,6.0,-3.0,2.6415268578025715,2.863326072692871,-0.22179921489029963,"[3, 0, 0]",6,0
alice_wonderland,simples,en,sbert,150,40,6762,8,0.4772210121154785,2.077759705824687,2.0793956797754674,0.0016359739507803006,-0.6163795402628278,0.9991912079173959,0.9999779450860007,0.0007867371686047786,8,8.0,0,0.0,0.08009301484016529,0.0392596090678414,0.04083340577232389,7.0,7.0,0.0,3.737675082083663,3.8012854518067853,-0.0636103697231225,"[7, 0, 0]",8,0
alice_wonderland,simples,en,sbert,150,41,6932,11,0.4772210121154785,2.3681953114478262,2.3975634935950363,0.029368182147210042,-8.523145226109717,0.9876141540927748,0.9998616373254086,0.012247483232633805,11,11.0,0,0.0,0.21991271556458955,0.07671686564887228,0.14319584991571727,6.0,10.0,-4.0,4.790532694955248,5.193574855682799,-0.4030421607275514,"[6, 0, 0]",11,0
alice_wonderland,simples,en,sbert,150,42,7097,8,0.4772210121154785,2.0710780154771165,2.0793956797754674,0.008317664298350902,-3.1338140157016245,0.9959779940743306,0.9999779450860007,0.003999951011670055,8,8.0,0,0.0,0.15572445687106845,0.0392596090678414,0.11646484780322705,7.0,7.0,0.0,3.6486276103486235,3.8012854518067853,-0.15265784145816186,"[7, 0, 0]",8,0
alice_wonderland,simples,en,sbert,150,43,7247,15,0.4772210121154785,2.672035114346855,2.706220501837404,0.034185387490549335,-2.904539908096676,0.9867007314928296,0.9993460892793193,0.012645357786489786,15,15.0,0,0.0,0.21051462007707564,0.07915801212510801,0.13135660795196763,9.0,12.0,-3.0,6.393362103426487,6.965734853316829,-0.5723727498903424,"[9, 0, 0]",15,0
alice_wonderland,simples,en,sbert,150,44,7404,5,0.4772210121154785,1.602729648757457,1.6094379124341005,0.006708263676643567,-1.8480578266277403,0.9958319214274642,1.0000000000000002,0.004168078572535983,5,5.0,0,0.0,0.1295197429822248,0.010108151569347468,0.11941159141287733,2.0,5.0,-3.0,2.1530397796169174,2.3861050605773926,-0.23306528096047519,"[2, 0, 0]",5,0
alice_wonderland,simples,en,sbert,150,45,7561,7,0.4772210121154785,1.9413711704279555,1.945584377803471,0.004213207375515449,-0.6726495126130178,0.9976674264073492,0.9998325866936866,0.0021651602863373975,7,7.0,0,0.0,0.08758130679754378,0.041660299906542964,0.045921006891000815,5.0,6.0,-1.0,3.1770712375181587,3.304461951815597,-0.1273907142974382,"[5, 0, 0]",7,0
alice_wonderland,simples,en,sbert,150,46,7712,8,0.4772210121154785,2.068355138988723,2.0793956797754674,0.011040540786744213,-4.159701596190196,0.994668567272078,0.9999779450860007,0.005309377813922711,8,8.0,0,0.0,0.1323741353196264,0.0392596090678414,0.09311452625178501,4.0,7.0,-3.0,3.3533079971598303,3.8012854518067853,-0.44797745464695504,"[4, 0, 0]",8,0
alice_wonderland,simples,en,sbert,150,47,7886,6,0.4772210121154785,1.7816343476921361,1.7917594692280547,0.010125121535918602,-2.6485483904422242,0.9943490620756809,0.9999999999999999,0.005650937924319033,6,6.0,0,0.0,0.1651338407354318,0.07745760845772631,0.08767623227770549,4.0,6.0,-2.0,2.6535780634012953,2.863326072692871,-0.20974800929157578,"[4, 0, 0]",6,0
alice_wonderland,simples,en,sbert,150,48,8042,5,0.4772210121154785,1.6094379124341005,1.6094379124341005,0.0,0.0,1.0000000000000002,1.0000000000000002,0.0,5,5.0,0,0.0,1.8908608335028523e-308,0.010108151569347468,0.0,5.0,5.0,0.0,2.3861050605773926,2.3861050605773926,0.0,"[5, 0, 0]",5,0
alice_wonderland,simples,en,sbert,150,50,8366,6,0.4772210121154785,1.7906565511494614,1.7917594692280547,0.0011029180785933068,-0.28850339143933185,0.9993844497001214,0.9999999999999999,0.0006155502998784756,6,6.0,0,0.0,0.05807936132090813,0.07745760845772631,0.0,5.0,6.0,-1.0,2.805246711371963,2.863326072692871,-0.058079361320908074,"[5, 0, 0]",6,0
alice_wonderland,simples,en,sbert,150,51,8523,6,0.4772210121154785,1.777071513662034,1.7917594692280547,0.01468795556602065,-3.8421031229371345,0.9918024959162912,0.9999999999999999,0.008197504083708673,6,6.0,0,0.0,0.19336353383065807,0.07745760845772631,0.11590592537293176,5.0,6.0,-1.0,2.669962538862213,2.863326072692871,-0.19336353383065807,"[5, 0, 0]",6,0
alice_wonderland,simples,en,sbert,150,52,8687,10,0.4772210121154785,2.2678364855070647,2.3022935737186287,0.03445708821156401,-2.9584254714204623,0.9849088715145821,0.9998668828285244,0.014958011313942365,10,10.0,0,0.0,0.21977252441412223,0.08260405472171761,0.13716846969240462,5.0,9.0,-4.0,3.822804881622568,4.722102693973432,-0.8992978123508641,"[5, 0, 0]",10,0
alice_wonderland,simples,en,sbert,150,53,8841,9,0.4772210121154785,2.1854411801398745,2.1966527710017165,0.01121159086184198,-2.2139625046482,0.949125045058878,0.9997397597221508,0.05061471466327283,10,9.0,1,0.0,0.23861050605773926,0.09620808332230434,0.1424024227354349,2.0,8.0,-6.0,3.072808024872197,4.244939755745701,-1.1721317308735042,"[2, 0, 0]",10,0
alice_wonderland,simples,en,sbert,150,54,9001,11,0.4772210121154785,2.386063547788177,2.3975634935950363,0.011499945806859202,-3.3374795795307297,0.9950657874243249,0.9998616373254086,0.004795849901083615,11,11.0,0,0.0,0.15909628092053762,0.07671686564887228,0.08237941527166534,6.0,10.0,-4.0,4.643291428958353,5.193574855682799,-0.5502834267244463,"[6, 0, 0]",11,0
alice_wonderland,simples,en,sbert,150,55,9151,6,0.4772210121154785,1.7913873351351308,1.7917594692280547,0.00037213409292391475,-0.09734353798577801,0.999792308008237,0.9999999999999999,0.00020769199176284836,6,6.0,0,0.0,0.0342324567778452,0.07745760845772631,0.0,5.0,6.0,-1.0,2.829093615915026,2.863326072692871,-0.034232456777845144,"[5, 0, 0]",6,0
alice_wonderland,simples,en,sbert,150,56,9305,8,0.4772210121154785,2.0731423944400587,2.0793956797754674,0.006253285335408698,-2.356025985825195,0.9969707505051147,0.9999779450860007,0.0030071945808859413,8,8.0,0,0.0,0.1419917857314962,0.0392596090678414,0.1027321766636548,7.0,7.0,0.0,3.6690414451674878,3.8012854518067853,-0.13224400663929758,"[7, 0, 0]",8,0
alice_wonderland,simples,en,sbert,150,57,9469,10,0.4772210121154785,2.28932020563197,2.3022935737186287,0.01297336808665861,-1.1138707473489695,0.9942391326155823,0.9998668828285244,0.005627750212942151,10,10.0,0,0.0,0.15348891316802532,0.08260405472171761,0.07088485844630771,2.0,9.0,-7.0,3.818610600758506,4.722102693973432,-0.903492093214926,"[2, 0, 0]",10,0
alice_wonderland,simples,en,sbert,150,58,9619,8,0.4772210121154785,2.0726057357992014,2.0793956797754674,0.0067899439762659775,-2.5582207739340834,0.996712672251843,0.9999779450860007,0.003265272834157673,8,8.0,0,0.0,0.1282902781240294,0.0392596090678414,0.089030669056188,2.0,7.0,-5.0,3.3392594028943403,3.8012854518067853,-0.46202604891244503,"[2, 0, 0]",8,0
alice_wonderland,simples,en,sbert,150,59,9792,5,0.4772210121154785,1.5978272098020896,1.6094379124341005,0.011610702632010916,-3.1986294674795883,0.9927858648399486,1.0000000000000002,0.007214135160051649,5,5.0,0,0.0,0.16236401706982345,0.010108151569347468,0.15225586550047598,2.0,5.0,-3.0,2.0589923531320813,2.3861050605773926,-0.3271127074453113,"[2, 0, 0]",5,0
alice_wonderland,simples,en,sbert,150,60,9974,7,0.4772210121154785,1.9425756857064385,1.945584377803471,0.0030086920970324726,-0.48034551644255047,0.9982864248123205,0.9998325866936866,0.001546161881366026,7,7.0,0,0.0,0.0675995461360605,0.041660299906542964,0.025939246229517543,4.0,6.0,-2.0,3.133624649303938,3.304461951815597,-0.17083730251165896,"[4, 0, 0]",7,0
alice_wonderland,simples,en,sbert,150,61,10167,12,0.4772210121154785,2.4546845971734537,2.484126977263214,0.029442380089760523,-5.548602030916474,0.9878377513227207,0.9996373097794202,0.011799558456699555,12,12.0,0,0.0,0.21811063596909408,0.07806086488254915,0.14004977108654493,5.0,10.0,-5.0,4.710469061116282,5.6381015314591885,-0.9276324703429069,"[5, 0, 0]",12,0
alice_wonderland,simples,en,sbert,150,62,10329,11,0.4772210121154785,2.3884973160817387,2.3975634935950363,0.009066177513297635,-2.6311586874595445,0.9960807476359614,0.9998616373254086,0.00378088968944712,11,11.0,0,0.0,0.13972152594392995,0.07671686564887228,0.06300466029505766,5.0,10.0,-5.0,4.819713766247915,5.193574855682799,-0.37386108943488416,"[5, 0, 0]",11,0
alice_wonderland,simples,en,sbert,150,63,10480,5,0.4772210121154785,1.5880071414947154,1.6094379124341005,0.021430770939385058,-5.903957547627753,0.9866843133408153,1.0000000000000002,0.013315686659184922,5,5.0,0,0.0,0.20487632112066417,0.010108151569347468,0.1947681695513167,1.0,5.0,-4.0,1.9441140322129107,2.3861050605773926,-0.4419910283644819,"[1, 0, 0]",5,0
alice_wonderland,simples,en,sbert,150,64,10630,7,0.4772210121154785,1.945910149055313,1.945584377803471,0.00032577125184207745,0.05201022742159646,0.9999999999999999,0.9998325866936866,0.0001674133063133132,7,7.0,0,0.0,0.03411338517251761,0.041660299906542964,0.0,7.0,6.0,1.0,3.3405470848083496,3.304461951815597,0.03608513299275273,"[7, 0, 0]",7,0
alice_wonderland,simples,en,sbert,150,65,10801,7,0.4772210121154785,1.9456808204204632,1.945584377803471,9.644261699226497e-05,0.015397314571309098,0.9998821483946927,0.9998325866936866,4.9561701006117787e-05,7,7.0,0,0.0,0.02874277672126485,0.041660299906542964,0.0,6.0,6.0,0.0,3.3118043080870847,3.304461951815597,0.0073423562714878265,"[6, 0, 0]",7,0
alice_wonderland,simples,en,sbert,150,66,10971,7,0.4772210121154785,1.8554112815608816,1.945584377803471,0.09017309624258929,-14.39636928171945,0.9534927820082719,0.9998325866936866,0.046339804685414654,7,7.0,0,0.0,0.22155381347148045,0.041660299906542964,0.1798935135649375,4.0,6.0,-2.0,2.8393319468681515,3.304461951815597,-0.4651300049474454,"[4, 0, 0]",7,0
alice_wonderland,simples,en,sbert,150,67,11121,8,0.4772210121154785,2.0716157352723554,2.0793956797754674,0.007779944503111924,-2.9312194205850344,0.9962365826349904,0.9999779450860007,0.0037413624510103105,8,8.0,0,0.0,0.12428519427215992,0.0392596090678414,0.08502558520431852,5.0,7.0,-2.0,3.527229934485327,3.8012854518067853,-0.2740555173214583,"[5, 0, 0]",8,0
alice_wonderland,simples,en,sbert,150,68,11275,8,0.4772210121154785,2.076622942473266,2.0793956797754674,0.002772737302201289,-1.0446734453108284,0.9986445403008094,0.9999779450860007,0.0013334047851912834,8,8.0,0,0.0,0.10234840276981566,0.0392596090678414,0.06308879370197426,7.0,7.0,0.0,3.7154196941540123,3.8012854518067853,-0.08586575765277304,"[7, 0, 0]",8,0
alice_wonderland,simples,en,sbert,150,69,11431,11,0.4772210121154785,2.3967920597516432,2.3975634935950363,0.0007714338433930656,-0.22388320280149523,0.9995399244248728,0.9998616373254086,0.0003217129005357311,11,11.0,0,0.0,0.0616610415269917,0.07671686564887228,0.0,9.0,10.0,-1.0,5.137980494182342,5.193574855682799,-0.05559436150045727,"[9, 0, 0]",11,0
alice_wonderland,simples,en,sbert,150,70,11584,7,0.4772210121154785,1.9300499351437506,1.945584377803471,0.015534442659720371,-2.4801141630246497,0.9918494623612183,0.9998325866936866,0.007983124332468283,7,7.0,0,0.0,0.17965734201020805,0.041660299906542964,0.1379970421036651,5.0,6.0,-1.0,3.1047281222312626,3.304461951815597,-0.19973382958433428,"[5, 0, 0]",7,0
alice_wonderland,simples,en,sbert,150,71,11742,6,0.4772210121154785,1.7824877015195915,1.7917594692280547,0.009271767708463274,-2.425326486570088,0.9948253279149918,0.9999999999999999,0.005174672085008103,6,6.0,0,0.0,0.15766791636649718,0.07745760845772631,0.08021030790877087,5.0,6.0,-1.0,2.7056581563263737,2.863326072692871,-0.15766791636649735,"[5, 0, 0]",6,0
alice_wonderland,simples,en,sbert,150,72,11896,7,0.4772210121154785,1.945910149055313,1.945584377803471,0.00032577125184207745,0.05201022742159646,0.9999999999999999,0.9998325866936866,0.0001674133063133132,7,7.0,0,0.0,0.03411338517251761,0.041660299906542964,0.0,7.0,6.0,1.0,3.3405470848083496,3.304461951815597,0.03608513299275273,"[7, 0, 0]",7,0
alice_wonderland,simples,en,sbert,150,73,12057,8,0.4772210121154785,1.912629072952781,2.0793956797754674,0.1667666068226863,-62.832005604692725,0.9828969101586272,0.9999779450860007,0.01708103492737345,7,8.0,0,0.0,0.23792751639190662,0.0392596090678414,0.19866790732406522,4.0,7.0,-3.0,2.7534880752198356,3.8012854518067853,-1.0477973765869497,"[4, 0, 0]",7,0
alice_wonderland,simples,en,sbert,150,74,12225,5,0.4772210121154785,1.607564326700963,1.6094379124341005,0.0018735857331375616,-0.51615364942175,0.9988358757311093,1.0000000000000002,0.0011641242688908982,5,5.0,0,0.0,0.06955484186767619,0.010108151569347468,0.05944669029832872,3.0,5.0,-2.0,2.2831619812193225,2.3861050605773926,-0.10294307935807012,"[3, 0, 0]",5,0
alice_wonderland,simples,en,sbert,150,75,12394,9,0.4772210121154785,2.190260808056284,2.1966527710017165,0.006391962945432539,-1.262226428584044,0.9968306520181118,0.9997397597221508,0.00290910770403896,9,9.0,0,0.0,0.11088287227527355,0.09620808332230434,0.014674788952969212,4.0,8.0,-4.0,3.89767342154389,4.244939755745701,-0.34726633420181097,"[4, 0, 0]",9,0
alice_wonderland,simples,en,sbert,150,76,12565,5,0.4772210121154785,1.598254687483726,1.6094379124341005,0.011183224950374493,-3.0808637514408077,0.9930514716572938,1.0000000000000002,0.006948528342706428,5,5.0,0,0.0,0.13011189991557576,0.010108151569347468,0.12000374834622829,3.0,5.0,-2.0,2.129291997781108,2.3861050605773926,-0.2568130627962848,"[3, 0, 0]",5,0
alice_wonderland,simples,en,sbert,150,77,12736,10,0.4772210121154785,2.2964975041917297,2.3022935737186287,0.005796069526899039,-0.49764041631200123,0.997356193775058,0.9998668828285244,0.0025106890534664084,10,10.0,0,0.0,0.10972470354173164,0.08260405472171761,0.027120648820014026,6.0,9.0,-3.0,4.41320590903036,4.722102693973432,-0.30889678494307216,"[6, 0, 0]",10,0
alice_wonderland,simples,en,sbert,150,78,12893,15,0.4772210121154785,2.732582984930305,2.706220501837404,0.026362483092901012,2.2398717651225444,0.9454088310492246,0.9993460892793193,0.053937258230094764,18,15.0,3,0.0,0.2286946016401864,0.07915801212510801,0.1495365895150784,5.0,12.0,-7.0,5.515694924578833,6.965734853316829,-1.4500399287379961,"[3, 1, 0]",18,0
alice_wonderland,simples,en,sbert,150,79,13052,12,0.4772210121154785,2.4519840522513885,2.484126977263214,0.032142925011825696,-6.0575367363808335,0.9867509720981186,0.9996373097794202,0.012886337681301652,12,12.0,0,0.0,0.20489135923412974,0.07806086488254915,0.12683049435158059,5.0,10.0,-5.0,4.943804343689905,5.6381015314591885,-0.6942971877692834,"[5, 0, 0]",12,0
alice_wonderland,simples,en,sbert,150,80,13212,8,0.4772210121154785,2.075310314533306,2.0793956797754674,0.0040853652421612985,-1.5392271671367734,0.9980132996943053,0.9999779450860007,0.0019646453916953854,8,8.0,0,0.0,0.09325526029556161,0.0392596090678414,0.05399565122772021,4.0,7.0,-3.0,3.5693789026253664,3.8012854518067853,-0.23190654918141895,"[4, 0, 0]",8,0
alice_wonderland,simples,en,sbert,150,81,13362,5,0.4772210121154785,1.6061166062999166,1.6094379124341005,0.00332130613418391,-0.9149857685642416,0.9979363564704645,1.0000000000000002,0.002063643529535697,5,5.0,0,0.0,0.09152809771063558,0.010108151569347468,0.08141994614128811,4.0,5.0,-1.0,2.294576962866757,2.3861050605773926,-0.09152809771063541,"[4, 0, 0]",5,0
alice_wonderland,simples,en,sbert,150,82,13525,11,0.4772210121154785,2.4138000415424643,2.3975634935950363,0.016236547947428015,4.712121963591445,0.9410712279837521,0.9998616373254086,0.05879040934165647,13,11.0,2,0.0,0.10681023883854499,0.07671686564887228,0.0300933731896727,9.0,10.0,-1.0,4.909318116013957,5.193574855682799,-0.2842567396688418,"[5, 2, 0]",13,0
alice_wonderland,simples,en,sbert,150,83,13678,12,0.4772210121154785,2.4625149433291003,2.484126977263214,0.021612033934113928,-4.072923962447074,0.9909889144283104,0.9996373097794202,0.008648395351109839,12,12.0,0,0.0,0.20407460860926588,0.07806086488254915,0.12601374372671673,7.0,10.0,-3.0,5.109746481524848,5.6381015314591885,-0.5283550499343406,"[7, 0, 0]",12,0
alice_wonderland,simples,en,sbert,150,84,13847,6,0.4772210121154785,1.7917594692280547,1.7917594692280547,0.0,0.0,0.9999999999999999,0.9999999999999999,0.0,6,6.0,0,0.0,1.437186702294317e-308,0.07745760845772631,0.0,6.0,6.0,0.0,2.863326072692871,2.863326072692871,0.0,"[6, 0, 0]",6,0
alice_wonderland,simples,en,sbert,150,85,14001,11,0.4772210121154785,2.3803082402848257,2.3975634935950363,0.017255253310210605,-5.007767560792211,0.9926656377728204,0.9998616373254086,0.007195999552588206,11,11.0,0,0.0,0.21058721914224116,0.07671686564887228,0.13387035349336887,6.0,10.0,-4.0,4.710716930342718,5.193574855682799,-0.4828579253400811,"[6, 0, 0]",11,0
alice_wonderland,simples,en,sbert,150,86,14166,12,0.4772210121154785,2.505499001302804,2.484126977263214,0.02137202403958982,4.027692585631188,0.9768220156137628,0.9996373097794202,0.022815294165657418,13,12.0,1,0.0,0.10972021136874102,0.07806086488254915,0.03165934648619187,3.0,10.0,-7.0,5.252072915682894,5.6381015314591885,-0.38602861577629444,"[3, 0, 0]",13,0
alice_wonderland,simples,en,sbert,150,87,14332,12,0.4772210121154785,2.4833150172607676,2.484126977263214,0.0008119600024465434,-0.15301897825049376,0.9993594799517445,0.9996373097794202,0.00027782982767576847,12,12.0,0,0.0,0.06803095633247175,0.07806086488254915,0.0,9.0,10.0,-1.0,5.5744924049022195,5.6381015314591885,-0.06360912655696893,"[9, 0, 0]",12,0
alice_wonderland,simples,en,sbert,150,88,14498,10,0.4772210121154785,2.296295646333394,2.3022935737186287,0.005997927385234636,-0.5149715798171635,0.9972685280210541,0.9998668828285244,0.0025983548074702822,10,10.0,0,0.0,0.1337340855202331,0.08260405472171761,0.0511300307985155,8.0,9.0,-1.0,4.606632768239102,4.722102693973432,-0.11546992573433013,"[8, 0, 0]",10,0
alice_wonderland,simples,en,sbert,150,89,14651,15,0.4772210121154785,2.6945818210703583,2.706220501837404,0.011638680767045884,-0.9888731778988175,0.995026539749385,0.9993460892793193,0.004319549529934297,15,15.0,0,0.0,0.13864017660613429,0.07915801212510801,0.05948216448102628,10.0,12.0,-2.0,6.621057249978345,6.965734853316829,-0.34467760333848396,"[10, 0, 0]",15,0
alice_wonderland,simples,en,sbert,150,90,14804,11,0.4772210121154785,2.3916877151490668,2.3975634935950363,0.005875778445969537,-1.7052506947966204,0.9974112473886069,0.9998616373254086,0.002450389936801689,11,11.0,0,0.0,0.13195241637741162,0.07671686564887228,0.055235550728539334,7.0,10.0,-3.0,5.018004111740171,5.193574855682799,-0.17557074394262795,"[7, 0, 0]",11,0
alice_wonderland,simples,en,sbert,150,91,14956,9,0.4772210121154785,2.1814398615244794,2.1966527710017165,0.01521290947723708,-3.004106338186215,0.9928160662434986,0.9997397597221508,0.006923693478652182,9,9.0,0,0.0,0.14601701677438006,0.09620808332230434,0.049808933452075724,5.0,8.0,-3.0,3.8024573782059536,4.244939755745701,-0.4424823775397475,"[5, 0, 0]",9,0
alice_wonderland,simples,en,sbert,150,92,15110,12,0.4772210121154785,2.4781586578479433,2.484126977263214,0.005968319415270873,-1.1247673974648271,0.997284408273191,0.9996373097794202,0.0023529015062292435,12,12.0,0,0.0,0.10764797010083668,0.07806086488254915,0.02958710521828753,9.0,10.0,-1.0,5.450774393388915,5.6381015314591885,-0.18732713807027324,"[9, 0, 0]",12,0
alice_wonderland,simples,en,sbert,150,93,15288,10,0.4772210121154785,2.2599850205286556,2.3022935737186287,0.042308553189973175,-3.6325385548439164,0.9814990235996023,0.9998668828285244,0.018367859228922145,10,10.0,0,0.0,0.23861050605773926,0.08260405472171761,0.15600645133602165,4.0,9.0,-5.0,3.950701473426248,4.722102693973432,-0.7714012205471841,"[4, 0, 0]",10,0
alice_wonderland,simples,en,sbert,150,94,15490,8,0.4772210121154785,2.077775607824507,2.0793956797754674,0.0016200719509602557,-0.6103882056614035,0.9991988551628228,0.9999779450860007,0.0007790899231778781,8,8.0,0,0.0,0.06694554977362566,0.0392596090678414,0.027685940705784257,6.0,7.0,-1.0,3.6969845550910874,3.8012854518067853,-0.10430089671569798,"[6, 0, 0]",8,0
alice_wonderland,simples,en,sbert,150,95,15641,9,0.4772210121154785,2.1958069246827443,2.1966527710017165,0.000845846318972221,-0.16703000118143202,0.9993547984725376,0.9997397597221508,0.00038496124961318046,9,9.0,0,0.0,0.05856334232112151,0.09620808332230434,0.0,6.0,8.0,-2.0,4.17752566947558,4.244939755745701,-0.06741408627012113,"[6, 0, 0]",9,0
alice_wonderland,simples,en,sbert,150,96,15818,10,0.4772210121154785,2.3025850929940455,2.3022935737186287,0.0002915192754167073,0.025029336330090256,0.9999999999999998,0.9998668828285244,0.00013311717147534985,10,10.0,0,0.0,0.03767596328723405,0.08260405472171761,0.0,10.0,9.0,1.0,4.772210121154785,4.722102693973432,0.05010742718135308,"[10, 0, 0]",10,0
alice_wonderland,simples,en,sbert,150,97,15970,6,0.4772210121154785,1.7916489651541727,1.7917594692280547,0.00011050407388202288,-0.028905864090547663,0.9999383265020891,0.9999999999999999,6.16734979107525e-05,6,6.0,0,0.0,0.0188270957976579,0.07745760845772631,0.0,5.0,6.0,-1.0,2.8444989768952134,2.863326072692871,-0.018827095797657734,"[5, 0, 0]",6,0
alice_wonderland,simples,en,sbert,150,98,16131,4,0.4772210121154785,1.3862943611198906,1.3862943611198906,0.0,0.0,1.0,1.0,0.0,4,4.0,0,0.0,1.60946666574568e-308,1.60946666574568e-308,0.0,4.0,4.0,0.0,1.908884048461914,1.908884048461914,0.0,"[4, 0, 0]",4,0
alice_wonderland,simples,en,sbert,150,99,16286,7,0.4772210121154785,1.9301288785012924,1.945584377803471,0.015455499302178488,-2.4675106507258784,0.9918900312218002,0.9998325866936866,0.007942555471886381,7,7.0,0,0.0,0.15804839786732755,0.041660299906542964,0.11638809796078459,4.0,6.0,-2.0,2.950701909941656,3.304461951815597,-0.35376004187394106,"[4, 0, 0]",7,0
alice_wonderland,simples,en,sbert,150,100,16443,12,0.4772210121154785,2.4621274897850314,2.484126977263214,0.02199948747818281,-4.145942023994825,0.9908329916518545,0.9996373097794202,0.008804318127565769,12,12.0,0,0.0,0.1877222448153603,0.07806086488254915,0.10966137993281114,7.0,10.0,-3.0,4.972085223021452,5.6381015314591885,-0.6660163084377366,"[7, 0, 0]",12,0
alice_wonderland,simples,en,sbert,150,101,16595,11,0.4772210121154785,2.4417345396142767,2.3975634935950363,0.04417104601924038,12.819187722414961,0.9252298205928899,0.9998616373254086,0.07463181673251862,14,11.0,3,0.0,0.16662003742667375,0.07671686564887228,0.08990317177780147,8.0,10.0,-2.0,4.5700931802661175,5.193574855682799,-0.6234816754166816,"[4, 2, 0]",14,0
alice_wonderland,simples,en,sbert,150,102,16761,14,0.4772210121154785,2.5959612634069016,2.636345809418253,0.04038454601135122,-7.726771849596758,0.9836699014740087,0.998840751467547,0.015170849993538349,14,14.0,0,0.0,0.1912159917545895,0.09468735244908599,0.09652863930550351,5.0,12.0,-7.0,5.453574630584407,6.459001859862777,-1.0054272292783706,"[5, 0, 0]",14,0
alice_wonderland,simples,en,sbert,150,104,17108,4,0.4772210121154785,1.3862943611198906,1.3862943611198906,0.0,0.0,1.0,1.0,0.0,4,4.0,0,0.0,1.60946666574568e-308,1.60946666574568e-308,0.0,4.0,4.0,0.0,1.908884048461914,1.908884048461914,0.0,"[4, 0, 0]",4,0
alice_wonderland,simples,en,sbert,150,105,17260,7,0.4772210121154785,1.9446828036765595,1.945584377803471,0.0009015741269113864,-0.14393865361950242,0.9993692692443433,0.9998325866936866,0.0004633174493432479,7,7.0,0,0.0,0.049452717238721855,0.041660299906542964,0.007792417332178891,4.0,6.0,-2.0,3.204172934227131,3.304461951815597,-0.10028901758846587,"[4, 0, 0]",7,0
alice_wonderland,simples,en,sbert,150,106,17427,6,0.4772210121154785,1.7828283044149706,1.7917594692280547,0.008931164813084091,-2.3362309387155453,0.9950154220103371,0.9999999999999999,0.004984577989662786,6,6.0,0,0.0,0.15503282200680302,0.07745760845772631,0.0775752135490767,5.0,6.0,-1.0,2.708293250686068,2.863326072692871,-0.1550328220068029,"[5, 0, 0]",6,0
alice_wonderland,simples,en,sbert,150,107,17596,13,0.4772210121154785,2.5579176129502206,2.564246379995362,0.0063287670451415146,-0.3851313462380521,0.9972585250110844,0.9996158311255251,0.002357306114440738,13,13.0,0,0.0,0.10718272088106748,0.10629386441640817,0.0008888564646593045,6.0,11.0,-5.0,5.584719001657919,6.11562356581312,-0.5309045641552013,"[6, 0, 0]",13,0
alice_wonderland,simples,en,sbert,150,108,17772,4,0.4772210121154785,1.3667712123718703,1.3862943611198906,0.019523148748020303,-9.044251473918406,0.9859170250593468,1.0,0.014082974940653248,4,4.0,0,0.0,0.189264952450305,1.60946666574568e-308,0.189264952450305,2.0,4.0,-2.0,1.6237772281251937,1.908884048461914,-0.2851068203367204,"[2, 0, 0]",4,0
alice_wonderland,simples,en,sbert,150,109,17930,4,0.4772210121154785,1.3862943611198906,1.3862943611198906,0.0,0.0,1.0,1.0,0.0,4,4.0,0,0.0,1.60946666574568e-308,1.60946666574568e-308,0.0,4.0,4.0,0.0,1.908884048461914,1.908884048461914,0.0,"[4, 0, 0]",4,0
alice_wonderland,simples,en,sbert,150,110,18091,8,0.4772210121154785,2.07497539055767,2.0793956797754674,0.004420289217797357,-1.6654151703302766,0.9978522353080636,0.9999779450860007,0.0021257097779371348,8,8.0,0,0.0,0.112903546035409,0.0392596090678414,0.0736439369675676,6.0,7.0,-1.0,3.650572461576127,3.8012854518067853,-0.15071299023065832,"[6, 0, 0]",8,0
alice_wonderland,simples,en,sbert,150,111,18242,5,0.4772210121154785,1.6085778018215013,1.6094379124341005,0.0008601106125991631,-0.23695165038217103,0.9994655832288069,1.0000000000000002,0.0005344167711933689,5,5.0,0,0.0,0.04758690443112351,0.010108151569347468,0.037478752861776043,3.0,5.0,-2.0,2.3142492331831943,2.3861050605773926,-0.07185582739419827,"[3, 0, 0]",5,0
alice_wonderland,simples,en,sbert,150,112,18422,9,0.4772210121154785,2.1859529144312595,2.1966527710017165,0.010699856570457023,-2.112909893343503,0.9948700451372954,0.9997397597221508,0.004869714584855411,9,9.0,0,0.0,0.15056251932040476,0.09620808332230434,0.05435443599810043,5.0,8.0,-3.0,3.8811227150476264,4.244939755745701,-0.36381704069807475,"[5, 0, 0]",9,0
alice_wonderland,simples,en,sbert,150,113,18600,10,0.4772210121154785,2.2968240218662963,2.3022935737186287,0.005469551852332444,-0.469606178497832,0.9974979985993662,0.9998668828285244,0.0023688842291582635,10,10.0,0,0.0,0.1034230118154158,0.08260405472171761,0.020818957093698187,5.0,9.0,-4.0,4.366446293585427,4.722102693973432,-0.35565640038800517,"[5, 0, 0]",10,0
alice_wonderland,simples,en,sbert,150,114,18756,6,0.4772210121154785,1.7852924151804404,1.7917594692280547,0.0064670540476143845,-1.6916641966172687,0.9963906684135451,0.9999999999999999,0.0036093315864548225,6,6.0,0,0.0,0.1277533400294889,0.07745760845772631,0.05029573157176259,3.0,6.0,-3.0,2.6303011492765664,2.863326072692871,-0.23302492341630465,"[3, 0, 0]",6,0
alice_wonderland,simples,en,sbert,150,115,18911,10,0.4772210121154785,2.292595370083,2.3022935737186287,0.009698203635628566,-0.8326708422517566,0.9956615184639903,0.9998668828285244,0.004205364364534114,10,10.0,0,0.0,0.16400852877810757,0.08260405472171761,0.08140447405638995,4.0,9.0,-5.0,4.356722225927417,4.722102693973432,-0.3653804680460153,"[4, 0, 0]",10,0
alice_wonderland,simples,en,sbert,150,116,19063,8,0.4772210121154785,2.0707032834608046,2.0793956797754674,0.008692396314662787,-3.2750003394972533,0.9957977860671322,0.9999779450860007,0.004180159018868479,8,8.0,0,0.0,0.13244729780764303,0.0392596090678414,0.09318768873980163,2.0,7.0,-5.0,3.318247761620979,3.8012854518067853,-0.4830376901858062,"[2, 0, 0]",8,0
alice_wonderland,simples,en,sbert,150,117,19238,9,0.4772210121154785,2.194748673814771,2.1966527710017165,0.0019040971869457302,-0.37600371160987667,0.9988731677467169,0.9997397597221508,0.000866591975433928,9,9.0,0,0.0,0.07585122905583558,0.09620808332230434,0.0,3.0,8.0,-5.0,4.032768648682006,4.244939755745701,-0.21217110706369535,"[3, 0, 0]",9,0
alice_wonderland,simples,en,sbert,150,118,19409,10,0.4772210121154785,2.2932352077292153,2.3022935737186287,0.009058365989413453,-0.7777354983679623,0.9959393964230555,0.9998668828285244,0.003927486405468916,10,10.0,0,0.0,0.14174074558686878,0.08260405472171761,0.059136690865151165,3.0,9.0,-6.0,4.177886624532892,4.722102693973432,-0.54421606944054,"[3, 0, 0]",10,0
alice_wonderland,simples,en,sbert,150,119,19568,9,0.4772210121154785,2.072743445991299,2.1966527710017165,0.12390932501041751,-24.468481139728404,0.9967788968555827,0.9997397597221508,0.002960862866568048,8,9.0,0,0.0,0.2154297789344697,0.09620808332230434,0.11922169561216538,6.0,8.0,-2.0,3.596461267314849,4.244939755745701,-0.6484784884308521,"[6, 0, 0]",8,0
alice_wonderland,simples,en,sbert,150,120,19735,8,0.4772210121154785,2.0667345745056482,2.0793956797754674,0.012661105269819117,-4.770275371260114,0.9938892404910202,0.9999779450860007,0.006088704594980454,8,8.0,0,0.0,0.15393917912694507,0.0392596090678414,0.11467957005910367,4.0,7.0,-3.0,3.4158736141801436,3.8012854518067853,-0.3854118376266418,"[4, 0, 0]",8,0
alice_wonderland,simples,en,sbert,150,121,19893,9,0.4772210121154785,2.172846243265134,2.1966527710017165,0.023806527736582428,-4.701095538015516,0.9889049420243422,0.9997397597221508,0.010834817697808585,9,9.0,0,0.0,0.20120743381605877,0.09620808332230434,0.10499935049375443,3.0,8.0,-5.0,3.481238090150982,4.244939755745701,-0.7637016655947191,"[3, 0, 0]",9,0
alice_wonderland,simples,en,sbert,150,122,20045,15,0.4772210121154785,2.680170305708413,2.706220501837404,0.026050196128990954,-2.2133385000043453,0.9897048085067074,0.9993460892793193,0.009641280772611949,15,15.0,0,0.0,0.18735786055390474,0.07915801212510801,0.10819984842879674,7.0,12.0,-5.0,5.922427280835851,6.965734853316829,-1.0433075724809777,"[7, 0, 0]",15,0
alice_wonderland,simples,en,sbert,150,123,20196,11,0.4772210121154785,2.3884576320925524,2.3975634935950363,0.009105861502483936,-2.6426756550842616,0.9960641981270498,0.9998616373254086,0.003797439198358732,11,11.0,0,0.0,0.1477566449880397,0.07671686564887228,0.07103977933916741,4.0,10.0,-6.0,4.781533342513426,5.193574855682799,-0.4120415131693731,"[4, 0, 0]",11,0
alice_wonderland,simples,en,sbert,150,124,20365,13,0.4772210121154785,2.542263213389734,2.564246379995362,0.021983166605628046,-1.3377655535449728,0.9911553247607764,0.9996158311255251,0.00846050636474871,13,13.0,0,0.0,0.19398206062411943,0.10629386441640817,0.08768819620771126,8.0,11.0,-3.0,5.455255957091185,6.11562356581312,-0.660367608721935,"[8, 0, 0]",13,0
alice_wonderland,simples,en,sbert,150,125,20532,8,0.4772210121154785,2.0570067270185417,2.0793956797754674,0.02238895275692565,-8.435398620312908,0.9892111347149627,0.9999779450860007,0.010766810371037994,8,8.0,0,0.0,0.23187111157026286,0.0392596090678414,0.19261150250242146,4.0,7.0,-3.0,3.3630477511807815,3.8012854518067853,-0.43823770062600387,"[4, 0, 0]",8,0
alice_wonderland,simples,en,sbert,150,126,20714,8,0.4772210121154785,2.0256249702040647,2.0793956797754674,0.05377070957140262,-20.258981036598467,0.9741196997380862,0.9999779450860007,0.025858245347914477,8,8.0,0,0.0,0.23861050605773926,0.0392596090678414,0.19935089698989786,2.0,7.0,-5.0,2.7726613321167863,3.8012854518067853,-1.028624119689999,"[2, 0, 0]",8,0
alice_wonderland,simples,en,sbert,150,127,20868,12,0.4772210121154785,2.3952537914606897,2.484126977263214,0.08887318580252446,-16.748711813872763,0.9639210356916388,0.9996373097794202,0.03571627408778144,12,12.0,0,0.0,0.21598279674298165,0.07806086488254915,0.1379219318604325,6.0,10.0,-4.0,4.940270105433882,5.6381015314591885,-0.6978314260253065,"[6, 0, 0]",12,0
alice_wonderland,simples,en,sbert,150,128,21038,9,0.4772210121154785,1.9705833037758083,2.1966527710017165,0.22606946722590826,-44.64213241917446,0.8968511112163249,0.9997397597221508,0.10288864850582591,9,9.0,0,0.0,0.23861050605773926,0.09620808332230434,0.1424024227354349,6.0,8.0,-2.0,3.3117037958669804,4.244939755745701,-0.9332359598787208,"[6, 0, 0]",9,0
alice_wonderland,simples,en,sbert,150,129,21190,10,0.4772210121154785,2.259309067333935,2.3022935737186287,0.042984506384693866,-3.690574716706212,0.9812054608571102,0.9998668828285244,0.018661421971414183,10,10.0,0,0.0,0.23861050605773926,0.08260405472171761,0.15600645133602165,4.0,9.0,-5.0,3.8123620615211644,4.722102693973432,-0.9097406324522677,"[4, 0, 0]",10,0
alice_wonderland,simples,en,sbert,150,130,21340,18,0.4772210121154785,2.8675656944220234,2.888130457415023,0.020564762992999697,-3.616295984665199,0.9921096435391615,0.9986753872788445,0.006565743739682994,18,18.0,0,0.0,0.17154960444547318,0.09399727736026509,0.0775523270852081,9.0,14.0,-5.0,7.690390862427973,8.304634928548388,-0.6142440661204152,"[9, 0, 0]",18,0
alice_wonderland,simples,en,sbert,150,131,21494,8,0.4772210121154785,2.05389718034277,2.0793956797754674,0.02549849943269722,-9.606970422861295,0.9877157588587799,0.9999779450860007,0.01226218622722075,8,8.0,0,0.0,0.23187111157026286,0.0392596090678414,0.19261150250242146,3.0,7.0,-4.0,3.187543350155181,3.8012854518067853,-0.6137421016516043,"[3, 0, 0]",8,0
alice_wonderland,simples,en,sbert,150,132,21668,9,0.4772210121154785,2.164345793604969,2.1966527710017165,0.032306977396747705,-6.379686654313487,0.9850362206620177,0.9997397597221508,0.014703539060133108,9,9.0,0,0.0,0.2154297789344697,0.09620808332230434,0.11922169561216538,7.0,8.0,-1.0,3.969898740328268,4.244939755745701,-0.275041015417433,"[7, 0, 0]",9,0
alice_wonderland,simples,en,sbert,150,133,21823,6,0.4772210121154785,1.791759406598218,1.7917594692280547,6.26298366501743e-08,-1.638283080998388e-05,0.9999999650456225,0.9999999999999999,3.4954377392537594e-08,6,6.0,0,0.0,0.0004530820746060371,0.07745760845772631,0.0,5.0,6.0,-1.0,2.862872990618265,2.863326072692871,-0.0004530820746060371,"[5, 0, 0]",6,0
alice_wonderland,simples,en,sbert,150,134,21994,12,0.4772210121154785,2.472972237260556,2.484126977263214,0.011154740002658148,-2.10218103442729,0.9951972390880508,0.9996373097794202,0.004440070691369424,12,12.0,0,0.0,0.14125536998536053,0.07806086488254915,0.06319450510281138,5.0,10.0,-5.0,5.1769190931752345,5.6381015314591885,-0.461182438283954,"[5, 0, 0]",12,0
alice_wonderland,simples,en,sbert,150,135,22180,7,0.4772210121154785,1.9337699198614313,1.945584377803471,0.011814457942039613,-1.8862089302043192,0.9937611563412753,0.9998325866936866,0.006071430352411311,7,7.0,0,0.0,0.13065010156636578,0.041660299906542964,0.08898980165982281,3.0,6.0,-3.0,2.9527710074689826,3.304461951815597,-0.3516909443466143,"[3, 0, 0]",7,0
alice_wonderland,simples,en,sbert,150,136,22339,18,0.4772210121154785,2.5476366385568756,2.888130457415023,0.34049381885814745,-59.87554684482313,0.9653585808718635,0.9986753872788445,0.03331680640698098,14,18.0,0,0.0,0.23861050605773926,0.09399727736026509,0.14461322869747417,5.0,14.0,-9.0,4.735488328072817,8.304634928548388,-3.5691466004755714,"[5, 0, 0]",14,0
alice_wonderland,simples,en,sbert,150,137,22499,7,0.4772210121154785,1.945910149055313,1.945584377803471,0.00032577125184207745,0.05201022742159646,0.9999999999999999,0.9998325866936866,0.0001674133063133132,7,7.0,0,0.0,0.03411338517251761,0.041660299906542964,0.0,7.0,6.0,1.0,3.3405470848083496,3.304461951815597,0.03608513299275273,"[7, 0, 0]",7,0
alice_wonderland,simples,en,sbert,150,138,22667,6,0.4772210121154785,1.7917594692280547,1.7917594692280547,0.0,0.0,0.9999999999999999,0.9999999999999999,0.0,6,6.0,0,0.0,1.437186702294317e-308,0.07745760845772631,0.0,6.0,6.0,0.0,2.863326072692871,2.863326072692871,0.0,"[6, 0, 0]",6,0
alice_wonderland,simples,en,sbert,150,139,22850,9,0.4772210121154785,2.195823162385928,2.1966527710017165,0.000829608615788402,-0.16382352794729585,0.9993621885697317,0.9997397597221508,0.00037757115241909833,9,9.0,0,0.0,0.0630996716261584,0.09620808332230434,0.0,8.0,8.0,0.0,4.217803844532098,4.244939755745701,-0.027135911213603592,"[8, 0, 0]",9,0
alice_wonderland,simples,en,sbert,150,140,23003,7,0.4772210121154785,1.9442555367056784,1.945584377803471,0.0013288410977925214,-0.2121529364931706,0.9991496974562581,0.9998325866936866,0.0006828892374284301,7,7.0,0,0.0,0.05006913571577443,0.041660299906542964,0.008408835809231463,5.0,6.0,-1.0,3.229846983259034,3.304461951815597,-0.07461496855656291,"[5, 0, 0]",7,0
alice_wonderland,simples,en,sbert,150,141,23168,14,0.4772210121154785,2.6327013734282683,2.636345809418253,0.00364443598998454,-0.6972896366633601,0.9975915808589437,0.998840751467547,0.0012491706086033005,14,14.0,0,0.0,0.0929025810435414,0.09468735244908599,0.0,6.0,12.0,-6.0,6.062165647271295,6.459001859862777,-0.3968362125914826,"[6, 0, 0]",14,0
alice_wonderland,simples,en,sbert,150,142,23343,8,0.4772210121154785,2.072911087005955,2.0793956797754674,0.0064845927695125205,-2.443174787812101,0.996859515142414,0.9999779450860007,0.003118429943586687,8,8.0,0,0.0,0.11013906739264034,0.0392596090678414,0.07087945832479894,5.0,7.0,-2.0,3.5758258398494336,3.8012854518067853,-0.22545961195735176,"[5, 0, 0]",8,0
alice_wonderland,simples,en,sbert,150,143,23531,10,0.4772210121154785,2.2893698111293217,2.3022935737186287,0.012923762589307053,-1.1096117059004798,0.9942606760093542,0.9998668828285244,0.005606206819170234,10,10.0,0,0.0,0.18949485232478408,0.08260405472171761,0.10689079760306647,9.0,9.0,0.0,4.545039305542767,4.722102693973432,-0.17706338843066494,"[9, 0, 0]",10,0
alice_wonderland,simples,en,sbert,150,144,23688,10,0.4772210121154785,2.2893629095191064,2.3022935737186287,0.01293066419952238,-1.110204266111298,0.9942576786781214,0.9998668828285244,0.005609204150403002,10,10.0,0,0.0,0.14629444098029729,0.08260405472171761,0.06369038625857967,5.0,9.0,-4.0,4.244445636454866,4.722102693973432,-0.4776570575185657,"[5, 0, 0]",10,0
alice_wonderland,simples,en,sbert,150,145,23840,11,0.4772210121154785,2.3788684219280523,2.3975634935950363,0.01869507166698403,-5.425627300713648,0.9920651868802786,0.9998616373254086,0.007796450445129999,11,11.0,0,0.0,0.21991271556458955,0.07671686564887228,0.14319584991571727,8.0,10.0,-2.0,4.835915415524012,5.193574855682799,-0.3576594401587876,"[8, 0, 0]",11,0
alice_wonderland,simples,en,sbert,150,146,24014,11,0.4772210121154785,2.3816636378338023,2.3975634935950363,0.015899855761233983,-4.614408173032545,0.9932308824540006,0.9998616373254086,0.006630754871407962,11,11.0,0,0.0,0.20992836192083225,0.07671686564887228,0.13321149627195997,7.0,10.0,-3.0,4.810016524653273,5.193574855682799,-0.3835583310295263,"[7, 0, 0]",11,0
alice_wonderland,simples,en,sbert,150,147,24192,15,0.4772210121154785,2.7034320079897753,2.706220501837404,0.0027884938476288035,-0.23692262274806708,0.9982946427246603,0.9993460892793193,0.0010514465546590523,15,15.0,0,0.0,0.07814762927268232,0.07915801212510801,0.0,8.0,12.0,-4.0,6.633682679912742,6.965734853316829,-0.33205217340408666,"[8, 0, 0]",15,0
alice_wonderland,simples,en,sbert,150,148,24342,7,0.4772210121154785,1.9384804202982913,1.945584377803471,0.00710395750517967,-1.1341652872944785,0.9961818747075095,0.9998325866936866,0.0036507119861770576,7,7.0,0,0.0,0.11130055394949168,0.041660299906542964,0.06964025404294871,4.0,6.0,-2.0,3.0784452471627026,3.304461951815597,-0.22601670465289425,"[4, 0, 0]",7,0
alice_wonderland,simples,en,sbert,150,149,24499,4,0.4772210121154785,1.384380803782334,1.3862943611198906,0.001913557337556604,-0.8864704148903563,0.9986196601593252,1.0,0.0013803398406747602,4,4.0,0,0.0,0.06306780529566675,1.60946666574568e-308,0.06306780529566675,2.0,4.0,-2.0,1.8006166578126201,1.908884048461914,-0.10826739064929392,"[2, 0, 0]",4,0
alice_wonderland,simples,en,sbert,150,150,24670,8,0.4772210121154785,1.9938159568758023,2.0793956797754674,0.08557972289966509,-32.24353922723287,0.9588227978100011,0.9999779450860007,0.04115514727599956,8,8.0,0,0.0,0.23187111157026286,0.0392596090678414,0.19261150250242146,5.0,7.0,-2.0,3.3222328275322806,3.8012854518067853,-0.4790526242745048,"[5, 0, 0]",8,0
alice_wonderland,simples,en,sbert,150,151,24832,11,0.4772210121154785,2.3937377896771346,2.3975634935950363,0.0038257039179017127,-1.1102842498363783,0.9982661948716449,0.9998616373254086,0.0015954424537636402,11,11.0,0,0.0,0.10187661961097386,0.07671686564887228,0.025159753962101572,5.0,10.0,-5.0,4.952922862613919,5.193574855682799,-0.2406519930688802,"[5, 0, 0]",11,0
alice_wonderland,simples,en,sbert,150,152,24982,10,0.4772210121154785,2.2997668254534425,2.3022935737186287,0.002526748265186285,-0.21694219725408626,0.9987760419585889,0.9998668828285244,0.0010908408699354943,10,10.0,0,0.0,0.08227647646171538,0.08260405472171761,0.0,5.0,9.0,-4.0,4.543989464734725,4.722102693973432,-0.17811322923870687,"[5, 0, 0]",10,0
alice_wonderland,simples,en,sbert,150,153,25140,14,0.4772210121154785,2.638093091202841,2.636345809418253,0.0017472817845880506,0.33430727939032273,0.999634627712859,0.998840751467547,0.0007938762453120196,14,14.0,0,0.0,0.07740583069741913,0.09468735244908599,0.0,9.0,12.0,-3.0,6.563796883378075,6.459001859862777,0.10479502351529746,"[9, 0, 0]",14,0
alice_wonderland,simples,en,sbert,150,154,25300,6,0.4772210121154785,1.7894886461766772,1.7917594692280547,0.0022708230513774907,-0.5940061772462761,0.9987326295240085,0.9999999999999999,0.0012673704759913473,6,6.0,0,0.0,0.07609063467887078,0.07745760845772631,0.0,3.0,6.0,-3.0,2.696103350915352,2.863326072692871,-0.1672227217775193,"[3, 0, 0]",6,0
alice_wonderland,simples,en,sbert,150,155,25455,5,0.4772210121154785,1.6094379124341005,1.6094379124341005,0.0,0.0,1.0000000000000002,1.0000000000000002,0.0,5,5.0,0,0.0,1.8908608335028523e-308,0.010108151569347468,0.0,5.0,5.0,0.0,2.3861050605773926,2.3861050605773926,0.0,"[5, 0, 0]",5,0
alice_wonderland,simples,en,sbert,150,156,25618,9,0.4772210121154785,2.196796814864787,2.1966527710017165,0.0001440438630706531,0.0284444657134689,0.9998053169094117,0.9997397597221508,6.555718726086734e-05,9,9.0,0,0.0,0.04342938378279604,0.09620808332230434,0.0,8.0,8.0,0.0,4.251559725256511,4.244939755745701,0.006619969510810009,"[8, 0, 0]",9,0
alice_wonderland,simples,en,sbert,150,157,25796,14,0.4772210121154785,2.630843666789071,2.636345809418253,0.005502142629181694,-1.0527244943567695,0.9968876527485726,0.998840751467547,0.001953098718974422,14,14.0,0,0.0,0.09733018583610042,0.09468735244908599,0.0026428333870144316,6.0,12.0,-6.0,6.0840695365547,6.459001859862777,-0.37493232330807746,"[6, 0, 0]",14,0
alice_wonderland,simples,en,sbert,150,158,25977,7,0.4772210121154785,1.8943205254869502,1.945584377803471,0.05126385231652075,-8.18440731775154,0.9734881779647389,0.9998325866936866,0.02634440872894772,7,7.0,0,0.0,0.23198044270042895,0.041660299906542964,0.19032014279388598,2.0,6.0,-4.0,2.376572028970629,3.304461951815597,-0.927889922844968,"[2, 0, 0]",7,0
alice_wonderland,simples,en,sbert,150,159,26186,4,0.4772210121154785,1.3830052976426142,1.3862943611198906,0.0032890634772764216,-1.5236844008159753,0.9976274422160821,1.0,0.0023725577839178724,4,4.0,0,0.0,0.08982494010108683,1.60946666574568e-308,0.08982494010108683,1.0,4.0,-3.0,1.6763588639742566,1.908884048461914,-0.23252518448765747,"[1, 0, 0]",4,0
alice_wonderland,simples,en,sbert,150,160,26371,4,0.4772210121154785,1.3848259027936036,1.3862943611198906,0.0014684583262869477,-0.6802748139310889,0.9989407312274569,1.0,0.0010592687725431427,4,4.0,0,0.0,0.057745977278117255,1.60946666574568e-308,0.057745977278117255,2.0,4.0,-2.0,1.8162286371619354,1.908884048461914,-0.09265541129997867,"[2, 0, 0]",4,0
alice_wonderland,simples,en,sbert,250,0,0,19,0.4772210121154785,2.9396273992079154,2.9421476646342217,0.002520265426306345,-0.4814883068666075,0.9983658754715008,0.9988453363033737,0.000479460831872891,19,19.0,0,0.0,0.06546217400261364,0.07995717699912452,0.0,11.0,13.0,-2.0,8.545514343287625,8.711016279522834,-0.16550193623520926,"[11, 0, 0]",19,0
alice_wonderland,simples,en,sbert,250,1,263,7,0.4772210121154785,1.9198911983996858,1.945584377803471,0.025693179403785127,-4.10198289879347,0.9866289043878728,0.9998325866936866,0.013203682305813813,7,7.0,0,0.0,0.20834059220571327,0.041660299906542964,0.1666802922991703,2.0,6.0,-4.0,2.738167449658439,3.304461951815597,-0.5662945021571577,"[2, 0, 0]",7,0
alice_wonderland,simples,en,sbert,250,2,543,15,0.4772210121154785,2.705665640225869,2.706220501837404,0.0005548616115351734,-0.047143467208621906,0.999119454700149,0.9993460892793193,0.00022663457917038166,15,15.0,0,0.0,0.057048556218346785,0.07915801212510801,0.0,8.0,12.0,-4.0,6.817005443852368,6.965734853316829,-0.1487294094644609,"[8, 0, 0]",15,0
alice_wonderland,simples,en,sbert,250,3,793,17,0.4772210121154785,2.8208486653752187,2.831323744419999,0.010475079044780067,-2.3093933600516974,0.9956358109399219,0.9991242303072436,0.0034884193673216934,17,17.0,0,0.0,0.13563558000608403,0.08056106415236217,0.05507451585372186,10.0,13.0,-3.0,7.455564847462348,7.869951118462882,-0.4143862710005335,"[10, 0, 0]",17,0
alice_wonderland,simples,en,sbert,250,4,1082,7,0.4772210121154785,1.933941042395359,1.945584377803471,0.011643335408112021,-1.8588887727128032,0.9938490959278027,0.9998325866936866,0.005983490765883892,7,7.0,0,0.0,0.14273550607416235,0.041660299906542964,0.10107520616761939,2.0,6.0,-4.0,2.86393265978733,3.304461951815597,-0.44052929202826707,"[2, 0, 0]",7,0
alice_wonderland,simples,en,sbert,250,5,1347,8,0.4772210121154785,2.0682911370195987,2.0793956797754674,0.011104542755868696,-4.183815369081292,0.9946377888309236,0.9999779450860007,0.005340156255077111,8,8.0,0,0.0,0.1475271721929495,0.0392596090678414,0.1082675631251081,5.0,7.0,-2.0,3.4658732535643506,3.8012854518067853,-0.33541219824243473,"[5, 0, 0]",8,0
alice_wonderland,simples,en,sbert,250,6,1613,8,0.4772210121154785,2.0698896075684527,2.0793956797754674,0.009506072207014604,-3.5815658396456795,0.9954064906755365,0.9999779450860007,0.0045714544104641375,8,8.0,0,0.0,0.16765405054681945,0.0392596090678414,0.12839444147897805,5.0,7.0,-2.0,3.578527557921402,3.8012854518067853,-0.22275789388538314,"[5, 0, 0]",8,0
alice_wonderland,simples,en,sbert,250,7,1874,9,0.4772210121154785,2.1911860678784603,2.1966527710017165,0.005466703123256256,-1.079514574521685,0.9972517559105951,0.9997397597221508,0.0024880038115556724,9,9.0,0,0.0,0.10696886694569606,0.09620808332230434,0.010760783623391723,6.0,8.0,-2.0,4.080256835279001,4.244939755745701,-0.1646829204667002,"[6, 0, 0]",9,0
alice_wonderland,simples,en,sbert,250,8,2152,10,0.4772210121154785,2.300043971798751,2.3022935737186287,0.002249601919877886,-0.19314689562449908,0.9988964050870359,0.9998668828285244,0.0009704777414885069,10,10.0,0,0.0,0.09159595936634449,0.08260405472171761,0.008991904644626875,7.0,9.0,-2.0,4.628876103372891,4.722102693973432,-0.09322659060054139,"[7, 0, 0]",10,0
alice_wonderland,simples,en,sbert,250,9,2412,12,0.4772210121154785,2.4794672935254023,2.484126977263214,0.004659683737811893,-0.8781467589314662,0.9978110420111508,0.9996373097794202,0.0018262677682694406,12,12.0,0,0.0,0.10320501366314186,0.07806086488254915,0.025144148780592707,7.0,10.0,-3.0,5.484030227495599,5.6381015314591885,-0.15407130396358948,"[7, 0, 0]",12,0
alice_wonderland,simples,en,sbert,250,10,2676,14,0.4772210121154785,2.6374721108952994,2.636345809418253,0.0011263014770466206,0.21549516848739478,0.9993993238789587,0.998840751467547,0.0005585724114116619,14,14.0,0,0.0,0.06261650850488759,0.09468735244908599,0.0,10.0,12.0,-2.0,6.491667784508248,6.459001859862777,0.03266592464547102,"[10, 0, 0]",14,0
alice_wonderland,simples,en,sbert,250,11,2936,11,0.4772210121154785,2.393411183351218,2.3975634935950363,0.004152310243818125,-1.2050709524520917,0.9981299894544937,0.9998616373254086,0.001731647870914843,11,11.0,0,0.0,0.09858771818674245,0.07671686564887228,0.02187085253787016,9.0,10.0,-1.0,5.035403529019476,5.193574855682799,-0.15817132666332334,"[9, 0, 0]",11,0
alice_wonderland,simples,en,sbert,250,12,3187,10,0.4772210121154785,2.300736307297079,2.3022935737186287,0.0015572664215497412,-0.13370417775911758,0.9991970825735856,0.9998668828285244,0.0006698002549387905,10,10.0,0,0.0,0.08051147425998886,0.08260405472171761,0.0,8.0,9.0,-1.0,4.642992630013278,4.722102693973432,-0.07911006396015363,"[8, 0, 0]",10,0
alice_wonderland,simples,en,sbert,250,13,3440,11,0.4772210121154785,2.3870834830516485,2.3975634935950363,0.010480010543387763,-3.0414770442623564,0.9954911334663483,0.9998616373254086,0.004370503859060237,11,11.0,0,0.0,0.15177849194785825,0.07671686564887228,0.07506162629898597,5.0,10.0,-5.0,4.774195861800873,5.193574855682799,-0.4193789938819261,"[5, 0, 0]",11,0
alice_wonderland,simples,en,sbert,250,14,3692,15,0.4772210121154785,2.7300544487298466,2.706220501837404,0.023833946892442448,2.025036280068312,0.9846590036348507,0.9993460892793193,0.014687085644468634,16,15.0,1,0.0,0.10718107324067014,0.07915801212510801,0.02802306111556213,7.0,12.0,-5.0,6.467120007819298,6.965734853316829,-0.49861484549753143,"[5, 1, 0]",16,0
alice_wonderland,simples,en,sbert,250,15,3956,13,0.4772210121154785,2.561611717233365,2.564246379995362,0.0026346627619973084,-0.16032999937803827,0.9986987500480419,0.9996158311255251,0.0009170810774832283,13,13.0,0,0.0,0.07603533626767447,0.10629386441640817,0.0,8.0,11.0,-3.0,5.890682293423786,6.11562356581312,-0.22494127238933448,"[8, 0, 0]",13,0
alice_wonderland,simples,en,sbert,250,16,4211,10,0.4772210121154785,2.3013666490833593,2.3022935737186287,0.0009269246352694438,-0.07958413184048245,0.9994708365330802,0.9998668828285244,0.0003960462954442079,10,10.0,0,0.0,0.07575962394198618,0.08260405472171761,0.0,7.0,9.0,-2.0,4.672856544591138,4.722102693973432,-0.04924614938229421,"[7, 0, 0]",10,0
alice_wonderland,simples,en,sbert,250,17,4509,14,0.4772210121154785,2.6414474787819913,2.636345809418253,0.005101669363738459,0.976101977588273,0.9754056544841337,0.998840751467547,0.023435096983413284,15,14.0,1,0.0,0.16941813361453983,0.09468735244908599,0.07473078116545384,7.0,12.0,-5.0,5.700781691932008,6.459001859862777,-0.7582201679307694,"[5, 1, 0]",15,0
alice_wonderland,simples,en,sbert,250,18,4782,12,0.4772210121154785,2.484278421513905,2.484126977263214,0.000151444250690691,0.028540623223773706,0.9997471823441942,0.9996373097794202,0.00010987256477401619,12,12.0,0,0.0,0.052794199259969754,0.07806086488254915,0.0,9.0,10.0,-1.0,5.622584191751711,5.6381015314591885,-0.015517339707477262,"[9, 0, 0]",12,0
alice_wonderland,simples,en,sbert,250,19,5058,14,0.4772210121154785,2.6323986086278657,2.636345809418253,0.003947200790387129,-0.7552176008935868,0.9974768562574715,0.998840751467547,0.0013638952100755164,14,14.0,0,0.0,0.09090161531954799,0.09468735244908599,0.0,4.0,12.0,-8.0,5.991239308314382,6.459001859862777,-0.46776255154839497,"[4, 0, 0]",14,0
alice_wonderland,simples,en,sbert,250,20,5325,8,0.4772210121154785,2.059082013281227,2.0793956797754674,0.02031366649424049,-7.653501089549947,0.990209136448163,0.9999779450860007,0.00976880863783769,8,8.0,0,0.0,0.23187111157026286,0.0392596090678414,0.19261150250242146,2.0,7.0,-5.0,3.215948521136244,3.8012854518067853,-0.5853369306705414,"[2, 0, 0]",8,0
alice_wonderland,simples,en,sbert,250,21,5608,21,0.4772210121154785,3.029515660451706,3.0420973088223207,0.012581648370614484,-3.370009471814088,0.995070892864584,0.9990364993631092,0.003965606498525287,21,21.0,0,0.0,0.12783513824169995,0.07648123060634168,0.05135390763535827,7.0,15.0,-8.0,8.709329052529029,9.670879794081815,-0.9615507415527862,"[7, 0, 0]",21,0
alice_wonderland,simples,en,sbert,250,22,5862,16,0.4772210121154785,2.7632468142204076,2.7700998165236004,0.006853002303192746,-1.4493266082402738,0.9966306189070022,0.9990564990373199,0.002425880130317637,16,16.0,0,0.0,0.10377080889965448,0.09617791116386026,0.0075928977357942185,9.0,12.0,-3.0,6.850746897374805,7.3897525723851,-0.5390056750102952,"[9, 0, 0]",16,0
alice_wonderland,simples,en,sbert,250,23,6113,15,0.4772210121154785,2.699044458449009,2.706220501837404,0.007176043388394948,-0.6097080049067329,0.996674455056433,0.9993460892793193,0.002671634222886299,15,15.0,0,0.0,0.12936594433653387,0.07915801212510801,0.05020793221142586,8.0,12.0,-4.0,6.6607899716415755,6.965734853316829,-0.3049448816752536,"[8, 0, 0]",15,0
alice_wonderland,simples,en,sbert,250,24,6374,11,0.4772210121154785,2.393608384756016,2.3975634935950363,0.003955108839020394,-1.1478397556603086,0.9982122288279288,0.9998616373254086,0.001649408497479743,11,11.0,0,0.0,0.10684228500794021,0.07671686564887228,0.03012541935906793,7.0,10.0,-3.0,5.052246045148241,5.193574855682799,-0.14132881053455826,"[7, 0, 0]",11,0
alice_wonderland,simples,en,sbert,250,25,6635,10,0.4772210121154785,2.2979752156860833,2.3022935737186287,0.004318358032545433,-0.37076668579058897,0.9979979557229008,0.9998668828285244,0.0018689271056235857,10,10.0,0,0.0,0.08522405940397221,0.08260405472171761,0.0026200046822545953,6.0,9.0,-3.0,4.4591888260503065,4.722102693973432,-0.26291386792312554,"[6, 0, 0]",10,0
alice_wonderland,simples,en,sbert,250,26,6891,15,0.4772210121154785,2.6756298208293603,2.706220501837404,0.030590681008043852,-2.5991179368167705,0.9880281465019909,0.9993460892793193,0.011317942777328449,15,15.0,0,0.0,0.1932330996486233,0.07915801212510801,0.1140750875235153,7.0,12.0,-5.0,6.18024962352052,6.965734853316829,-0.7854852297963086,"[7, 0, 0]",15,0
alice_wonderland,simples,en,sbert,250,27,7177,23,0.4772210121154785,3.1116262650075113,3.1327372870289096,0.021111022021398362,-3.6174180949887296,0.9923878185453563,0.9985173822760894,0.006129563730733145,23,23.0,0,0.0,0.1830812702134106,0.08692769994809904,0.09615357026531157,11.0,17.0,-6.0,10.018765776620274,10.556502217588726,-0.5377364409684517,"[11, 0, 0]",23,0
alice_wonderland,simples,en,sbert,250,28,7434,9,0.4772210121154785,2.255940861334949,2.1966527710017165,0.05928809033323246,11.707670266198669,0.9408004123141878,0.9997397597221508,0.05893934740796303,11,9.0,2,0.0,0.16094965926786206,0.09620808332230434,0.06474157594555772,1.0,8.0,-7.0,3.6851494989508877,4.244939755745701,-0.5597902567948134,"[1, 0, 0]",11,0
alice_wonderland,simples,en,sbert,250,29,7708,12,0.4772210121154785,2.474095966311241,2.484126977263214,0.01003101095197323,-1.8904072147217756,0.9956494609253503,0.9996373097794202,0.003987848854069886,12,12.0,0,0.0,0.13211647235049098,0.07806086488254915,0.05405560746794183,5.0,10.0,-5.0,5.096497413454928,5.6381015314591885,-0.5416041180042601,"[5, 0, 0]",12,0
alice_wonderland,simples,en,sbert,250,30,7971,9,0.4772210121154785,2.1971363818317022,2.1966527710017165,0.0004836108299857145,0.0954990471579035,0.9999598604960881,0.9997397597221508,0.00022010077393730398,9,9.0,0,0.0,0.03008601398251623,0.09620808332230434,0.0,8.0,8.0,0.0,4.2750257697282175,4.244939755745701,0.030086013982516313,"[8, 0, 0]",9,0
alice_wonderland,simples,en,sbert,250,31,8246,6,0.4772210121154785,1.7466625514564285,1.7917594692280547,0.04509691777162628,-11.79653681728471,0.9748309309669475,0.9999999999999999,0.025169069033052383,6,6.0,0,0.0,0.23861050605773926,0.07745760845772631,0.16115289760001295,2.0,6.0,-4.0,2.102569654632615,2.863326072692871,-0.760756418060256,"[2, 0, 0]",6,0
alice_wonderland,simples,en,sbert,250,32,8511,13,0.4772210121154785,2.5559568717892662,2.564246379995362,0.008289508206095864,-0.5044504612499437,0.9964940884130477,0.9996158311255251,0.003121742712477449,13,13.0,0,0.0,0.11989922164586866,0.10629386441640817,0.01360535722946049,11.0,11.0,0.0,5.896433748379255,6.11562356581312,-0.21918981743386556,"[11, 0, 0]",13,0
alice_wonderland,simples,en,sbert,250,33,8775,18,0.4772210121154785,2.853806058681223,2.888130457415023,0.0343243987338,-6.0359161619971715,0.9692189510034013,0.9986753872788445,0.029456436275443254,19,18.0,1,0.0,0.23861050605773926,0.09399727736026509,0.14461322869747417,5.0,14.0,-9.0,6.037599842575018,8.304634928548388,-2.2670350859733706,"[5, 0, 0]",19,0
alice_wonderland,simples,en,sbert,250,34,9029,13,0.4772210121154785,2.552859028844365,2.564246379995362,0.011387351150997205,-0.6929668682047249,0.995286328526526,0.9996158311255251,0.004329502598999113,13,13.0,0,0.0,0.15421081713483523,0.10629386441640817,0.04791695271842705,8.0,11.0,-3.0,5.639735097587792,6.11562356581312,-0.47588846822532815,"[8, 0, 0]",13,0
alice_wonderland,simples,en,sbert,250,35,9305,15,0.4772210121154785,2.6780942379738577,2.706220501837404,0.02812626386354644,-2.3897302869511887,0.9889381802759196,0.9993460892793193,0.010407909003399718,15,15.0,0,0.0,0.19920855008158087,0.07915801212510801,0.12005053795647286,8.0,12.0,-4.0,6.0395349507112,6.965734853316829,-0.9261999026056289,"[8, 0, 0]",15,0
alice_wonderland,simples,en,sbert,250,36,9558,12,0.4772210121154785,2.479047130219236,2.484126977263214,0.005079847043978347,-0.9573291812357878,0.9976419558580745,0.9996373097794202,0.001995353921345755,12,12.0,0,0.0,0.09814189890456679,0.07806086488254915,0.020081034022017635,4.0,10.0,-6.0,5.201018874485781,5.6381015314591885,-0.4370826569734074,"[4, 0, 0]",12,0
alice_wonderland,simples,en,sbert,250,37,9818,10,0.4772210121154785,2.294075687420141,2.3022935737186287,0.008217886298487631,-0.7055733786154271,0.9963044121149763,0.9998668828285244,0.0035624707135480937,10,10.0,0,0.0,0.12844385123623148,0.08260405472171761,0.045839796514513864,5.0,9.0,-4.0,4.292759504343186,4.722102693973432,-0.429343189630246,"[5, 0, 0]",10,0
alice_wonderland,simples,en,sbert,250,38,10107,14,0.4772210121154785,2.623615795578737,2.636345809418253,0.012730013839515664,-2.4356324954723862,0.9688209600069057,0.998840751467547,0.030019791460641376,15,14.0,1,0.0,0.19564211802510306,0.09468735244908599,0.10095476557601707,7.0,12.0,-5.0,5.418610939231256,6.459001859862777,-1.0403909206315216,"[5, 1, 0]",15,0
alice_wonderland,simples,en,sbert,250,39,10372,15,0.4772210121154785,2.6907754454130663,2.706220501837404,0.0154450564243378,-1.3122794872427876,0.9936209617967523,0.9993460892793193,0.005725127482567038,15,15.0,0,0.0,0.15930003030436424,0.07915801212510801,0.08014201817925623,4.0,12.0,-8.0,5.76011178184431,6.965734853316829,-1.2056230714725187,"[4, 0, 0]",15,0
alice_wonderland,simples,en,sbert,250,40,10630,12,0.4772210121154785,2.484414087025968,2.484126977263214,0.00028710976275370115,0.05410764373852939,0.999801778162542,0.9996373097794202,0.00016446838312178524,12,12.0,0,0.0,0.047095083771252766,0.07806086488254915,0.0,10.0,10.0,0.0,5.650814284893224,5.6381015314591885,0.012712753434035662,"[10, 0, 0]",12,0
alice_wonderland,simples,en,sbert,250,41,10935,13,0.4772210121154785,2.51349969904447,2.564246379995362,0.0507466809508923,-3.0881429846171637,0.9799412576051851,0.9996158311255251,0.019674573520339966,13,13.0,0,0.0,0.20043996650613016,0.10629386441640817,0.09414610208972199,9.0,11.0,-2.0,5.559119055411536,6.11562356581312,-0.5565045104015844,"[9, 0, 0]",13,0
alice_wonderland,simples,en,sbert,250,42,11206,15,0.4772210121154785,2.6866243063429636,2.706220501837404,0.019596195494440583,-1.6649784027225696,0.9920880732748137,0.9993460892793193,0.007258016004505596,15,15.0,0,0.0,0.1932330996486233,0.07915801212510801,0.1140750875235153,9.0,12.0,-3.0,6.5128854191946,6.965734853316829,-0.45284943412222933,"[9, 0, 0]",15,0
alice_wonderland,simples,en,sbert,250,43,11465,14,0.4772210121154785,2.6423200135616387,2.636345809418253,0.005974204143385897,1.1430439848422098,0.975727854855195,0.998840751467547,0.023112896612352052,15,14.0,1,0.0,0.11115270963034149,0.09468735244908599,0.016465357181255497,9.0,12.0,-3.0,6.333954932108654,6.459001859862777,-0.12504692775412352,"[9, 0, 0]",15,0
alice_wonderland,simples,en,sbert,250,44,11731,12,0.4772210121154785,2.480025634432837,2.484126977263214,0.00410134283037733,-0.7729238970741604,0.9980357349216399,0.9996373097794202,0.0016015748577803413,12,12.0,0,0.0,0.10295150447797499,0.07806086488254915,0.02489063959542584,10.0,10.0,0.0,5.558173562508811,5.6381015314591885,-0.07992796895037735,"[10, 0, 0]",12,0
alice_wonderland,simples,en,sbert,250,45,12001,12,0.4772210121154785,2.37457302154136,2.484126977263214,0.10955395572185411,-20.646133205264164,0.9902738657848917,0.9996373097794202,0.009363443994528486,11,12.0,0,0.0,0.21979855874070575,0.07806086488254915,0.1417376938581566,6.0,10.0,-4.0,4.596204608736065,5.6381015314591885,-1.0418969227231232,"[6, 0, 0]",11,0
alice_wonderland,simples,en,sbert,250,46,12271,10,0.4772210121154785,2.2989907234845677,2.3022935737186287,0.003302850234061072,-0.2835769581207394,0.9984389851561123,0.9998668828285244,0.0014278976724121373,10,10.0,0,0.0,0.08094905043791437,0.08260405472171761,0.0,4.0,9.0,-5.0,4.417957344657504,4.722102693973432,-0.3041453493159283,"[4, 0, 0]",10,0
alice_wonderland,simples,en,sbert,250,47,12540,10,0.4772210121154785,2.295790460370521,2.3022935737186287,0.006503113348107714,-0.5583459651160989,0.9970491285450434,0.9998668828285244,0.0028177542834810776,10,10.0,0,0.0,0.1267011628807091,0.08260405472171761,0.04409710815899148,7.0,9.0,-2.0,4.477000779772521,4.722102693973432,-0.24510191420091143,"[7, 0, 0]",10,0
alice_wonderland,simples,en,sbert,250,48,12797,22,0.4772210121154785,3.1279790065443875,3.0882159302019825,0.03976307634240506,6.142377628981037,0.9490697306073155,0.9983150443988962,0.0492453137915807,27,22.0,5,0.0,0.1965684506344018,0.07240561474306714,0.12416283589133464,10.0,16.0,-6.0,8.022478977753696,10.077941517390759,-2.0554625396370625,"[4, 3, 0]",27,0
alice_wonderland,simples,en,sbert,250,49,13052,17,0.4772210121154785,2.7934445831857877,2.831323744419999,0.03787916123421109,-8.351047573450689,0.9859633723122689,0.9991242303072436,0.013160857994974684,17,17.0,0,0.0,0.20879233222758203,0.08056106415236217,0.12823126807521987,3.0,13.0,-10.0,6.394116479365553,7.869951118462882,-1.4758346390973287,"[3, 0, 0]",17,0
alice_wonderland,simples,en,sbert,250,50,13334,12,0.4772210121154785,2.482745352293427,2.484126977263214,0.0013816249697873317,-0.2603759305448616,0.9991302299043073,0.9996373097794202,0.0005070798751128924,12,12.0,0,0.0,0.061427921117938766,0.07806086488254915,0.0,9.0,10.0,-1.0,5.533713186592244,5.6381015314591885,-0.10438834486694404,"[9, 0, 0]",12,0
alice_wonderland,simples,en,sbert,250,51,13592,19,0.4772210121154785,2.9266611031466567,2.9421476646342217,0.015486561487564998,-2.95865593837929,0.9939622195788155,0.9988453363033737,0.004883116724558212,19,19.0,0,0.0,0.1460746296556441,0.07995717699912452,0.06611745265651958,7.0,13.0,-6.0,8.057518102428736,8.711016279522834,-0.6534981770940984,"[7, 0, 0]",19,0
alice_wonderland,simples,en,sbert,250,52,13847,11,0.4772210121154785,2.381536887738621,2.3975634935950363,0.016026605856415355,-4.651193203281912,0.9931780235586939,0.9998616373254086,0.006683613766714669,11,11.0,0,0.0,0.21058721914224116,0.07671686564887228,0.13387035349336887,6.0,10.0,-4.0,4.783455272754384,5.193574855682799,-0.41011958292841477,"[6, 0, 0]",11,0
alice_wonderland,simples,en,sbert,250,53,14100,21,0.4772210121154785,3.1051114563018736,3.0420973088223207,0.06301414747955292,16.87841430701275,0.9530446443393262,0.9990364993631092,0.045991855023783,26,21.0,5,0.0,0.10446185785166287,0.07648123060634168,0.027980627245321188,9.0,15.0,-6.0,9.04519928068001,9.670879794081815,-0.6256805134018055,"[5, 2, 0]",26,0
alice_wonderland,simples,en,sbert,250,54,14353,18,0.4772210121154785,2.8849311133840065,2.888130457415023,0.0031993440310165155,-0.5626019116712399,0.9981176661800356,0.9986753872788445,0.0005577210988089165,18,18.0,0,0.0,0.0773498850818963,0.09399727736026509,0.0,12.0,14.0,-2.0,8.156320432495395,8.304634928548388,-0.1483144960529934,"[12, 0, 0]",18,0
alice_wonderland,simples,en,sbert,250,55,14629,24,0.4772210121154785,3.163871268602702,3.174504404532987,0.010633135930284698,-2.0071505405940053,0.9955373437637176,0.9985726719057861,0.0030353281420685274,24,24.0,0,0.0,0.1261507503406306,0.08283015741882346,0.04332059292180715,12.0,18.0,-6.0,10.40163088561297,10.993158474721326,-0.591527589108356,"[12, 0, 0]",24,0
alice_wonderland,simples,en,sbert,250,56,14921,18,0.4772210121154785,2.8933454636781515,2.888130457415023,0.00521500626312843,0.9170543913282573,0.9658224432204108,0.9986753872788445,0.03285294405843375,20,18.0,2,0.0,0.16792754767332999,0.09399727736026509,0.0739302703130649,5.0,14.0,-9.0,7.276901123611054,8.304634928548388,-1.0277338049373341,"[5, 0, 0]",20,0
alice_wonderland,simples,en,sbert,250,57,15171,13,0.4772210121154785,2.531904475583216,2.564246379995362,0.03234190441214624,-1.9681370948413157,0.9871167507529176,0.9996158311255251,0.012499080372607496,13,13.0,0,0.0,0.2316553012501056,0.10629386441640817,0.12536143683369744,6.0,11.0,-5.0,5.365948574677477,6.11562356581312,-0.7496749911356435,"[6, 0, 0]",13,0
alice_wonderland,simples,en,sbert,250,58,15421,15,0.4772210121154785,2.707057374823981,2.706220501837404,0.0008368729865768643,0.07110438599511384,0.9996333796626721,0.9993460892793193,0.00028729038335273405,15,15.0,0,0.0,0.053837992059114825,0.07915801212510801,0.0,11.0,12.0,-1.0,7.022009231193792,6.965734853316829,0.05627437787696277,"[11, 0, 0]",15,0
alice_wonderland,simples,en,sbert,250,59,15675,14,0.4772210121154785,2.63294113876356,2.636345809418253,0.003404670654692854,-0.6514153548843795,0.9976824335026514,0.998840751467547,0.0011583179648956277,14,14.0,0,0.0,0.08093473955840808,0.09468735244908599,0.0,10.0,12.0,-2.0,6.333185582862679,6.459001859862777,-0.1258162770000979,"[10, 0, 0]",14,0
alice_wonderland,simples,en,sbert,250,60,15955,10,0.4772210121154785,2.3019650840798755,2.3022935737186287,0.00032848963875320436,-0.02820354721845126,0.999730733549845,0.9998668828285244,0.0001361492786794427,10,10.0,0,0.0,0.053219220147858126,0.08260405472171761,0.0,8.0,9.0,-1.0,4.700163805209269,4.722102693973432,-0.021938888764163167,"[8, 0, 0]",10,0
alice_wonderland,simples,en,sbert,250,61,16226,12,0.4772210121154785,2.5050490166772446,2.484126977263214,0.02092203941403037,3.9428901477967315,0.9766465795474519,0.9996373097794202,0.022990730231968293,13,12.0,1,0.0,0.14313277326743398,0.07806086488254915,0.06507190838488483,6.0,10.0,-4.0,5.02186863756556,5.6381015314591885,-0.6162328938936286,"[6, 0, 0]",13,0
alice_wonderland,simples,en,sbert,250,62,16483,17,0.4772210121154785,2.815952153545483,2.831323744419999,0.015371590874516006,-3.3889052051333572,0.9742525838943119,0.9991242303072436,0.024871646412931714,18,17.0,1,0.0,0.19274765173239172,0.08056106415236217,0.11218658758002956,8.0,13.0,-5.0,6.710209235362133,7.869951118462882,-1.1597418831007484,"[6, 1, 0]",18,0
alice_wonderland,simples,en,sbert,250,63,16740,18,0.4772210121154785,2.858765857241768,2.888130457415023,0.029364600173255262,-5.163739826906333,0.9709034140184741,0.9986753872788445,0.027771973260370397,19,18.0,1,0.0,0.195784234594237,0.09399727736026509,0.10178695723397191,5.0,14.0,-9.0,6.735385149015093,8.304634928548388,-1.5692497795332958,"[5, 0, 0]",19,0
alice_wonderland,simples,en,sbert,250,64,17048,6,0.4772210121154785,1.7790873391162543,1.7917594692280547,0.012672130111800461,-3.3147996981587413,0.992927549523564,0.9999999999999999,0.007072450476435899,6,6.0,0,0.0,0.1681296607202975,0.07745760845772631,0.09067205226257119,4.0,6.0,-2.0,2.5908136095577357,2.863326072692871,-0.27251246313513544,"[4, 0, 0]",6,0
alice_wonderland,simples,en,sbert,250,65,17320,11,0.4772210121154785,2.392248393974981,2.3975634935950363,0.005315099620055275,-1.5425321773712604,0.9976450686201989,0.9998616373254086,0.0022165687052096983,11,11.0,0,0.0,0.12259949586899549,0.07671686564887228,0.045882630220123205,8.0,10.0,-2.0,5.010450797679713,5.193574855682799,-0.18312405800308618,"[8, 0, 0]",11,0
alice_wonderland,simples,en,sbert,250,66,17575,16,0.4772210121154785,2.7517809017321624,2.7700998165236004,0.01831891479143799,-3.874227596413908,0.9924951651354876,0.9990564990373199,0.0065613339018322225,16,16.0,0,0.0,0.18132447417349942,0.09617791116386026,0.08514656300963916,8.0,12.0,-4.0,6.71441977257019,7.3897525723851,-0.6753327998149095,"[8, 0, 0]",16,0
alice_wonderland,simples,en,sbert,250,67,17827,6,0.4772210121154785,1.7777732810317075,1.7917594692280547,0.013986188196347227,-3.658533490630021,0.9921941597426729,0.9999999999999999,0.007805840257327001,6,6.0,0,0.0,0.189264952450305,0.07745760845772631,0.11180734399257869,5.0,6.0,-1.0,2.674061120242566,2.863326072692871,-0.18926495245030495,"[5, 0, 0]",6,0
alice_wonderland,simples,en,sbert,250,68,18091,12,0.4772210121154785,2.4811107152682514,2.484126977263214,0.0030162619949627434,-0.5684335770411073,0.9984724035729581,0.9996373097794202,0.0011649062064621463,12,12.0,0,0.0,0.07665913686544751,0.07806086488254915,0.0,7.0,10.0,-3.0,5.418198226100611,5.6381015314591885,-0.21990330535857705,"[7, 0, 0]",12,0
alice_wonderland,simples,en,sbert,250,69,18383,12,0.4772210121154785,2.4877535457362567,2.484126977263214,0.0036265684730425463,0.6834496780978551,0.9699035727544817,0.9996373097794202,0.029733737024938534,13,12.0,1,0.0,0.163582720247001,0.07806086488254915,0.08552185536445184,5.0,10.0,-5.0,5.0246189191174935,5.6381015314591885,-0.613482612341695,"[5, 0, 0]",13,0
alice_wonderland,simples,en,sbert,250,70,18649,14,0.4772210121154785,2.6415747916045724,2.636345809418253,0.0052289821863196195,1.0004607294072563,0.975452667210312,0.998840751467547,0.023388084257235042,15,14.0,1,0.0,0.1277533400294889,0.09468735244908599,0.03306598758040291,5.0,12.0,-7.0,5.826479115431665,6.459001859862777,-0.6325227444311121,"[5, 0, 0]",15,0
alice_wonderland,simples,en,sbert,250,71,18911,16,0.4772210121154785,2.789679720747422,2.7700998165236004,0.01957990422382183,4.140911519197977,0.9474401542996724,0.9990564990373199,0.051616344737647424,19,16.0,3,0.0,0.12784337239539187,0.09617791116386026,0.031665461231531605,7.0,12.0,-5.0,6.557204352922651,7.3897525723851,-0.8325482194624492,"[5, 1, 0]",19,0
alice_wonderland,simples,en,sbert,250,72,19170,12,0.4772210121154785,2.482792573836619,2.484126977263214,0.0013344034265951876,-0.2514767332089076,0.9991492332512524,0.9996373097794202,0.00048807652816784675,12,12.0,0,0.0,0.07585122905583558,0.07806086488254915,0.0,5.0,10.0,-5.0,5.444200335675053,5.6381015314591885,-0.1939011957841359,"[5, 0, 0]",12,0
alice_wonderland,simples,en,sbert,250,73,19422,15,0.4772210121154785,2.65377010795918,2.706220501837404,0.052450393878224144,-4.456414667138341,0.9799560240349542,0.9993460892793193,0.01939006524436515,15,15.0,1,0.0,0.1932330996486233,0.07915801212510801,0.1140750875235153,4.0,12.0,-8.0,6.006143533170251,6.965734853316829,-0.9595913201465782,"[4, 0, 0]",15,0
alice_wonderland,simples,en,sbert,250,74,19672,14,0.4772210121154785,2.620689060202784,2.636345809418253,0.01565674921546867,-2.9956045329883283,0.9930398369120871,0.998840751467547,0.005800914555459946,14,14.0,0,0.0,0.16741796810189785,0.09468735244908599,0.07273061565281186,5.0,12.0,-7.0,5.399311562338273,6.459001859862777,-1.0596902975245044,"[5, 0, 0]",14,0
alice_wonderland,simples,en,sbert,250,75,19948,22,0.4772210121154785,3.06502100865392,3.0882159302019825,0.023194921548062464,-3.5830217460023546,0.977524051258903,0.9983150443988962,0.02079099313999322,23,22.0,1,0.0,0.18433620046448343,0.07240561474306714,0.11193058572141629,7.0,16.0,-9.0,8.287068887679247,10.077941517390759,-1.7908726297115116,"[7, 0, 0]",23,0
alice_wonderland,simples,en,sbert,250,76,20204,16,0.4772210121154785,2.7534931966334346,2.7700998165236004,0.016606619890165764,-3.5120980578886103,0.9931127449761389,0.9990564990373199,0.0059437540611809725,16,16.0,0,0.0,0.15599426800378305,0.09617791116386026,0.059816356839922785,5.0,12.0,-7.0,6.548323945671009,7.3897525723851,-0.8414286267140909,"[5, 0, 0]",16,0
alice_wonderland,simples,en,sbert,250,77,20464,15,0.4772210121154785,2.6869627870934187,2.706220501837404,0.01925771474398541,-1.636219599035136,0.9922130638493303,0.9993460892793193,0.007133025429989059,15,15.0,0,0.0,0.16853664716605565,0.07915801212510801,0.08937863504094765,8.0,12.0,-4.0,6.288686371074025,6.965734853316829,-0.677048482242804,"[8, 0, 0]",15,0
alice_wonderland,simples,en,sbert,250,78,20714,15,0.4772210121154785,2.689052496379979,2.706220501837404,0.01716800545742503,-1.4586687662176687,0.9698706753043708,0.9993460892793193,0.029475413974948572,16,15.0,1,0.0,0.22739482750182294,0.07915801212510801,0.14823681537671493,6.0,12.0,-6.0,5.682022008839952,6.965734853316829,-1.2837128444768773,"[6, 0, 0]",16,0
alice_wonderland,simples,en,sbert,250,79,20965,16,0.4772210121154785,2.488950446499251,2.7700998165236004,0.2811493700243495,-59.459671081161105,0.9431210222561208,0.9990564990373199,0.055935476781199034,14,16.0,0,0.0,0.23337308875538373,0.09617791116386026,0.13719517759152347,8.0,12.0,-4.0,5.386656266866707,7.3897525723851,-2.003096305518393,"[8, 0, 0]",14,0
alice_wonderland,simples,en,sbert,250,80,21217,24,0.4772210121154785,3.1614036163568318,3.174504404532987,0.01310078817615512,-2.4729538155422843,0.9821452545427961,0.9985726719057861,0.016427417362990027,25,24.0,1,0.0,0.1621261485582073,0.08283015741882346,0.07929599113938385,8.0,18.0,-10.0,9.851631229390009,10.993158474721326,-1.1415272453313179,"[8, 0, 0]",25,0
alice_wonderland,simples,en,sbert,250,81,21485,15,0.4772210121154785,2.6755613266862226,2.706220501837404,0.03065917515118155,-2.6049374985306555,0.9880028537126956,0.9993460892793193,0.011343235566623755,15,15.0,0,0.0,0.20016125622420894,0.07915801212510801,0.12100324409910093,6.0,12.0,-6.0,6.065301898776541,6.965734853316829,-0.900432954540288,"[6, 0, 0]",15,0
alice_wonderland,simples,en,sbert,250,82,21749,11,0.4772210121154785,2.3965920884156753,2.3975634935950363,0.0009714051793610068,-0.281918280661289,0.9994565299004178,0.9998616373254086,0.00040510742499078045,11,11.0,0,0.0,0.0678752987229129,0.07671686564887228,0.0,6.0,10.0,-4.0,5.105241543946688,5.193574855682799,-0.08833331173611114,"[6, 0, 0]",11,0
alice_wonderland,simples,en,sbert,250,83,21999,13,0.4772210121154785,2.5511954874838283,2.564246379995362,0.013050892511533796,-0.7942001604299425,0.9946377615847666,0.9996158311255251,0.004978069540758523,13,13.0,0,0.0,0.1571179525515744,0.10629386441640817,0.05082408813516623,4.0,11.0,-7.0,5.415920540801034,6.11562356581312,-0.6997030250120861,"[4, 0, 0]",13,0
alice_wonderland,simples,en,sbert,250,84,22259,25,0.4772210121154785,2.983854965770219,3.215903558616816,0.23204859284659696,-38.31728760398206,0.965323191381069,0.998789747792421,0.03346655641135199,22,25.0,1,0.0,0.23861050605773926,0.0823268174609516,0.15628368859678765,8.0,18.0,-10.0,7.1568929169244875,11.502328988615325,-4.345436071690838,"[6, 1, 0]",22,0
alice_wonderland,simples,en,sbert,250,85,22542,10,0.4772210121154785,2.300938441827998,2.3022935737186287,0.0013551318906306342,-0.11634925962868714,0.9992848684849659,0.9998668828285244,0.0005820143435585345,10,10.0,0,0.0,0.08727696912451721,0.08260405472171761,0.0046729144027995995,9.0,9.0,0.0,4.684933152030268,4.722102693973432,-0.037169541943163686,"[9, 0, 0]",10,0
alice_wonderland,simples,en,sbert,250,86,22812,14,0.4772210121154785,2.662802809732015,2.636345809418253,0.02645700031376208,5.062015682724015,0.9832915241557268,0.998840751467547,0.01554922731182018,15,14.0,1,0.0,0.07364080561239963,0.09468735244908599,0.0,9.0,12.0,-3.0,6.452598952057974,6.459001859862777,-0.006402907804803348,"[9, 0, 0]",15,0
alice_wonderland,simples,en,sbert,250,87,23112,19,0.4772210121154785,2.936479494230739,2.9421476646342217,0.005668170403482886,-1.0828850573108857,0.9802209363479075,0.9988453363033737,0.018624399955466164,20,19.0,1,0.0,0.11894936710158986,0.07995717699912452,0.03899219010246534,7.0,13.0,-6.0,7.768442782544248,8.711016279522834,-0.9425734969785857,"[7, 0, 0]",20,0
alice_wonderland,simples,en,sbert,250,88,23375,15,0.4772210121154785,2.696750369793495,2.706220501837404,0.009470132043909008,-0.8046238020289542,0.995827318376847,0.9993460892793193,0.0035187709024723235,15,15.0,0,0.0,0.13641600279378627,0.07915801212510801,0.05725799066867826,10.0,12.0,-2.0,6.71663094896927,6.965734853316829,-0.24910390434755936,"[10, 0, 0]",15,0
alice_wonderland,simples,en,sbert,250,89,23671,18,0.4772210121154785,2.8824440161657434,2.888130457415023,0.005686441249279639,-0.9999558304564226,0.9789450678246872,0.9986753872788445,0.019730319454157375,19,18.0,1,0.0,0.19087086043216428,0.09399727736026509,0.0968735830718992,6.0,14.0,-8.0,7.008882633994346,8.304634928548388,-1.2957522945540427,"[4, 1, 0]",19,0
alice_wonderland,simples,en,sbert,250,90,23925,15,0.4772210121154785,2.695707498788122,2.706220501837404,0.010513003049282155,-0.8932306798927959,0.9954422180545012,0.9993460892793193,0.0039038712248181673,15,15.0,0,0.0,0.15656913008889975,0.07915801212510801,0.07741111796379174,10.0,12.0,-2.0,6.675039592194113,6.965734853316829,-0.2906952611227158,"[10, 0, 0]",15,0
alice_wonderland,simples,en,sbert,250,91,24192,21,0.4772210121154785,3.03269907647062,3.0420973088223207,0.009398232351700564,-2.51732770703666,0.9961165136750827,0.9990364993631092,0.0029199856880265385,21,21.0,0,0.0,0.11835398486973292,0.07648123060634168,0.04187275426339124,9.0,15.0,-6.0,8.726778422825825,9.670879794081815,-0.9441013712559894,"[9, 0, 0]",21,0
alice_wonderland,simples,en,sbert,250,92,24482,7,0.4772210121154785,1.9310788477970664,1.945584377803471,0.014505530006404532,-2.3158455825611513,0.9923782188682005,0.9998325866936866,0.00745436782548603,7,7.0,0,0.0,0.17163140225953244,0.041660299906542964,0.12997110235298948,3.0,6.0,-3.0,2.9290244317277527,3.304461951815597,-0.37543752008784415,"[3, 0, 0]",7,0
alice_wonderland,simples,en,sbert,250,93,24738,18,0.4772210121154785,2.8606469545200546,2.888130457415023,0.02748350289496848,-4.8329504792951425,0.9549074127129266,0.9986753872788445,0.043767974565917966,20,18.0,2,0.0,0.17154960444547318,0.09399727736026509,0.0775523270852081,6.0,14.0,-8.0,7.593580794807684,8.304634928548388,-0.7110541337407046,"[6, 0, 0]",20,0
alice_wonderland,simples,en,sbert,250,94,24995,18,0.4772210121154785,2.8845053065859902,2.888130457415023,0.0036251508290328083,-0.6374796729385899,0.9979703471381673,0.9986753872788445,0.0007050401406771822,18,18.0,0,0.0,0.08673856970774596,0.09399727736026509,0.0,7.0,14.0,-7.0,7.877273442820959,8.304634928548388,-0.42736148572742927,"[7, 0, 0]",18,0
alice_wonderland,simples,en,sbert,250,95,25252,12,0.4772210121154785,2.4833896509197615,2.484126977263214,0.0007373263434526933,-0.13895379498047597,0.9993895147456069,0.9996373097794202,0.0002477950338133361,12,12.0,0,0.0,0.06311606188377245,0.07806086488254915,0.0,8.0,10.0,-2.0,5.5447979123088,5.6381015314591885,-0.09330361915038843,"[8, 0, 0]",12,0
alice_wonderland,simples,en,sbert,250,96,25515,13,0.4772210121154785,2.5646431123272433,2.564246379995362,0.00039673233188119994,0.024142784208002345,0.9998806038281408,0.9996158311255251,0.00026477270261571206,13,13.0,0,0.0,0.04342938378279604,0.10629386441640817,0.0,12.0,11.0,1.0,6.160443773718425,6.11562356581312,0.044820207905305054,"[12, 0, 0]",13,0
alice_wonderland,simples,en,sbert,250,97,25796,17,0.4772210121154785,2.8206492632924545,2.831323744419999,0.010674481127544322,-2.3533546365201286,0.9955654307536989,0.9991242303072436,0.003558799553544767,17,17.0,0,0.0,0.14224989145820757,0.08056106415236217,0.061688827305845406,5.0,13.0,-8.0,7.18277961770066,7.869951118462882,-0.6871715007622212,"[5, 0, 0]",17,0
alice_wonderland,simples,en,sbert,250,98,26059,7,0.4772210121154785,1.9107069378487487,1.945584377803471,0.034877439954722256,-5.568273976512622,0.9819091281148542,0.9998325866936866,0.017923458578832374,7,7.0,0,0.0,0.1995220249015009,0.041660299906542964,0.15786172499495793,3.0,6.0,-3.0,2.637003026828139,3.304461951815597,-0.6674589249874581,"[3, 0, 0]",7,0
alice_wonderland,simples,en,sbert,250,99,26311,6,0.4772210121154785,1.7869060291044747,1.7917594692280547,0.004853440123580022,-1.2695720225988718,0.9972912434916996,0.9999999999999999,0.0027087565083002696,6,6.0,0,0.0,0.11753598552878369,0.07745760845772631,0.04007837707105738,3.0,6.0,-3.0,2.653134675864109,2.863326072692871,-0.2101913968287623,"[3, 0, 0]",6,0
alice_wonderland,simples,en,sbert,400,0,0,23,0.4772210121154785,3.1397273713637945,3.1327372870289096,0.006990084334884905,1.1977656758104696,0.9879402738184724,0.9985173822760894,0.010577108457617057,24,23.0,1,0.0,0.09852283585929367,0.08692769994809904,0.011595135911194626,13.0,17.0,-4.0,9.891224366655775,10.556502217588726,-0.6652778509329504,"[11, 1, 0]",24,0
alice_wonderland,simples,en,sbert,400,1,402,19,0.4772210121154785,2.9518371626335056,2.9421476646342217,0.00968949799928387,1.8511462869607613,0.9853474520043107,0.9988453363033737,0.013497884299062957,20,19.0,1,0.0,0.07467261709142956,0.07995717699912452,0.0,10.0,13.0,-3.0,8.552675027171793,8.711016279522834,-0.15834125235104146,"[10, 0, 0]",20,0
alice_wonderland,simples,en,sbert,400,2,816,20,0.4772210121154785,2.984091401643143,2.9915990546949933,0.007507653051850305,-1.6295535820701617,0.996114181492915,0.9983754400197937,0.002261258526878751,20,20.0,0,0.0,0.09387315856335371,0.11262726759938521,0.0,10.0,14.5,-4.5,8.56071320373238,9.088918769988659,-0.528205566256279,"[10, 0, 0]",20,0
alice_wonderland,simples,en,sbert,400,3,1264,13,0.4772210121154785,2.552396858512935,2.564246379995362,0.011849521482427239,-0.7210918221910753,0.9951061416038932,0.9996158311255251,0.004509689521631888,13,13.0,0,0.0,0.1398190258566651,0.10629386441640817,0.03352516144025694,6.0,11.0,-5.0,5.430036013380823,6.11562356581312,-0.6855875524322972,"[6, 0, 0]",13,0
alice_wonderland,simples,en,sbert,400,4,1721,15,0.4772210121154785,2.696411453063657,2.706220501837404,0.009809048773746998,-0.8334196484299407,0.9957021668084972,0.9993460892793193,0.003643922470822125,15,15.0,0,0.0,0.14435817107030807,0.07915801212510801,0.06520015894520007,7.0,12.0,-5.0,6.412491251665127,6.965734853316829,-0.5532436016517019,"[7, 0, 0]",15,0
alice_wonderland,simples,en,sbert,400,5,2152,18,0.4772210121154785,2.884784962257294,2.888130457415023,0.0033454951577289727,-0.588302462310431,0.9797401075956297,0.9986753872788445,0.018935279683214845,19,18.0,1,0.0,0.09427037964979842,0.09399727736026509,0.00027310228953333904,9.0,14.0,-5.0,7.939149527311177,8.304634928548388,-0.36548540123721107,"[9, 0, 0]",19,0
alice_wonderland,simples,en,sbert,400,6,2572,21,0.4772210121154785,3.042772380817422,3.0420973088223207,0.0006750719951011952,0.18081883634269386,0.9994251785159088,0.9990364993631092,0.0003886791527996092,21,21.0,0,0.0,0.06430978643079543,0.07648123060634168,0.0,16.0,15.0,1.0,9.748494393527722,9.670879794081815,0.07761459944590676,"[16, 0, 0]",21,0
alice_wonderland,simples,en,sbert,400,7,2974,16,0.4772210121154785,2.7621482292634547,2.7700998165236004,0.007951587260145665,-1.6816639604081796,0.9962343881396545,0.9990564990373199,0.0028221108976653753,16,16.0,0,0.0,0.10558217555108895,0.09617791116386026,0.009404264387228689,11.0,12.0,-1.0,7.063786369436064,7.3897525723851,-0.32596620294903556,"[11, 0, 0]",16,0
alice_wonderland,simples,en,sbert,400,8,3410,19,0.4772210121154785,2.9381494543847197,2.9421476646342217,0.003998210249501977,-0.7638447377151072,0.9650608640551702,0.9988453363033737,0.03378447224820347,21,19.0,2,0.0,0.1667936445899863,0.07995717699912452,0.08683646759086178,11.0,13.0,-2.0,7.796645409407526,8.711016279522834,-0.9143708701153077,"[9, 1, 0]",21,0
alice_wonderland,simples,en,sbert,400,9,3820,23,0.4772210121154785,3.1207582225484254,3.1327372870289096,0.011979064480484247,-2.052637933341995,0.9695180529917482,0.9985173822760894,0.028999329284341235,25,23.0,2,0.0,0.1530780730723328,0.08692769994809904,0.06615037312423375,10.0,17.0,-7.0,9.235404206224064,10.556502217588726,-1.3210980113646613,"[8, 1, 0]",25,0
alice_wonderland,simples,en,sbert,400,10,4236,15,0.4772210121154785,2.6962829367580983,2.706220501837404,0.009937565079305877,-0.8443389553542838,0.9956547096729144,0.9993460892793193,0.0036913796064049764,15,15.0,0,0.0,0.15215373684997605,0.07915801212510801,0.07299572472486804,10.0,12.0,-2.0,6.678360385389859,6.965734853316829,-0.28737446792696986,"[10, 0, 0]",15,0
alice_wonderland,simples,en,sbert,400,11,4638,20,0.4772210121154785,3.006387791382876,2.9915990546949933,0.014788736687882498,3.209929744701241,0.9874743421601903,0.9983754400197937,0.01090109785960347,21,20.0,1,0.0,0.06369116812837278,0.11262726759938521,0.0,13.0,14.5,-1.5,9.006723073484581,9.088918769988659,-0.08219569650407799,"[11, 1, 0]",21,0
alice_wonderland,simples,en,sbert,400,12,5058,18,0.4772210121154785,2.89228843400549,2.888130457415023,0.004157976590466905,0.7311766273968644,0.9822884612213244,0.9986753872788445,0.016386926057520124,19,18.0,1,0.0,0.09634080629724234,0.09399727736026509,0.002343528936977257,5.0,14.0,-9.0,7.655968736931248,8.304634928548388,-0.6486661916171403,"[5, 0, 0]",19,0
alice_wonderland,simples,en,sbert,400,13,5461,25,0.4772210121154785,3.1962425296624817,3.215903558616816,0.019661028954334192,-3.2465497497391524,0.9810152929364818,0.998789747792421,0.017774454855939203,26,25.0,1,0.0,0.16887425779823242,0.0823268174609516,0.08654744033728082,6.0,18.0,-12.0,9.765770034811318,11.502328988615325,-1.736558953804007,"[6, 0, 0]",26,0
alice_wonderland,simples,en,sbert,400,14,5862,25,0.4772210121154785,3.204966270199611,3.215903558616816,0.010937288417204982,-1.8060321795047292,0.9956787538801193,0.998789747792421,0.0031109939123017405,25,25.0,0,0.0,0.11503005201013136,0.0823268174609516,0.032703234549179755,10.0,18.0,-8.0,10.398452359977856,11.502328988615325,-1.1038766286374688,"[10, 0, 0]",25,0
alice_wonderland,simples,en,sbert,400,15,6272,19,0.4772210121154785,2.9403801422799924,2.9421476646342217,0.0017675223542292784,-0.3376792526706228,0.9986215245365361,0.9988453363033737,0.00022381176683761161,19,19.0,0,0.0,0.06395868508439001,0.07995717699912452,0.0,12.0,13.0,-1.0,8.647445890798807,8.711016279522834,-0.06357038872402754,"[12, 0, 0]",19,0
alice_wonderland,simples,en,sbert,400,16,6678,21,0.4772210121154785,3.0291726273969353,3.0420973088223207,0.012924681425385387,-3.461891283296219,0.9799841552178744,0.9990364993631092,0.019052344145234823,22,21.0,1,0.0,0.18024384116372316,0.07648123060634168,0.10376261055738148,12.0,15.0,-3.0,9.291601565279922,9.670879794081815,-0.3792782288018923,"[10, 1, 0]",22,0
alice_wonderland,simples,en,sbert,400,17,7097,27,0.4772210121154785,3.2809783321585484,3.2935380801163707,0.012559747957822331,-2.298860773572413,0.9846269405553496,0.9975552622200075,0.01292832166465785,28,27.0,1,0.0,0.17358520277310152,0.0928885154005212,0.08069668737258032,11.0,19.0,-8.0,11.432080601445136,12.32140057895405,-0.8893199775089133,"[9, 1, 0]",28,0
alice_wonderland,simples,en,sbert,400,18,7523,18,0.4772210121154785,2.912812998004025,2.888130457415023,0.024682540589001878,4.340403653264929,0.9567388835478955,0.9986753872788445,0.04193650373094904,21,18.0,3,0.0,0.13136183980499855,0.09399727736026509,0.03736456244473346,5.0,14.0,-9.0,7.385461417960071,8.304634928548388,-0.9191735105883172,"[5, 0, 0]",21,0
alice_wonderland,simples,en,sbert,400,19,7938,12,0.4772210121154785,2.4612993578007982,2.484126977263214,0.02282761946241596,-4.302008714105282,0.9904997268250636,0.9996373097794202,0.009137582954356627,12,12.0,0,0.0,0.20489135923412974,0.07806086488254915,0.12683049435158059,7.0,10.0,-3.0,5.150872500991162,5.6381015314591885,-0.48722903046802646,"[7, 0, 0]",12,0
alice_wonderland,simples,en,sbert,400,20,8366,17,0.4772210121154785,2.8259724817793987,2.831323744419999,0.005351262640600041,-1.179768702199222,0.997444293317336,0.9991242303072436,0.0016799369899076488,17,17.0,0,0.0,0.09960386923904765,0.08056106415236217,0.019042805086685488,14.0,13.0,1.0,7.74723843552026,7.869951118462882,-0.1227126829426215,"[14, 0, 0]",17,0
alice_wonderland,simples,en,sbert,400,21,8775,28,0.4772210121154785,3.314475967773152,3.3276826258466077,0.013206658073455557,-1.3633166483534664,0.9479390247287263,0.9975149616046721,0.04957593687594586,33,28.0,5,0.0,0.21219365671650042,0.08537216299768219,0.12682149371881823,8.0,19.0,-11.0,9.443352273819448,12.672313469111579,-3.228961195292131,"[6, 1, 0]",33,0
alice_wonderland,simples,en,sbert,400,22,9206,20,0.4772210121154785,2.9685312936462616,2.9915990546949933,0.02306776104873176,-5.00691126610267,0.9909200898398509,0.9983754400197937,0.00745535017994281,20,20.0,0,0.0,0.15770662879087377,0.11262726759938521,0.04507936119148856,8.0,14.5,-6.5,7.98216903311218,9.088918769988659,-1.1067497368764787,"[8, 0, 0]",20,0
alice_wonderland,simples,en,sbert,400,23,9606,15,0.4772210121154785,2.6993822498002213,2.706220501837404,0.0068382520371828015,-0.581007775591596,0.9967991910569233,0.9993460892793193,0.0025468982223960657,15,15.0,0,0.0,0.13896323720126652,0.07915801212510801,0.059805225076158514,2.0,12.0,-10.0,5.940489677050374,6.965734853316829,-1.0252451762664547,"[2, 0, 0]",15,0
alice_wonderland,simples,en,sbert,400,24,10014,24,0.4772210121154785,3.1417785915382512,3.174504404532987,0.03272581299473565,-6.17744696150078,0.9642988029587771,0.9985726719057861,0.03427386894700901,26,24.0,2,0.0,0.17671694046918937,0.08283015741882346,0.09388678305036591,11.0,18.0,-7.0,9.298649807586882,10.993158474721326,-1.6945086671344445,"[9, 1, 0]",26,0
alice_wonderland,simples,en,sbert,400,25,10423,19,0.4772210121154785,2.929515490976549,2.9421476646342217,0.012632173657672663,-2.4133346603067105,0.9949316361128612,0.9988453363033737,0.003913700190512515,19,19.0,0,0.0,0.1230320148548234,0.07995717699912452,0.04307483785569888,11.0,13.0,-2.0,8.137894255111798,8.711016279522834,-0.5731220244110364,"[11, 0, 0]",19,0
alice_wonderland,simples,en,sbert,400,26,10845,19,0.4772210121154785,2.9064661623492007,2.9421476646342217,0.03568150228502098,-6.816832045682888,0.9871035477094555,0.9988453363033737,0.011741788593918168,19,19.0,0,0.0,0.17623328756246198,0.07995717699912452,0.09627611056333746,11.0,13.0,-2.0,8.079992372765794,8.711016279522834,-0.63102390675704,"[11, 0, 0]",19,0
alice_wonderland,simples,en,sbert,400,27,11256,23,0.4772210121154785,3.1345002157162503,3.1327372870289096,0.0017629286873406258,0.3020815442898339,0.986295507578949,0.9985173822760894,0.012221874697140422,24,23.0,1,0.0,0.07333910629597379,0.08692769994809904,0.0,13.0,17.0,-4.0,10.172533339515043,10.556502217588726,-0.3839688780736825,"[13, 0, 0]",24,0
alice_wonderland,simples,en,sbert,400,28,11665,18,0.4772210121154785,2.8861320560840986,2.888130457415023,0.0019984013309244375,-0.35141716494528336,0.9985331638393976,0.9986753872788445,0.00014222343944692017,18,18.0,0,0.0,0.07306804236045868,0.09399727736026509,0.0,12.0,14.0,-2.0,8.251095719870417,8.304634928548388,-0.05353920867797157,"[12, 0, 0]",18,0
alice_wonderland,simples,en,sbert,400,29,12112,17,0.4772210121154785,2.7534112038183016,2.831323744419999,0.07791254060169717,-17.177025887931666,0.9930831723191937,0.9991242303072436,0.0060410579880498805,16,17.0,0,0.0,0.1904844971907891,0.08056106415236217,0.10992343303842694,7.0,13.0,-6.0,6.606959099089626,7.869951118462882,-1.2629920193732556,"[7, 0, 0]",16,0
alice_wonderland,simples,en,sbert,400,30,12514,21,0.4772210121154785,3.0379802451917657,3.0420973088223207,0.0041170636305549735,-1.1027603873779162,0.9978511596923723,0.9990364993631092,0.0011853396707369734,21,21.0,0,0.0,0.08436698903400855,0.07648123060634168,0.007885758427666867,10.0,15.0,-5.0,9.07145474462039,9.670879794081815,-0.5994250494614253,"[10, 0, 0]",21,0
alice_wonderland,simples,en,sbert,400,31,12926,30,0.4772210121154785,3.4285448950807655,3.3984980970806316,0.03004679800013399,3.1110397466997717,0.9358501988639489,0.9961588035167303,0.06030860465278132,39,30.0,9,0.0,0.199634679513395,0.08410111665154091,0.1155335628618541,8.0,20.5,-12.5,10.67414430617478,13.631060008426257,-2.956915702251477,"[4, 2, 0]",39,0
alice_wonderland,simples,en,sbert,400,32,13334,23,0.4772210121154785,3.1391508086720963,3.1327372870289096,0.006413521643186648,1.0989704440244088,0.9752320311395147,0.9985173822760894,0.023285351136574706,25,23.0,2,0.0,0.07051845963680828,0.08692769994809904,0.0,19.0,17.0,2.0,10.371805693477215,10.556502217588726,-0.18469652411151039,"[15, 2, 0]",25,0
alice_wonderland,simples,en,sbert,400,33,13741,24,0.4772210121154785,3.1589437341719657,3.174504404532987,0.015560670361021156,-2.9372903846901623,0.9939868557311732,0.9985726719057861,0.0045858161746129555,24,24.0,0,0.0,0.15344089246555095,0.08283015741882346,0.07061073504672749,2.0,18.0,-16.0,9.420545286730338,10.993158474721326,-1.5726131879909886,"[2, 0, 0]",24,0
alice_wonderland,simples,en,sbert,400,34,14145,30,0.4772210121154785,3.4260621595793435,3.3984980970806316,0.027564062498711905,2.8539777853742336,0.9715575408876449,0.9961588035167303,0.024601262629085352,34,30.0,4,0.0,0.12256944034155803,0.08410111665154091,0.038468323690017125,12.0,20.5,-8.5,12.323303078309237,13.631060008426257,-1.3077569301170193,"[8, 2, 0]",34,0
alice_wonderland,simples,en,sbert,400,35,14556,31,0.4772210121154785,3.42021870613741,3.4287966476555356,0.00857794151812552,-1.2864710103608494,0.9959905213596157,0.9961706453412185,0.00018012398160272003,31,31.0,0,0.0,0.09007848462992266,0.08425026876354463,0.005828215866378023,14.0,21.0,-7.0,13.2623659373605,13.943797123455303,-0.6814311860948035,"[14, 0, 0]",31,0
alice_wonderland,simples,en,sbert,400,36,14956,26,0.4772210121154785,3.2498714762708314,3.25504697869723,0.005175502426398637,-0.6710561202828623,0.9860534997324599,0.998132613542465,0.012079113810005038,27,26.0,1,0.0,0.13277636074202384,0.07987014981534926,0.05290621092667458,9.0,19.0,-10.0,10.533283431374414,11.814783934221223,-1.281500502846809,"[9, 0, 0]",27,0
alice_wonderland,simples,en,sbert,400,37,15364,21,0.4772210121154785,3.0349638415745166,3.0420973088223207,0.0071334672478040595,-1.9107076818425783,0.9818577024968156,0.9990364993631092,0.017178796866293644,22,21.0,1,0.0,0.14778437705319356,0.07648123060634168,0.07130314644685187,12.0,15.0,-3.0,9.175343497837034,9.670879794081815,-0.4955362962447811,"[12, 0, 0]",22,0
alice_wonderland,simples,en,sbert,400,38,15786,19,0.4772210121154785,2.9385881131829494,2.9421476646342217,0.0035595514512722914,-0.6800404368477592,0.9980129097512671,0.9988453363033737,0.0008324265521065799,19,19.0,0,0.0,0.07196473236660683,0.07995717699912452,0.0,11.0,13.0,-2.0,8.392838047908123,8.711016279522834,-0.31817823161471104,"[11, 0, 0]",19,0
alice_wonderland,simples,en,sbert,400,39,16197,22,0.4772210121154785,3.1261132783097834,3.0882159302019825,0.03789734810780088,5.854170366763512,0.9711816946022714,0.9983150443988962,0.02713334979662474,25,22.0,3,0.0,0.1446775311127723,0.07240561474306714,0.07227191636970515,10.0,16.0,-6.0,9.069448969753148,10.077941517390759,-1.0084925476376103,"[10, 0, 0]",25,0
alice_wonderland,simples,en,sbert,400,40,16630,26,0.4772210121154785,3.27636495348797,3.25504697869723,0.021317974790739935,2.764090570684226,0.9540993481888036,0.998132613542465,0.044033265353661366,31,26.0,5,0.0,0.16676628757514247,0.07987014981534926,0.08689613775979321,12.0,19.0,-7.0,9.984971572869343,11.814783934221223,-1.8298123613518804,"[6, 3, 0]",31,0
alice_wonderland,simples,en,sbert,400,41,17048,13,0.4772210121154785,2.557988148477257,2.564246379995362,0.006258231518105006,-0.380838971073756,0.9972860247848445,0.9996158311255251,0.0023298063406805847,13,13.0,0,0.0,0.10438280241483794,0.10629386441640817,0.0,7.0,11.0,-4.0,5.720147930668871,6.11562356581312,-0.39547563514424944,"[7, 0, 0]",13,0
alice_wonderland,simples,en,sbert,400,42,17487,21,0.4772210121154785,3.024525458893818,3.0420973088223207,0.01757184992850247,-4.706640890923013,0.9934318175547565,0.9990364993631092,0.005604681808352718,21,21.0,0,0.0,0.18024384116372316,0.07648123060634168,0.10376261055738148,7.0,15.0,-8.0,8.546948644605447,9.670879794081815,-1.123931149476368,"[7, 0, 0]",21,0
alice_wonderland,simples,en,sbert,400,43,17887,15,0.4772210121154785,2.7012431235167527,2.706220501837404,0.004977378320651482,-0.4228998127935255,0.9974863547275871,0.9993460892793193,0.0018597345517322728,15,15.0,0,0.0,0.11065131057261421,0.07915801212510801,0.0314932984475062,9.0,12.0,-3.0,6.63537352305055,6.965734853316829,-0.3303613302662791,"[9, 0, 0]",15,0
alice_wonderland,simples,en,sbert,400,44,18312,19,0.4772210121154785,2.92686785408532,2.9421476646342217,0.015279810548901818,-2.919156860877,0.9940324370090717,0.9988453363033737,0.004812899294301953,19,19.0,0,0.0,0.13647946190333385,0.07995717699912452,0.056522284904209324,7.0,13.0,-6.0,7.796780584664912,8.711016279522834,-0.914235694857922,"[7, 0, 0]",19,0
alice_wonderland,simples,en,sbert,400,45,18716,22,0.4772210121154785,3.135132069256471,3.0882159302019825,0.046916139054488326,7.2473427479535495,0.9217730456220511,0.9983150443988962,0.07654199877684509,30,22.0,8,0.0,0.12107212631371003,0.07240561474306714,0.04866651157064289,11.0,16.0,-5.0,8.944651519459658,10.077941517390759,-1.1332899979311009,"[5, 3, 0]",30,0
alice_wonderland,simples,en,sbert,400,46,19127,20,0.4772210121154785,2.997351907241784,2.9915990546949933,0.005752852546790699,1.248670045086036,0.9845064270516886,0.9983754400197937,0.013869012968105165,21,20.0,1,0.0,0.11357147663133987,0.11262726759938521,0.0009442090319546625,7.0,14.5,-7.5,8.167334828269453,9.088918769988659,-0.9215839417192058,"[5, 1, 0]",21,0
alice_wonderland,simples,en,sbert,400,47,19535,24,0.4772210121154785,3.1359465369608692,3.174504404532987,0.038557867572117654,-7.278327414314912,0.9867506041008542,0.9985726719057861,0.01182206780493189,24,24.0,1,0.0,0.1708942751170938,0.08283015741882346,0.08806411769827033,7.0,18.0,-11.0,8.731899717277152,10.993158474721326,-2.2612587574441747,"[7, 0, 0]",24,0
alice_wonderland,simples,en,sbert,400,48,19948,32,0.4772210121154785,3.4367096199554252,3.464099604809853,0.027389984854427674,-3.5593591677572567,0.9828978086104939,0.9900518307075299,0.0071540220970359725,33,33.0,1,1.0,0.17224999953012543,0.08314935306851098,0.08910064646161445,7.0,21.0,-14.0,11.765881263199846,14.308975131480352,-2.543093868280506,"[7, 0, 0]",33,0
alice_wonderland,simples,en,sbert,400,49,20365,23,0.4772210121154785,3.097007547142957,3.1327372870289096,0.03572973988595285,-6.122366196277839,0.987725485637744,0.9985173822760894,0.010791896638345455,23,23.0,0,0.0,0.19707682318789913,0.08692769994809904,0.11014912323980008,7.0,17.0,-10.0,8.732386720400111,10.556502217588726,-1.8241154971886147,"[7, 0, 0]",23,0
alice_wonderland,simples,en,sbert,400,50,20771,27,0.4772210121154785,3.1292858205986303,3.2935380801163707,0.16425225951774047,-30.063746314335955,0.9604644258021053,0.9975552622200075,0.03709083641790212,26,27.0,1,0.0,0.2060369456970385,0.0928885154005212,0.1131484302965173,9.0,19.0,-10.0,9.474743249124227,12.32140057895405,-2.8466573298298226,"[9, 0, 0]",26,0
alice_wonderland,simples,en,sbert,400,51,21190,33,0.4772210121154785,3.4723357474694962,3.4935185006026455,0.021182753133149212,-2.165482007133919,0.9689737398082471,0.9932218757804481,0.02424813597220099,36,33.5,3,0.5,0.1667209844023926,0.08300430161897485,0.08371668278341776,11.0,21.0,-10.0,12.332994198431987,14.728578859642113,-2.395584661210126,"[9, 1, 0]",36,0
alice_wonderland,simples,en,sbert,400,52,21615,20,0.4772210121154785,2.9641599848774423,2.9915990546949933,0.027439069817551065,-5.955714016225578,0.9894609111250476,0.9983754400197937,0.008914528894746088,20,20.0,0,0.0,0.18749016928692486,0.11262726759938521,0.07486290168753965,8.0,14.5,-6.5,8.325176358434646,9.088918769988659,-0.7637424115540128,"[8, 0, 0]",20,0
alice_wonderland,simples,en,sbert,400,53,22015,28,0.4772210121154785,3.21725550390296,3.3276826258466077,0.11042712194364768,-11.399336072622512,0.9874647562949982,0.9975149616046721,0.010050205309673932,26,28.0,0,0.0,0.1936558277661531,0.08537216299768219,0.1082836647684709,8.0,19.0,-11.0,10.090726788360243,12.672313469111579,-2.581586680751336,"[8, 0, 0]",26,0
alice_wonderland,simples,en,sbert,400,54,22420,20,0.4772210121154785,2.919163145255622,2.9915990546949933,0.0724359094393714,-15.722382864821688,0.9914157385873306,0.9983754400197937,0.006959701432463161,19,20.0,0,0.0,0.18876341421260215,0.11262726759938521,0.07613614661321694,15.0,14.5,0.5,8.24189055188039,9.088918769988659,-0.8470282181082691,"[15, 0, 0]",19,0
alice_wonderland,simples,en,sbert,400,55,22850,23,0.4772210121154785,3.1451424689502767,3.1327372870289096,0.012405181921367081,2.125654054478974,0.9896441774889427,0.9985173822760894,0.008873204787146705,24,23.0,1,0.0,0.08960509163237895,0.08692769994809904,0.0026773916842799117,11.0,17.0,-6.0,10.13421173438513,10.556502217588726,-0.4222904832035965,"[11, 0, 0]",24,0
alice_wonderland,simples,en,sbert,400,56,23261,24,0.4772210121154785,3.179586309912174,3.174504404532987,0.00508190537918729,0.9592794821734446,0.9877940258979592,0.9985726719057861,0.010778646007826964,25,24.0,1,0.0,0.12250945607544655,0.08283015741882346,0.03967929865662309,11.0,18.0,-7.0,10.270429677409654,10.993158474721326,-0.7227287973116727,"[11, 0, 0]",25,0
alice_wonderland,simples,en,sbert,400,57,23671,28,0.4772210121154785,3.309550344442772,3.3276826258466077,0.018132281403835826,-1.871786259096453,0.9828510803745051,0.9975149616046721,0.014663881230167042,29,28.0,1,0.0,0.17567845672258167,0.08537216299768219,0.09030629372489948,12.0,19.0,-7.0,10.999504698618285,12.672313469111579,-1.672808770493294,"[10, 1, 0]",29,0
alice_wonderland,simples,en,sbert,400,58,24072,26,0.4772210121154785,3.247833892076608,3.25504697869723,0.007213086620621922,-0.9352494741784794,0.9854352700454143,0.998132613542465,0.01269734349705065,27,26.0,1,0.0,0.14005252757453485,0.07987014981534926,0.060182377759185585,10.0,19.0,-9.0,10.570338985518642,11.814783934221223,-1.244444948702581,"[10, 0, 0]",27,0
alice_wonderland,simples,en,sbert,400,59,24482,17,0.4772210121154785,2.786423181714227,2.831323744419999,0.04490056270577192,-9.899024239532281,0.9834851256647685,0.9991242303072436,0.015639104642475088,17,17.0,0,0.0,0.18734765364238196,0.08056106415236217,0.10678658949001979,7.0,13.0,-6.0,7.035695557436601,7.869951118462882,-0.8342555610262803,"[7, 0, 0]",17,0
alice_wonderland,simples,en,sbert,400,60,24911,32,0.4772210121154785,3.4638370222182786,3.464099604809853,0.00026258259157430075,-0.03412290147587875,0.9822696794722404,0.9900518307075299,0.0077821512352894695,34,33.0,2,1.0,0.07681246717573263,0.08314935306851098,0.0,12.0,21.0,-9.0,13.98084479484136,14.308975131480352,-0.32813033663899205,"[10, 1, 0]",34,0
alice_wonderland,simples,en,sbert,400,61,25333,17,0.4772210121154785,2.826122452595006,2.831323744419999,0.0052012918249926265,-1.1467053139150174,0.9974972264351056,0.9991242303072436,0.0016270038721379887,17,17.0,0,0.0,0.10539558537826757,0.08056106415236217,0.024834521225905404,11.0,13.0,-2.0,7.66136732361602,7.869951118462882,-0.20858379484686207,"[11, 0, 0]",17,0
alice_wonderland,simples,en,sbert,400,62,25741,23,0.4772210121154785,3.1326691356647163,3.1327372870289096,6.815136419335843e-05,-0.0116778798194296,0.9615028588339702,0.9985173822760894,0.037014523442119196,26,23.0,3,0.0,0.1660883572540934,0.08692769994809904,0.07916065730599436,13.0,17.0,-4.0,9.302940386421183,10.556502217588726,-1.2535618311675432,"[7, 3, 0]",26,0
alice_wonderland,simples,en,sbert,400,63,26186,9,0.4772210121154785,2.1912965517697476,2.1966527710017165,0.0053562192319689395,-1.0576972253433223,0.9973020392964752,0.9997397597221508,0.0024377204256755824,9,9.0,0,0.0,0.11621920185469287,0.09620808332230434,0.02001111853238853,2.0,8.0,-6.0,3.620899192391365,4.244939755745701,-0.624040563354336,"[2, 0, 0]",9,0
dom_casmurro,intermediario,pt,sbert,150,0,0,8,0.4684576392173767,2.0763904767543044,2.0794415416798357,0.0030510649255313105,-2.366374527640094,0.9985327479208352,1.0,0.0014672520791647603,8,8.0,0,0.0,0.10428885587474418,0.0019702165700903884,0.10231863930465379,7.0,8.0,-1.0,3.6433722578642698,3.7476611137390137,-0.1042888558747439,"[7, 0, 0]",8,0
dom_casmurro,intermediario,pt,sbert,150,1,175,7,0.4684576392173767,1.9454228553881923,1.945910149055313,0.0004872936671207473,-0.16377029455017394,0.9997495805922193,0.9999999999999999,0.0002504194077805888,7,7.0,0,0.0,0.03709135884136561,0.015482306892943692,0.021609051948421915,4.0,7.0,-3.0,3.2100962511915245,3.279203474521637,-0.06910722333011243,"[4, 0, 0]",7,0
dom_casmurro,intermediario,pt,sbert,150,2,331,11,0.4684576392173767,2.3922450147521506,2.397796524733268,0.0055515099811174196,-3.2468855893386763,0.9976436593748207,0.9999588188582615,0.002315159483440854,11,11.0,0,0.0,0.13513300894125896,0.04740378292245889,0.08772922601880007,6.0,10.0,-4.0,4.867646105971997,5.129757903063682,-0.2621117970916851,"[6, 0, 0]",11,0
dom_casmurro,intermediario,pt,sbert,150,3,503,12,0.4684576392173767,2.484906649788001,2.4846408032786127,0.0002658465093881013,0.108917276850141,1.0000000000000002,0.9998930154944008,0.00010698450559942785,12,12.0,0,0.0,0.038361460083766535,0.04488128847683767,0.0,12.0,11.0,1.0,5.6214916706085205,5.579095788271219,0.04239588233730185,"[12, 0, 0]",12,0
dom_casmurro,intermediario,pt,sbert,150,4,677,7,0.4684576392173767,1.945910149055313,1.945910149055313,0.0,0.0,0.9999999999999999,0.9999999999999999,0.0,7,7.0,0,0.0,1.3662254764250935e-308,0.015482306892943692,0.0,7.0,7.0,0.0,3.279203474521637,3.279203474521637,0.0,"[7, 0, 0]",7,0
dom_casmurro,intermediario,pt,sbert,150,5,841,9,0.4684576392173767,2.1967218729451043,2.1972245773362196,0.0005027043911152163,-0.8202917433348622,0.9997712093719047,1.0,0.00022879062809533224,9,9.0,0,0.0,0.046227343050981806,0.003484248949906621,0.042743094101075185,7.0,9.0,-2.0,4.159835261480529,4.21611875295639,-0.056283491475861425,"[7, 0, 0]",9,0
dom_casmurro,intermediario,pt,sbert,150,6,1008,9,0.4684576392173767,2.197222062366143,2.1972245773362196,2.5149700766391447e-06,-0.004103821699318535,0.9999988553877912,1.0,1.1446122087921395e-06,9,9.0,0,0.0,0.0033373597476686334,0.003484248949906621,0.0,8.0,9.0,-1.0,4.212781393208722,4.21611875295639,-0.003337359747668245,"[8, 0, 0]",9,0
dom_casmurro,intermediario,pt,sbert,150,7,1168,8,0.4684576392173767,2.0794415416798357,2.0794415416798357,0.0,0.0,1.0,1.0,0.0,8,8.0,0,0.0,1.8148417159407765e-308,0.0019702165700903884,0.0,8.0,8.0,0.0,3.7476611137390137,3.7476611137390137,0.0,"[8, 0, 0]",8,0
dom_casmurro,intermediario,pt,sbert,150,8,1321,9,0.4684576392173767,2.1926542814789047,2.1972245773362196,0.004570295857314832,-7.45761529561345,0.997919968716691,1.0,0.002080031283309025,9,9.0,0,0.0,0.1050385148717714,0.003484248949906621,0.10155426592186478,7.0,9.0,-2.0,4.015820547120074,4.21611875295639,-0.20029820583631608,"[7, 0, 0]",9,0
dom_casmurro,intermediario,pt,sbert,150,9,1492,8,0.4684576392173767,2.077584789672769,2.0794415416798357,0.0018567520070669197,-1.4400777305329384,0.9991070910290814,1.0,0.0008929089709186488,8,8.0,0,0.0,0.06717379664889245,0.0019702165700903884,0.06520358007880206,6.0,8.0,-2.0,3.6222168577407783,3.7476611137390137,-0.1254442559982354,"[6, 0, 0]",8,0
dom_casmurro,intermediario,pt,sbert,150,10,1648,16,0.4684576392173767,2.7636199237684167,2.7720171714939292,0.008397247725512536,-5.994983515713355,0.9967651897306575,0.9997938566433358,0.003028666912678224,16,16.0,0,0.0,0.135782613643297,0.06295840465770125,0.07282420898559575,12.0,14.0,-2.0,7.008366474055197,7.408727349076964,-0.4003608750217662,"[12, 0, 0]",16,0
dom_casmurro,intermediario,pt,sbert,150,11,1805,11,0.4684576392173767,2.3965565431186677,2.397796524733268,0.0012399816146002607,-0.7252222276794166,0.9994417063602029,0.9999588188582615,0.0005171124980586361,11,11.0,0,0.0,0.05961601809125408,0.04740378292245889,0.012212235168795188,8.0,10.0,-2.0,5.039685451484006,5.129757903063682,-0.09007245157967603,"[8, 0, 0]",11,0
dom_casmurro,intermediario,pt,sbert,150,12,1976,9,0.4684576392173767,2.1949456035718686,2.1972245773362196,0.0022789737643509334,-3.7187329078758378,0.9989627943416172,1.0,0.0010372056583828337,9,9.0,0,0.0,0.09553774984212704,0.003484248949906621,0.09205350089222042,8.0,9.0,-1.0,4.120581003114263,4.21611875295639,-0.09553774984212726,"[8, 0, 0]",9,0
dom_casmurro,intermediario,pt,sbert,150,13,2127,9,0.4684576392173767,2.1972245773362196,2.1972245773362196,0.0,0.0,1.0,1.0,0.0,9,9.0,0,0.0,1.9055049745194046e-308,0.003484248949906621,0.0,9.0,9.0,0.0,4.21611875295639,4.21611875295639,0.0,"[9, 0, 0]",9,0
dom_casmurro,intermediario,pt,sbert,150,14,2291,9,0.4684576392173767,2.1972245773362196,2.1972245773362196,0.0,0.0,1.0,1.0,0.0,9,9.0,0,0.0,1.9055049745194046e-308,0.003484248949906621,0.0,9.0,9.0,0.0,4.21611875295639,4.21611875295639,0.0,"[9, 0, 0]",9,0
dom_casmurro,intermediario,pt,sbert,150,15,2466,11,0.4684576392173767,2.397578215108227,2.397796524733268,0.00021830962504099105,-0.12768172586746382,0.99986777667326,0.9999588188582615,9.104218500155525e-05,11,11.0,0,0.0,0.03802747607372209,0.04740378292245889,0.0,9.0,10.0,-1.0,5.097563468079862,5.129757903063682,-0.03219443498382013,"[9, 0, 0]",11,0
dom_casmurro,intermediario,pt,sbert,150,16,2628,10,0.4684576392173767,2.3025729904429273,2.3025850496943616,1.2059251434326512e-05,-0.005557886898656326,0.9999947439288323,0.9999999811951861,5.237266353819159e-06,10,10.0,0,0.0,0.007653143433913712,0.03907128420038736,0.0,9.0,9.5,-0.5,4.676923248739853,4.684251566122504,-0.007328317382651051,"[9, 0, 0]",10,0
dom_casmurro,intermediario,pt,sbert,150,17,2782,8,0.4684576392173767,2.0730563632300467,2.0794415416798357,0.006385178449789031,-4.952278632807536,0.9969293782384328,1.0,0.0030706217615672493,8,8.0,0,0.0,0.1477683883561025,0.0019702165700903884,0.14579817178601212,6.0,8.0,-2.0,3.584629312535408,3.7476611137390137,-0.16303180120360583,"[6, 0, 0]",8,0
dom_casmurro,intermediario,pt,sbert,150,18,2953,15,0.4684576392173767,2.708038638036926,2.707646449155962,0.00039218888096392845,0.16335842160032094,0.9999957301141319,0.9998509067719337,0.00014482334219823034,15,15.0,0,0.0,0.04039088569299884,0.050183425525858694,0.0,14.0,13.5,0.5,7.017870043608235,6.960873085697941,0.05699695791029402,"[14, 0, 0]",15,0
dom_casmurro,intermediario,pt,sbert,150,19,3113,8,0.4684576392173767,2.0794415416798357,2.0794415416798357,0.0,0.0,1.0,1.0,0.0,8,8.0,0,0.0,1.8148417159407765e-308,0.0019702165700903884,0.0,8.0,8.0,0.0,3.7476611137390137,3.7476611137390137,0.0,"[8, 0, 0]",8,0
dom_casmurro,intermediario,pt,sbert,150,20,3283,10,0.4684576392173767,2.3025082711869573,2.3025850496943616,7.677850740428482e-05,-0.03538580008258152,0.9999666367130916,0.9999999811951861,3.3344482094466166e-05,10,10.0,0,0.0,0.019169643970865013,0.03907128420038736,0.0,9.0,9.5,-0.5,4.665406748202902,4.684251566122504,-0.01884481791960191,"[9, 0, 0]",10,0
dom_casmurro,intermediario,pt,sbert,150,21,3462,10,0.4684576392173767,2.3021548934170446,2.3025850496943616,0.00043015627731701755,-0.19825110630579942,0.9998131666975912,0.9999999811951861,0.00018681449759483382,10,10.0,0,0.0,0.036857164122003794,0.03907128420038736,0.0,8.0,9.5,-1.5,4.6178226224075,4.684251566122504,-0.06642894371500407,"[8, 0, 0]",10,0
dom_casmurro,intermediario,pt,sbert,150,22,3630,11,0.4684576392173767,2.3978952727983707,2.397796524733268,9.874806510268286e-05,0.057754317410493534,1.0,0.9999588188582615,4.118114173845555e-05,11,11.0,0,0.0,0.022645212977117912,0.04740378292245889,0.0,11.0,10.0,1.0,5.153034031391144,5.129757903063682,0.02327612832746162,"[11, 0, 0]",11,0
dom_casmurro,intermediario,pt,sbert,150,23,3787,7,0.4684576392173767,1.945910149055313,1.945910149055313,0.0,0.0,0.9999999999999999,0.9999999999999999,0.0,7,7.0,0,0.0,1.3662254764250935e-308,0.015482306892943692,0.0,7.0,7.0,0.0,3.279203474521637,3.279203474521637,0.0,"[7, 0, 0]",7,0
dom_casmurro,intermediario,pt,sbert,150,24,3938,8,0.4684576392173767,2.0783349095403283,2.0794415416798357,0.0011066321395074574,-0.8582924881358551,0.9994678224334147,1.0,0.0005321775665853012,8,8.0,0,0.0,0.05083093437770814,0.0019702165700903884,0.04886071780761775,5.0,8.0,-3.0,3.6432011166366207,3.7476611137390137,-0.10445999710239295,"[5, 0, 0]",8,0
dom_casmurro,intermediario,pt,sbert,150,25,4114,7,0.4684576392173767,1.945910149055313,1.945910149055313,0.0,0.0,0.9999999999999999,0.9999999999999999,0.0,7,7.0,0,0.0,1.3662254764250935e-308,0.015482306892943692,0.0,7.0,7.0,0.0,3.279203474521637,3.279203474521637,0.0,"[7, 0, 0]",7,0
dom_casmurro,intermediario,pt,sbert,150,26,4267,9,0.4684576392173767,2.193904851122065,2.1972245773362196,0.0033197262141544392,-5.416988695010349,0.9984891274891076,1.0,0.001510872510892436,9,9.0,0,0.0,0.09680055014822114,0.003484248949906621,0.09331630119831452,5.0,9.0,-4.0,3.963254070724524,4.21611875295639,-0.2528646822318663,"[5, 0, 0]",9,0
dom_casmurro,intermediario,pt,sbert,150,27,4445,6,0.4684576392173767,1.7917434820899008,1.7917594692280547,1.5987138153983338e-05,-0.007122365840415522,0.999991077408308,0.9999999999999999,8.922591691939985e-06,6,6.0,0,0.0,0.007077947935138051,1.410795150630304e-308,0.007077947935138051,5.0,6.0,-1.0,2.803667887369122,2.8107458353042603,-0.0070779479351381624,"[5, 0, 0]",6,0
dom_casmurro,intermediario,pt,sbert,150,28,4598,10,0.4684576392173767,2.3021055229724214,2.3025850496943616,0.0004795267219401822,-0.22100503500910693,0.9997917253859223,0.9999999811951861,0.00020825580926375764,10,10.0,0,0.0,0.04720562595875938,0.03907128420038736,0.008134341758372021,9.0,9.5,-0.5,4.637370766215008,4.684251566122504,-0.046880799907496495,"[9, 0, 0]",10,0
dom_casmurro,intermediario,pt,sbert,150,29,4772,10,0.4684576392173767,2.3024210478637346,2.3025850496943616,0.00016400183062703633,-0.07558542342048488,0.9999287561051227,0.9999999811951861,7.122509006340927e-05,10,10.0,0,0.0,0.027832213302382947,0.03907128420038736,0.0,8.0,9.5,-1.5,4.650245376871523,4.684251566122504,-0.03400618925098087,"[8, 0, 0]",10,0
dom_casmurro,intermediario,pt,sbert,150,30,4931,9,0.4684576392173767,2.185780363267246,2.1972245773362196,0.011444214068973668,-18.674184024750637,0.9947915137182527,1.0,0.005208486281747304,9,9.0,0,0.0,0.1929398288945659,0.003484248949906621,0.18945557994465928,5.0,9.0,-4.0,3.880839705475191,4.21611875295639,-0.3352790474811993,"[5, 0, 0]",9,0
dom_casmurro,intermediario,pt,sbert,150,31,5093,10,0.4684576392173767,2.302381776822057,2.3025850496943616,0.00020327287230470503,-0.09368472330037757,0.9999117009084235,0.9999999811951861,8.828028676255428e-05,10,10.0,0,0.0,0.030415554329246974,0.03907128420038736,0.0,8.0,9.5,-1.5,4.644003466988282,4.684251566122504,-0.04024809913422178,"[8, 0, 0]",10,0
dom_casmurro,intermediario,pt,sbert,150,32,5253,10,0.4684576392173767,2.2186402497591184,2.3025850496943616,0.08394479993524318,-38.688612333131175,0.9635432177988374,0.9999999811951861,0.036456763396348624,10,10.0,1,0.0,0.23422881960868835,0.03907128420038736,0.195157535408301,4.0,9.5,-5.5,3.507965970742183,4.684251566122504,-1.176285595380321,"[4, 0, 0]",10,0
dom_casmurro,intermediario,pt,sbert,150,33,5425,8,0.4684576392173767,2.079371743766871,2.0794415416798357,6.979791296490845e-05,-0.05413454231683954,0.9999664342990338,1.0,3.356570096624267e-05,8,8.0,0,0.0,0.016725122966285366,0.0019702165700903884,0.014754906396194978,6.0,8.0,-2.0,3.729500618571266,3.7476611137390137,-0.018160495167747648,"[6, 0, 0]",8,0
dom_casmurro,intermediario,pt,sbert,150,34,5576,7,0.4684576392173767,1.9268951789988003,1.945910149055313,0.01901497005651276,-6.390576067647084,0.9902282384077475,0.9999999999999999,0.009771761592252348,7,7.0,0,0.0,0.22576527220012882,0.015482306892943692,0.21028296530718513,4.0,7.0,-3.0,2.923682025311101,3.279203474521637,-0.35552144921053586,"[4, 0, 0]",7,0
dom_casmurro,intermediario,pt,sbert,150,35,5743,8,0.4684576392173767,2.0686567102411932,2.0794415416798357,0.010784831438642506,-8.364604170739334,0.9948135923888823,1.0,0.0051864076111176605,8,8.0,0,0.0,0.16988373298755116,0.0019702165700903884,0.16791351641746077,5.0,8.0,-3.0,3.4626071712428126,3.7476611137390137,-0.2850539424962011,"[5, 0, 0]",8,0
dom_casmurro,intermediario,pt,sbert,150,36,5931,15,0.4684576392173767,2.6447694323257287,2.707646449155962,0.0628770168302335,-26.190161738084765,0.9766323501865936,0.9998509067719337,0.02321855658534011,15,15.0,0,0.0,0.20987178416738214,0.050183425525858694,0.15968835864152345,10.0,13.5,-3.5,6.068432238667722,6.960873085697941,-0.892440847030219,"[10, 0, 0]",15,0
dom_casmurro,intermediario,pt,sbert,150,37,6088,9,0.4684576392173767,2.1952973911024443,2.1972245773362196,0.001927186233775302,-3.1447009084751945,0.9991228997465013,1.0,0.0008771002534987415,9,9.0,0,0.0,0.08822535200196852,0.003484248949906621,0.0847411030520619,8.0,9.0,-1.0,4.127893400954422,4.21611875295639,-0.08822535200196846,"[8, 0, 0]",9,0
dom_casmurro,intermediario,pt,sbert,150,38,6239,10,0.4684576392173767,2.3012794175368008,2.3025850496943616,0.0013056321575608543,-0.601741816437807,0.999432952353762,0.9999999811951861,0.000567028841424122,10,10.0,0,0.0,0.07666889579122971,0.03907128420038736,0.03759761159084235,9.0,9.5,-0.5,4.607907496382538,4.684251566122504,-0.07634406973996644,"[9, 0, 0]",10,0
dom_casmurro,intermediario,pt,sbert,150,39,6391,8,0.4684576392173767,2.0794415416798357,2.0794415416798357,0.0,0.0,1.0,1.0,0.0,8,8.0,0,0.0,1.8148417159407765e-308,0.0019702165700903884,0.0,8.0,8.0,0.0,3.7476611137390137,3.7476611137390137,0.0,"[8, 0, 0]",8,0
dom_casmurro,intermediario,pt,sbert,150,40,6550,11,0.4684576392173767,2.3922783305203,2.397796524733268,0.005518194212967842,-3.2274003523724195,0.9976575531292843,0.9999588188582615,0.0023012657289772642,11,11.0,0,0.0,0.13148375360953268,0.04740378292245889,0.08407997068707379,6.0,10.0,-4.0,4.853659431744868,5.129757903063682,-0.2760984713188144,"[6, 0, 0]",11,0
dom_casmurro,intermediario,pt,sbert,150,41,6709,9,0.4684576392173767,2.1968041748645173,2.1972245773362196,0.00042040247170227474,-0.6859949555043896,0.9998086665896428,1.0,0.0001913334103571529,9,9.0,0,0.0,0.042271742161942294,0.003484248949906621,0.03878749321203567,8.0,9.0,-1.0,4.173847010794448,4.21611875295639,-0.04227174216194207,"[8, 0, 0]",9,0
dom_casmurro,intermediario,pt,sbert,150,42,6863,11,0.4684576392173767,2.3853294116784403,2.397796524733268,0.012467113054827728,-7.291581904033338,0.9947596288868504,0.9999588188582615,0.005199189971411111,11,11.0,0,0.0,0.20468396660453447,0.04740378292245889,0.15728018368207558,9.0,10.0,-1.0,4.917205862238149,5.129757903063682,-0.2125520408255328,"[9, 0, 0]",11,0
dom_casmurro,intermediario,pt,sbert,150,43,7021,7,0.4684576392173767,1.945910149055313,1.945910149055313,0.0,0.0,0.9999999999999999,0.9999999999999999,0.0,7,7.0,0,0.0,1.3662254764250935e-308,0.015482306892943692,0.0,7.0,7.0,0.0,3.279203474521637,3.279203474521637,0.0,"[7, 0, 0]",7,0
dom_casmurro,intermediario,pt,sbert,150,44,7205,11,0.4684576392173767,2.391141597053865,2.397796524733268,0.006654927679402789,-3.892236320179457,0.997183498453365,0.9999588188582615,0.0027753204048965863,11,11.0,0,0.0,0.120729461157016,0.04740378292245889,0.0733256782345571,6.0,10.0,-4.0,4.762531886636696,5.129757903063682,-0.3672260164269865,"[6, 0, 0]",11,0
dom_casmurro,intermediario,pt,sbert,150,45,7362,11,0.4684576392173767,2.3978952727983707,2.397796524733268,9.874806510268286e-05,0.057754317410493534,1.0,0.9999588188582615,4.118114173845555e-05,11,11.0,0,0.0,0.022645212977117912,0.04740378292245889,0.0,11.0,10.0,1.0,5.153034031391144,5.129757903063682,0.02327612832746162,"[11, 0, 0]",11,0
dom_casmurro,intermediario,pt,sbert,150,46,7518,8,0.4684576392173767,2.0726248449348716,2.0794415416798357,0.006816696744964101,-5.286959777534453,0.9967218618035988,1.0,0.0032781381964012146,8,8.0,0,0.0,0.12020760381808121,0.0019702165700903884,0.11823738724799082,5.0,8.0,-3.0,3.4717815668981338,3.7476611137390137,-0.2758795468408799,"[5, 0, 0]",8,0
dom_casmurro,intermediario,pt,sbert,150,47,7683,15,0.4684576392173767,2.70329003268939,2.707646449155962,0.004356416466572366,-1.814578006555886,0.9982422155944957,0.9998509067719337,0.0016086911774380042,15,15.0,0,0.0,0.09721193346329016,0.050183425525858694,0.04702850793743146,9.0,13.5,-4.5,6.65661234239961,6.960873085697941,-0.30426074329833064,"[9, 0, 0]",15,0
dom_casmurro,intermediario,pt,sbert,150,48,7835,11,0.4684576392173767,2.391959694047261,2.397796524733268,0.005836830686007044,-3.4137597709932335,0.9975246713989377,0.9999588188582615,0.002434147459323799,11,11.0,0,0.0,0.11151445659473136,0.04740378292245889,0.06411067367227247,7.0,10.0,-3.0,4.817339216615341,5.129757903063682,-0.3124186864483409,"[7, 0, 0]",11,0
dom_casmurro,intermediario,pt,sbert,150,49,8003,9,0.4684576392173767,2.1972245773362196,2.1972245773362196,0.0,0.0,1.0,1.0,0.0,9,9.0,0,0.0,1.9055049745194046e-308,0.003484248949906621,0.0,9.0,9.0,0.0,4.21611875295639,4.21611875295639,0.0,"[9, 0, 0]",9,0
dom_casmurro,intermediario,pt,sbert,150,50,8164,10,0.4684576392173767,2.2839935523121317,2.3025850496943616,0.01859149738222987,-8.568478755901282,0.9919257964717648,0.9999999811951861,0.008074184723421252,10,10.0,0,0.0,0.2073102627342898,0.03907128420038736,0.16823897853390243,7.0,9.5,-2.5,4.193370401961909,4.684251566122504,-0.49088116416059524,"[7, 0, 0]",10,0
dom_casmurro,intermediario,pt,sbert,150,51,8327,9,0.4684576392173767,2.1954834764552573,2.1972245773362196,0.001741100880962243,-2.8410547077139956,0.9992075908403169,1.0,0.0007924091596831495,9,9.0,0,0.0,0.07170832020722284,0.003484248949906621,0.06822407125731622,6.0,9.0,-3.0,4.079878599578301,4.21611875295639,-0.1362401533780897,"[6, 0, 0]",9,0
dom_casmurro,intermediario,pt,sbert,150,52,8479,12,0.4684576392173767,2.4775263196563517,2.4846408032786127,0.00711448362226097,-2.914802921863282,0.9970299366649132,0.9998930154944008,0.002863078829487553,12,12.0,0,0.0,0.12204140999100777,0.04488128847683767,0.0771601215141701,9.0,11.0,-2.0,5.331821451224437,5.579095788271219,-0.2472743370467816,"[9, 0, 0]",12,0
dom_casmurro,intermediario,pt,sbert,150,53,8671,10,0.4684576392173767,2.301665269285616,2.3025850496943616,0.0009197804087457406,-0.4239098513907228,0.9996005256391051,0.9999999811951861,0.0003994555560810076,10,10.0,0,0.0,0.0650723619274523,0.03907128420038736,0.026001077727064947,8.0,9.5,-1.5,4.614443891886928,4.684251566122504,-0.06980767423557577,"[8, 0, 0]",10,0
dom_casmurro,intermediario,pt,sbert,150,54,8847,10,0.4684576392173767,2.3002802004364638,2.3025850496943616,0.0023048492578978674,-1.0622625760488371,0.9989989978808622,0.9999999811951861,0.0010009833143238556,10,10.0,0,0.0,0.07414077786260109,0.03907128420038736,0.035069493662213735,7.0,9.5,-2.5,4.489139054455994,4.684251566122504,-0.19511251166651,"[7, 0, 0]",10,0
dom_casmurro,intermediario,pt,sbert,150,55,9004,9,0.4684576392173767,2.1971525030570525,2.1972245773362196,7.20742791671114e-05,-0.1176077574664412,0.9999671975819356,1.0,3.280241806435935e-05,9,9.0,0,0.0,0.01788536331812901,0.003484248949906621,0.01440111436822239,6.0,9.0,-3.0,4.19008344305634,4.21611875295639,-0.026035309900050763,"[6, 0, 0]",9,0
dom_casmurro,intermediario,pt,sbert,150,56,9187,5,0.4684576392173767,1.6094241557625102,1.6094379124341005,1.3756671590314795e-05,-0.011642722996274993,0.9999914524993578,1.0000000000000002,8.547500642386296e-06,5,5.0,0,0.0,0.006118919575799797,1.8561383083798607e-308,0.006118919575799797,4.0,5.0,-1.0,2.3361692765110837,2.3422881960868835,-0.006118919575799797,"[4, 0, 0]",5,0
dom_casmurro,intermediario,pt,sbert,150,57,9351,6,0.4684576392173767,1.7917572834648006,1.7917594692280547,2.18576325416997e-06,-0.0009737706265368582,0.9999987801023006,0.9999999999999999,1.2198976993005317e-06,6,6.0,0,0.0,0.002624076190649971,1.410795150630304e-308,0.002624076190649971,5.0,6.0,-1.0,2.80812175911361,2.8107458353042603,-0.002624076190650193,"[5, 0, 0]",6,0
dom_casmurro,intermediario,pt,sbert,150,58,9545,10,0.4684576392173767,2.2974674790989376,2.3025850496943616,0.005117570595424059,-2.358594040447148,0.9977774485248431,0.9999999811951861,0.0022225326703430026,10,10.0,0,0.0,0.13653043527985556,0.03907128420038736,0.0974591510794682,7.0,9.5,-2.5,4.434191596678945,4.684251566122504,-0.25005996944355946,"[7, 0, 0]",10,0
dom_casmurro,intermediario,pt,sbert,150,59,9734,14,0.4684576392173767,2.5557425852213127,2.6388988258502115,0.08315624062889881,-39.62476177435816,0.996410544241959,0.9999399392490387,0.0035293950070797164,13,14.0,0,0.0,0.21848045503802224,0.05622946110854407,0.16225099392947817,11.0,13.0,-2.0,5.77386388668147,6.522893453840899,-0.7490295671594289,"[11, 0, 0]",13,0
dom_casmurro,intermediario,pt,sbert,150,60,9889,8,0.4684576392173767,2.0711111322994924,2.0794415416798357,0.008330409380343351,-6.460979704988027,0.995993919899468,1.0,0.00400608010053205,8,8.0,0,0.0,0.16573810915151327,0.0019702165700903884,0.16376789258142288,7.0,8.0,-1.0,3.5819230045875003,3.7476611137390137,-0.16573810915151332,"[7, 0, 0]",8,0
dom_casmurro,intermediario,pt,sbert,150,61,10040,11,0.4684576392173767,2.389216364240591,2.397796524733268,0.00858016049267718,-5.018238200533523,0.9963806140091968,0.9999588188582615,0.003578204849064792,11,11.0,0,0.0,0.16946623425399093,0.04740378292245889,0.12206245133153204,9.0,10.0,-1.0,4.920936961562582,5.129757903063682,-0.20882094150110042,"[9, 0, 0]",11,0
dom_casmurro,intermediario,pt,sbert,150,62,10195,12,0.4684576392173767,2.480054831343324,2.4846408032786127,0.004585971935288757,-1.8788720455743502,0.9980474846227764,0.9998930154944008,0.0018455308716244234,12,12.0,0,0.0,0.09377852936033909,0.04488128847683767,0.04889724088350142,8.0,11.0,-3.0,5.340692015501653,5.579095788271219,-0.2384037727695656,"[8, 0, 0]",12,0
dom_casmurro,intermediario,pt,sbert,150,63,10351,10,0.4684576392173767,2.2995244031244235,2.3025850496943616,0.003060646569938097,-1.4105956381384954,0.9986707592788058,0.9999999811951861,0.0013292219163802965,10,10.0,0,0.0,0.0902111357206469,0.03907128420038736,0.051139851520259544,7.0,9.5,-2.5,4.467156583749566,4.684251566122504,-0.217094982372938,"[7, 0, 0]",10,0
dom_casmurro,intermediario,pt,sbert,150,64,10504,13,0.4684576392173767,2.5639144296347873,2.564673916179382,0.0007594865445947896,-0.19683080028675215,0.9995965113994401,0.9998926133643327,0.0002961019648926033,13,13.0,0,0.0,0.054537482502616974,0.062081634731514956,0.0,10.0,12.0,-2.0,5.952174118613198,6.043156501057984,-0.0909823824447864,"[10, 0, 0]",13,0
dom_casmurro,intermediario,pt,sbert,150,65,10681,6,0.4684576392173767,1.7917594692280547,1.7917594692280547,0.0,0.0,0.9999999999999999,0.9999999999999999,0.0,6,6.0,0,0.0,1.410795150630304e-308,1.410795150630304e-308,0.0,6.0,6.0,0.0,2.8107458353042603,2.8107458353042603,0.0,"[6, 0, 0]",6,0
dom_casmurro,intermediario,pt,sbert,150,66,10850,8,0.4684576392173767,2.0794354649202766,2.0794415416798357,6.076759559103806e-06,-0.004713072118172834,0.9999970776963731,1.0,2.9223036268621883e-06,8,8.0,0,0.0,0.004925130578967429,0.0019702165700903884,0.002954914008877041,7.0,8.0,-1.0,3.7427359831600464,3.7476611137390137,-0.004925130578967263,"[7, 0, 0]",8,0
dom_casmurro,intermediario,pt,sbert,150,67,11015,9,0.4684576392173767,2.194383352011015,2.1972245773362196,0.002841225325204366,-4.636191201848654,0.9987069026286567,1.0,0.0012930973713433103,9,9.0,0,0.0,0.10173614899250277,0.003484248949906621,0.09825190004259615,5.0,9.0,-4.0,4.012452569137848,4.21611875295639,-0.20366618381854273,"[5, 0, 0]",9,0
dom_casmurro,intermediario,pt,sbert,150,68,11179,7,0.4684576392173767,1.941886825321545,1.945910149055313,0.004023323733767903,-1.352163915535978,0.9979324206023997,0.9999999999999999,0.002067579397600161,7,7.0,0,0.0,0.1132508168191988,0.015482306892943692,0.0977685099262551,4.0,7.0,-3.0,3.157635742454972,3.279203474521637,-0.12156773206666482,"[4, 0, 0]",7,0
dom_casmurro,intermediario,pt,sbert,150,69,11341,8,0.4684576392173767,2.079292056855761,2.0794415416798357,0.00014948482407461938,-0.11593888972957218,0.9999281129952065,1.0,7.188700479354715e-05,8,8.0,0,0.0,0.02417388391569314,0.0019702165700903884,0.02220366734560275,7.0,8.0,-1.0,3.723487229823321,3.7476611137390137,-0.024173883915692862,"[7, 0, 0]",8,0
dom_casmurro,intermediario,pt,sbert,150,70,11501,9,0.4684576392173767,2.1970126788324875,2.1972245773362196,0.00021189850373204422,-0.34576700762609686,0.9999035608349198,1.0,9.643916508017547e-05,9,9.0,0,0.0,0.030205705436723518,0.003484248949906621,0.026721456486816897,8.0,9.0,-1.0,4.185913047519667,4.21611875295639,-0.03020570543672374,"[8, 0, 0]",9,0
dom_casmurro,intermediario,pt,sbert,150,71,11651,8,0.4684576392173767,2.0794415416798357,2.0794415416798357,0.0,0.0,1.0,1.0,0.0,8,8.0,0,0.0,1.8148417159407765e-308,0.0019702165700903884,0.0,8.0,8.0,0.0,3.7476611137390137,3.7476611137390137,0.0,"[8, 0, 0]",8,0
dom_casmurro,intermediario,pt,sbert,150,72,11816,8,0.4684576392173767,2.0724901732210244,2.0794415416798357,0.006951368458811391,-5.391409771559529,0.9966570983990269,1.0,0.0033429016009730583,8,8.0,0,0.0,0.15358458887467308,0.0019702165700903884,0.1516143723045827,6.0,8.0,-2.0,3.577901646337395,3.7476611137390137,-0.16975946740161874,"[6, 0, 0]",8,0
dom_casmurro,intermediario,pt,sbert,150,73,11971,13,0.4684576392173767,2.47654907448693,2.564673916179382,0.08812484169245227,-22.838697063057516,0.9966366642779987,0.9998926133643327,0.0032559490863339757,12,13.0,0,0.0,0.21688107695970885,0.062081634731514956,0.1547994422281939,9.0,12.0,-3.0,5.36406104561179,6.043156501057984,-0.6790954554461939,"[9, 0, 0]",12,0
dom_casmurro,intermediario,pt,sbert,150,74,12143,9,0.4684576392173767,2.195492929373626,2.1972245773362196,0.0017316479625937298,-2.82562983571137,0.9992118930488694,1.0,0.0007881069511306293,9,9.0,0,0.0,0.08383938967852705,0.003484248949906621,0.08035514072862043,8.0,9.0,-1.0,4.132279363277863,4.21611875295639,-0.083839389678527,"[8, 0, 0]",9,0
dom_casmurro,intermediario,pt,sbert,150,75,12305,8,0.4684576392173767,2.0729283045140763,2.0794415416798357,0.006513237165759467,-5.051599653798909,0.9968677950136083,1.0,0.0031322049863916623,8,8.0,0,0.0,0.1478244943468459,0.0019702165700903884,0.14585427777675553,6.0,8.0,-2.0,3.5608098042891436,3.7476611137390137,-0.18685130944987005,"[6, 0, 0]",8,0
dom_casmurro,intermediario,pt,sbert,150,76,12461,13,0.4684576392173767,2.559852528125765,2.564673916179382,0.004821388053616982,-1.2495253218643096,0.9980128928000295,0.9998926133643327,0.001879720564303189,13,13.0,0,0.0,0.12453715079104818,0.062081634731514956,0.06245551605953323,10.0,12.0,-2.0,5.848883394519039,6.043156501057984,-0.19427310653894558,"[10, 0, 0]",13,0
dom_casmurro,intermediario,pt,sbert,150,77,12649,13,0.4684576392173767,2.5465191578214887,2.564673916179382,0.018154758357893375,-4.705041375687949,0.9928145951161048,0.9998926133643327,0.007078018248227846,13,13.0,0,0.0,0.21688107695970885,0.062081634731514956,0.1547994422281939,10.0,12.0,-2.0,5.6957007044165,6.043156501057984,-0.3474557966414844,"[10, 0, 0]",13,0
dom_casmurro,intermediario,pt,sbert,150,78,12814,13,0.4684576392173767,2.5562307265096837,2.564673916179382,0.00844318966969837,-2.188162241302425,0.9966008564939147,0.9998926133643327,0.003291756870417939,13,13.0,0,0.0,0.17216965474838647,0.062081634731514956,0.11008802001687151,10.0,12.0,-2.0,5.815434313319555,6.043156501057984,-0.22772218773842923,"[10, 0, 0]",13,0
dom_casmurro,intermediario,pt,sbert,150,79,12964,11,0.4684576392173767,2.388334684592135,2.397796524733268,0.009461840141133049,-5.5339020387904325,0.9960129250369311,0.9999588188582615,0.003945893821330482,11,11.0,0,0.0,0.16917461568406494,0.04740378292245889,0.12177083276160605,8.0,10.0,-2.0,4.830916501532485,5.129757903063682,-0.2988414015311971,"[8, 0, 0]",11,0
dom_casmurro,intermediario,pt,sbert,150,80,13134,10,0.4684576392173767,2.3018018900796147,2.3025850496943616,0.0007831596147469533,-0.36094384349337677,0.999659859296052,0.9999999811951861,0.00034012189913412705,10,10.0,0,0.0,0.06038657916039514,0.03907128420038736,0.02131529496000778,7.0,9.5,-2.5,4.608265050981076,4.684251566122504,-0.07598651514142851,"[7, 0, 0]",10,0
dom_casmurro,intermediario,pt,sbert,150,81,13310,10,0.4684576392173767,2.3025765861753267,2.3025850496943616,8.463519034940248e-06,-0.0039006800560543995,0.9999963055355717,0.9999999811951861,3.675659614343907e-06,10,10.0,0,0.0,0.006420277510793437,0.03907128420038736,0.0,9.0,9.5,-0.5,4.678156114662974,4.684251566122504,-0.006095451459530388,"[9, 0, 0]",10,0
dom_casmurro,intermediario,pt,sbert,150,82,13461,11,0.4684576392173767,2.350824746167744,2.397796524733268,0.04697177856552415,-27.472163690374874,0.9803700657136311,0.9999588188582615,0.01958875314463049,11,11.0,0,0.0,0.2313001404394831,0.04740378292245889,0.1838963575170242,4.0,10.0,-6.0,4.16132859198747,5.129757903063682,-0.9684293110762123,"[4, 0, 0]",11,0
dom_casmurro,intermediario,pt,sbert,150,83,13643,12,0.4684576392173767,2.472870056432538,2.4846408032786127,0.011770746846074598,-4.822473298286655,0.9951561184978562,0.9998930154944008,0.0047368969965445595,12,12.0,0,0.0,0.1640095559122841,0.04488128847683767,0.11912826743544644,6.0,11.0,-5.0,5.150314275643584,5.579095788271219,-0.4287815126276344,"[6, 0, 0]",12,0
dom_casmurro,intermediario,pt,sbert,150,84,13804,13,0.4684576392173767,2.5649164489812826,2.564673916179382,0.00024253280190045245,0.06285552500383544,0.999987169929824,0.9998926133643327,9.455656549128832e-05,13,13.0,0,0.0,0.023564479114204367,0.062081634731514956,0.0,12.0,12.0,0.0,6.0757814163481,6.043156501057984,0.03262491529011591,"[12, 0, 0]",13,0
dom_casmurro,intermediario,pt,sbert,150,85,13961,11,0.4684576392173767,2.3853342905431822,2.397796524733268,0.012462234190085741,-7.288728425308276,0.9947616635314812,0.9999588188582615,0.005197155326780334,11,11.0,0,0.0,0.18500091182433626,0.04740378292245889,0.13759712890187736,6.0,10.0,-4.0,4.716999748174755,5.129757903063682,-0.41275815488892675,"[6, 0, 0]",11,0
dom_casmurro,intermediario,pt,sbert,150,86,14118,10,0.4684576392173767,2.2949743390407282,2.3025850496943616,0.00761071065363339,-3.507636378729796,0.9966946915549508,0.9999999811951861,0.0033052896402352427,10,10.0,0,0.0,0.13407768555154934,0.03907128420038736,0.09500640135116198,4.0,9.5,-5.5,4.236665068507737,4.684251566122504,-0.44758649761476743,"[4, 0, 0]",10,0
dom_casmurro,intermediario,pt,sbert,150,87,14314,8,0.4684576392173767,2.076695009766471,2.0794415416798357,0.0027465319133646027,-2.1301818603564513,0.9986791973429818,1.0,0.001320802657018172,8,8.0,0,0.0,0.09924912503770783,0.0019702165700903884,0.09727890846761744,7.0,8.0,-1.0,3.648411988701306,3.7476611137390137,-0.09924912503770766,"[7, 0, 0]",8,0
dom_casmurro,intermediario,pt,sbert,150,88,14476,10,0.4684576392173767,2.298742371589518,2.3025850496943616,0.003842678104843511,-1.7710195704080227,0.998331127298522,0.9999999811951861,0.0016688538966640465,10,10.0,0,0.0,0.09660732009206008,0.03907128420038736,0.05753603589167272,8.0,9.5,-1.5,4.492166473044135,4.684251566122504,-0.19208509307836952,"[8, 0, 0]",10,0
dom_casmurro,intermediario,pt,sbert,150,89,14637,8,0.4684576392173767,2.0618238539470624,2.0794415416798357,0.01761768773277339,-13.66409712815024,0.9915276830919991,1.0,0.008472316908000876,8,8.0,0,0.0,0.22468340205259268,0.0019702165700903884,0.2227131854825023,4.0,8.0,-4.0,3.301889576753077,3.7476611137390137,-0.44577153698593674,"[4, 0, 0]",8,0
dom_casmurro,intermediario,pt,sbert,150,90,14791,11,0.4684576392173767,2.3978931407071986,2.397796524733268,9.661597393062493e-05,0.05650733125262704,0.9999991108489198,0.9999588188582615,4.0291990658247734e-05,11,11.0,0,0.0,0.01928573576658854,0.04740378292245889,0.0,10.0,10.0,0.0,5.149674554180614,5.129757903063682,0.019916651116932194,"[10, 0, 0]",11,0
dom_casmurro,intermediario,pt,sbert,150,91,14949,11,0.4684576392173767,2.3885228354700674,2.397796524733268,0.009273689263200602,-5.4238591178089015,0.9960913900475038,0.9999588188582615,0.003867428810757745,11,11.0,0,0.0,0.17701043580877523,0.04740378292245889,0.12960665288631634,10.0,10.0,0.0,4.95337838260525,5.129757903063682,-0.17637952045843175,"[10, 0, 0]",11,0
dom_casmurro,intermediario,pt,sbert,150,92,15112,9,0.4684576392173767,2.1962669447189227,2.1972245773362196,0.0009576326172968663,-1.5626243633442496,0.9995641626135195,1.0,0.0004358373864804532,9,9.0,0,0.0,0.048741132690021394,0.003484248949906621,0.04525688374011477,6.0,9.0,-3.0,4.0926756758812655,4.21611875295639,-0.12344307707512492,"[6, 0, 0]",9,0
dom_casmurro,intermediario,pt,sbert,150,93,15264,8,0.4684576392173767,2.0792225253776664,2.0794415416798357,0.0002190163021693614,-0.16986678790561976,0.9998946754223288,1.0,0.0001053245776712064,8,8.0,0,0.0,0.02932166600729469,0.0019702165700903884,0.0273514494372043,6.0,8.0,-2.0,3.711441162997014,3.7476611137390137,-0.036219950741999796,"[6, 0, 0]",8,0
dom_casmurro,intermediario,pt,sbert,150,94,15414,11,0.4684576392173767,2.3910364811986016,2.397796524733268,0.006760043534666416,-3.9537149371372498,0.9971396617368677,0.9999588188582615,0.0028191571213938005,11,11.0,0,0.0,0.10894757346960648,0.04740378292245889,0.06154379054714759,6.0,10.0,-4.0,4.71453697861412,5.129757903063682,-0.41522092444956193,"[6, 0, 0]",11,0
dom_casmurro,intermediario,pt,sbert,150,95,15606,10,0.4684576392173767,2.29942656029322,2.3025850496943616,0.0031584894011418285,-1.4556895971322306,0.9986282666771202,0.9999999811951861,0.0013717145180658363,10,10.0,0,0.0,0.11659901982475185,0.03907128420038736,0.07752773562436449,9.0,9.5,-0.5,4.567977372349015,4.684251566122504,-0.11627419377348946,"[9, 0, 0]",10,0
dom_casmurro,intermediario,pt,sbert,150,96,15776,8,0.4684576392173767,2.0752983089062083,2.0794415416798357,0.004143232773627492,-3.2134486603520482,0.9980075262080796,1.0,0.0019924737919203572,8,8.0,0,0.0,0.12069647713537629,0.0019702165700903884,0.1187262605652859,6.0,8.0,-2.0,3.600703966135587,3.7476611137390137,-0.14695714760342682,"[6, 0, 0]",8,0
dom_casmurro,intermediario,pt,sbert,150,97,15936,12,0.4684576392173767,2.481971602190003,2.4846408032786127,0.002669201088609796,-1.0935713040053292,0.998818849956296,0.9998930154944008,0.0010741655381047988,12,12.0,0,0.0,0.07906717130727525,0.04488128847683767,0.03418588283043758,7.0,11.0,-4.0,5.384572505491068,5.579095788271219,-0.19452328278015063,"[7, 0, 0]",12,0
dom_casmurro,intermediario,pt,sbert,150,98,16122,11,0.4684576392173767,2.394597130709547,2.397796524733268,0.0031993940237211582,-1.8712145678508858,0.9986245679174408,0.9999588188582615,0.001334250940820736,11,11.0,0,0.0,0.10392223919915991,0.04740378292245889,0.05651845627670102,10.0,10.0,0.0,5.029025374458977,5.129757903063682,-0.1007325286047056,"[10, 0, 0]",11,0
dom_casmurro,intermediario,pt,sbert,150,99,16281,7,0.4684576392173767,1.9324235945187882,1.945910149055313,0.013486554536524809,-4.532578931230715,0.9930692819794006,0.9999999999999999,0.006930718020599302,7,7.0,0,0.0,0.19164303499280816,0.015482306892943692,0.17616072809986447,5.0,7.0,-2.0,3.018654311448884,3.279203474521637,-0.2605491630727528,"[5, 0, 0]",7,0
dom_casmurro,intermediario,pt,sbert,150,100,16449,9,0.4684576392173767,2.177758790261671,2.1972245773362196,0.01946578707454849,-31.763447260413813,0.9911407385137901,1.0,0.008859261486209857,9,9.0,0,0.0,0.2260449141733894,0.003484248949906621,0.22256066522348278,6.0,9.0,-3.0,3.843882813130534,4.21611875295639,-0.37223593982585657,"[6, 0, 0]",9,0
dom_casmurro,intermediario,pt,sbert,150,101,16609,11,0.4684576392173767,2.4009684292868054,2.397796524733268,0.0031719045535374413,1.8551369304330205,0.9662207751311881,0.9999588188582615,0.03373804372707345,12,11.0,1,0.0,0.0420712089636896,0.04740378292245889,0.0,5.0,10.0,-5.0,5.0470065411042935,5.129757903063682,-0.0827513619593887,"[5, 0, 0]",12,0
dom_casmurro,intermediario,pt,sbert,150,102,16762,10,0.4684576392173767,2.307357844580747,2.3025850496943616,0.004772794886385601,2.1996932656622983,0.9622429597970035,0.9999999811951861,0.0377570213981826,11,10.0,1,0.0,0.2322797895251877,0.03907128420038736,0.19320850532480036,5.0,9.5,-4.5,4.170943990547042,4.684251566122504,-0.5133075755754621,"[5, 0, 0]",11,0
dom_casmurro,intermediario,pt,sbert,150,103,16926,15,0.4684576392173767,2.6921057329961235,2.707646449155962,0.015540716159838652,-6.473173987416896,0.9941121962585491,0.9998509067719337,0.005738710513384593,15,15.0,0,0.0,0.18037203008488273,0.050183425525858694,0.13018860455902403,5.0,13.5,-8.5,6.22150329902752,6.960873085697941,-0.7393697866704203,"[5, 0, 0]",15,0
dom_casmurro,intermediario,pt,sbert,150,104,17094,10,0.4684576392173767,2.297511873654966,2.3025850496943616,0.0050731760393958325,-2.338133407159529,0.9977967288355526,0.9999999811951861,0.0022032523596334785,10,10.0,0,0.0,0.13290725650650606,0.03907128420038736,0.0938359723061187,5.0,9.5,-4.5,4.38223387664071,4.684251566122504,-0.3020176894817945,"[5, 0, 0]",10,0
dom_casmurro,intermediario,pt,sbert,150,105,17264,10,0.4684576392173767,2.299192312842851,2.3025850496943616,0.003392736851510758,-1.5636499330236626,0.9985265343020251,0.9999999811951861,0.001473446893160979,10,10.0,0,0.0,0.11507641529542065,0.03907128420038736,0.07600513109503329,5.0,9.5,-4.5,4.433754299863379,4.684251566122504,-0.25049726625912516,"[5, 0, 0]",10,0
dom_casmurro,intermediario,pt,sbert,150,106,17432,10,0.4684576392173767,2.301628899051254,2.3025850496943616,0.0009561506431077227,-0.44067222260110545,0.9995847302470161,0.9999999811951861,0.0004152509481699651,10,10.0,0,0.0,0.06543629808317702,0.03907128420038736,0.026365013882789667,8.0,9.5,-1.5,4.601254193070858,4.684251566122504,-0.08299737305164623,"[8, 0, 0]",10,0
dom_casmurro,intermediario,pt,sbert,150,107,17606,11,0.4684576392173767,2.3978952727983707,2.397796524733268,9.874806510268286e-05,0.057754317410493534,1.0,0.9999588188582615,4.118114173845555e-05,11,11.0,0,0.0,0.022645212977117912,0.04740378292245889,0.0,11.0,10.0,1.0,5.153034031391144,5.129757903063682,0.02327612832746162,"[11, 0, 0]",11,0
dom_casmurro,intermediario,pt,sbert,150,108,17757,9,0.4684576392173767,2.222312736824692,2.1972245773362196,0.025088159488472428,40.93779654123891,0.9651381586662772,1.0,0.03486184133372283,10,9.0,1,0.0,0.15706542147268432,0.003484248949906621,0.1535811725227777,2.0,9.0,-7.0,3.737923815255325,4.21611875295639,-0.47819493770106547,"[2, 0, 0]",10,0
dom_casmurro,intermediario,pt,sbert,150,109,17926,8,0.4684576392173767,2.07719934998676,2.0794415416798357,0.0022421916930759345,-1.739020780640106,0.9989217337212256,1.0,0.0010782662787743869,8,8.0,0,0.0,0.09016367920126578,0.0019702165700903884,0.08819346263117539,7.0,8.0,-1.0,3.657497434537748,3.7476611137390137,-0.09016367920126589,"[7, 0, 0]",8,0
dom_casmurro,intermediario,pt,sbert,150,110,18106,8,0.4684576392173767,2.0755373360921583,2.0794415416798357,0.003904205587677456,-3.028061637115511,0.9981224739866823,1.0,0.0018775260133176985,8,8.0,0,0.0,0.11705442025831791,0.0019702165700903884,0.11508420368822753,7.0,8.0,-1.0,3.6306066934806958,3.7476611137390137,-0.11705442025831791,"[7, 0, 0]",8,0
dom_casmurro,intermediario,pt,sbert,150,111,18273,8,0.4684576392173767,2.078482568433011,2.0794415416798357,0.0009589732468247014,-0.7437697719851429,0.9995388313508202,1.0,0.0004611686491797773,8,8.0,0,0.0,0.06001166721428397,0.0019702165700903884,0.05804145064419358,7.0,8.0,-1.0,3.6876494465247296,3.7476611137390137,-0.06001166721428408,"[7, 0, 0]",8,0
dom_casmurro,intermediario,pt,sbert,150,112,18444,12,0.4684576392173767,2.483760336141032,2.4846408032786127,0.0008804671375806095,-0.3607272602602418,0.9995386894525531,0.9998930154944008,0.0003543260418477079,12,12.0,0,0.0,0.054639367579803144,0.04488128847683767,0.009758079102965472,8.0,11.0,-3.0,5.484181414990587,5.579095788271219,-0.09491437328063146,"[8, 0, 0]",12,0
dom_casmurro,intermediario,pt,sbert,150,113,18597,13,0.4684576392173767,2.560406816549709,2.564673916179382,0.004267099629672977,-1.1058742791288654,0.9982289939181009,0.9998926133643327,0.0016636194462317233,13,13.0,0,0.0,0.12513805365187067,0.062081634731514956,0.06305641892035571,11.0,12.0,-1.0,5.910790670635053,6.043156501057984,-0.13236583042293137,"[11, 0, 0]",13,0
dom_casmurro,intermediario,pt,sbert,150,114,18752,11,0.4684576392173767,2.391067911576319,2.397796524733268,0.006728613156949059,-3.9353323996249214,0.9971527692224506,0.9999588188582615,0.002806049635810992,11,11.0,0,0.0,0.13062605049769027,0.04740378292245889,0.08322226757523138,7.0,10.0,-3.0,4.844601238218829,5.129757903063682,-0.2851566648448536,"[7, 0, 0]",11,0
dom_casmurro,intermediario,pt,sbert,150,115,18906,8,0.4684576392173767,2.0621630259325316,2.0794415416798357,0.017278515747304102,-13.401038829984437,0.9916907903391475,1.0,0.008309209660852468,8,8.0,0,0.0,0.22797304829203008,0.0019702165700903884,0.2260028317219397,6.0,8.0,-2.0,3.4672493718170863,3.7476611137390137,-0.2804117419219274,"[6, 0, 0]",8,0
dom_casmurro,intermediario,pt,sbert,150,116,19057,6,0.4684576392173767,1.7841361219893965,1.7917594692280547,0.007623347238658207,-3.3962468729099466,0.9957453288962146,0.9999999999999999,0.004254671103785301,6,6.0,0,0.0,0.12256440787988093,1.410795150630304e-308,0.12256440787988093,2.0,6.0,-4.0,2.4078727328381486,2.8107458353042603,-0.40287310246611163,"[2, 0, 0]",6,0
dom_casmurro,intermediario,pt,sbert,150,117,19213,11,0.4684576392173767,2.391405555407955,2.397796524733268,0.006390969325313023,-3.737856236383389,0.9972935776370074,0.9999588188582615,0.002665241221254111,11,11.0,0,0.0,0.1417734715014201,0.04740378292245889,0.09436968857896122,5.0,10.0,-5.0,4.771347086461663,5.129757903063682,-0.358410816602019,"[5, 0, 0]",11,0
dom_casmurro,intermediario,pt,sbert,150,118,19377,7,0.4684576392173767,1.9452937775332508,1.945910149055313,0.0006163715220621757,-0.20715094927644245,0.9996832476965282,0.9999999999999999,0.00031675230347172345,7,7.0,0,0.0,0.04578528538152804,0.015482306892943692,0.030302978488584348,6.0,7.0,-1.0,3.233418189140109,3.279203474521637,-0.04578528538152815,"[6, 0, 0]",7,0
dom_casmurro,intermediario,pt,sbert,150,119,19529,9,0.4684576392173767,2.1862712300914144,2.1972245773362196,0.010953347244805123,-17.87320832201368,0.9950149168374567,1.0,0.004985083162543313,9,9.0,0,0.0,0.19702694056494208,0.003484248949906621,0.19354269161503546,7.0,9.0,-2.0,3.9873661962654667,4.21611875295639,-0.22875255669092365,"[7, 0, 0]",9,0
dom_casmurro,intermediario,pt,sbert,150,120,19680,10,0.4684576392173767,2.3025850929940455,2.3025850496943616,4.329968383842697e-08,1.9956026858892216e-05,0.9999999999999998,0.9999999811951861,1.880481370619691e-08,10,10.0,0,0.0,0.00032482605126291086,0.03907128420038736,0.0,10.0,9.5,0.5,4.684576392173767,4.684251566122504,0.0003248260512629386,"[10, 0, 0]",10,0
dom_casmurro,intermediario,pt,sbert,150,121,19834,7,0.4684576392173767,1.9347934544213894,1.945910149055313,0.011116694633923618,-3.736113307975504,0.9942871490549958,0.9999999999999999,0.0057128509450040665,7,7.0,0,0.0,0.15813610256940103,0.015482306892943692,0.14265379567645733,4.0,7.0,-3.0,2.9257205348012465,3.279203474521637,-0.35348293972039047,"[4, 0, 0]",7,0
dom_casmurro,intermediario,pt,sbert,150,122,20014,9,0.4684576392173767,2.1966041244623433,2.1972245773362196,0.0006204528738762427,-1.0124287325996726,0.9997176197279622,1.0,0.0002823802720377522,9,9.0,0,0.0,0.038913177611779814,0.003484248949906621,0.035428928661873194,6.0,9.0,-3.0,4.118706457990028,4.21611875295639,-0.09741229496636272,"[6, 0, 0]",9,0
dom_casmurro,intermediario,pt,sbert,150,123,20167,8,0.4684576392173767,2.068154169082719,2.0794415416798357,0.01128737259711654,-8.754369916644139,0.9945719211764913,1.0,0.0054280788235087085,8,8.0,0,0.0,0.18587039029485253,0.0019702165700903884,0.18390017372476214,5.0,8.0,-3.0,3.4456890025244613,3.7476611137390137,-0.30197211121455236,"[5, 0, 0]",8,0
dom_casmurro,intermediario,pt,sbert,150,124,20334,11,0.4684576392173767,2.38730013768555,2.397796524733268,0.010496387047718159,-6.1389726329011145,0.9607202499495191,0.9999588188582615,0.039238568908742444,12,11.0,1,0.0,0.22112772602966735,0.04740378292245889,0.17372394310720846,7.0,10.0,-3.0,4.7478378061081,5.129757903063682,-0.38192009695558227,"[5, 1, 0]",12,0
dom_casmurro,intermediario,pt,sbert,150,125,20511,7,0.4684576392173767,1.9453134897121598,1.945910149055313,0.0005966593431532274,-0.20052605434353898,0.999693377752594,0.9999999999999999,0.0003066222474058522,7,7.0,0,0.0,0.04329329342535654,0.015482306892943692,0.027810986532412846,5.0,7.0,-2.0,3.2145545471690964,3.279203474521637,-0.06464892735254057,"[5, 0, 0]",7,0
dom_casmurro,intermediario,pt,sbert,150,126,20662,9,0.4684576392173767,2.189557852150171,2.1972245773362196,0.007666725186048495,-12.510237586310707,0.9965107229979454,1.0,0.0034892770020545916,9,9.0,0,0.0,0.16596615990952107,0.003484248949906621,0.16248191095961445,6.0,9.0,-3.0,3.9740484088440127,4.21611875295639,-0.2420703441123777,"[6, 0, 0]",9,0
dom_casmurro,intermediario,pt,sbert,150,127,20822,9,0.4684576392173767,2.1965375135626757,2.1972245773362196,0.0006870637735438834,-1.1211215786920978,0.9996873038010631,1.0,0.0003126961989369237,9,9.0,0,0.0,0.054345144074958995,0.003484248949906621,0.050860895125052374,6.0,9.0,-3.0,4.151835761607751,4.21611875295639,-0.06428299134863913,"[6, 0, 0]",9,0
dom_casmurro,intermediario,pt,sbert,150,128,20977,5,0.4684576392173767,1.604455994342404,1.6094379124341005,0.004981918091696569,-4.21636090902907,0.9969045602485145,1.0000000000000002,0.00309543975148574,5,5.0,0,0.0,0.10941825544113903,1.8561383083798607e-308,0.10941825544113903,3.0,5.0,-2.0,2.1888857174622287,2.3422881960868835,-0.15340247862465484,"[3, 0, 0]",5,0
dom_casmurro,intermediario,pt,sbert,150,129,21128,10,0.4684576392173767,2.2953758822864723,2.3025850496943616,0.00720916740788935,-3.3225724917283075,0.9968690795708229,0.9999999811951861,0.003130901624363136,10,10.0,0,0.0,0.17065416265381353,0.03907128420038736,0.13158287845342617,8.0,9.5,-1.5,4.504362386431993,4.684251566122504,-0.17988917969051155,"[8, 0, 0]",10,0
dom_casmurro,intermediario,pt,sbert,150,130,21284,6,0.4684576392173767,1.7911348850584365,1.7917594692280547,0.000624584169618192,-0.2782559899905861,0.9996514129377603,0.9999999999999999,0.00034858706223961367,6,6.0,0,0.0,0.043532723011812935,1.410795150630304e-308,0.043532723011812935,4.0,6.0,-2.0,2.7520879882176863,2.8107458353042603,-0.058657847086573955,"[4, 0, 0]",6,0
dom_casmurro,intermediario,pt,sbert,150,131,21444,10,0.4684576392173767,2.301861090084384,2.3025850496943616,0.0007239596099775092,-0.33365965154329313,0.9996855695314519,0.9999999811951861,0.00031441166373413765,10,10.0,0,0.0,0.05768016594372738,0.03907128420038736,0.018608881743340022,9.0,9.5,-0.5,4.6268962262300395,4.684251566122504,-0.05735533989246466,"[9, 0, 0]",10,0
dom_casmurro,intermediario,pt,sbert,150,132,21594,8,0.4684576392173767,2.0786773081245675,2.0794415416798357,0.0007642335552682233,-0.592731673200834,0.9996324813465779,1.0,0.0003675186534221053,8,8.0,0,0.0,0.05376404795359008,0.0019702165700903884,0.05179383138349969,7.0,8.0,-1.0,3.6938970657854235,3.7476611137390137,-0.05376404795359013,"[7, 0, 0]",8,0
dom_casmurro,intermediario,pt,sbert,150,133,21770,11,0.4684576392173767,2.4159305874431163,2.397796524733268,0.018134062709848298,10.605984153687674,0.9722419905187308,0.9999588188582615,0.027716828339530708,12,11.0,1,0.0,0.12284480241449253,0.04740378292245889,0.07544101949203363,5.0,10.0,-5.0,4.737248821817358,5.129757903063682,-0.3925090812463239,"[5, 0, 0]",12,0
dom_casmurro,intermediario,pt,sbert,150,134,21933,9,0.4684576392173767,2.16396169844855,2.1972245773362196,0.033262878887669434,-54.27695757853278,0.9848614114229528,1.0,0.015138588577047196,9,9.0,0,0.0,0.23422881960868835,0.003484248949906621,0.23074457065878173,6.0,9.0,-3.0,3.651467967447016,4.21611875295639,-0.5646507855093743,"[6, 0, 0]",9,0
dom_casmurro,intermediario,pt,sbert,150,135,22092,10,0.4684576392173767,2.2909331743482677,2.3025850496943616,0.01165187534609391,-5.370134761971543,0.994939636028553,0.9999999811951861,0.005060345166633118,10,10.0,0,0.0,0.21144153635093613,0.03907128420038736,0.17237025215054877,7.0,9.5,-2.5,4.460076450698654,4.684251566122504,-0.22417511542384982,"[7, 0, 0]",10,0
dom_casmurro,intermediario,pt,sbert,150,136,22258,9,0.4684576392173767,2.1972245773362196,2.1972245773362196,0.0,0.0,1.0,1.0,0.0,9,9.0,0,0.0,1.9055049745194046e-308,0.003484248949906621,0.0,9.0,9.0,0.0,4.21611875295639,4.21611875295639,0.0,"[9, 0, 0]",9,0
dom_casmurro,intermediario,pt,sbert,150,137,22422,10,0.4684576392173767,2.3093205791644436,2.3025850496943616,0.006735529470081936,3.1042814888760693,0.9630614836941734,0.9999999811951861,0.036938497501012635,11,10.0,1,0.0,0.15825263567403738,0.03907128420038736,0.11918135147365003,5.0,9.5,-4.5,4.253256234380296,4.684251566122504,-0.43099533174220817,"[5, 0, 0]",11,0
dom_casmurro,intermediario,pt,sbert,150,138,22622,12,0.4684576392173767,2.4813093340912675,2.4846408032786127,0.0033314691873451707,-1.364902449277857,0.9985523336673272,0.9998930154944008,0.0013406818270735865,12,12.0,0,0.0,0.08245624872557583,0.04488128847683767,0.03757496024873816,10.0,11.0,-1.0,5.425357564728196,5.579095788271219,-0.1537382235430229,"[10, 0, 0]",12,0
dom_casmurro,intermediario,pt,sbert,150,139,22801,9,0.4684576392173767,2.1815298042447693,2.1972245773362196,0.015694773091450287,-25.6100662893954,0.9928570009395773,1.0,0.007142999060422706,9,9.0,0,0.0,0.21890985600989293,0.003484248949906621,0.2154256070599863,7.0,9.0,-2.0,3.895692819221598,4.21611875295639,-0.32042593373479233,"[7, 0, 0]",9,0
dom_casmurro,intermediario,pt,sbert,150,140,22952,6,0.4684576392173767,1.7646177948175166,1.7917594692280547,0.027141674410538164,-12.09177857921566,0.9848519430890844,0.9999999999999999,0.015148056910915475,6,6.0,0,0.0,0.23422881960868835,1.410795150630304e-308,0.23422881960868835,4.0,6.0,-2.0,2.5526753749938376,2.8107458353042603,-0.2580704603104227,"[4, 0, 0]",6,0
dom_casmurro,intermediario,pt,sbert,150,141,23103,7,0.4684576392173767,1.9329219266485262,1.945910149055313,0.012988222406786765,-4.365098815691286,0.9933253740348225,0.9999999999999999,0.006674625965177428,7,7.0,0,0.0,0.1920286556281111,0.015482306892943692,0.17654634873516742,5.0,7.0,-2.0,3.077180697532614,3.279203474521637,-0.20202277698902282,"[5, 0, 0]",7,0
dom_casmurro,intermediario,pt,sbert,150,142,23258,11,0.4684576392173767,2.388140124712982,2.397796524733268,0.009656400020285894,-5.647693362238201,0.9959317872652528,0.9999588188582615,0.0040270315930087675,11,11.0,0,0.0,0.15371541234689035,0.04740378292245889,0.10631162942443145,9.0,10.0,-1.0,4.853479054991073,5.129757903063682,-0.27627884807260905,"[9, 0, 0]",11,0
dom_casmurro,intermediario,pt,sbert,150,143,23419,10,0.4684576392173767,2.2961089952161537,2.3025850496943616,0.006476054478207871,-2.9846942437042165,0.9971874664707955,0.9999999811951861,0.0028125147243905912,10,10.0,0,0.0,0.159682483275541,0.03907128420038736,0.12061119907515364,6.0,9.5,-3.5,4.405148745921421,4.684251566122504,-0.279102820201083,"[6, 0, 0]",10,0
dom_casmurro,intermediario,pt,sbert,150,144,23592,12,0.4684576392173767,2.481496960634727,2.4846408032786127,0.003143842643885897,-1.2880318812744411,0.998627840142983,0.9998930154944008,0.001265175351417791,12,12.0,0,0.0,0.0847246531299195,0.04488128847683767,0.03984336465308183,9.0,11.0,-2.0,5.433139455415565,5.579095788271219,-0.14595633285565324,"[9, 0, 0]",12,0
dom_casmurro,intermediario,pt,sbert,150,145,23780,8,0.4684576392173767,2.0676053424173957,2.0794415416798357,0.011836199262440061,-9.180034224880737,0.9943079913403681,1.0,0.005692008659631931,8,8.0,0,0.0,0.1938184634324312,0.0019702165700903884,0.1918482468623408,7.0,8.0,-1.0,3.5538426503065823,3.7476611137390137,-0.19381846343243136,"[7, 0, 0]",8,0
dom_casmurro,intermediario,pt,sbert,150,146,23940,12,0.4684576392173767,2.459012003904832,2.4846408032786127,0.02562879937378071,-10.500115435616594,0.9895792279016286,0.9998930154944008,0.010313787592772239,12,12.0,0,0.0,0.19157806855742143,0.04488128847683767,0.14669678008058376,6.0,11.0,-5.0,4.648608418543779,5.579095788271219,-0.9304873697274401,"[6, 0, 0]",12,0
dom_casmurro,intermediario,pt,sbert,150,147,24090,13,0.4684576392173767,2.564949357461537,2.564673916179382,0.00027544128215506447,0.07138418499239649,1.0000000000000002,0.9998926133643327,0.00010738663566756124,13,13.0,0,0.0,0.03469548529795902,0.062081634731514956,0.0,13.0,12.0,1.0,6.089949309825897,6.043156501057984,0.04679280876791303,"[13, 0, 0]",13,0
dom_casmurro,intermediario,pt,sbert,150,148,24254,11,0.4684576392173767,2.3978952727983707,2.397796524733268,9.874806510268286e-05,0.057754317410493534,1.0,0.9999588188582615,4.118114173845555e-05,11,11.0,0,0.0,0.022645212977117912,0.04740378292245889,0.0,11.0,10.0,1.0,5.153034031391144,5.129757903063682,0.02327612832746162,"[11, 0, 0]",11,0
dom_casmurro,intermediario,pt,sbert,150,149,24411,7,0.4684576392173767,1.9444448048574,1.945910149055313,0.0014653441979131099,-0.49247479928803056,0.9992469620456912,0.9999999999999999,0.0007530379543086996,7,7.0,0,0.0,0.06815505968509955,0.015482306892943692,0.05267275279215586,4.0,7.0,-3.0,3.1800470355338417,3.279203474521637,-0.09915643898779525,"[4, 0, 0]",7,0
dom_casmurro,intermediario,pt,sbert,150,150,24561,9,0.4684576392173767,2.1902417122862885,2.1972245773362196,0.006982865049931064,-11.394343567544487,0.9968219611586556,1.0,0.003178038841344377,9,9.0,0,0.0,0.16105674930533742,0.003484248949906621,0.1575725003554308,7.0,9.0,-2.0,4.050808515073225,4.21611875295639,-0.16531023788316546,"[7, 0, 0]",9,0
dom_casmurro,intermediario,pt,sbert,150,151,24716,6,0.4684576392173767,1.7820926072649,1.7917594692280547,0.009666861963154805,-4.306644927142954,0.9946048216129592,0.9999999999999999,0.005395178387040733,6,6.0,0,0.0,0.16196423725479964,1.410795150630304e-308,0.16196423725479964,3.0,6.0,-3.0,2.584941775210794,2.8107458353042603,-0.22580406009346632,"[3, 0, 0]",6,0
dom_casmurro,intermediario,pt,sbert,150,152,24867,9,0.4684576392173767,2.18871837017378,2.1972245773362196,0.008506207162439772,-13.88006873575529,0.9961286582854666,1.0,0.003871341714533405,9,9.0,0,0.0,0.17277927171971247,0.003484248949906621,0.16929502276980585,7.0,9.0,-2.0,3.9869094924847968,4.21611875295639,-0.22920926047159362,"[7, 0, 0]",9,0
dom_casmurro,intermediario,pt,sbert,150,153,25041,11,0.4684576392173767,2.3709517688962993,2.397796524733268,0.02684475583696866,-15.700566363536419,0.9887636861343707,0.9999588188582615,0.011195132723890833,11,11.0,0,0.0,0.22290621312012937,0.04740378292245889,0.17550243019767048,10.0,10.0,0.0,4.841357344560937,5.129757903063682,-0.2884005585027456,"[10, 0, 0]",11,0
dom_casmurro,intermediario,pt,sbert,150,154,25192,12,0.4684576392173767,2.484906649788001,2.4846408032786127,0.0002658465093881013,0.108917276850141,1.0000000000000002,0.9998930154944008,0.00010698450559942785,12,12.0,0,0.0,0.038361460083766535,0.04488128847683767,0.0,12.0,11.0,1.0,5.6214916706085205,5.579095788271219,0.04239588233730185,"[12, 0, 0]",12,0
dom_casmurro,intermediario,pt,sbert,150,155,25365,11,0.4684576392173767,2.389686726387909,2.397796524733268,0.008109798345358854,-4.743139698847885,0.9965767702603283,0.9999588188582615,0.0033820485979332293,11,11.0,0,0.0,0.12051244350833212,0.04740378292245889,0.07310866058587323,5.0,10.0,-5.0,4.585672722558881,5.129757903063682,-0.5440851805048013,"[5, 0, 0]",11,0
dom_casmurro,intermediario,pt,sbert,150,156,25525,14,0.4684576392173767,2.627621236037678,2.6388988258502115,0.011277589812533684,-5.373881819704064,0.9956665990354792,0.9999399392490387,0.004273340213559518,14,14.0,0,0.0,0.1980882417581005,0.05622946110854407,0.14185878064955643,10.0,13.0,-3.0,6.153868904469695,6.522893453840899,-0.3690245493712041,"[10, 0, 0]",14,0
dom_casmurro,intermediario,pt,sbert,150,157,25682,7,0.4684576392173767,1.9429936003548325,1.945910149055313,0.0029165487004805257,-0.9801975112253338,0.9985011904573823,0.9999999999999999,0.0014988095426176073,7,7.0,0,0.0,0.08738123430261396,0.015482306892943692,0.07189892740967027,5.0,7.0,-2.0,3.1343478330943455,3.279203474521637,-0.14485564142729146,"[5, 0, 0]",7,0
dom_casmurro,intermediario,pt,sbert,150,158,25842,13,0.4684576392173767,2.5644110192767116,2.564673916179382,0.00026289690267056187,-0.06813314615489777,0.9997901174215159,0.9998926133643327,0.00010249594281674934,13,13.0,0,0.0,0.04693680252653437,0.062081634731514956,0.0,12.0,12.0,0.0,6.033802402005467,6.043156501057984,-0.009354099052517384,"[12, 0, 0]",13,0
dom_casmurro,intermediario,pt,sbert,150,159,26024,12,0.4684576392173767,2.4818085779364467,2.4846408032786127,0.0028322253421659838,-1.1603623173563649,0.9987532441704328,0.9998930154944008,0.0011397713239680307,12,12.0,0,0.0,0.0762442455504761,0.04488128847683767,0.031362957073638426,8.0,11.0,-3.0,5.3691352936893635,5.579095788271219,-0.20996049458185517,"[8, 0, 0]",12,0
dom_casmurro,intermediario,pt,sbert,150,160,26198,7,0.4684576392173767,1.9455588383019742,1.945910149055313,0.00035131075333882933,-0.11806897859537968,0.9998194619862024,0.9999999999999999,0.00018053801379747103,7,7.0,0,0.0,0.03509942140109279,0.015482306892943692,0.019617114508149097,5.0,7.0,-2.0,3.235384494257354,3.279203474521637,-0.04381898026428299,"[5, 0, 0]",7,0
dom_casmurro,intermediario,pt,sbert,150,161,26375,5,0.4684576392173767,1.6028459009758163,1.6094379124341005,0.006592011458284253,-5.579035807695549,0.9959041529919509,1.0000000000000002,0.004095847008049325,5,5.0,0,0.0,0.12567101452245055,1.8561383083798607e-308,0.12567101452245055,2.0,5.0,-3.0,2.1745029483309803,2.3422881960868835,-0.1677852477559032,"[2, 0, 0]",5,0
dom_casmurro,intermediario,pt,sbert,150,162,26548,7,0.4684576392173767,1.9448082378540983,1.945910149055313,0.0011019112012147225,-0.37033176125056133,0.999433729660257,0.9999999999999999,0.0005662703397428803,7,7.0,0,0.0,0.060678791828838785,0.015482306892943692,0.04519648493589509,6.0,7.0,-1.0,3.2185246826927982,3.279203474521637,-0.06067879182883873,"[6, 0, 0]",7,0
dom_casmurro,intermediario,pt,sbert,150,163,26732,8,0.4684576392173767,2.072961504910031,2.0794415416798357,0.006480036769804798,-5.025849768689199,0.9968837610291414,1.0,0.0031162389708585536,8,8.0,0,0.0,0.14415401154805424,0.0019702165700903884,0.14218379497796385,2.0,8.0,-6.0,3.2818064740106365,3.7476611137390137,-0.46585463972837715,"[2, 0, 0]",8,0
dom_casmurro,intermediario,pt,sbert,150,164,26898,6,0.4684576392173767,1.7760178404820715,1.7917594692280547,0.015741628745983283,-7.012989928091618,0.9912144297176421,0.9999999999999999,0.008785570282357824,6,6.0,0,0.0,0.1915788910476614,1.410795150630304e-308,0.1915788910476614,3.0,6.0,-3.0,2.451790555263376,2.8107458353042603,-0.3589552800408842,"[3, 0, 0]",6,0
dom_casmurro,intermediario,pt,sbert,150,165,27049,10,0.4684576392173767,2.2948894416988868,2.3025850496943616,0.007695607995474862,-3.546764000085161,0.9966578211078607,0.9999999811951861,0.003342160087325352,10,10.0,0,0.0,0.1411748635188956,0.03907128420038736,0.10210357931850825,4.0,9.5,-5.5,4.279069227797296,4.684251566122504,-0.4051823383252078,"[4, 0, 0]",10,0
dom_casmurro,intermediario,pt,sbert,150,166,27221,6,0.4684576392173767,1.7909322976790873,1.7917594692280547,0.000827171548967387,-0.3685098813674174,0.9995383467685404,0.9999999999999999,0.0004616532314595245,6,6.0,0,0.0,0.04349424874355684,1.410795150630304e-308,0.04349424874355684,2.0,6.0,-4.0,2.6933330285819883,2.8107458353042603,-0.11741280672227195,"[2, 0, 0]",6,0
dom_casmurro,intermediario,pt,sbert,150,167,27386,8,0.4684576392173767,2.0766684177068333,2.0794415416798357,0.002773123973002445,-2.150806387890397,0.9986664092654597,1.0,0.001333590734540313,8,8.0,0,0.0,0.08830125672936046,0.0019702165700903884,0.08633104015927007,5.0,8.0,-3.0,3.572921419972569,3.7476611137390137,-0.1747396937664445,"[5, 0, 0]",8,0
dom_casmurro,intermediario,pt,sbert,150,168,27537,8,0.4684576392173767,2.0794415416798357,2.0794415416798357,0.0,0.0,1.0,1.0,0.0,8,8.0,0,0.0,1.8148417159407765e-308,0.0019702165700903884,0.0,8.0,8.0,0.0,3.7476611137390137,3.7476611137390137,0.0,"[8, 0, 0]",8,0
dom_casmurro,intermediario,pt,sbert,150,169,27693,8,0.4684576392173767,2.078091502401014,2.0794415416798357,0.001350039278821935,-1.0470765580845536,0.9993507683424794,1.0,0.0006492316575206214,8,8.0,0,0.0,0.0707645494377338,0.0019702165700903884,0.06879433286764342,7.0,8.0,-1.0,3.6768965643012796,3.7476611137390137,-0.07076454943773403,"[7, 0, 0]",8,0
dom_casmurro,intermediario,pt,sbert,150,170,27854,9,0.4684576392173767,2.1972245773362196,2.1972245773362196,0.0,0.0,1.0,1.0,0.0,9,9.0,0,0.0,1.9055049745194046e-308,0.003484248949906621,0.0,9.0,9.0,0.0,4.21611875295639,4.21611875295639,0.0,"[9, 0, 0]",9,0
dom_casmurro,intermediario,pt,sbert,150,171,28022,11,0.4684576392173767,2.3977697845232075,2.397796524733268,2.6740210060438585e-05,-0.01563942116585213,0.999947667324513,0.9999588188582615,1.1151533748532394e-05,11,11.0,0,0.0,0.019993962708790947,0.04740378292245889,0.0,9.0,10.0,-1.0,5.115068936124693,5.129757903063682,-0.014688966938988912,"[9, 0, 0]",11,0
dom_casmurro,intermediario,pt,sbert,150,172,28174,10,0.4684576392173767,2.3025850929940455,2.3025850496943616,4.329968383842697e-08,1.9956026858892216e-05,0.9999999999999998,0.9999999811951861,1.880481370619691e-08,10,10.0,0,0.0,0.00032482605126291086,0.03907128420038736,0.0,10.0,9.5,0.5,4.684576392173767,4.684251566122504,0.0003248260512629386,"[10, 0, 0]",10,0
dom_casmurro,intermediario,pt,sbert,150,173,28347,10,0.4684576392173767,2.301569596859901,2.3025850496943616,0.001015452834460806,-0.4680035104656842,0.9995589756325467,0.9999999811951861,0.00044100556263937385,10,10.0,0,0.0,0.05602330503903702,0.03907128420038736,0.016952020838649662,7.0,9.5,-2.5,4.556114175623131,4.684251566122504,-0.128137390499373,"[7, 0, 0]",10,0
dom_casmurro,intermediario,pt,sbert,150,174,28542,7,0.4684576392173767,1.9399577873244014,1.945910149055313,0.005952361730911626,-2.000477534831225,0.9969410911732992,0.9999999999999999,0.003058908826700679,7,7.0,0,0.0,0.12540558655659712,0.015482306892943692,0.10992327966365342,4.0,7.0,-3.0,3.047960165664433,3.279203474521637,-0.2312433088572039,"[4, 0, 0]",7,0
dom_casmurro,intermediario,pt,sbert,150,175,28715,13,0.4684576392173767,2.5450018097662688,2.564673916179382,0.019672106413113344,-5.098281827606473,0.9922230247403365,0.9998926133643327,0.0076695886239961375,13,13.0,0,0.0,0.21688107695970885,0.062081634731514956,0.1547994422281939,5.0,12.0,-7.0,5.3815800632408255,6.043156501057984,-0.6615764378171587,"[5, 0, 0]",13,0
dom_casmurro,intermediario,pt,sbert,150,176,28878,9,0.4684576392173767,2.196818347203855,2.1972245773362196,0.0004062301323646267,-0.6628691321619233,0.999815116699242,1.0,0.00018488330075805415,9,9.0,0,0.0,0.04156887230315587,0.003484248949906621,0.03808462335324925,8.0,9.0,-1.0,4.174549880653235,4.21611875295639,-0.04156887230315576,"[8, 0, 0]",9,0
dom_casmurro,intermediario,pt,sbert,150,177,29044,8,0.4684576392173767,2.0579573761222054,2.0794415416798357,0.02148416555763033,-16.662897501050676,0.9896683002974564,1.0,0.01033169970254355,8,8.0,0,0.0,0.19887840786491684,0.0019702165700903884,0.19690819129482645,5.0,8.0,-3.0,3.3048549764931416,3.7476611137390137,-0.44280613724587203,"[5, 0, 0]",8,0
dom_casmurro,intermediario,pt,sbert,150,178,29198,10,0.4684576392173767,2.30200675692513,2.3025850496943616,0.0005782927692314921,-0.2665244872953341,0.9997488318365843,0.9999999811951861,0.00025114935860182097,10,10.0,0,0.0,0.0439273021143482,0.03907128420038736,0.004856017913960842,8.0,9.5,-1.5,4.607963594532803,4.684251566122504,-0.07628797158970091,"[8, 0, 0]",10,0
dom_casmurro,intermediario,pt,sbert,150,179,29356,10,0.4684576392173767,2.3025820220646316,2.3025850496943616,3.0276297300346755e-06,-0.0013953787846767692,0.999998666312301,0.9999999811951861,1.3148828850173544e-06,10,10.0,0,0.0,0.0038006300842508556,0.03907128420038736,0.0,8.0,9.5,-1.5,4.679547556150125,4.684251566122504,-0.004704009972378742,"[8, 0, 0]",10,0
dom_casmurro,intermediario,pt,sbert,150,180,29544,9,0.4684576392173767,2.1890814843339843,2.1972245773362196,0.008143093002235258,-13.287554421641275,0.9962939186616475,1.0,0.003706081338352485,9,9.0,0,0.0,0.17230719527137334,0.003484248949906621,0.16882294632146672,8.0,9.0,-1.0,4.043811557685017,4.21611875295639,-0.17230719527137328,"[8, 0, 0]",9,0
dom_casmurro,intermediario,pt,sbert,150,181,29696,6,0.4684576392173767,1.7869967177159034,1.7917594692280547,0.004762751512151331,-2.121834336440136,0.9973418577694452,0.9999999999999999,0.0026581422305547164,6,6.0,0,0.0,0.11454974711742189,1.410795150630304e-308,0.11454974711742189,4.0,6.0,-2.0,2.6931854089871985,2.8107458353042603,-0.11756042631706176,"[4, 0, 0]",6,0
dom_casmurro,intermediario,pt,sbert,150,182,29877,9,0.4684576392173767,2.1972245773362196,2.1972245773362196,0.0,0.0,1.0,1.0,0.0,9,9.0,0,0.0,1.9055049745194046e-308,0.003484248949906621,0.0,9.0,9.0,0.0,4.21611875295639,4.21611875295639,0.0,"[9, 0, 0]",9,0
dom_casmurro,intermediario,pt,sbert,150,183,30049,7,0.4684576392173767,1.945910149055313,1.945910149055313,0.0,0.0,0.9999999999999999,0.9999999999999999,0.0,7,7.0,0,0.0,1.3662254764250935e-308,0.015482306892943692,0.0,7.0,7.0,0.0,3.279203474521637,3.279203474521637,0.0,"[7, 0, 0]",7,0
dom_casmurro,intermediario,pt,sbert,150,184,30215,8,0.4684576392173767,2.079414605712647,2.0794415416798357,2.693596718872371e-05,-0.02089125868786466,0.999987046537905,1.0,1.2953462094955626e-05,8,8.0,0,0.0,0.010339098204979691,0.0019702165700903884,0.008368881634889302,7.0,8.0,-1.0,3.737322015534034,3.7476611137390137,-0.010339098204979802,"[7, 0, 0]",8,0
dom_casmurro,intermediario,pt,sbert,150,185,30379,10,0.4684576392173767,2.3025433543710787,2.3025850496943616,4.16953232829087e-05,-0.0192166066253233,0.9999818731463631,0.9999999811951861,1.8108048822962353e-05,10,10.0,0,0.0,0.014151364883198014,0.03907128420038736,0.0,8.0,9.5,-1.5,4.667196268734747,4.684251566122504,-0.01705529738775713,"[8, 0, 0]",10,0
dom_casmurro,intermediario,pt,sbert,150,186,30546,11,0.4684576392173767,2.3969507310031726,2.397796524733268,0.0008457937300954121,-0.49467540959856826,0.9996060954763484,0.9999588188582615,0.000352723381913167,11,11.0,0,0.0,0.0548869318802126,0.04740378292245889,0.007483148957753705,7.0,10.0,-3.0,5.07694696776703,5.129757903063682,-0.052810935296652595,"[7, 0, 0]",11,0
dom_casmurro,intermediario,pt,sbert,150,187,30700,10,0.4684576392173767,2.296732662074268,2.3025850496943616,0.0058523876200937686,-2.6972576744681005,0.9974583215458204,0.9999999811951861,0.0025416596493657018,10,10.0,0,0.0,0.14978025998847852,0.03907128420038736,0.11070897578809116,5.0,9.5,-4.5,4.437860844519376,4.684251566122504,-0.24639072160312825,"[5, 0, 0]",10,0
dom_casmurro,intermediario,pt,sbert,150,188,30850,9,0.4684576392173767,2.1960703900891603,2.1972245773362196,0.0011541872470592907,-1.8833538870125721,0.9994747067464271,1.0,0.0005252932535728672,9,9.0,0,0.0,0.06159587195375449,0.003484248949906621,0.05811162300384787,6.0,9.0,-3.0,4.088507430995746,4.21611875295639,-0.12761132196064473,"[6, 0, 0]",9,0
dom_casmurro,intermediario,pt,sbert,150,189,31023,6,0.4684576392173767,1.7910706060341823,1.7917594692280547,0.0006888631938724021,-0.3068926804472428,0.9996155381312597,0.9999999999999999,0.0003844618687401935,6,6.0,0,0.0,0.045387528935060595,1.410795150630304e-308,0.045387528935060595,5.0,6.0,-1.0,2.7653583063691998,2.8107458353042603,-0.045387528935060484,"[5, 0, 0]",6,0
dom_casmurro,intermediario,pt,sbert,150,190,31187,15,0.4684576392173767,2.7120400343424254,2.707646449155962,0.004393585186463156,1.830059892221131,0.9781616770595378,0.9998509067719337,0.02168922971239584,16,15.0,1,0.0,0.16476536390033703,0.050183425525858694,0.11458193837447833,9.0,13.5,-4.5,6.273514044059576,6.960873085697941,-0.6873590416383646,"[7, 1, 0]",16,0
dom_casmurro,intermediario,pt,sbert,150,191,31337,8,0.4684576392173767,2.0706783616409314,2.0794415416798357,0.008763180038904306,-6.796632169856612,0.9957858012051519,1.0,0.004214198794848079,8,8.0,0,0.0,0.16955649496558284,0.0019702165700903884,0.16758627839549245,7.0,8.0,-1.0,3.578104618773431,3.7476611137390137,-0.16955649496558278,"[7, 0, 0]",8,0
dom_casmurro,intermediario,pt,sbert,150,192,31488,10,0.4684576392173767,2.3013337533415297,2.3025850496943616,0.0012512963528319432,-0.5766994447055827,0.9994565500939254,0.9999999811951861,0.0005434311012606496,10,10.0,0,0.0,0.06938290532031222,0.03907128420038736,0.03031162111992486,7.0,9.5,-2.5,4.574312120092222,4.684251566122504,-0.10993944603028183,"[7, 0, 0]",10,0
dom_casmurro,intermediario,pt,sbert,150,193,31641,9,0.4684576392173767,2.184348821018017,2.1972245773362196,0.01287575631820248,-21.010114062426148,0.9941399907633419,1.0,0.005860009236658081,9,9.0,0,0.0,0.1990348759999317,0.003484248949906621,0.19555062705002507,3.0,9.0,-6.0,3.6349754987173073,4.21611875295639,-0.5811432542390831,"[3, 0, 0]",9,0
dom_casmurro,intermediario,pt,sbert,150,194,31798,7,0.4684576392173767,1.9261145113610079,1.945910149055313,0.019795637694305146,-6.652943870911327,0.9898270546027443,0.9999999999999999,0.01017294539725555,7,7.0,0,0.0,0.1960364324253287,0.015482306892943692,0.180554125532385,5.0,7.0,-2.0,2.9280166463231563,3.279203474521637,-0.3511868281984807,"[5, 0, 0]",7,0
dom_casmurro,intermediario,pt,sbert,150,195,31949,9,0.4684576392173767,2.1972245773362196,2.1972245773362196,0.0,0.0,1.0,1.0,0.0,9,9.0,0,0.0,1.9055049745194046e-308,0.003484248949906621,0.0,9.0,9.0,0.0,4.21611875295639,4.21611875295639,0.0,"[9, 0, 0]",9,0
dom_casmurro,intermediario,pt,sbert,150,196,32112,9,0.4684576392173767,2.197006762384463,2.1972245773362196,0.00021781495175643428,-0.3554212170383332,0.9999008681433827,1.0,9.913185661725166e-05,9,9.0,0,0.0,0.030617777581393057,0.003484248949906621,0.027133528631486437,8.0,9.0,-1.0,4.185500975374998,4.21611875295639,-0.030617777581392502,"[8, 0, 0]",9,0
dom_casmurro,intermediario,pt,sbert,150,197,32291,6,0.4684576392173767,1.7917594692280547,1.7917594692280547,0.0,0.0,0.9999999999999999,0.9999999999999999,0.0,6,6.0,0,0.0,1.410795150630304e-308,1.410795150630304e-308,0.0,6.0,6.0,0.0,2.8107458353042603,2.8107458353042603,0.0,"[6, 0, 0]",6,0
dom_casmurro,intermediario,pt,sbert,150,198,32458,9,0.4684576392173767,2.1953053046225097,2.1972245773362196,0.0019192727137098409,-3.1317879614527664,0.9991265013446934,1.0,0.0008734986553066149,9,9.0,0,0.0,0.08641490309513294,0.003484248949906621,0.08293065414522632,7.0,9.0,-2.0,4.099765449861305,4.21611875295639,-0.11635330309508518,"[7, 0, 0]",9,0
dom_casmurro,intermediario,pt,sbert,150,199,32629,6,0.4684576392173767,1.779575123154069,1.7917594692280547,0.012184346073985663,-5.428199182949709,0.9931997869785305,0.9999999999999999,0.006800213021469381,6,6.0,0,0.0,0.17651746588419082,1.410795150630304e-308,0.17651746588419082,4.0,6.0,-2.0,2.613952918323389,2.8107458353042603,-0.1967929169808711,"[4, 0, 0]",6,0
dom_casmurro,intermediario,pt,sbert,150,200,32789,9,0.4684576392173767,2.192314514429081,2.1972245773362196,0.004910062907138357,-8.012032783412167,0.9977653340683587,1.0,0.002234665931641344,9,9.0,0,0.0,0.13682818305106303,0.003484248949906621,0.1333439341011564,8.0,9.0,-1.0,4.079290569905327,4.21611875295639,-0.1368281830510636,"[8, 0, 0]",9,0
dom_casmurro,intermediario,pt,sbert,150,201,32952,10,0.4684576392173767,2.3023674136558125,2.3025850496943616,0.00021763603854907387,-0.10030444210527523,0.999905463064581,0.9999999811951861,9.45181306051257e-05,10,10.0,0,0.0,0.03198259269505249,0.03907128420038736,0.0,8.0,9.5,-1.5,4.645075594788473,4.684251566122504,-0.03917597133403117,"[8, 0, 0]",10,0
dom_casmurro,intermediario,pt,sbert,150,202,33113,8,0.4684576392173767,2.079412425066387,2.0794415416798357,2.9116613448731954e-05,-0.022582545464588544,0.9999859978687233,1.0,1.400213127666916e-05,8,8.0,0,0.0,0.010747096252591293,0.0019702165700903884,0.008776879682500904,7.0,8.0,-1.0,3.7369140174864226,3.7476611137390137,-0.01074709625259107,"[7, 0, 0]",8,0
dom_casmurro,intermediario,pt,sbert,150,203,33263,9,0.4684576392173767,2.1967169791861827,2.1972245773362196,0.0005075981500368698,-0.8282771719649926,0.9997689821262367,1.0,0.0002310178737633395,9,9.0,0,0.0,0.0416743941374747,0.003484248949906621,0.03819014518756808,5.0,9.0,-4.0,4.132248233541064,4.21611875295639,-0.08387051941532597,"[5, 0, 0]",9,0
dom_casmurro,intermediario,pt,sbert,150,204,33433,7,0.4684576392173767,1.9427670485439639,1.945910149055313,0.0031431005113491395,-1.056337340860416,0.9983847658573161,0.9999999999999999,0.0016152341426838301,7,7.0,0,0.0,0.09416031020263543,0.015482306892943692,0.07867800330969174,4.0,7.0,-3.0,3.0880994357483975,3.279203474521637,-0.19110403877323945,"[4, 0, 0]",7,0
dom_casmurro,intermediario,pt,sbert,150,205,33619,8,0.4684576392173767,2.0794415416798357,2.0794415416798357,0.0,0.0,1.0,1.0,0.0,8,8.0,0,0.0,1.8148417159407765e-308,0.0019702165700903884,0.0,8.0,8.0,0.0,3.7476611137390137,3.7476611137390137,0.0,"[8, 0, 0]",8,0
dom_casmurro,intermediario,pt,sbert,150,206,33772,9,0.4684576392173767,2.1768140784598233,2.1972245773362196,0.020410498876396233,-33.30498798411338,0.9907107816438406,1.0,0.009289218356159368,9,9.0,0,0.0,0.23422881960868835,0.003484248949906621,0.23074457065878173,8.0,9.0,-1.0,3.959115379692675,4.21611875295639,-0.2570033732637156,"[8, 0, 0]",9,0
dom_casmurro,intermediario,pt,sbert,150,207,33936,6,0.4684576392173767,1.7806712280316113,1.7917594692280547,0.011088241196443471,-4.939877892289304,0.9938115347585015,0.9999999999999999,0.006188465241498409,6,6.0,0,0.0,0.16151723667895784,1.410795150630304e-308,0.16151723667895784,2.0,6.0,-4.0,2.484048108076256,2.8107458353042603,-0.3266977272280043,"[2, 0, 0]",6,0
dom_casmurro,intermediario,pt,sbert,150,208,34112,10,0.4684576392173767,2.3025850929940455,2.3025850496943616,4.329968383842697e-08,1.9956026858892216e-05,0.9999999999999998,0.9999999811951861,1.880481370619691e-08,10,10.0,0,0.0,0.00032482605126291086,0.03907128420038736,0.0,10.0,9.5,0.5,4.684576392173767,4.684251566122504,0.0003248260512629386,"[10, 0, 0]",10,0
dom_casmurro,intermediario,pt,sbert,150,209,34285,7,0.4684576392173767,1.945910149055313,1.945910149055313,0.0,0.0,0.9999999999999999,0.9999999999999999,0.0,7,7.0,0,0.0,1.3662254764250935e-308,0.015482306892943692,0.0,7.0,7.0,0.0,3.279203474521637,3.279203474521637,0.0,"[7, 0, 0]",7,0
dom_casmurro,intermediario,pt,sbert,150,210,34445,7,0.4684576392173767,1.9407934677771985,1.945910149055313,0.005116681278114488,-1.719620952571359,0.9973705459727426,0.9999999999999999,0.0026294540272573386,7,7.0,0,0.0,0.12556023779950898,0.015482306892943692,0.11007793090656529,6.0,7.0,-1.0,3.153643236722128,3.279203474521637,-0.1255602377995091,"[6, 0, 0]",7,0
dom_casmurro,intermediario,pt,sbert,150,211,34600,5,0.4684576392173767,1.5780800179126249,1.6094379124341005,0.03135789452147564,-26.53921606422499,0.9805162446595719,1.0000000000000002,0.019483755340428344,5,5.0,0,0.0,0.23422881960868835,1.8561383083798607e-308,0.23422881960868835,2.0,5.0,-3.0,1.9941275714267206,2.3422881960868835,-0.34816062466016295,"[2, 0, 0]",5,0
dom_casmurro,intermediario,pt,sbert,150,212,34753,11,0.4684576392173767,2.396491624261554,2.397796524733268,0.0013049004717138324,-0.7631910149742861,0.9994146330939723,0.9999588188582615,0.0005441857642892733,11,11.0,0,0.0,0.0639817187626692,0.04740378292245889,0.016577935840210306,9.0,10.0,-1.0,5.042256541599876,5.129757903063682,-0.08750136146380605,"[9, 0, 0]",11,0
dom_casmurro,intermediario,pt,sbert,150,213,34911,10,0.4684576392173767,2.3017135822292807,2.3025850496943616,0.0008714674650809329,-0.4016433054038116,0.9996215076839432,0.9999999811951861,0.00037847351124287165,10,10.0,0,0.0,0.06310042480739159,0.03907128420038736,0.02402914060700423,9.0,9.5,-0.5,4.621475967366376,4.684251566122504,-0.06277559875612848,"[9, 0, 0]",10,0
dom_casmurro,intermediario,pt,sbert,150,214,35064,13,0.4684576392173767,2.559322357371034,2.564673916179382,0.005351558808348145,-1.3869259574450787,0.9978061944676866,0.9998926133643327,0.0020864188966460695,13,13.0,0,0.0,0.13423832690355353,0.062081634731514956,0.07215669217203857,10.0,12.0,-2.0,5.867519234018692,6.043156501057984,-0.17563726703929206,"[10, 0, 0]",13,0
dom_casmurro,intermediario,pt,sbert,150,215,35244,9,0.4684576392173767,2.1958653393012213,2.1972245773362196,0.001359238034998267,-2.217947081906904,0.9993813841111107,1.0,0.00061861588888934,9,9.0,0,0.0,0.07466530942504779,0.003484248949906621,0.07118106047514117,8.0,9.0,-1.0,4.141453443531343,4.21611875295639,-0.07466530942504779,"[8, 0, 0]",9,0
dom_casmurro,intermediario,pt,sbert,150,216,35399,8,0.4684576392173767,2.0770106450122343,2.0794415416798357,0.0024308966676014343,-1.885378415057982,0.9988309858109127,1.0,0.0011690141890873251,8,8.0,0,0.0,0.09361135281541805,0.0019702165700903884,0.09164113624532766,6.0,8.0,-2.0,3.6293448313526966,3.7476611137390137,-0.11831628238631708,"[6, 0, 0]",8,0
dom_casmurro,intermediario,pt,sbert,150,217,35568,7,0.4684576392173767,1.9458913871791415,1.945910149055313,1.8761876171558e-05,-0.006305515942953081,0.9999903583029356,0.9999999999999999,9.641697064299848e-06,7,7.0,0,0.0,0.00816309943068122,0.015482306892943692,0.0,6.0,7.0,-1.0,3.271040375090956,3.279203474521637,-0.008163099430681164,"[6, 0, 0]",7,0
dom_casmurro,intermediario,pt,sbert,150,218,35725,8,0.4684576392173767,2.078754632653081,2.0794415416798357,0.0006869090267547229,-0.5327595653951425,0.9996696665845197,1.0,0.0003303334154802773,8,8.0,0,0.0,0.0478880591750544,0.0019702165700903884,0.04591784260496401,6.0,8.0,-2.0,3.6741493350646417,3.7476611137390137,-0.07351177867437197,"[6, 0, 0]",8,0
dom_casmurro,intermediario,pt,sbert,150,219,35879,5,0.4684576392173767,1.6094379124341005,1.6094379124341005,0.0,0.0,1.0000000000000002,1.0000000000000002,0.0,5,5.0,0,0.0,1.8561383083798607e-308,1.8561383083798607e-308,0.0,5.0,5.0,0.0,2.3422881960868835,2.3422881960868835,0.0,"[5, 0, 0]",5,0
dom_casmurro,intermediario,pt,sbert,150,220,36052,8,0.4684576392173767,2.061269140658908,2.0794415416798357,0.018172401020927875,-14.09432704041724,0.9912609223886872,1.0,0.008739077611312762,8,8.0,0,0.0,0.2336957196274323,0.0019702165700903884,0.2317255030573419,5.0,8.0,-3.0,3.4312636622980457,3.7476611137390137,-0.316397451440968,"[5, 0, 0]",8,0
dom_casmurro,intermediario,pt,sbert,150,221,36229,8,0.4684576392173767,2.078850773603551,2.0794415416798357,0.0005907680762846645,-0.4581936345453307,0.9997159006086762,1.0,0.0002840993913237888,8,8.0,0,0.0,0.04682816230927944,0.0019702165700903884,0.044857945739189053,6.0,8.0,-2.0,3.6844382371571873,3.7476611137390137,-0.06322287658182635,"[6, 0, 0]",8,0
dom_casmurro,intermediario,pt,sbert,150,222,36387,10,0.4684576392173767,2.302128125908596,2.3025850496943616,0.0004569237857654507,-0.2105877579898123,0.9998015417163778,0.9999999811951861,0.0001984394788082655,10,10.0,0,0.0,0.046344297597998796,0.03907128420038736,0.007273013397611439,8.0,9.5,-1.5,4.6323619353023,4.684251566122504,-0.05188963082020415,"[8, 0, 0]",10,0
dom_casmurro,intermediario,pt,sbert,150,223,36572,8,0.4684576392173767,2.0765329249944013,2.0794415416798357,0.0029086166854344064,-2.2558931399607496,0.9986012510440256,1.0,0.0013987489559743604,8,8.0,0,0.0,0.10212005620135711,0.0019702165700903884,0.10014983963126672,6.0,8.0,-2.0,3.6441072509795083,3.7476611137390137,-0.1035538627595054,"[6, 0, 0]",8,0
dom_casmurro,intermediario,pt,sbert,150,224,36724,9,0.4684576392173767,2.1915069988343996,2.1972245773362196,0.005717578501819975,-9.329702544485839,0.9973978178831626,1.0,0.0026021821168373815,9,9.0,0,0.0,0.12535538544257335,0.003484248949906621,0.12187113649266673,5.0,9.0,-4.0,3.9062629690602475,4.21611875295639,-0.3098557838961429,"[5, 0, 0]",9,0
dom_casmurro,intermediario,pt,sbert,150,225,36874,11,0.4684576392173767,2.427838343716115,2.397796524733268,0.03004181898284708,17.570417681802265,0.9465443583334071,0.9999588188582615,0.053414460524854435,13,11.0,2,0.0,0.12613599634189715,0.04740378292245889,0.07873221341943826,7.0,10.0,-3.0,4.685550661589721,5.129757903063682,-0.4442072414739613,"[3, 2, 0]",13,0
dom_casmurro,intermediario,pt,sbert,150,226,37037,8,0.4684576392173767,2.0600506274638066,2.0794415416798357,0.01939091421602912,-15.039393322800203,0.9906749414074105,1.0,0.009325058592589475,8,8.0,0,0.0,0.23422881960868835,0.0019702165700903884,0.23225860303859797,7.0,8.0,-1.0,3.5077724032618267,3.7476611137390137,-0.23988871047718696,"[7, 0, 0]",8,0
dom_casmurro,intermediario,pt,sbert,150,227,37200,8,0.4684576392173767,2.0778195113014704,2.0794415416798357,0.001622030378365391,-1.2580300531473876,0.9992199682723203,1.0,0.0007800317276797086,8,8.0,0,0.0,0.07278051873142782,0.0019702165700903884,0.07081030216133744,5.0,8.0,-3.0,3.608981799006583,3.7476611137390137,-0.13867931473243056,"[5, 0, 0]",8,0
dom_casmurro,intermediario,pt,sbert,150,228,37371,9,0.4684576392173767,2.186209434823897,2.1972245773362196,0.011015142512322385,-17.97404322343383,0.9949867925991996,1.0,0.005013207400800357,9,9.0,0,0.0,0.18430971688395487,0.003484248949906621,0.18082546793404825,4.0,9.0,-5.0,3.8135107944735145,4.21611875295639,-0.4026079584828759,"[4, 0, 0]",9,0
dom_casmurro,intermediario,pt,sbert,150,229,37569,5,0.4684576392173767,1.609361029411558,1.6094379124341005,7.688302254260648e-05,-0.0650686271532524,0.9999522298922199,1.0000000000000002,4.777010778034274e-05,5,5.0,0,0.0,0.013471055290966427,1.8561383083798607e-308,0.013471055290966427,3.0,5.0,-2.0,2.319433143753453,2.3422881960868835,-0.022855052333430326,"[3, 0, 0]",5,0
dom_casmurro,intermediario,pt,sbert,150,230,37727,12,0.4684576392173767,2.4837244458411627,2.4846408032786127,0.0009163574374499994,-0.3754315109803526,0.9995242461333754,0.9998930154944008,0.0003687693610253673,12,12.0,0,0.0,0.05157841910284322,0.04488128847683767,0.0066971306260055485,9.0,11.0,-2.0,5.499322390331898,5.579095788271219,-0.07977339793932092,"[9, 0, 0]",12,0
dom_casmurro,intermediario,pt,sbert,150,231,37884,7,0.4684576392173767,1.9360141575311351,1.945910149055313,0.00989599152417786,-3.325857806354468,0.9949144663596198,0.9999999999999999,0.005085533640380113,7,7.0,0,0.0,0.17232371075731284,0.015482306892943692,0.15684140386436915,4.0,7.0,-3.0,3.0409992033586892,3.279203474521637,-0.23820427116294773,"[4, 0, 0]",7,0
dom_casmurro,intermediario,pt,sbert,150,232,38043,9,0.4684576392173767,2.180937878797168,2.1972245773362196,0.016286698539051514,-26.575945175513574,0.9925876040587547,1.0,0.00741239594124532,9,9.0,0,0.0,0.1841732378827064,0.003484248949906621,0.18068898893279978,7.0,9.0,-2.0,3.8604316990141685,4.21611875295639,-0.3556870539422219,"[7, 0, 0]",9,0
dom_casmurro,intermediario,pt,sbert,150,233,38204,9,0.4684576392173767,2.142652896228836,2.1972245773362196,0.05457168110738353,-89.04775892842768,0.9751633575965444,1.0,0.024836642403455622,9,9.0,0,0.0,0.23422881960868835,0.003484248949906621,0.23074457065878173,5.0,9.0,-4.0,3.4514833940956486,4.21611875295639,-0.7646353588607417,"[5, 0, 0]",9,0
dom_casmurro,intermediario,pt,sbert,150,234,38361,8,0.4684576392173767,2.0794415416798357,2.0794415416798357,0.0,0.0,1.0,1.0,0.0,8,8.0,0,0.0,1.8148417159407765e-308,0.0019702165700903884,0.0,8.0,8.0,0.0,3.7476611137390137,3.7476611137390137,0.0,"[8, 0, 0]",8,0
dom_casmurro,intermediario,pt,sbert,150,235,38520,8,0.4684576392173767,2.0794415416798357,2.0794415416798357,0.0,0.0,1.0,1.0,0.0,8,8.0,0,0.0,1.8148417159407765e-308,0.0019702165700903884,0.0,8.0,8.0,0.0,3.7476611137390137,3.7476611137390137,0.0,"[8, 0, 0]",8,0
dom_casmurro,intermediario,pt,sbert,150,236,38684,7,0.4684576392173767,1.9432067005582287,1.945910149055313,0.00270344849708426,-0.9085785154663336,0.9986107022986663,0.9999999999999999,0.0013892977013335583,7,7.0,0,0.0,0.0825074506771245,0.015482306892943692,0.06702514378418081,4.0,7.0,-3.0,3.105389308702689,3.279203474521637,-0.17381416581894804,"[4, 0, 0]",7,0
dom_casmurro,intermediario,pt,sbert,150,237,38840,9,0.4684576392173767,2.1972245773362196,2.1972245773362196,0.0,0.0,1.0,1.0,0.0,9,9.0,0,0.0,1.9055049745194046e-308,0.003484248949906621,0.0,9.0,9.0,0.0,4.21611875295639,4.21611875295639,0.0,"[9, 0, 0]",9,0
dom_casmurro,intermediario,pt,sbert,150,238,39010,9,0.4684576392173767,2.196506947753868,2.1972245773362196,0.0007176295823514423,-1.1709975714948861,0.999673392701978,1.0,0.00032660729802203026,9,9.0,0,0.0,0.055175222830265436,0.003484248949906621,0.051690973880358815,7.0,9.0,-2.0,4.152276082606106,4.21611875295639,-0.06384267035028479,"[7, 0, 0]",9,0
dom_casmurro,intermediario,pt,sbert,150,239,39168,9,0.4684576392173767,2.1941677818262257,2.1972245773362196,0.003056795509993826,-4.987949503182919,0.9986087924095134,1.0,0.0013912075904866095,9,9.0,0,0.0,0.09699220404828102,0.003484248949906621,0.0935079550983744,6.0,9.0,-3.0,4.052766927617473,4.21611875295639,-0.16335182533891768,"[6, 0, 0]",9,0
dom_casmurro,intermediario,pt,sbert,150,240,39336,9,0.4684576392173767,2.196459756419147,2.1972245773362196,0.0007648209170727505,-1.2480023936388978,0.9996519149999679,1.0,0.00034808500003213894,9,9.0,0,0.0,0.05657388250904899,0.003484248949906621,0.05308963355914237,8.0,9.0,-1.0,4.159544870447341,4.21611875295639,-0.056573882509049156,"[8, 0, 0]",9,0
dom_casmurro,intermediario,pt,sbert,150,241,39518,9,0.4684576392173767,2.1972245773362196,2.1972245773362196,0.0,0.0,1.0,1.0,0.0,9,9.0,0,0.0,1.9055049745194046e-308,0.003484248949906621,0.0,9.0,9.0,0.0,4.21611875295639,4.21611875295639,0.0,"[9, 0, 0]",9,0
dom_casmurro,intermediario,pt,sbert,150,242,39693,11,0.4684576392173767,2.3933887344736977,2.397796524733268,0.004407790259570277,-2.577963603290766,0.9981206275454166,0.9999588188582615,0.0018381913128449057,11,11.0,0,0.0,0.12012244979172954,0.04740378292245889,0.07271866686927064,9.0,10.0,-1.0,4.979950042443415,5.129757903063682,-0.14980786062026752,"[9, 0, 0]",11,0
dom_casmurro,intermediario,pt,sbert,150,243,39873,8,0.4684576392173767,2.078176982178646,2.0794415416798357,0.0012645595011897548,-0.9807793230685186,0.9993918754262415,1.0,0.0006081245737584728,8,8.0,0,0.0,0.06857455067518192,0.0019702165700903884,0.06660433410509153,7.0,8.0,-1.0,3.679086563063832,3.7476611137390137,-0.06857455067518181,"[7, 0, 0]",8,0
dom_casmurro,intermediario,pt,sbert,150,244,40033,12,0.4684576392173767,2.392220878853001,2.4846408032786127,0.09241992442561164,-37.86442981065521,0.9976335939230793,0.9998930154944008,0.0022594215713215293,11,12.0,0,0.0,0.21504808956680507,0.04488128847683767,0.1701668010899674,7.0,11.0,-4.0,4.906507787462013,5.579095788271219,-0.6725880008092053,"[7, 0, 0]",11,0
dom_casmurro,intermediario,pt,sbert,150,245,40194,13,0.4684576392173767,2.564354499946478,2.564673916179382,0.00031941623290432375,-0.08278086451245997,0.9997680821598569,0.9998926133643327,0.00012453120447575294,13,13.0,0,0.0,0.04967283652301191,0.062081634731514956,0.0,11.0,12.0,-1.0,6.0211632908827735,6.043156501057984,-0.02199321017521072,"[11, 0, 0]",13,0
dom_casmurro,intermediario,pt,sbert,150,246,40355,7,0.4684576392173767,1.9447301455155568,1.945910149055313,0.0011800035397562247,-0.39657713677661893,0.9993935981369287,0.9999999999999999,0.0006064018630711487,7,7.0,0,0.0,0.06271546447243492,0.015482306892943692,0.04723315757949123,6.0,7.0,-1.0,3.216488010049202,3.279203474521637,-0.06271546447243503,"[6, 0, 0]",7,0
dom_casmurro,intermediario,pt,sbert,150,247,40508,13,0.4684576392173767,2.564903587304952,2.564673916179382,0.00022967112556981917,0.059522254568427795,0.9999821555320569,0.9998926133643327,8.954216772427692e-05,13,13.0,0,0.0,0.021843511667265114,0.062081634731514956,0.0,10.0,12.0,-2.0,6.058848119826607,6.043156501057984,0.015691618768622462,"[10, 0, 0]",13,0
dom_casmurro,intermediario,pt,sbert,150,248,40713,8,0.4684576392173767,2.075674585899085,2.0794415416798357,0.0037669557807507026,-2.9216121006545874,0.9981884771919544,1.0,0.0018115228080456403,8,8.0,0,0.0,0.11511596149439157,0.0019702165700903884,0.11314574492430118,7.0,8.0,-1.0,3.632545152244622,3.7476611137390137,-0.11511596149439152,"[7, 0, 0]",8,0
dom_casmurro,intermediario,pt,sbert,150,249,40876,11,0.4684576392173767,2.3823440196401253,2.397796524733268,0.015452505093142666,-9.037634134994132,0.993514623705773,0.9999588188582615,0.006444195152488508,11,11.0,0,0.0,0.21118653546941007,0.04740378292245889,0.16378275254695118,4.0,10.0,-6.0,4.555625932691152,5.129757903063682,-0.5741319703725303,"[4, 0, 0]",11,0
dom_casmurro,intermediario,pt,sbert,150,250,41042,9,0.4684576392173767,2.194807560618542,2.1972245773362196,0.002417016717677356,-3.9439855550389527,0.9988999682860786,1.0,0.0011000317139213678,9,9.0,0,0.0,0.08428681304489566,0.003484248949906621,0.08080256409498904,6.0,9.0,-3.0,4.048333416414553,4.21611875295639,-0.16778533654183736,"[6, 0, 0]",9,0
dom_casmurro,intermediario,pt,sbert,150,251,41203,6,0.4684576392173767,1.784573190187945,1.7917594692280547,0.007186279040109822,-3.201530371601841,0.9959892613023521,0.9999999999999999,0.0040107386976477866,6,6.0,0,0.0,0.13790360091189113,1.410795150630304e-308,0.13790360091189113,5.0,6.0,-1.0,2.6728422343923692,2.8107458353042603,-0.13790360091189102,"[5, 0, 0]",6,0
dom_casmurro,intermediario,pt,sbert,150,252,41385,8,0.4684576392173767,2.0780219839617176,2.0794415416798357,0.0014195577181181918,-1.100994343502807,0.9993173370399384,1.0,0.0006826629600615863,8,8.0,0,0.0,0.07271706056174049,0.0019702165700903884,0.0707468439916501,6.0,8.0,-2.0,3.672849513288359,3.7476611137390137,-0.07481160045065449,"[6, 0, 0]",8,0
dom_casmurro,intermediario,pt,sbert,150,253,41576,11,0.4684576392173767,2.3855501209597376,2.397796524733268,0.012246403773530368,-7.162496702472833,0.9948516718062395,0.9999588188582615,0.005107147052022087,11,11.0,0,0.0,0.16432895922940394,0.04740378292245889,0.11692517630694504,6.0,10.0,-4.0,4.672684765967257,5.129757903063682,-0.45707313709642516,"[6, 0, 0]",11,0
dom_casmurro,intermediario,pt,sbert,150,254,41727,11,0.4684576392173767,2.3924519158968005,2.397796524733268,0.005344608836467479,-3.1258762878573614,0.9977299438539625,0.9999588188582615,0.0022288750042990246,11,11.0,0,0.0,0.11429767616093561,0.04740378292245889,0.06689389323847672,9.0,10.0,-1.0,4.918493018038179,5.129757903063682,-0.21126488502550345,"[9, 0, 0]",11,0
dom_casmurro,intermediario,pt,sbert,150,255,41880,14,0.4684576392173767,2.6363884723441986,2.6388988258502115,0.002510353506012919,-1.1962079922431907,0.9989887081113736,0.9999399392490387,0.0009512311376650429,14,14.0,0,0.0,0.08280948697810164,0.05622946110854407,0.026580025869557572,11.0,13.0,-2.0,6.3545978113739325,6.522893453840899,-0.16829564246696638,"[11, 0, 0]",14,0
dom_casmurro,intermediario,pt,sbert,150,256,42062,7,0.4684576392173767,1.9375391583907375,1.945910149055313,0.008370990664575473,-2.8133335179884025,0.9956981617734819,0.9999999999999999,0.004301838226517973,7,7.0,0,0.0,0.1572372955109394,0.015482306892943692,0.1417549886179957,6.0,7.0,-1.0,3.1219661790106974,3.279203474521637,-0.15723729551093957,"[6, 0, 0]",7,0
dom_casmurro,intermediario,pt,sbert,150,257,42234,6,0.4684576392173767,1.7917594692280547,1.7917594692280547,0.0,0.0,0.9999999999999999,0.9999999999999999,0.0,6,6.0,0,0.0,1.410795150630304e-308,1.410795150630304e-308,0.0,6.0,6.0,0.0,2.8107458353042603,2.8107458353042603,0.0,"[6, 0, 0]",6,0
dom_casmurro,intermediario,pt,sbert,150,258,42385,7,0.4684576392173767,1.945910149055313,1.945910149055313,0.0,0.0,0.9999999999999999,0.9999999999999999,0.0,7,7.0,0,0.0,1.3662254764250935e-308,0.015482306892943692,0.0,7.0,7.0,0.0,3.279203474521637,3.279203474521637,0.0,"[7, 0, 0]",7,0
dom_casmurro,intermediario,pt,sbert,150,259,42546,8,0.4684576392173767,2.0742515420309844,2.0794415416798357,0.005189999648851362,-4.025310266173443,0.9975041377481288,1.0,0.0024958622518711504,8,8.0,0,0.0,0.13187973674749992,0.0019702165700903884,0.12990952017740953,6.0,8.0,-2.0,3.57187518454475,3.7476611137390137,-0.1757859291942636,"[6, 0, 0]",8,0
dom_casmurro,intermediario,pt,sbert,150,260,42711,8,0.4684576392173767,2.0736525960910313,2.0794415416798357,0.005788945588804495,-4.489846567540984,0.9972161056356852,1.0,0.0027838943643148095,8,8.0,0,0.0,0.13772500761627127,0.0019702165700903884,0.13575479104618088,6.0,8.0,-2.0,3.5593974076636115,3.7476611137390137,-0.18826370607540222,"[6, 0, 0]",8,0
dom_casmurro,intermediario,pt,sbert,150,261,42864,8,0.4684576392173767,2.0685464403448055,2.0794415416798357,0.010895101335030244,-8.45012836650256,0.9947605637779897,1.0,0.005239436222010285,8,8.0,0,0.0,0.18388054777232948,0.0019702165700903884,0.1819103312022391,6.0,8.0,-2.0,3.5009850334350183,3.7476611137390137,-0.24667608030399535,"[6, 0, 0]",8,0
dom_casmurro,intermediario,pt,sbert,150,262,43028,9,0.4684576392173767,2.187794993576648,2.1972245773362196,0.009429583759571702,-15.38679557562959,0.9957084114856373,1.0,0.004291588514362732,9,9.0,0,0.0,0.18400194787598995,0.003484248949906621,0.18051769892608333,8.0,9.0,-1.0,4.032116805080401,4.21611875295639,-0.18400194787598956,"[8, 0, 0]",9,0
dom_casmurro,intermediario,pt,sbert,150,263,43202,7,0.4684576392173767,1.945910149055313,1.945910149055313,0.0,0.0,0.9999999999999999,0.9999999999999999,0.0,7,7.0,0,0.0,1.3662254764250935e-308,0.015482306892943692,0.0,7.0,7.0,0.0,3.279203474521637,3.279203474521637,0.0,"[7, 0, 0]",7,0
dom_casmurro,intermediario,pt,sbert,150,264,43370,8,0.4684576392173767,2.074400659923098,2.0794415416798357,0.0050408817567375586,-3.909655965092963,0.997575848295949,1.0,0.0024241517040509697,8,8.0,0,0.0,0.13179021623201936,0.0019702165700903884,0.12981999966192898,7.0,8.0,-1.0,3.615870897506994,3.7476611137390137,-0.13179021623201947,"[7, 0, 0]",8,0
dom_casmurro,intermediario,pt,sbert,150,265,43535,12,0.4684576392173767,2.4847697560734305,2.4846408032786127,0.00012895279481783817,0.052831941582011765,0.9999449099166033,0.9998930154944008,5.1894422202547474e-05,12,12.0,0,0.0,0.02151236334547446,0.04488128847683767,0.0,10.0,11.0,-1.0,5.580461845137427,5.579095788271219,0.0013660568662086092,"[10, 0, 0]",12,0
dom_casmurro,intermediario,pt,sbert,150,266,43693,8,0.4684576392173767,2.0779483974909168,2.0794415416798357,0.0014931441889189934,-1.1580672522517497,0.9992819494277715,1.0,0.0007180505722285124,8,8.0,0,0.0,0.07426920759473815,0.0019702165700903884,0.07229899102464776,7.0,8.0,-1.0,3.6733919061442757,3.7476611137390137,-0.07426920759473798,"[7, 0, 0]",8,0
dom_casmurro,intermediario,pt,sbert,150,267,43865,10,0.4684576392173767,2.302374882522861,2.3025850496943616,0.00021016717150068587,-0.0968621788319612,0.9999087067523261,0.9999999811951861,9.127444285994546e-05,10,10.0,0,0.0,0.031510137576064634,0.03907128420038736,0.0,9.0,9.5,-0.5,4.653066254597702,4.684251566122504,-0.031185311524802195,"[9, 0, 0]",10,0
dom_casmurro,intermediario,pt,sbert,150,268,44037,10,0.4684576392173767,2.298410108785913,2.3025850496943616,0.004174940908448832,-1.9241533775208162,0.9981868273963745,0.9999999811951861,0.0018131537988115287,10,10.0,0,0.0,0.11494721358222945,0.03907128420038736,0.0758759293818421,8.0,9.5,-1.5,4.488639359892798,4.684251566122504,-0.19561220622970588,"[8, 0, 0]",10,0
dom_casmurro,intermediario,pt,sbert,150,269,44207,10,0.4684576392173767,2.3023675403405157,2.3025850496943616,0.00021750935384590164,-0.1002460554586533,0.9999055180830484,0.9999999811951861,9.446311213767711e-05,10,10.0,0,0.0,0.02798485442293358,0.03907128420038736,0.0,7.0,9.5,-2.5,4.634198733684485,4.684251566122504,-0.050052832438018946,"[7, 0, 0]",10,0
dom_casmurro,intermediario,pt,sbert,150,270,44384,5,0.4684576392173767,1.6094379124341005,1.6094379124341005,0.0,0.0,1.0000000000000002,1.0000000000000002,0.0,5,5.0,0,0.0,1.8561383083798607e-308,1.8561383083798607e-308,0.0,5.0,5.0,0.0,2.3422881960868835,2.3422881960868835,0.0,"[5, 0, 0]",5,0
dom_casmurro,intermediario,pt,sbert,150,271,44538,11,0.4684576392173767,2.391488213538548,2.397796524733268,0.006308311194719973,-3.689512363459247,0.9973280487548793,0.9999588188582615,0.002630770103382196,11,11.0,0,0.0,0.1145798848800848,0.04740378292245889,0.06717610195762591,9.0,10.0,-1.0,4.901496083222243,5.129757903063682,-0.228261819841439,"[9, 0, 0]",11,0
dom_casmurro,intermediario,pt,sbert,150,272,44702,10,0.4684576392173767,2.30252012146931,2.3025850496943616,6.49282250515526e-05,-0.02992422318518374,0.9999717832253264,0.9999999811951861,2.8197969859644623e-05,10,10.0,0,0.0,0.017691006028886458,0.03907128420038736,0.0,8.0,9.5,-1.5,4.666366910188373,4.684251566122504,-0.017884655934131466,"[8, 0, 0]",10,0
dom_casmurro,intermediario,pt,sbert,150,273,44855,13,0.4684576392173767,2.5571323307358873,2.564673916179382,0.007541585443494814,-1.954499798368368,0.9969523660563085,0.9998926133643327,0.002940247308024113,13,13.0,0,0.0,0.1452454534689952,0.062081634731514956,0.08316381873748024,8.0,12.0,-4.0,5.669058305944267,6.043156501057984,-0.3740981951137172,"[8, 0, 0]",13,0
dom_casmurro,intermediario,pt,sbert,150,274,45006,13,0.4684576392173767,2.562162994145011,2.564673916179382,0.002510922034371088,-0.6507380505952043,0.9989136770640636,0.9998926133643327,0.0009789363002690177,13,13.0,0,0.0,0.09466057034688835,0.062081634731514956,0.032578935615373394,10.0,12.0,-2.0,5.884917017088805,6.043156501057984,-0.15823948396917942,"[10, 0, 0]",13,0
dom_casmurro,intermediario,pt,sbert,150,275,45161,6,0.4684576392173767,1.7808150286090814,1.7917594692280547,0.010944440618973372,-4.875813873392346,0.9938917913888917,0.9999999999999999,0.006108208611108168,6,6.0,0,0.0,0.1318385840686892,1.410795150630304e-308,0.1318385840686892,4.0,6.0,-2.0,2.5492597505507617,2.8107458353042603,-0.26148608475349855,"[4, 0, 0]",6,0
dom_casmurro,intermediario,pt,sbert,150,276,45313,13,0.4684576392173767,2.563067701554718,2.564673916179382,0.0016062146246640374,-0.4162713773600627,0.9992663964684741,0.9998926133643327,0.0006262168958585113,13,13.0,0,0.0,0.07060240587944955,0.062081634731514956,0.008520771147934592,11.0,12.0,-1.0,5.94196035330452,6.043156501057984,-0.10119614775346442,"[11, 0, 0]",13,0
dom_casmurro,intermediario,pt,sbert,150,277,45467,9,0.4684576392173767,2.182118549360647,2.1972245773362196,0.015106027975572367,-24.64937693394337,0.9931249503890558,1.0,0.006875049610944206,9,9.0,0,0.0,0.17562633038533088,0.003484248949906621,0.17214208143542425,5.0,9.0,-4.0,3.814016684769493,4.21611875295639,-0.4021020681868972,"[5, 0, 0]",9,0
dom_casmurro,intermediario,pt,sbert,150,278,45626,7,0.4684576392173767,1.9314328801388339,1.945910149055313,0.014477268916479158,-4.8655395189988555,0.9925601555017801,0.9999999999999999,0.007439844498219772,7,7.0,0,0.0,0.15961847100130216,0.015482306892943692,0.14413616410835847,3.0,7.0,-4.0,2.777886351970427,3.279203474521637,-0.5013171225512099,"[3, 0, 0]",7,0
dom_casmurro,intermediario,pt,sbert,150,279,45782,12,0.4684576392173767,2.4848933035092764,2.4846408032786127,0.0002525002306636992,0.10344930836678311,0.9999946290623332,0.9998930154944008,0.0001016135679323682,12,12.0,0,0.0,0.02964089493355912,0.04488128847683767,0.0,11.0,11.0,0.0,5.612771105458313,5.579095788271219,0.033675317187094045,"[11, 0, 0]",12,0
dom_casmurro,intermediario,pt,sbert,150,280,45932,10,0.4684576392173767,2.281407212057475,2.3025850496943616,0.021177837636886743,-9.760475348318936,0.9908025631708431,0.9999999811951861,0.00919741802434293,10,10.0,0,0.0,0.23406640658305689,0.03907128420038736,0.19499512238266953,8.0,9.5,-1.5,4.326368128514618,4.684251566122504,-0.3578834376078861,"[8, 0, 0]",10,0
dom_casmurro,intermediario,pt,sbert,150,281,46104,10,0.4684576392173767,2.3025850929940455,2.3025850496943616,4.329968383842697e-08,1.9956026858892216e-05,0.9999999999999998,0.9999999811951861,1.880481370619691e-08,10,10.0,0,0.0,0.00032482605126291086,0.03907128420038736,0.0,10.0,9.5,0.5,4.684576392173767,4.684251566122504,0.0003248260512629386,"[10, 0, 0]",10,0
dom_casmurro,intermediario,pt,sbert,150,282,46257,8,0.4684576392173767,2.079188899999158,2.0794415416798357,0.00025264168067762327,-0.19594628510620823,0.9998785050333882,1.0,0.00012149496661184589,8,8.0,0,0.0,0.0240184292818178,0.0019702165700903884,0.02204821271172741,6.0,8.0,-2.0,3.6998554587341994,3.7476611137390137,-0.04780565500481426,"[6, 0, 0]",8,0
dom_casmurro,intermediario,pt,sbert,150,283,46417,11,0.4684576392173767,2.397806711166405,2.397796524733268,1.0186433136993855e-05,0.005957691343754024,0.9999630669308329,0.9999588188582615,4.2480725713778256e-06,11,11.0,0,0.0,0.021459657320727965,0.04740378292245889,0.0,10.0,10.0,0.0,5.131574374070416,5.129757903063682,0.0018164710067338774,"[10, 0, 0]",11,0
dom_casmurro,intermediario,pt,sbert,150,284,46577,11,0.4684576392173767,2.3905740708043313,2.397796524733268,0.007222453928936723,-4.224162734335387,0.9969468216243258,0.9999588188582615,0.003011997233935748,11,11.0,0,0.0,0.1240223923440405,0.04740378292245889,0.07661860942158161,4.0,10.0,-6.0,4.633992580716901,5.129757903063682,-0.49576532234678083,"[4, 0, 0]",11,0
dom_casmurro,intermediario,pt,sbert,150,285,46736,8,0.4684576392173767,2.076341377078579,2.0794415416798357,0.0031001646012569495,-2.404455730363863,0.9985091359679423,1.0,0.0014908640320576705,8,8.0,0,0.0,0.10458697527444755,0.0019702165700903884,0.10261675870435716,6.0,8.0,-2.0,3.6127896938462944,3.7476611137390137,-0.13487141989271922,"[6, 0, 0]",8,0
dom_casmurro,intermediario,pt,sbert,150,286,46911,10,0.4684576392173767,2.2974648716249546,2.3025850496943616,0.005120178069407011,-2.3597957771857305,0.9977763161132805,0.9999999811951861,0.0022236650819055237,10,10.0,0,0.0,0.11306547536975095,0.03907128420038736,0.0739941911693636,6.0,9.5,-3.5,4.375208474357487,4.684251566122504,-0.3090430917650169,"[6, 0, 0]",10,0
dom_casmurro,intermediario,pt,sbert,150,287,47076,8,0.4684576392173767,2.0770828691686587,2.0794415416798357,0.0023586725111770512,-1.8293621033063756,0.9988657182883479,1.0,0.0011342817116520854,8,8.0,0,0.0,0.09416927885582221,0.0019702165700903884,0.09219906228573183,4.0,8.0,-4.0,3.5746718072380235,3.7476611137390137,-0.1729893065009902,"[4, 0, 0]",8,0
dom_casmurro,intermediario,pt,sbert,150,288,47232,8,0.4684576392173767,2.079429237231411,2.0794415416798357,1.2304448424593772e-05,-0.009543203451676656,0.9999940828110924,1.0,5.917188907633708e-06,8,8.0,0,0.0,0.007000493240131855,0.0019702165700903884,0.005030276670041467,7.0,8.0,-1.0,3.7406606204988817,3.7476611137390137,-0.007000493240131966,"[7, 0, 0]",8,0
dom_casmurro,intermediario,pt,sbert,150,289,47412,7,0.4684576392173767,1.9456924983686785,1.945910149055313,0.00021765068663448517,-0.07314832813196562,0.9998881496729228,0.9999999999999999,0.00011185032707705655,7,7.0,0,0.0,0.02749854663472745,0.015482306892943692,0.012016239741783757,6.0,7.0,-1.0,3.2517049278869097,3.279203474521637,-0.027498546634727283,"[6, 0, 0]",7,0
dom_casmurro,intermediario,pt,sbert,150,290,47566,8,0.4684576392173767,2.0794415416798357,2.0794415416798357,0.0,0.0,1.0,1.0,0.0,8,8.0,0,0.0,1.8148417159407765e-308,0.0019702165700903884,0.0,8.0,8.0,0.0,3.7476611137390137,3.7476611137390137,0.0,"[8, 0, 0]",8,0
dom_casmurro,intermediario,pt,sbert,150,291,47735,10,0.4684576392173767,2.300751857953084,2.3025850496943616,0.0018331917412774956,-0.844884312849572,0.9992038361376786,0.9999999811951861,0.0007961450575074691,10,10.0,0,0.0,0.0901724621489845,0.03907128420038736,0.05110117794859714,9.0,9.5,-0.5,4.594403930024782,4.684251566122504,-0.08984763609772184,"[9, 0, 0]",10,0
dom_casmurro,intermediario,pt,sbert,150,292,47889,7,0.4684576392173767,1.945591007528798,1.945910149055313,0.00031914152651491,-0.10725750266643197,0.9998359936985425,0.9999999999999999,0.0001640063014574089,7,7.0,0,0.0,0.03318888122166058,0.015482306892943692,0.01770657432871689,6.0,7.0,-1.0,3.2460145932999764,3.279203474521637,-0.03318888122166053,"[6, 0, 0]",7,0
dom_casmurro,intermediario,pt,sbert,150,293,48042,6,0.4684576392173767,1.7915768365882392,1.7917594692280547,0.00018263263981554978,-0.08136393534843406,0.9998980707829637,0.9999999999999999,0.00010192921703622293,6,6.0,0,0.0,0.023684458702551814,1.410795150630304e-308,0.023684458702551814,5.0,6.0,-1.0,2.7870613766017085,2.8107458353042603,-0.02368445870255176,"[5, 0, 0]",6,0
dom_casmurro,intermediario,pt,sbert,150,294,48205,10,0.4684576392173767,2.2995869883946396,2.3025850496943616,0.0029980612997220213,-1.381751239688301,0.998697939716309,0.9999999811951861,0.0013020414788770251,10,10.0,0,0.0,0.11398079471621941,0.03907128420038736,0.07490951051583206,8.0,9.5,-1.5,4.567947145497934,4.684251566122504,-0.11630442062457025,"[8, 0, 0]",10,0
dom_casmurro,intermediario,pt,sbert,150,295,48371,11,0.4684576392173767,2.3969887696517427,2.397796524733268,0.0008077550815253076,-0.47242792372530484,0.9996219588249281,0.9999588188582615,0.0003368600333334415,11,11.0,0,0.0,0.05474242263256371,0.04740378292245889,0.007338639710104816,10.0,10.0,0.0,5.085960811755234,5.129757903063682,-0.043797091308448444,"[10, 0, 0]",11,0
dom_casmurro,intermediario,pt,sbert,150,296,48524,9,0.4684576392173767,2.1972245773362196,2.1972245773362196,0.0,0.0,1.0,1.0,0.0,9,9.0,0,0.0,1.9055049745194046e-308,0.003484248949906621,0.0,9.0,9.0,0.0,4.21611875295639,4.21611875295639,0.0,"[9, 0, 0]",9,0
dom_casmurro,intermediario,pt,sbert,150,297,48700,10,0.4684576392173767,2.3025850929940455,2.3025850496943616,4.329968383842697e-08,1.9956026858892216e-05,0.9999999999999998,0.9999999811951861,1.880481370619691e-08,10,10.0,0,0.0,0.00032482605126291086,0.03907128420038736,0.0,10.0,9.5,0.5,4.684576392173767,4.684251566122504,0.0003248260512629386,"[10, 0, 0]",10,0
dom_casmurro,intermediario,pt,sbert,150,298,48864,7,0.4684576392173767,1.945910149055313,1.945910149055313,0.0,0.0,0.9999999999999999,0.9999999999999999,0.0,7,7.0,0,0.0,1.3662254764250935e-308,0.015482306892943692,0.0,7.0,7.0,0.0,3.279203474521637,3.279203474521637,0.0,"[7, 0, 0]",7,0
dom_casmurro,intermediario,pt,sbert,150,299,49026,7,0.4684576392173767,1.9294332752780172,1.945910149055313,0.016476873777295786,-5.537569342359464,0.991532561878412,0.9999999999999999,0.0084674381215879,7,7.0,0,0.0,0.21209888038285335,0.015482306892943692,0.19661657348990966,6.0,7.0,-1.0,3.0671045941387836,3.279203474521637,-0.2120988803828534,"[6, 0, 0]",7,0
dom_casmurro,intermediario,pt,sbert,150,300,49190,8,0.4684576392173767,2.0794415416798357,2.0794415416798357,0.0,0.0,1.0,1.0,0.0,8,8.0,0,0.0,1.8148417159407765e-308,0.0019702165700903884,0.0,8.0,8.0,0.0,3.7476611137390137,3.7476611137390137,0.0,"[8, 0, 0]",8,0
dom_casmurro,intermediario,pt,sbert,150,301,49344,7,0.4684576392173767,1.9301610392481374,1.945910149055313,0.015749109807175588,-5.292981473089955,0.9919065585762932,0.9999999999999999,0.008093441423706715,7,7.0,0,0.0,0.19381346616262857,0.015482306892943692,0.17833115926968487,4.0,7.0,-3.0,2.8875951336420824,3.279203474521637,-0.39160834087955454,"[4, 0, 0]",7,0
dom_casmurro,intermediario,pt,sbert,150,302,49497,6,0.4684576392173767,1.7838885700091933,1.7917594692280547,0.007870899218861416,-3.5065327633891785,0.9956071675054394,0.9999999999999999,0.004392832494560461,6,6.0,0,0.0,0.14541975563875725,1.410795150630304e-308,0.14541975563875725,4.0,6.0,-2.0,2.635552280026833,2.8107458353042603,-0.1751935552774273,"[4, 0, 0]",6,0
dom_casmurro,intermediario,pt,sbert,150,303,49648,7,0.4684576392173767,1.945910149055313,1.945910149055313,0.0,0.0,0.9999999999999999,0.9999999999999999,0.0,7,7.0,0,0.0,1.3662254764250935e-308,0.015482306892943692,0.0,7.0,7.0,0.0,3.279203474521637,3.279203474521637,0.0,"[7, 0, 0]",7,0
dom_casmurro,intermediario,pt,sbert,150,304,49829,7,0.4684576392173767,1.945910149055313,1.945910149055313,0.0,0.0,0.9999999999999999,0.9999999999999999,0.0,7,7.0,0,0.0,1.3662254764250935e-308,0.015482306892943692,0.0,7.0,7.0,0.0,3.279203474521637,3.279203474521637,0.0,"[7, 0, 0]",7,0
dom_casmurro,intermediario,pt,sbert,150,305,49979,9,0.4684576392173767,2.1781198765041503,2.1972245773362196,0.019104700832069277,-31.17424201659166,0.9913050759448401,1.0,0.008694924055159925,9,9.0,0,0.0,0.21002364405259333,0.003484248949906621,0.2065393951026867,6.0,9.0,-3.0,3.818043694296031,4.21611875295639,-0.3980750586603592,"[6, 0, 0]",9,0
dom_casmurro,intermediario,pt,sbert,150,306,50135,8,0.4684576392173767,2.079417015711444,2.0794415416798357,2.452596839175314e-05,-0.019022088446001874,0.9999882055023427,1.0,1.1794497657313663e-05,8,8.0,0,0.0,0.009868242317794984,0.0019702165700903884,0.007898025747704596,7.0,8.0,-1.0,3.7377928714212185,3.7476611137390137,-0.00986824231779515,"[7, 0, 0]",8,0
dom_casmurro,intermediario,pt,sbert,150,307,50305,9,0.4684576392173767,2.1970010290606456,2.1972245773362196,0.00022354827557391488,-0.36477661212233303,0.999898258795264,1.0,0.00010174120473604997,9,9.0,0,0.0,0.031011618527547358,0.003484248949906621,0.027527369577640737,8.0,9.0,-1.0,4.1851071344288435,4.21611875295639,-0.031011618527546858,"[8, 0, 0]",9,0
dom_casmurro,intermediario,pt,sbert,150,308,50492,9,0.4684576392173767,2.19704548695455,2.1972245773362196,0.00017909038166941116,-0.2922321029824409,0.9999184924547465,1.0,8.150754525348969e-05,9,9.0,0,0.0,0.026006315216993092,0.003484248949906621,0.02252206626708647,7.0,9.0,-2.0,4.176530846285019,4.21611875295639,-0.0395879066713718,"[7, 0, 0]",9,0
dom_casmurro,intermediario,pt,sbert,150,309,50651,7,0.4684576392173767,1.945910149055313,1.945910149055313,0.0,0.0,0.9999999999999999,0.9999999999999999,0.0,7,7.0,0,0.0,1.3662254764250935e-308,0.015482306892943692,0.0,7.0,7.0,0.0,3.279203474521637,3.279203474521637,0.0,"[7, 0, 0]",7,0
dom_casmurro,intermediario,pt,sbert,150,310,50802,8,0.4684576392173767,2.079115338787548,2.0794415416798357,0.00032620289228768584,-0.2529996030870053,0.9998431295683243,1.0,0.00015687043167567083,8,8.0,0,0.0,0.03548788807975983,0.0019702165700903884,0.033517671509669444,7.0,8.0,-1.0,3.712173225659254,3.7476611137390137,-0.03548788807975978,"[7, 0, 0]",8,0
dom_casmurro,intermediario,pt,sbert,150,311,50963,7,0.4684576392173767,1.944277177999803,1.945910149055313,0.0016329710555100796,-0.5488110533694393,0.9991608188814355,0.9999999999999999,0.0008391811185644027,7,7.0,0,0.0,0.07330630404746613,0.015482306892943692,0.05782399715452244,6.0,7.0,-1.0,3.205897170474171,3.279203474521637,-0.07330630404746596,"[6, 0, 0]",7,0
dom_casmurro,intermediario,pt,sbert,150,312,51134,4,0.4684576392173767,1.3792227278192248,1.3862943611198906,0.007071633300665736,-27.217643245056237,0.9948988948530721,1.0,0.0051011051469278534,4,4.0,0,0.0,0.11764356525482117,1.5799114781053135e-308,0.11764356525482117,3.0,4.0,-1.0,1.7561869916146857,1.8738305568695068,-0.11764356525482111,"[3, 0, 0]",4,0
dom_casmurro,intermediario,pt,sbert,150,313,51304,10,0.4684576392173767,2.302196049700432,2.3025850496943616,0.00038899999392949525,-0.179282933241111,0.9998310406443621,0.9999999811951861,0.00016894055082394832,10,10.0,0,0.0,0.042619911754933626,0.03907128420038736,0.0035486275545462687,9.0,9.5,-0.5,4.641956480418834,4.684251566122504,-0.04229508570367013,"[9, 0, 0]",10,0
dom_casmurro,intermediario,pt,sbert,150,314,51459,10,0.4684576392173767,2.2991726202803577,2.3025850496943616,0.0034124294140038813,-1.5727258724115714,0.9985179819307998,0.9999999811951861,0.0014819992643863023,10,10.0,0,0.0,0.09538540765936718,0.03907128420038736,0.05631412345897982,6.0,9.5,-3.5,4.454312767045954,4.684251566122504,-0.22993879907655046,"[6, 0, 0]",10,0
dom_casmurro,intermediario,pt,sbert,150,315,51640,12,0.4684576392173767,2.449257941771497,2.4846408032786127,0.03538286150711567,-14.49635329570817,0.9856539045361947,0.9998930154944008,0.01423911095820607,12,12.0,0,0.0,0.21504808956680507,0.04488128847683767,0.1701668010899674,8.0,11.0,-3.0,5.004192145535353,5.579095788271219,-0.5749036427358654,"[8, 0, 0]",12,0
dom_casmurro,intermediario,pt,sbert,150,316,51804,10,0.4684576392173767,2.2935750366954357,2.3025850496943616,0.009010012998925898,-4.152549059629931,0.996086982267876,0.9999999811951861,0.0039129989273101184,10,10.0,0,0.0,0.18531120423745637,0.03907128420038736,0.146239920037069,7.0,9.5,-2.5,4.40060256884282,4.684251566122504,-0.28364899727968407,"[7, 0, 0]",10,0
dom_casmurro,intermediario,pt,sbert,150,317,51976,9,0.4684576392173767,2.1972245773362196,2.1972245773362196,0.0,0.0,1.0,1.0,0.0,9,9.0,0,0.0,1.9055049745194046e-308,0.003484248949906621,0.0,9.0,9.0,0.0,4.21611875295639,4.21611875295639,0.0,"[9, 0, 0]",9,0
dom_casmurro,intermediario,pt,sbert,150,318,52130,8,0.4684576392173767,2.0697406779884315,2.0794415416798357,0.009700863691404216,-7.523889951784643,0.9953348706866905,1.0,0.004665129313309535,8,8.0,0,0.0,0.17110609092737955,0.0019702165700903884,0.16913587435728916,6.0,8.0,-2.0,3.502173189248472,3.7476611137390137,-0.2454879244905417,"[6, 0, 0]",8,0
dom_casmurro,intermediario,pt,sbert,150,319,52281,9,0.4684576392173767,2.1962308266332653,2.1972245773362196,0.0009937507029542658,-1.621560326453901,0.9995477245643415,1.0,0.00045227543565851125,9,9.0,0,0.0,0.06421599927792948,0.003484248949906621,0.06073175032802286,8.0,9.0,-1.0,4.151902753678461,4.21611875295639,-0.06421599927792965,"[8, 0, 0]",9,0
dom_casmurro,intermediario,pt,sbert,150,320,52453,9,0.4684576392173767,2.197015898067489,2.1972245773362196,0.0002086792687303607,-0.3405139962372818,0.9999050259719089,1.0,9.497402809111044e-05,9,9.0,0,0.0,0.029978994174349738,0.003484248949906621,0.026494745224443117,8.0,9.0,-1.0,4.186139758782041,4.21611875295639,-0.029978994174349793,"[8, 0, 0]",9,0
dom_casmurro,intermediario,pt,sbert,150,321,52626,8,0.4684576392173767,2.07324907149731,2.0794415416798357,0.006192470182525778,-4.802816085779629,0.9970220513256057,1.0,0.0029779486743942707,8,8.0,0,0.0,0.1451964845402674,0.0019702165700903884,0.143226267970177,5.0,8.0,-3.0,3.5545572087536756,3.7476611137390137,-0.19310390498533803,"[5, 0, 0]",8,0
dom_casmurro,intermediario,pt,sbert,150,322,52789,8,0.4684576392173767,2.067352019954798,2.0794415416798357,0.012089521725037855,-9.376508517431587,0.9941861689868562,1.0,0.005813831013143811,8,8.0,0,0.0,0.1571118761477987,0.0019702165700903884,0.1551416595777083,5.0,8.0,-3.0,3.3896796084493985,3.7476611137390137,-0.35798150528961514,"[5, 0, 0]",8,0
dom_casmurro,intermediario,pt,sbert,150,323,52950,14,0.4684576392173767,2.6334240776547517,2.6388988258502115,0.005474748195459789,-2.608771048078152,0.9978654302438636,0.9999399392490387,0.0020745090051750292,14,14.0,0,0.0,0.1239656818559832,0.05622946110854407,0.06773622074743912,11.0,13.0,-2.0,6.254883993739885,6.522893453840899,-0.26800946010101434,"[11, 0, 0]",14,0
dom_casmurro,intermediario,pt,sbert,150,324,53141,11,0.4684576392173767,2.3791174561456754,2.397796524733268,0.018679068587592607,-10.924739183683439,0.9921690422156004,0.9999588188582615,0.007789776642661117,11,11.0,0,0.0,0.22290621312012937,0.04740378292245889,0.17550243019767048,8.0,10.0,-2.0,4.822134022728798,5.129757903063682,-0.3076238803348845,"[8, 0, 0]",11,0
dom_casmurro,intermediario,pt,sbert,150,325,53303,10,0.4684576392173767,2.2672877551404316,2.3025850496943616,0.03529729455393005,-16.26787301248913,0.9846705609443005,0.9999999811951861,0.015329420250885573,10,10.0,0,0.0,0.23406640658305689,0.03907128420038736,0.19499512238266953,8.0,9.5,-1.5,4.344169666173846,4.684251566122504,-0.34008189994865834,"[8, 0, 0]",10,0
dom_casmurro,intermediario,pt,sbert,150,326,53455,7,0.4684576392173767,1.9453754019620288,1.945910149055313,0.0005347470932841603,-0.17971850423267607,0.9997251943551742,0.9999999999999999,0.00027480564482573744,7,7.0,0,0.0,0.043214383718711724,0.015482306892943692,0.02773207682576803,5.0,7.0,-2.0,3.230894865815577,3.279203474521637,-0.0483086087060598,"[5, 0, 0]",7,0
dom_casmurro,intermediario,pt,sbert,150,327,53609,12,0.4684576392173767,2.4845244338302157,2.4846408032786127,0.00011636944839699126,-0.047676546354234677,0.9998461849833203,0.9998930154944008,4.683051108045344e-05,12,12.0,0,0.0,0.03806257596696436,0.04488128847683767,0.0,10.0,11.0,-1.0,5.557096821709931,5.579095788271219,-0.021998966561287858,"[10, 0, 0]",12,0
dom_casmurro,intermediario,pt,sbert,150,328,53764,7,0.4684576392173767,1.9456740783488977,1.945910149055313,0.00023607070641529226,-0.07933895253089773,0.999878683655291,0.9999999999999999,0.0001213163447089105,7,7.0,0,0.0,0.02281849515119938,0.015482306892943692,0.007336188258255688,5.0,7.0,-2.0,3.2349323544895254,3.279203474521637,-0.04427112003211153,"[5, 0, 0]",7,0
dom_casmurro,intermediario,pt,sbert,150,329,53916,9,0.4684576392173767,2.1972245773362196,2.1972245773362196,0.0,0.0,1.0,1.0,0.0,9,9.0,0,0.0,1.9055049745194046e-308,0.003484248949906621,0.0,9.0,9.0,0.0,4.21611875295639,4.21611875295639,0.0,"[9, 0, 0]",9,0
dom_casmurro,intermediario,pt,sbert,150,330,54080,11,0.4684576392173767,2.3917240407111433,2.397796524733268,0.00607248402212468,-3.5515852317638053,0.9974263963246295,0.9999588188582615,0.0025324225336320616,11,11.0,0,0.0,0.1317270203383768,0.04740378292245889,0.0843232374159179,7.0,10.0,-3.0,4.880166122365248,5.129757903063682,-0.24959178069843446,"[7, 0, 0]",11,0
dom_casmurro,intermediario,pt,sbert,150,331,54264,9,0.4684576392173767,2.1964331103255286,2.1972245773362196,0.0007914670106909938,-1.2914823611376562,0.999639787840144,1.0,0.0003602121598560437,9,9.0,0,0.0,0.043591237552383144,0.003484248949906621,0.04010698860247652,6.0,9.0,-3.0,4.104706913109345,4.21611875295639,-0.11141183984704561,"[6, 0, 0]",9,0
dom_casmurro,intermediario,pt,sbert,150,332,54420,8,0.4684576392173767,2.0786287059970734,2.0794415416798357,0.0008128356827623584,-0.6304269826414253,0.999609108663807,1.0,0.0003908913361929667,8,8.0,0,0.0,0.04811643520929487,0.0019702165700903884,0.046146218639204484,6.0,8.0,-2.0,3.66444461398705,3.7476611137390137,-0.08321649975196355,"[6, 0, 0]",8,0
dom_casmurro,intermediario,pt,sbert,150,333,54605,11,0.4684576392173767,2.395850988244166,2.397796524733268,0.0019455364891021176,-1.137876795949981,0.9991474671236084,0.9999588188582615,0.0008113517346531873,11,11.0,0,0.0,0.08019307924290245,0.04740378292245889,0.032789296320443556,9.0,10.0,-1.0,5.026313818514353,5.129757903063682,-0.10344408454932896,"[9, 0, 0]",11,0
dom_casmurro,intermediario,pt,sbert,150,334,54783,10,0.4684576392173767,2.3025850929940455,2.3025850496943616,4.329968383842697e-08,1.9956026858892216e-05,0.9999999999999998,0.9999999811951861,1.880481370619691e-08,10,10.0,0,0.0,0.00032482605126291086,0.03907128420038736,0.0,10.0,9.5,0.5,4.684576392173767,4.684251566122504,0.0003248260512629386,"[10, 0, 0]",10,0
dom_casmurro,intermediario,pt,sbert,150,335,54952,10,0.4684576392173767,2.301860088158038,2.3025850496943616,0.0007249615363233985,-0.3341214209442848,0.9996851344003687,0.9999999811951861,0.00031484679481741384,10,10.0,0,0.0,0.057718870980729364,0.03907128420038736,0.018647586780342007,9.0,9.5,-0.5,4.626857521193038,4.684251566122504,-0.05739404492946587,"[9, 0, 0]",10,0
dom_casmurro,intermediario,pt,sbert,150,336,55102,9,0.4684576392173767,2.1707518975565745,2.1972245773362196,0.02647267977964507,-43.19699813844199,0.9879517642153179,1.0,0.01204823578468206,9,9.0,0,0.0,0.22155395555879775,0.003484248949906621,0.21806970660889113,6.0,9.0,-3.0,3.7415321952242233,4.21611875295639,-0.47458655773216707,"[6, 0, 0]",9,0
dom_casmurro,intermediario,pt,sbert,150,337,55256,7,0.4684576392173767,1.9365641461935708,1.945910149055313,0.009346002861742253,-3.1410168955777302,0.9951971046215676,0.9999999999999999,0.004802895378432259,7,7.0,0,0.0,0.16523035896736893,0.015482306892943692,0.14974805207442524,6.0,7.0,-1.0,3.113973115554268,3.279203474521637,-0.16523035896736893,"[6, 0, 0]",7,0
dom_casmurro,intermediario,pt,sbert,150,338,55406,8,0.4684576392173767,2.0776780056455717,2.0794415416798357,0.001763536034264046,-1.3677803822320005,0.9991519184363128,1.0,0.0008480815636872086,8,8.0,0,0.0,0.08042421286521823,0.0019702165700903884,0.07845399629512784,7.0,8.0,-1.0,3.6672369008737955,3.7476611137390137,-0.08042421286521817,"[7, 0, 0]",8,0
dom_casmurro,intermediario,pt,sbert,150,339,55576,11,0.4684576392173767,2.3978952727983707,2.397796524733268,9.874806510268286e-05,0.057754317410493534,1.0,0.9999588188582615,4.118114173845555e-05,11,11.0,0,0.0,0.022645212977117912,0.04740378292245889,0.0,11.0,10.0,1.0,5.153034031391144,5.129757903063682,0.02327612832746162,"[11, 0, 0]",11,0
dom_casmurro,intermediario,pt,sbert,150,340,55735,8,0.4684576392173767,2.0794415416798357,2.0794415416798357,0.0,0.0,1.0,1.0,0.0,8,8.0,0,0.0,1.8148417159407765e-308,0.0019702165700903884,0.0,8.0,8.0,0.0,3.7476611137390137,3.7476611137390137,0.0,"[8, 0, 0]",8,0
dom_casmurro,intermediario,pt,sbert,150,341,55887,11,0.4684576392173767,2.396075256219099,2.397796524733268,0.0017212685141689832,-1.0067102379437223,0.9992409941335145,0.9999588188582615,0.0007178247247470182,11,11.0,0,0.0,0.07649651573076119,0.04740378292245889,0.029092732808302296,10.0,10.0,0.0,5.059341772365925,5.129757903063682,-0.07041613069775732,"[10, 0, 0]",11,0
dom_casmurro,intermediario,pt,sbert,150,342,56042,12,0.4684576392173767,2.484906649788001,2.4846408032786127,0.0002658465093881013,0.108917276850141,1.0000000000000002,0.9998930154944008,0.00010698450559942785,12,12.0,0,0.0,0.038361460083766535,0.04488128847683767,0.0,12.0,11.0,1.0,5.6214916706085205,5.579095788271219,0.04239588233730185,"[12, 0, 0]",12,0
dom_casmurro,intermediario,pt,sbert,150,343,56202,12,0.4684576392173767,2.4831136777712643,2.4846408032786127,0.001527125507348348,-0.6256631018086884,0.9992784549806372,0.9998930154944008,0.000614560513763629,12,12.0,0,0.0,0.06219222389749629,0.04488128847683767,0.01731093542065862,8.0,11.0,-3.0,5.423111201188815,5.579095788271219,-0.15598458708240326,"[8, 0, 0]",12,0
dom_casmurro,intermediario,pt,sbert,150,344,56354,10,0.4684576392173767,2.3025850929940455,2.3025850496943616,4.329968383842697e-08,1.9956026858892216e-05,0.9999999999999998,0.9999999811951861,1.880481370619691e-08,10,10.0,0,0.0,0.00032482605126291086,0.03907128420038736,0.0,10.0,9.5,0.5,4.684576392173767,4.684251566122504,0.0003248260512629386,"[10, 0, 0]",10,0
dom_casmurro,intermediario,pt,sbert,150,345,56529,14,0.4684576392173767,2.638249015623099,2.6388988258502115,0.0006498102271126349,-0.3096409271648997,0.9996937110902864,0.9999399392490387,0.0002462281587523041,14,14.0,0,0.0,0.057489937406245445,0.05622946110854407,0.001260476297701374,11.0,13.0,-2.0,6.452993290412502,6.522893453840899,-0.06990016342839667,"[11, 0, 0]",14,0
dom_casmurro,intermediario,pt,sbert,150,346,56685,10,0.4684576392173767,2.294704114796014,2.3025850496943616,0.007880934898347736,-3.6321777565737055,0.9965773346565948,0.9999999811951861,0.0034226465385912563,10,10.0,0,0.0,0.14388471321726046,0.03907128420038736,0.1048134290168731,6.0,9.5,-3.5,4.3832262782678075,4.684251566122504,-0.3010252878546966,"[6, 0, 0]",10,0
dom_casmurro,intermediario,pt,sbert,150,347,56894,11,0.4684576392173767,2.3525202188427783,2.397796524733268,0.0452763058904897,-26.480540543805517,0.9810771327378951,0.9999588188582615,0.018881686120366448,11,11.0,0,0.0,0.23422881960868835,0.04740378292245889,0.18682503668622946,4.0,10.0,-6.0,4.402030925289475,5.129757903063682,-0.727726977774207,"[4, 0, 0]",11,0
dom_casmurro,intermediario,pt,sbert,150,348,57057,8,0.4684576392173767,2.0794415416798357,2.0794415416798357,0.0,0.0,1.0,1.0,0.0,8,8.0,0,0.0,1.8148417159407765e-308,0.0019702165700903884,0.0,8.0,8.0,0.0,3.7476611137390137,3.7476611137390137,0.0,"[8, 0, 0]",8,0
dom_casmurro,intermediario,pt,sbert,150,349,57214,8,0.4684576392173767,2.0758385271166957,2.0794415416798357,0.00360301456314005,-2.794460981011798,0.9982673162525024,1.0,0.0017326837474975765,8,8.0,0,0.0,0.11274709516844905,0.0019702165700903884,0.11077687859835866,7.0,8.0,-1.0,3.634914018570565,3.7476611137390137,-0.11274709516844883,"[7, 0, 0]",8,0
dom_casmurro,intermediario,pt,sbert,150,350,57377,10,0.4684576392173767,2.300362290006743,2.3025850496943616,0.0022227596876187583,-1.0244290048976548,0.9990346489282562,0.9999999811951861,0.0009653322669298525,10,10.0,0,0.0,0.07600386155126171,0.03907128420038736,0.03693257735087435,7.0,9.5,-2.5,4.535037694649272,4.684251566122504,-0.14921387147323184,"[7, 0, 0]",10,0
dom_casmurro,intermediario,pt,sbert,150,351,57530,11,0.4684576392173767,2.3894351710971926,2.397796524733268,0.008361353636075375,-4.890265661176601,0.9964718635558654,0.9999588188582615,0.0034869553023961775,11,11.0,0,0.0,0.13198108541560266,0.04740378292245889,0.08457730249314377,5.0,10.0,-5.0,4.658769033617733,5.129757903063682,-0.4709888694459492,"[5, 0, 0]",11,0
dom_casmurro,intermediario,pt,sbert,150,352,57691,8,0.4684576392173767,2.0794415416798357,2.0794415416798357,0.0,0.0,1.0,1.0,0.0,8,8.0,0,0.0,1.8148417159407765e-308,0.0019702165700903884,0.0,8.0,8.0,0.0,3.7476611137390137,3.7476611137390137,0.0,"[8, 0, 0]",8,0
dom_casmurro,intermediario,pt,sbert,150,353,57853,10,0.4684576392173767,2.3025850929940455,2.3025850496943616,4.329968383842697e-08,1.9956026858892216e-05,0.9999999999999998,0.9999999811951861,1.880481370619691e-08,10,10.0,0,0.0,0.00032482605126291086,0.03907128420038736,0.0,10.0,9.5,0.5,4.684576392173767,4.684251566122504,0.0003248260512629386,"[10, 0, 0]",10,0
dom_casmurro,intermediario,pt,sbert,150,354,58006,6,0.4684576392173767,1.7845695905588643,1.7917594692280547,0.007189878669190408,-3.203134027925743,0.9959872523111105,0.9999999999999999,0.004012747688889373,6,6.0,0,0.0,0.13793508406159355,1.410795150630304e-308,0.13793508406159355,5.0,6.0,-1.0,2.6728107512426664,2.8107458353042603,-0.13793508406159383,"[5, 0, 0]",6,0
dom_casmurro,intermediario,pt,sbert,150,355,58166,10,0.4684576392173767,2.3023333227721747,2.3025850496943616,0.0002517269221868901,-0.11601630254421613,0.9998906575819337,0.9999999811951861,0.00010932361325233231,10,10.0,0,0.0,0.03346091568928822,0.03907128420038736,0.0,8.0,9.5,-1.5,4.6385434489034605,4.684251566122504,-0.045708117219043665,"[8, 0, 0]",10,0
dom_casmurro,intermediario,pt,sbert,150,356,58342,13,0.4684576392173767,2.56217636644064,2.564673916179382,0.0024975497387420553,-0.6472724465380082,0.9989188905376124,0.9998926133643327,0.000973722826720258,13,13.0,0,0.0,0.09987125122049942,0.062081634731514956,0.03778961648898446,12.0,12.0,0.0,5.966897539596551,6.043156501057984,-0.0762589614614333,"[12, 0, 0]",13,0
dom_casmurro,intermediario,pt,sbert,150,357,58507,13,0.4684576392173767,2.564949357461537,2.564673916179382,0.00027544128215506447,0.07138418499239649,1.0000000000000002,0.9998926133643327,0.00010738663566756124,13,13.0,0,0.0,0.03469548529795902,0.062081634731514956,0.0,13.0,12.0,1.0,6.089949309825897,6.043156501057984,0.04679280876791303,"[13, 0, 0]",13,0
dom_casmurro,intermediario,pt,sbert,150,358,58660,10,0.4684576392173767,2.3022127865043025,2.3025850496943616,0.0003722631900591189,-0.1715692485681336,0.9998383093459277,0.9999999811951861,0.0001616718492584157,10,10.0,0,0.0,0.041712867615335214,0.03907128420038736,0.0026415834149478568,9.0,9.5,-0.5,4.642863524558432,4.684251566122504,-0.04138804156407172,"[9, 0, 0]",10,0
dom_casmurro,intermediario,pt,sbert,150,359,58819,8,0.4684576392173767,2.093429092798258,2.0794415416798357,0.013987551118422203,10.84860056359962,0.952760639213404,1.0,0.04723936078659596,9,8.0,1,0.0,0.18726318863919938,0.0019702165700903884,0.185292972069109,2.0,8.0,-6.0,3.126639777073782,3.7476611137390137,-0.6210213366652315,"[2, 0, 0]",9,0
dom_casmurro,intermediario,pt,sbert,150,360,59011,8,0.4684576392173767,2.079258096272438,2.0794415416798357,0.0001834454073978975,-0.14227836833178836,0.9999117814068244,1.0,8.821859317564851e-05,8,8.0,0,0.0,0.026741698017351878,0.0019702165700903884,0.02477148144726149,7.0,8.0,-1.0,3.720919415721662,3.7476611137390137,-0.026741698017351823,"[7, 0, 0]",8,0
dom_casmurro,intermediario,pt,sbert,150,361,59165,6,0.4684576392173767,1.7917594692280547,1.7917594692280547,0.0,0.0,0.9999999999999999,0.9999999999999999,0.0,6,6.0,0,0.0,1.410795150630304e-308,1.410795150630304e-308,0.0,6.0,6.0,0.0,2.8107458353042603,2.8107458353042603,0.0,"[6, 0, 0]",6,0
dom_casmurro,intermediario,pt,sbert,150,362,59323,7,0.4684576392173767,1.945596241353084,1.945910149055313,0.0003139077022289438,-0.10549851213819236,0.9998386833521673,0.9999999999999999,0.0001613166478325878,7,7.0,0,0.0,0.03242189685404101,0.015482306892943692,0.016939589961097318,5.0,7.0,-2.0,3.2337605799737235,3.279203474521637,-0.045442894547913504,"[5, 0, 0]",7,0
dom_casmurro,intermediario,pt,sbert,150,363,59520,10,0.4684576392173767,2.296843469700583,2.3025850496943616,0.005741579993778778,-2.6461884801718223,0.9975064446864819,0.9999999811951861,0.0024935365087042083,10,10.0,0,0.0,0.15346942316687276,0.03907128420038736,0.1143981389664854,8.0,9.5,-1.5,4.502894945610895,4.684251566122504,-0.18135662051160928,"[8, 0, 0]",10,0
dom_casmurro,intermediario,pt,sbert,150,364,59674,7,0.4684576392173767,1.9458824149027127,1.945910149055313,2.7734152600267237e-05,-0.00932093036891399,0.9999857474649516,0.9999999999999999,1.4252535048275838e-05,7,7.0,0,0.0,0.009915048508418844,0.015482306892943692,0.0,6.0,7.0,-1.0,3.269288426013218,3.279203474521637,-0.009915048508418955,"[6, 0, 0]",7,0
dom_casmurro,intermediario,pt,sbert,150,365,59837,7,0.4684576392173767,1.9233148233170163,1.945910149055313,0.0225953257382967,-7.593866699484602,0.9883882995577846,0.9999999999999999,0.011611700442215267,7,7.0,0,0.0,0.23422881960868835,0.015482306892943692,0.21874651271574466,5.0,7.0,-2.0,3.0305209452827153,3.279203474521637,-0.24868252923892165,"[5, 0, 0]",7,0
dom_casmurro,intermediario,pt,sbert,150,366,59997,10,0.4684576392173767,2.296069338024007,2.3025850496943616,0.006515711670354474,-3.0029715132237578,0.9971702435710785,0.9999999811951861,0.0028297376241075423,10,10.0,0,0.0,0.15482576199473988,0.03907128420038736,0.11575447779435252,6.0,9.5,-3.5,4.376518922017279,4.684251566122504,-0.30773264410522483,"[6, 0, 0]",10,0
dom_casmurro,intermediario,pt,sbert,150,367,60157,13,0.4684576392173767,2.564887792745607,2.564673916179382,0.00021387656622495754,0.05542888941515258,0.999975997687537,0.9998926133643327,8.338432320431632e-05,13,13.0,0,0.0,0.020421468634304996,0.062081634731514956,0.0,10.0,12.0,-2.0,6.054700875789754,6.043156501057984,0.011544374731769835,"[10, 0, 0]",13,0
dom_casmurro,intermediario,pt,sbert,150,368,60308,7,0.4684576392173767,1.945910149055313,1.945910149055313,0.0,0.0,0.9999999999999999,0.9999999999999999,0.0,7,7.0,0,0.0,1.3662254764250935e-308,0.015482306892943692,0.0,7.0,7.0,0.0,3.279203474521637,3.279203474521637,0.0,"[7, 0, 0]",7,0
dom_casmurro,intermediario,pt,sbert,150,369,60479,7,0.4684576392173767,1.9417440366294516,1.945910149055313,0.004166112425861401,-1.4001525263889727,0.9978590417302237,0.9999999999999999,0.0021409582697762275,7,7.0,0,0.0,0.09183560401107582,0.015482306892943692,0.07635329711813213,4.0,7.0,-3.0,3.0985675890338236,3.279203474521637,-0.1806358854878134,"[4, 0, 0]",7,0
dom_casmurro,intermediario,pt,sbert,150,370,60643,10,0.4684576392173767,2.302290859618841,2.3025850496943616,0.00029419007552045073,-0.13558678789925607,0.9998722160687569,0.9999999811951861,0.00012776512642920235,10,10.0,0,0.0,0.02831409397566037,0.03907128420038736,0.0,8.0,9.5,-1.5,4.628785481927265,4.684251566122504,-0.05546608419523924,"[8, 0, 0]",10,0
dom_casmurro,intermediario,pt,sbert,150,371,60810,8,0.4684576392173767,2.0745978463331496,2.0794415416798357,0.004843695346686161,-3.756720216647307,0.9976706749145863,1.0,0.002329325085413725,8,8.0,0,0.0,0.12303599479653121,0.0019702165700903884,0.12106577822644082,5.0,8.0,-3.0,3.5393566933070546,3.7476611137390137,-0.20830442043195907,"[5, 0, 0]",8,0
dom_casmurro,intermediario,pt,sbert,150,372,61009,9,0.4684576392173767,2.1972245773362196,2.1972245773362196,0.0,0.0,1.0,1.0,0.0,9,9.0,0,0.0,1.9055049745194046e-308,0.003484248949906621,0.0,9.0,9.0,0.0,4.21611875295639,4.21611875295639,0.0,"[9, 0, 0]",9,0
dom_casmurro,intermediario,pt,sbert,150,373,61161,8,0.4684576392173767,2.076429907853694,2.0794415416798357,0.0030116338261416686,-2.335792173127843,0.9985517102713507,1.0,0.001448289728649299,8,8.0,0,0.0,0.0760031082581824,0.0019702165700903884,0.07403289168809202,3.0,8.0,-5.0,3.462413807553307,3.7476611137390137,-0.2852473061857066,"[3, 0, 0]",8,0
dom_casmurro,intermediario,pt,sbert,150,374,61327,10,0.4684576392173767,2.296627977452576,2.3025850496943616,0.005957072241785433,-2.7455048886968987,0.9974128575922796,0.9999999811951861,0.0025871236029064715,10,10.0,0,0.0,0.11294746775862793,0.03907128420038736,0.07387618355824058,5.0,9.5,-4.5,4.332262368123052,4.684251566122504,-0.35198919799945205,"[5, 0, 0]",10,0
dom_casmurro,intermediario,pt,sbert,150,375,61486,7,0.4684576392173767,1.9402563626538818,1.945910149055313,0.005653786401431216,-1.900131946629059,0.9970945285401918,0.9999999999999999,0.002905471459808129,7,7.0,0,0.0,0.12659798424387864,0.015482306892943692,0.11111567735093494,3.0,7.0,-4.0,2.991679676601312,3.279203474521637,-0.2875237979203251,"[3, 0, 0]",7,0
dom_casmurro,intermediario,pt,sbert,150,376,61641,8,0.4684576392173767,2.0794415416798357,2.0794415416798357,0.0,0.0,1.0,1.0,0.0,8,8.0,0,0.0,1.8148417159407765e-308,0.0019702165700903884,0.0,8.0,8.0,0.0,3.7476611137390137,3.7476611137390137,0.0,"[8, 0, 0]",8,0
dom_casmurro,intermediario,pt,sbert,150,377,61792,8,0.4684576392173767,2.0704373008623502,2.0794415416798357,0.00900424081748552,-6.9835964265901325,0.9956698754752146,1.0,0.004330124524785428,8,8.0,0,0.0,0.16266029364843776,0.0019702165700903884,0.16069007707834737,6.0,8.0,-2.0,3.5042041570781777,3.7476611137390137,-0.243456956660836,"[6, 0, 0]",8,0
dom_casmurro,intermediario,pt,sbert,150,378,61956,13,0.4684576392173767,2.5560969006921233,2.564673916179382,0.008577015487258866,-2.222844939708247,0.9965486816557756,0.9998926133643327,0.0033439317085570686,13,13.0,0,0.0,0.16620349168125897,0.062081634731514956,0.10412185694974402,11.0,12.0,-1.0,5.811028170655292,6.043156501057984,-0.2321283304026922,"[11, 0, 0]",13,0
dom_casmurro,intermediario,pt,sbert,150,379,62119,9,0.4684576392173767,2.192278061486021,2.1972245773362196,0.004946515850198452,-8.071515152655284,0.997748743619009,1.0,0.002251256380990996,9,9.0,0,0.0,0.13306300054710224,0.003484248949906621,0.12957875159719562,6.0,9.0,-3.0,4.008966184472721,4.21611875295639,-0.2071525684836697,"[6, 0, 0]",9,0
dom_casmurro,intermediario,pt,sbert,150,380,62278,9,0.4684576392173767,2.196221041197282,2.1972245773362196,0.0010035361389375552,-1.6375277866231208,0.9995432710205007,1.0,0.00045672897949933233,9,9.0,0,0.0,0.05691698319400312,0.003484248949906621,0.0534327342440965,7.0,9.0,-2.0,4.120873335987275,4.21611875295639,-0.09524541696911548,"[7, 0, 0]",9,0
dom_casmurro,intermediario,pt,sbert,150,381,62430,6,0.4684576392173767,1.7788490954006626,1.7917594692280547,0.01291037382739213,-5.7516488973544995,0.9927945831741832,0.9999999999999999,0.007205416825816657,6,6.0,0,0.0,0.16620355412057675,1.410795150630304e-308,0.16620355412057675,3.0,6.0,-3.0,2.500580557408562,2.8107458353042603,-0.31016527789569803,"[3, 0, 0]",6,0
dom_casmurro,intermediario,pt,sbert,150,382,62587,11,0.4684576392173767,2.3978952727983707,2.397796524733268,9.874806510268286e-05,0.057754317410493534,1.0,0.9999588188582615,4.118114173845555e-05,11,11.0,0,0.0,0.022645212977117912,0.04740378292245889,0.0,11.0,10.0,1.0,5.153034031391144,5.129757903063682,0.02327612832746162,"[11, 0, 0]",11,0
dom_casmurro,intermediario,pt,sbert,150,383,62764,12,0.4684576392173767,2.4819510054577623,2.4846408032786127,0.002689797820850437,-1.1020097822566541,0.9988105612214888,0.9998930154944008,0.0010824542729119813,12,12.0,0,0.0,0.07688083714829344,0.04488128847683767,0.03199954867145577,9.0,11.0,-2.0,5.414714630254108,5.579095788271219,-0.16438115801711106,"[9, 0, 0]",12,0
dom_casmurro,intermediario,pt,sbert,150,384,62943,6,0.4684576392173767,1.7902100867670434,1.7917594692280547,0.0015493824610113283,-0.6902591700751948,0.9991352731839174,0.9999999999999999,0.0008647268160825172,6,6.0,0,0.0,0.06714036540128304,1.410795150630304e-308,0.06714036540128304,5.0,6.0,-1.0,2.7436054699029775,2.8107458353042603,-0.06714036540128276,"[5, 0, 0]",6,0
dom_casmurro,intermediario,pt,sbert,150,385,63093,8,0.4684576392173767,2.0744005476182954,2.0794415416798357,0.005040994061540349,-3.9097430675411715,0.997575794288755,1.0,0.00242420571124502,8,8.0,0,0.0,0.11816757998043814,0.0019702165700903884,0.11619736341034775,6.0,8.0,-2.0,3.5522639427058347,3.7476611137390137,-0.195397171033179,"[6, 0, 0]",8,0
dom_casmurro,intermediario,pt,sbert,150,386,63273,17,0.4684576392173767,2.8329806392524035,2.8328522578436264,0.000128381408777134,0.08993718584293135,0.9999178654144416,0.9998725524100233,4.531300441834585e-05,17,17.0,0,0.0,0.04010069676675951,0.04864186337367041,0.0,15.0,16.0,-1.0,7.911662682410245,7.898878402316148,0.012784280094097156,"[15, 0, 0]",17,0
dom_casmurro,intermediario,pt,sbert,150,387,63436,10,0.4684576392173767,2.3025850929940455,2.3025850496943616,4.329968383842697e-08,1.9956026858892216e-05,0.9999999999999998,0.9999999811951861,1.880481370619691e-08,10,10.0,0,0.0,0.00032482605126291086,0.03907128420038736,0.0,10.0,9.5,0.5,4.684576392173767,4.684251566122504,0.0003248260512629386,"[10, 0, 0]",10,0
dom_casmurro,intermediario,pt,sbert,150,388,63600,10,0.4684576392173767,2.302579288662651,2.3025850496943616,5.761031710793674e-06,-0.0026551534183143115,0.999997479210904,0.9999999811951861,2.5019842820883653e-06,10,10.0,0,0.0,0.005313618192420766,0.03907128420038736,0.0,8.0,9.5,-1.5,4.6791915654132525,4.684251566122504,-0.005060000709251611,"[8, 0, 0]",10,0
dom_casmurro,intermediario,pt,sbert,150,389,63757,13,0.4684576392173767,2.564874739643027,2.564673916179382,0.00020082346364480586,0.05204600838143117,0.9999709086581796,0.9998926133643327,7.829529384695277e-05,13,13.0,0,0.0,0.018937950347899968,0.062081634731514956,0.0,10.0,12.0,-2.0,6.053653591505633,6.043156501057984,0.01049709044764846,"[10, 0, 0]",13,0
dom_casmurro,intermediario,pt,sbert,150,390,63910,10,0.4684576392173767,2.302309929330229,2.3025850496943616,0.00027512036413268603,-0.12679790911516148,0.999880497939184,0.9999999811951861,0.0001194832560020842,10,10.0,0,0.0,0.035978260206129986,0.03907128420038736,0.0,8.0,9.5,-1.5,4.648496367014163,4.684251566122504,-0.03575519910834135,"[8, 0, 0]",10,0
dom_casmurro,intermediario,pt,sbert,150,391,64064,8,0.4684576392173767,2.0794415416798357,2.0794415416798357,0.0,0.0,1.0,1.0,0.0,8,8.0,0,0.0,1.8148417159407765e-308,0.0019702165700903884,0.0,8.0,8.0,0.0,3.7476611137390137,3.7476611137390137,0.0,"[8, 0, 0]",8,0
dom_casmurro,intermediario,pt,sbert,150,392,64219,11,0.4684576392173767,2.396640344133441,2.397796524733268,0.001156180599827028,-0.676209921448383,0.9994766540977975,0.9999588188582615,0.00048216476046403223,11,11.0,0,0.0,0.05522307779024596,0.04740378292245889,0.007819294867787069,8.0,10.0,-2.0,5.017910784802995,5.129757903063682,-0.1118471182606875,"[8, 0, 0]",11,0
dom_casmurro,intermediario,pt,sbert,150,393,64373,8,0.4684576392173767,2.077804312114742,2.0794415416798357,0.0016372295650937119,-1.269818385809132,0.9992126590085475,1.0,0.0007873409914525009,8,8.0,0,0.0,0.07761821535074642,0.0019702165700903884,0.07564799878065603,7.0,8.0,-1.0,3.6700428983882674,3.7476611137390137,-0.07761821535074631,"[7, 0, 0]",8,0
dom_casmurro,intermediario,pt,sbert,150,394,64523,7,0.4684576392173767,1.9458457436189411,1.945910149055313,6.440543637187268e-05,-0.021645463499611713,0.9999669021530088,0.9999999999999999,3.3097846991125834e-05,7,7.0,0,0.0,0.015065413327135346,0.015482306892943692,0.0,6.0,7.0,-1.0,3.264138061194502,3.279203474521637,-0.015065413327135069,"[6, 0, 0]",7,0
dom_casmurro,intermediario,pt,sbert,150,395,64689,11,0.4684576392173767,2.3977056162906902,2.397796524733268,9.090844257775288e-05,-0.05316919417580081,0.9999209070930528,0.9999588188582615,3.7911765208731296e-05,11,11.0,0,0.0,0.0312504532550677,0.04740378292245889,0.0,10.0,10.0,0.0,5.1217835781360765,5.129757903063682,-0.007974324927605636,"[10, 0, 0]",11,0
dom_casmurro,intermediario,pt,sbert,150,396,64847,9,0.4684576392173767,2.197102230131741,2.1972245773362196,0.00012234720447867886,-0.19964098867590846,0.9999443173876077,1.0,5.5682612392304875e-05,9,9.0,0,0.0,0.023039373345958514,0.003484248949906621,0.019555124396051893,8.0,9.0,-1.0,4.193079379610432,4.21611875295639,-0.023039373345958403,"[8, 0, 0]",9,0
dom_casmurro,intermediario,pt,sbert,150,397,65016,8,0.4684576392173767,2.078983413704309,2.0794415416798357,0.0004581279755266898,-0.3553193387049599,0.9997796870138718,1.0,0.0002203129861282349,8,8.0,0,0.0,0.04190592557966216,0.0019702165700903884,0.039935709009571774,7.0,8.0,-1.0,3.7057551881593516,3.7476611137390137,-0.04190592557966211,"[7, 0, 0]",8,0
dom_casmurro,intermediario,pt,sbert,150,398,65168,6,0.4684576392173767,1.7411201509769638,1.7917594692280547,0.050639318251090915,-22.560119704953927,0.9717376583627555,0.9999999999999999,0.028262341637244393,6,6.0,0,0.0,0.23422881960868835,1.410795150630304e-308,0.23422881960868835,2.0,6.0,-4.0,2.2396645311059307,2.8107458353042603,-0.5710813041983296,"[2, 0, 0]",6,0
dom_casmurro,intermediario,pt,sbert,250,0,0,11,0.4684576392173767,2.3955226922276602,2.397796524733268,0.0022738325056077535,-1.329885746425629,0.9990105570507499,0.9999588188582615,0.0009482618075116189,11,11.0,0,0.0,0.08420243814173659,0.04740378292245889,0.03679865521927769,9.0,10.0,-1.0,5.016287067997881,5.129757903063682,-0.11347083506580091,"[9, 0, 0]",11,0
dom_casmurro,intermediario,pt,sbert,250,1,258,16,0.4684576392173767,2.7633764436223376,2.7720171714939292,0.008640727871591647,-6.168809453670742,0.9966773728308317,0.9997938566433358,0.0031164838125040673,16,16.0,0,0.0,0.15708053003275232,0.06295840465770125,0.09412212537505107,9.0,14.0,-5.0,6.982746297878895,7.408727349076964,-0.42598105119806906,"[9, 0, 0]",16,0
dom_casmurro,intermediario,pt,sbert,250,2,530,16,0.4684576392173767,2.772588722239781,2.7720171714939292,0.000571550745851912,0.4080428983136554,1.0,0.9997938566433358,0.00020614335666424566,16,16.0,0,0.0,0.057051571187024475,0.06295840465770125,0.0,16.0,14.0,2.0,7.495322227478027,7.408727349076964,0.08659487840106372,"[16, 0, 0]",16,0
dom_casmurro,intermediario,pt,sbert,250,3,795,13,0.4684576392173767,2.563965363242736,2.564673916179382,0.0007085529366461785,-0.18363069439236054,0.9996163689485961,0.9998926133643327,0.00027624441573659286,13,13.0,0,0.0,0.0512718109459096,0.062081634731514956,0.0,9.0,12.0,-3.0,5.943187013153414,6.043156501057984,-0.09996948790456983,"[9, 0, 0]",13,0
dom_casmurro,intermediario,pt,sbert,250,4,1054,15,0.4684576392173767,2.7080486173404106,2.707646449155962,0.00040216818444838154,0.1675151005502292,0.9999994151652732,0.9998509067719337,0.00014850839333957477,15,15.0,0,0.0,0.04537671113494379,0.050183425525858694,0.0,14.0,13.5,0.5,7.023527228512982,6.960873085697941,0.06265414281504178,"[14, 0, 0]",15,0
dom_casmurro,intermediario,pt,sbert,250,5,1321,13,0.4684576392173767,2.561278802451251,2.564673916179382,0.0033951137281311716,-0.8798878096374135,0.9985689561473765,0.9998926133643327,0.0013236572169561533,13,13.0,0,0.0,0.09525969096454473,0.062081634731514956,0.033178056233029773,10.0,12.0,-2.0,5.831380644640238,6.043156501057984,-0.21177585641774588,"[10, 0, 0]",13,0
dom_casmurro,intermediario,pt,sbert,250,6,1573,22,0.4684576392173767,3.086659916214402,3.08982710389927,0.0031671876848680114,-2.1330783476648754,0.9844253261681504,0.99952952874632,0.015104202578169579,23,22.0,1,0.0,0.13140639763219455,0.07060806620118285,0.06079833143101171,12.0,18.0,-6.0,9.378653198987678,10.113874827881897,-0.7352216288942195,"[12, 0, 0]",23,0
dom_casmurro,intermediario,pt,sbert,250,7,1829,16,0.4684576392173767,2.769745745512203,2.7720171714939292,0.0022714259817262494,-1.621621960281129,0.99897461289344,0.9997938566433358,0.0008192437498957261,16,16.0,0,0.0,0.08181701940897015,0.06295840465770125,0.018858614751268904,11.0,14.0,-3.0,7.203921186434169,7.408727349076964,-0.20480616264279483,"[11, 0, 0]",16,0
dom_casmurro,intermediario,pt,sbert,250,8,2080,13,0.4684576392173767,2.564949357461537,2.564673916179382,0.00027544128215506447,0.07138418499239649,1.0000000000000002,0.9998926133643327,0.00010738663566756124,13,13.0,0,0.0,0.03469548529795902,0.062081634731514956,0.0,13.0,12.0,1.0,6.089949309825897,6.043156501057984,0.04679280876791303,"[13, 0, 0]",13,0
dom_casmurro,intermediario,pt,sbert,250,9,2335,15,0.4684576392173767,2.7078068729406866,2.707646449155962,0.0001604237847243617,0.06682131373870273,0.9999101463623442,0.9998509067719337,5.92395904105425e-05,15,15.0,0,0.0,0.03802747607372209,0.050183425525858694,0.0,13.0,13.5,-0.5,6.971394024949369,6.960873085697941,0.010520939251428274,"[13, 0, 0]",15,0
dom_casmurro,intermediario,pt,sbert,250,10,2588,17,0.4684576392173767,2.8330949974596757,2.8328522578436264,0.00024273961604937,0.17005046266451598,0.9999582288440125,0.9998725524100233,8.567643398926794e-05,17,17.0,0,0.0,0.026497462663646998,0.04864186337367041,0.0,14.0,16.0,-2.0,7.912332107307349,7.898878402316148,0.013453704991200688,"[14, 0, 0]",17,0
dom_casmurro,intermediario,pt,sbert,250,11,2844,18,0.4684576392173767,2.8903353396509983,2.889645819359167,0.0006895202918313359,0.33890939922156393,0.9999874001518778,0.9997488425026938,0.00023855764918401245,18,18.0,0,0.0,0.05240723058231697,0.05771440351590654,0.0,15.0,16.0,-1.0,8.404388088501264,8.336638574052637,0.06774951444862687,"[15, 0, 0]",18,0
dom_casmurro,intermediario,pt,sbert,250,12,3100,13,0.4684576392173767,2.5648888251921864,2.564673916179382,0.00021490901280429853,0.05569646135294567,0.9999764002087705,0.9998926133643327,8.378684443788309e-05,13,13.0,0,0.0,0.021294197156250194,0.062081634731514956,0.0,12.0,12.0,0.0,6.070779665855032,6.043156501057984,0.027623164797048183,"[12, 0, 0]",13,0
dom_casmurro,intermediario,pt,sbert,250,13,3368,16,0.4684576392173767,2.769586855951089,2.7720171714939292,0.0024303155428402334,-1.7350567821220109,0.998917305597973,0.9997938566433358,0.0008765510453627723,16,16.0,0,0.0,0.07389767528428232,0.06295840465770125,0.010939270626581066,11.0,14.0,-3.0,7.2076830215980845,7.408727349076964,-0.20104432747887913,"[11, 0, 0]",16,0
dom_casmurro,intermediario,pt,sbert,250,14,3630,15,0.4684576392173767,2.705924136090302,2.707646449155962,0.0017223130656600638,-0.717395004203894,0.9992149093059491,0.9998509067719337,0.000635997465984528,15,15.0,0,0.0,0.08626200600885187,0.050183425525858694,0.03607858048299317,13.0,13.5,-0.5,6.909221076889961,6.960873085697941,-0.05165200880797993,"[13, 0, 0]",15,0
dom_casmurro,intermediario,pt,sbert,250,15,3897,13,0.4684576392173767,2.5616603168855847,2.564673916179382,0.0030135992937974088,-0.7810133898530222,0.9987176976549716,0.9998926133643327,0.001174915709361013,13,13.0,0,0.0,0.0872974439935108,0.062081634731514956,0.025215809261995847,7.0,12.0,-5.0,5.780336841798961,6.043156501057984,-0.26281965925902284,"[7, 0, 0]",13,0
dom_casmurro,intermediario,pt,sbert,250,16,4170,14,0.4684576392173767,2.636597115199855,2.6388988258502115,0.0023017106503564477,-1.096787631380505,0.9990677677260759,0.9999399392490387,0.0008721715229628169,14,14.0,0,0.0,0.07697647890141018,0.05622946110854407,0.020747017792866113,8.0,13.0,-5.0,6.258428085829487,6.522893453840899,-0.26446536801141196,"[8, 0, 0]",14,0
dom_casmurro,intermediario,pt,sbert,250,17,4445,14,0.4684576392173767,2.6387057643251555,2.6388988258502115,0.00019306152505604857,-0.09199570447490428,0.9998667837617025,0.9999399392490387,7.315548733621835e-05,14,14.0,0,0.0,0.04720562595875938,0.05622946110854407,0.0,11.0,13.0,-2.0,6.496734527714004,6.522893453840899,-0.026158926126894855,"[11, 0, 0]",14,0
dom_casmurro,intermediario,pt,sbert,250,18,4701,13,0.4684576392173767,2.5648185687606952,2.564673916179382,0.00014465258131313163,0.03748859482243883,0.9999490092463381,0.9998926133643327,5.639588200545553e-05,13,13.0,0,0.0,0.027832213302382947,0.062081634731514956,0.0,11.0,12.0,-1.0,6.055618294523653,6.043156501057984,0.012461793465669224,"[11, 0, 0]",13,0
dom_casmurro,intermediario,pt,sbert,250,19,4964,15,0.4684576392173767,2.6956446545730675,2.707646449155962,0.012001794582894743,-4.999107100166087,0.995419011610607,0.9998509067719337,0.004431895161326693,15,15.0,0,0.0,0.14942826061207287,0.050183425525858694,0.09924483508621418,8.0,13.5,-5.5,6.402595344009096,6.960873085697941,-0.5582777416888449,"[8, 0, 0]",15,0
dom_casmurro,intermediario,pt,sbert,250,20,5221,17,0.4684576392173767,2.7759512861732065,2.8328522578436264,0.05690097167041985,-39.86179395063159,0.9797890060050933,0.9998725524100233,0.02008354640492993,17,17.0,1,0.0,0.23422881960868835,0.04864186337367041,0.18558695623501795,7.0,16.0,-9.0,6.44392456923668,7.898878402316148,-1.4549538330794682,"[7, 0, 0]",17,0
dom_casmurro,intermediario,pt,sbert,250,21,5486,11,0.4684576392173767,2.3844826463394146,2.397796524733268,0.01331387839385334,-7.786825573987137,0.9944065003125414,0.9999588188582615,0.005552318545720136,11,11.0,0,0.0,0.2031200592230109,0.04740378292245889,0.15571627630055201,4.0,10.0,-6.0,4.570165779694225,5.129757903063682,-0.5595921233694572,"[4, 0, 0]",11,0
dom_casmurro,intermediario,pt,sbert,250,22,5743,13,0.4684576392173767,2.4958021413057296,2.564673916179382,0.06887177487365248,-17.84901478772432,0.9730414887316761,0.9998926133643327,0.026851124632656598,13,13.0,0,0.0,0.21688107695970885,0.062081634731514956,0.1547994422281939,8.0,12.0,-4.0,5.256225747962988,6.043156501057984,-0.786930753094996,"[8, 0, 0]",13,0
dom_casmurro,intermediario,pt,sbert,250,23,5997,20,0.4684576392173767,2.9876217520785477,2.9948439628315313,0.007222210752983571,-2.483553874837659,0.9972926414195815,0.9996986255412239,0.0024059841216423905,20,20.0,0,0.0,0.12204255689463761,0.05862369407066742,0.06341886282397019,13.0,17.5,-4.5,8.73501916935998,9.228934183932397,-0.4939150145724174,"[13, 0, 0]",20,0
dom_casmurro,intermediario,pt,sbert,250,24,6255,15,0.4684576392173767,2.706876359148641,2.707646449155962,0.0007700900073213113,-0.32076556524752553,0.9995665361177236,0.9998509067719337,0.00028437065421005325,15,15.0,0,0.0,0.05779475802842887,0.050183425525858694,0.007611332502570178,13.0,13.5,-0.5,6.901981498503231,6.960873085697941,-0.05889158719470977,"[13, 0, 0]",15,0
dom_casmurro,intermediario,pt,sbert,250,25,6511,17,0.4684576392173767,2.829122879270368,2.8328522578436264,0.0037293785732583906,-2.612604247115302,0.9985562454043817,0.9998725524100233,0.0013163070056415593,17,17.0,0,0.0,0.10969776699191433,0.04864186337367041,0.06105590361824392,10.0,16.0,-6.0,7.608225521799491,7.898878402316148,-0.2906528805166575,"[10, 0, 0]",17,0
dom_casmurro,intermediario,pt,sbert,250,26,6782,17,0.4684576392173767,2.8231888081693515,2.8328522578436264,0.009663449674274904,-6.7696988023227895,0.996461778669829,0.9998725524100233,0.003410773740194273,17,17.0,0,0.0,0.18289797998691612,0.04864186337367041,0.1342561166132457,12.0,16.0,-4.0,7.50859432923525,7.898878402316148,-0.3902840730808981,"[12, 0, 0]",17,0
dom_casmurro,intermediario,pt,sbert,250,27,7059,13,0.4684576392173767,2.5596633517421625,2.564673916179382,0.005010564437219589,-1.2985528382105291,0.9979391383677821,0.9998926133643327,0.0019534749965505194,13,13.0,0,0.0,0.11441564983830727,0.062081634731514956,0.05233401510679231,5.0,12.0,-7.0,5.5923379457342595,6.043156501057984,-0.4508185553237247,"[5, 0, 0]",13,0
dom_casmurro,intermediario,pt,sbert,250,28,7313,17,0.4684576392173767,2.8303283358834177,2.8328522578436264,0.002523921960208675,-1.7681254673127806,0.9989817186980109,0.9998725524100233,0.0008908337120123733,17,17.0,0,0.0,0.09740443027995202,0.04864186337367041,0.04876256690628161,15.0,16.0,-1.0,7.793945803184318,7.898878402316148,-0.10493259913183017,"[15, 0, 0]",17,0
dom_casmurro,intermediario,pt,sbert,250,29,7609,25,0.4684576392173767,3.2036757687695836,3.2173813345070705,0.013705565737486936,-4.117061895211079,0.9952778370693317,0.9995357104646336,0.0042578733953019254,25,25.0,0,0.0,0.16675073159358128,0.07204257748455661,0.09470815410902467,11.0,21.0,-10.0,10.294162750247821,11.491409132681543,-1.1972463824337218,"[11, 0, 0]",25,0
dom_casmurro,intermediario,pt,sbert,250,30,7886,15,0.4684576392173767,2.7060860088026817,2.707646449155962,0.0015604403532805122,-0.6499701686769572,0.9992746839409665,0.9998509067719337,0.0005762228309671436,15,15.0,0,0.0,0.08193158804271417,0.050183425525858694,0.03174816251685547,14.0,13.5,0.5,6.915350131665919,6.960873085697941,-0.045522954032021445,"[14, 0, 0]",15,0
dom_casmurro,intermediario,pt,sbert,250,31,8143,15,0.4684576392173767,2.6928989162087738,2.707646449155962,0.014747532947188446,-6.142789410118472,0.9944050945262132,0.9998509067719337,0.005445812245720494,15,15.0,0,0.0,0.1654851569425102,0.050183425525858694,0.11530173141665151,9.0,13.5,-4.5,6.264463387376347,6.960873085697941,-0.6964096983215935,"[9, 0, 0]",15,0
dom_casmurro,intermediario,pt,sbert,250,32,8408,17,0.4684576392173767,2.8240171588621754,2.8328522578436264,0.008835098981450962,-6.18940037038272,0.9967541501195689,0.9998725524100233,0.0031184022904543474,17,17.0,0,0.0,0.15559493639637373,0.04864186337367041,0.10695307302270332,9.0,16.0,-7.0,7.344616625696886,7.898878402316148,-0.5542617766192626,"[9, 0, 0]",17,0
dom_casmurro,intermediario,pt,sbert,250,33,8671,15,0.4684576392173767,2.707414710793899,2.707646449155962,0.00023173836206336063,-0.09652597227608839,0.9997653328922586,0.9998509067719337,8.557387967511598e-05,15,15.0,0,0.0,0.05371311353275654,0.050183425525858694,0.0035296880068978465,13.0,13.5,-0.5,6.956732087973812,6.960873085697941,-0.004140997724128681,"[13, 0, 0]",15,0
dom_casmurro,intermediario,pt,sbert,250,34,8935,14,0.4684576392173767,2.638546994010585,2.6388988258502115,0.00035183183962672615,-0.16765131184872595,0.9998066220089474,0.9999399392490387,0.00013331724009124635,14,14.0,0,0.0,0.05555259282371289,0.05622946110854407,0.0,10.0,13.0,-3.0,6.47681904631951,6.522893453840899,-0.04607440752138903,"[10, 0, 0]",14,0
dom_casmurro,intermediario,pt,sbert,250,35,9187,9,0.4684576392173767,2.1972154436115754,2.1972245773362196,9.133724644172503e-06,-0.01490402519637365,0.9999958430627718,1.0,4.1569372282168615e-06,9,9.0,0,0.0,0.006118919575799797,0.003484248949906621,0.0026346706258931762,7.0,9.0,-2.0,4.207375757189941,4.21611875295639,-0.008742995766449546,"[7, 0, 0]",9,0
dom_casmurro,intermediario,pt,sbert,250,36,9440,10,0.4684576392173767,2.2976317306524825,2.3025850496943616,0.004953319041879123,-2.2828935243327884,0.9978487820681916,0.9999999811951861,0.002151199126994463,10,10.0,0,0.0,0.13653043527985556,0.03907128420038736,0.0974591510794682,8.0,9.5,-1.5,4.486494973707913,4.684251566122504,-0.1977565924145912,"[8, 0, 0]",10,0
dom_casmurro,intermediario,pt,sbert,250,37,9691,18,0.4684576392173767,2.764475041958676,2.889645819359167,0.12517077740049087,-61.52328433471722,0.9970736084237728,0.9997488425026938,0.002675234078921007,16,18.0,0,0.0,0.2235656702532908,0.05771440351590654,0.16585126673738426,13.0,16.0,-3.0,7.102958658008405,8.336638574052637,-1.233679916044232,"[13, 0, 0]",16,0
dom_casmurro,intermediario,pt,sbert,250,38,9950,19,0.4684576392173767,2.933906535215793,2.943519102109517,0.00961256689372414,-1.142987778668958,0.9964229369244293,0.9996875883441865,0.0032646514197571808,19,19.0,0,0.0,0.13980277258304624,0.06941079192536653,0.07039198065767971,14.0,16.0,-2.0,8.318387519915083,8.746154566378056,-0.42776704646297325,"[14, 0, 0]",19,0
dom_casmurro,intermediario,pt,sbert,250,39,10210,18,0.4684576392173767,2.88537677544399,2.889645819359167,0.004269043915177129,-2.098298085906167,0.9982718546711062,0.9997488425026938,0.0014769878315875618,18,18.0,0,0.0,0.09377852936033909,0.05771440351590654,0.036064125844432554,7.0,16.0,-9.0,7.802954968808207,8.336638574052637,-0.5336836052444305,"[7, 0, 0]",18,0
dom_casmurro,intermediario,pt,sbert,250,40,10487,16,0.4684576392173767,2.7696973730764993,2.7720171714939292,0.002319798417429908,-1.656156127205523,0.9989571662251637,0.9997938566433358,0.0008366904181720258,16,16.0,0,0.0,0.066977264809884,0.06295840465770125,0.004018860152182752,11.0,14.0,-3.0,7.200810609965259,7.408727349076964,-0.20791673911170427,"[11, 0, 0]",16,0
dom_casmurro,intermediario,pt,sbert,250,41,10738,13,0.4684576392173767,2.5622875538466383,2.564673916179382,0.0023863623327438077,-0.6184567864579215,0.9989622393100452,0.9998926133643327,0.0009303740542874195,13,13.0,0,0.0,0.09030493034372983,0.062081634731514956,0.02822329561221487,8.0,12.0,-4.0,5.843446518181639,6.043156501057984,-0.19970998287634512,"[8, 0, 0]",13,0
dom_casmurro,intermediario,pt,sbert,250,42,11015,12,0.4684576392173767,2.482740472979833,2.4846408032786127,0.0019003302987798953,-0.7785650514476342,0.999128266324068,0.9998930154944008,0.0007647491703327569,12,12.0,0,0.0,0.07050957715185957,0.04488128847683767,0.0256282886750219,4.0,11.0,-7.0,5.348015486437742,5.579095788271219,-0.23108030183347683,"[4, 0, 0]",12,0
dom_casmurro,intermediario,pt,sbert,250,43,11266,14,0.4684576392173767,2.6347071255328878,2.6388988258502115,0.004191700317323743,-1.9973861883041013,0.9983516068281075,0.9999399392490387,0.001588332420931149,14,14.0,0,0.0,0.11409039586171929,0.05622946110854407,0.05786093475317522,11.0,13.0,-2.0,6.31591275918694,6.522893453840899,-0.20698069465395896,"[11, 0, 0]",14,0
dom_casmurro,intermediario,pt,sbert,250,44,11531,14,0.4684576392173767,2.6389155164987224,2.6388988258502115,1.669064851084201e-05,0.007953257219180021,0.9999462637226768,0.9999399392490387,6.324473638130712e-06,14,14.0,0,0.0,0.030205705436723518,0.05622946110854407,0.0,13.0,13.0,0.0,6.52820124360655,6.522893453840899,0.005307789765651272,"[13, 0, 0]",14,0
dom_casmurro,intermediario,pt,sbert,250,45,11781,19,0.4684576392173767,2.8871039889195043,2.943519102109517,0.0564151131900128,-6.70807138419078,0.9988694295231286,0.9996875883441865,0.0008181588210578461,18,19.0,0,0.0,0.1976987356028167,0.06941079192536653,0.12828794367745017,15.0,16.0,-1.0,8.258110566629352,8.746154566378056,-0.4880439997487045,"[15, 0, 0]",18,0
dom_casmurro,intermediario,pt,sbert,250,46,12067,13,0.4684576392173767,2.561509914674413,2.564673916179382,0.003164001504968983,-0.8199920759146595,0.9986590601576136,0.9998926133643327,0.0012335532067190291,13,13.0,0,0.0,0.08383938967852705,0.062081634731514956,0.021757754947012098,6.0,12.0,-6.0,5.668987882789028,6.043156501057984,-0.3741686182689561,"[6, 0, 0]",13,0
dom_casmurro,intermediario,pt,sbert,250,47,12327,18,0.4684576392173767,2.8681819348000577,2.889645819359167,0.021463884559109303,-10.549816020016582,0.9923228480781108,0.9997488425026938,0.007425994424583027,18,18.0,0,0.0,0.20039349789377814,0.05771440351590654,0.1426790943778716,13.0,16.0,-3.0,7.833452819822417,8.336638574052637,-0.5031857542302198,"[13, 0, 0]",18,0
dom_casmurro,intermediario,pt,sbert,250,48,12586,17,0.4684576392173767,2.818891033773536,2.8328522578436264,0.013961224070090594,-9.780490927360699,0.9949448528778367,0.9998725524100233,0.004927699532186525,17,17.0,0,0.0,0.2120132198113202,0.04864186337367041,0.1633713564376498,12.0,16.0,-4.0,7.523867975697776,7.898878402316148,-0.37501042661837225,"[12, 0, 0]",17,0
dom_casmurro,intermediario,pt,sbert,250,49,12852,20,0.4684576392173767,3.0085009740671524,2.9948439628315313,0.01365701123562113,4.696335281951784,0.9881684354794225,0.9996986255412239,0.011530190061801449,21,20.0,1,0.0,0.19181982866118286,0.05862369407066742,0.13319613459051544,10.0,17.5,-7.5,8.487154655684567,9.228934183932397,-0.7417795282478306,"[10, 0, 0]",21,0
dom_casmurro,intermediario,pt,sbert,250,50,13103,15,0.4684576392173767,2.7068003841815553,2.707646449155962,0.0008460649744068682,-0.3524114157717132,0.999538480889259,0.9998509067719337,0.00031242588267466065,15,15.0,0,0.0,0.06038657916039514,0.050183425525858694,0.010203153634536444,11.0,13.5,-2.5,6.877885782990435,6.960873085697941,-0.08298730270750543,"[11, 0, 0]",15,0
dom_casmurro,intermediario,pt,sbert,250,51,13354,18,0.4684576392173767,2.8668991177148193,2.889645819359167,0.022746701644347667,-11.180339548939264,0.9736656585515071,0.9997488425026938,0.026083183951186695,19,18.0,1,0.0,0.21034098785650818,0.05771440351590654,0.15262658434060164,10.0,16.0,-6.0,7.142071532893157,8.336638574052637,-1.1945670411594804,"[8, 1, 0]",19,0
dom_casmurro,intermediario,pt,sbert,250,52,13643,18,0.4684576392173767,2.881718373125592,2.889645819359167,0.007927446233574997,-3.8964568152830292,0.9970061343330897,0.9997488425026938,0.002742708169604091,18,18.0,0,0.0,0.14305040332930918,0.05771440351590654,0.08533599981340265,11.0,16.0,-5.0,7.9143365870533895,8.336638574052637,-0.4223019869992477,"[11, 0, 0]",18,0
dom_casmurro,intermediario,pt,sbert,250,53,13894,20,0.4684576392173767,2.9888962050040746,2.9948439628315313,0.005947757827456712,-2.0452985248144193,0.9669541101762408,0.9996986255412239,0.03274451536498313,22,20.0,2,0.0,0.17762475225222274,0.05862369407066742,0.11900105818155532,13.0,17.5,-4.5,8.478582397014092,9.228934183932397,-0.750351786918305,"[11, 1, 0]",22,0
dom_casmurro,intermediario,pt,sbert,250,54,14164,14,0.4684576392173767,2.6345142418871057,2.6388988258502115,0.004384583963105815,-2.0892971315656244,0.9982785187433518,0.9999399392490387,0.0016614205056868503,14,14.0,0,0.0,0.09924912503770783,0.05622946110854407,0.04301966392916376,10.0,13.0,-3.0,6.243616405878955,6.522893453840899,-0.2792770479619442,"[10, 0, 0]",14,0
dom_casmurro,intermediario,pt,sbert,250,55,14419,15,0.4684576392173767,2.7018960402045056,2.707646449155962,0.00575040895145662,-2.395217650121777,0.9977274568635398,0.9998509067719337,0.0021234499083938596,15,15.0,0,0.0,0.11868098266369367,0.050183425525858694,0.06849755713783498,8.0,13.5,-5.5,6.4927480182399115,6.960873085697941,-0.46812506745802906,"[8, 0, 0]",15,0
dom_casmurro,intermediario,pt,sbert,250,56,14682,16,0.4684576392173767,2.7648454491380203,2.7720171714939292,0.007171722355908905,-5.120053463746376,0.9758691328128803,0.9997938566433358,0.023924723830455408,17,16.0,1,0.0,0.1676318308655682,0.06295840465770125,0.10467342620786696,9.0,14.0,-5.0,7.034780446920983,7.408727349076964,-0.37394690215598025,"[9, 0, 0]",17,0
dom_casmurro,intermediario,pt,sbert,250,57,14949,16,0.4684576392173767,2.7658942587379824,2.7720171714939292,0.0061229127559467855,-4.371284763760089,0.9975854826761357,0.9997938566433358,0.0022083739672000835,16,16.0,0,0.0,0.14260407759886867,0.06295840465770125,0.07964567294116742,11.0,14.0,-3.0,7.215400672464528,7.408727349076964,-0.1933266766124353,"[11, 0, 0]",16,0
dom_casmurro,intermediario,pt,sbert,250,58,15204,15,0.4684576392173767,2.707386648936181,2.707646449155962,0.0002598002197813365,-0.10821457694207061,0.9997549705076519,0.9998509067719337,9.59362642817263e-05,15,15.0,0,0.0,0.048221010248918256,0.050183425525858694,0.0,12.0,13.5,-1.5,6.92863003569758,6.960873085697941,-0.03224305000036054,"[12, 0, 0]",15,0
dom_casmurro,intermediario,pt,sbert,250,59,15456,13,0.4684576392173767,2.55976095201875,2.564673916179382,0.004912964160632249,-1.2732584591519194,0.9979771899091522,0.9998926133643327,0.001915423455180476,13,13.0,0,0.0,0.10894757346960648,0.062081634731514956,0.04686593873809153,9.0,12.0,-3.0,5.7545286095729615,6.043156501057984,-0.28862789148502266,"[9, 0, 0]",13,0
dom_casmurro,intermediario,pt,sbert,250,60,15717,16,0.4684576392173767,2.7698149081600376,2.7720171714939292,0.0022022633338916187,-1.5722451945568106,0.9989995580457015,0.9997938566433358,0.0007942985976342465,16,16.0,0,0.0,0.07006976931532072,0.06295840465770125,0.007111364657619468,13.0,14.0,-1.0,7.27829531055928,7.408727349076964,-0.13043203851768403,"[13, 0, 0]",16,0
dom_casmurro,intermediario,pt,sbert,250,61,15970,17,0.4684576392173767,2.8229890984430255,2.8328522578436264,0.009863159400600896,-6.909604813187665,0.9963912898989269,0.9998725524100233,0.0034812625110963724,17,17.0,0,0.0,0.15139477277548286,0.04864186337367041,0.10275290940181245,7.0,16.0,-9.0,7.104061364305318,7.898878402316148,-0.7948170380108301,"[7, 0, 0]",17,0
dom_casmurro,intermediario,pt,sbert,250,62,16242,15,0.4684576392173767,2.687476535970222,2.707646449155962,0.020169913185740018,-8.401373271316789,0.9924027755749822,0.9998509067719337,0.007448131196951424,15,15.0,0,0.0,0.19164303499280816,0.050183425525858694,0.14145960946694947,8.0,13.5,-5.5,6.1290463459468505,6.960873085697941,-0.8318267397510901,"[8, 0, 0]",15,0
dom_casmurro,intermediario,pt,sbert,250,63,16511,15,0.4684576392173767,2.710246018252141,2.707646449155962,0.0025995690961786444,1.0827984295449071,0.9775146225303557,0.9998509067719337,0.022336284241577964,16,15.0,1,0.0,0.0420712089636896,0.050183425525858694,0.0,9.0,13.5,-4.5,6.9208370979738,6.960873085697941,-0.0400359877241403,"[9, 0, 0]",16,0
dom_casmurro,intermediario,pt,sbert,250,64,16762,17,0.4684576392173767,2.8298353849340367,2.8328522578436264,0.0030168729095896296,-2.113460680317709,0.9790558523149316,0.9998725524100233,0.020816700095091623,18,17.0,1,0.0,0.18817341598171436,0.04864186337367041,0.13953155260804395,8.0,16.0,-8.0,6.9767863876793035,7.898878402316148,-0.9220920146368448,"[8, 0, 0]",18,0
dom_casmurro,intermediario,pt,sbert,250,65,17016,19,0.4684576392173767,2.8883731890619657,2.943519102109517,0.05514591304755134,-6.55715641344915,0.9809587529233339,0.9996875883441865,0.018728835420852574,19,19.0,1,0.0,0.1976987356028167,0.06941079192536653,0.12828794367745017,6.0,16.0,-10.0,7.81608792646949,8.746154566378056,-0.9300666399085662,"[6, 0, 0]",19,0
dom_casmurro,intermediario,pt,sbert,250,66,17289,15,0.4684576392173767,2.706625202177839,2.707646449155962,0.0010212469781230027,-0.4253799699783312,0.9994737915405738,0.9998509067719337,0.00037711523135985914,15,15.0,0,0.0,0.05645524395512358,0.050183425525858694,0.006271818429264886,9.0,13.5,-4.5,6.795759752231169,6.960873085697941,-0.16511333346677137,"[9, 0, 0]",15,0
dom_casmurro,intermediario,pt,sbert,250,67,17545,17,0.4684576392173767,2.8321308485423176,2.8328522578436264,0.0007214093013088174,-0.5053809817063357,0.9996179265793134,0.9998725524100233,0.0002546258307098981,17,17.0,0,0.0,0.052836274257718946,0.04864186337367041,0.004194410884048538,13.0,16.0,-3.0,7.813920909521308,7.898878402316148,-0.08495749279484066,"[13, 0, 0]",17,0
dom_casmurro,intermediario,pt,sbert,250,68,17806,14,0.4684576392173767,2.62893131847522,2.6388988258502115,0.009967507374991413,-4.7496147280248096,0.9961630196409887,0.9999399392490387,0.0037769196080499334,14,14.0,0,0.0,0.15180867008641244,0.05622946110854407,0.09557920897786837,8.0,13.0,-5.0,6.092627958130402,6.522893453840899,-0.430265495710497,"[8, 0, 0]",14,0
dom_casmurro,intermediario,pt,sbert,250,69,18058,11,0.4684576392173767,2.393466786889746,2.397796524733268,0.004329737843522086,-2.5323134530177898,0.9981531779311377,0.9999588188582615,0.001805640927123875,11,11.0,0,0.0,0.09463705243301429,0.04740378292245889,0.0472332695105554,9.0,10.0,-1.0,4.941381748116384,5.129757903063682,-0.18837615494729842,"[9, 0, 0]",11,0
dom_casmurro,intermediario,pt,sbert,250,70,18317,16,0.4684576392173767,2.746128359017571,2.7720171714939292,0.025888812476358325,-18.482603956725526,0.9904564412997992,0.9997938566433358,0.009337415343536604,16,16.0,0,0.0,0.20570303401517612,0.06295840465770125,0.14274462935747487,9.0,14.0,-5.0,6.807331629374906,7.408727349076964,-0.6013957197020572,"[9, 0, 0]",16,0
dom_casmurro,intermediario,pt,sbert,250,71,18575,20,0.4684576392173767,2.9895720427750816,2.9948439628315313,0.005271920056449719,-1.812893299828058,0.9979436644478242,0.9996986255412239,0.0017549610933996762,20,20.0,0,0.0,0.12187009842082291,0.05862369407066742,0.0632464043501555,14.0,17.5,-3.5,8.968962493165245,9.228934183932397,-0.2599716907671521,"[14, 0, 0]",20,0
dom_casmurro,intermediario,pt,sbert,250,72,18833,16,0.4684576392173767,2.7647625223865964,2.7720171714939292,0.007254649107332867,-5.179256731775243,0.975839863308133,0.9997938566433358,0.02395399333520276,17,16.0,1,0.0,0.19854899083075625,0.06295840465770125,0.135590586173055,7.0,14.0,-7.0,6.664343399783595,7.408727349076964,-0.7443839492933684,"[7, 0, 0]",17,0
dom_casmurro,intermediario,pt,sbert,250,73,19098,15,0.4684576392173767,2.699820057781899,2.707646449155962,0.007826391374063046,-3.259926539862554,0.996960860135842,0.9998509067719337,0.0028900466360917143,15,15.0,0,0.0,0.15756669868579895,0.050183425525858694,0.10738327315994026,5.0,13.5,-8.5,6.2636604068583335,6.960873085697941,-0.6972126788396071,"[5, 0, 0]",15,0
dom_casmurro,intermediario,pt,sbert,250,74,19377,14,0.4684576392173767,2.627862472454185,2.6388988258502115,0.011036353396026488,-5.258930308391087,0.9957580091059616,0.9999399392490387,0.004181930143077106,14,14.0,0,0.0,0.16568197983359068,0.05622946110854407,0.1094525187250466,9.0,13.0,-4.0,6.115165534673519,6.522893453840899,-0.40772791916737994,"[9, 0, 0]",14,0
dom_casmurro,intermediario,pt,sbert,250,75,19659,16,0.4684576392173767,2.772545822246025,2.7720171714939292,0.0005286507520958494,0.3774156304517795,0.9999845270979385,0.9997938566433358,0.00019067045460274823,16,16.0,0,0.0,0.04258247130342013,0.06295840465770125,0.0,15.0,14.0,1.0,7.4775387670481,7.408727349076964,0.0688114179711361,"[15, 0, 0]",16,0
dom_casmurro,intermediario,pt,sbert,250,76,19912,12,0.4684576392173767,2.4756715740919883,2.4846408032786127,0.00896922918662435,-3.6746919141442507,0.9962835321412175,0.9998930154944008,0.0036094833531833403,12,12.0,0,0.0,0.15622104738939213,0.04488128847683767,0.11133975891255446,7.0,11.0,-4.0,5.209722225683365,5.579095788271219,-0.36937356258785403,"[7, 0, 0]",12,0
dom_casmurro,intermediario,pt,sbert,250,77,20167,12,0.4684576392173767,2.4725252353720837,2.4846408032786127,0.012115567906529012,-4.963746437406359,0.995017352294915,0.9998930154944008,0.004875663199485847,12,12.0,0,0.0,0.16461504786478287,0.04488128847683767,0.1197337593879452,4.0,11.0,-7.0,5.002244834135631,5.579095788271219,-0.5768509541355877,"[4, 0, 0]",12,0
dom_casmurro,intermediario,pt,sbert,250,78,20421,15,0.4684576392173767,2.7044763543871806,2.707646449155962,0.003170094768781606,-1.3204394690608983,0.9986802878640969,0.9998509067719337,0.0011706189078367624,15,15.0,0,0.0,0.10023961995446734,0.050183425525858694,0.05005619442860865,8.0,13.5,-5.5,6.661018562953229,6.960873085697941,-0.29985452274471136,"[8, 0, 0]",15,0
dom_casmurro,intermediario,pt,sbert,250,79,20676,15,0.4684576392173767,2.70293956358858,2.707646449155962,0.004706885567382191,-1.9605588895101953,0.9981127980893597,0.9998509067719337,0.0017381086825739578,15,15.0,0,0.0,0.11725208902690865,0.050183425525858694,0.06706866350104995,10.0,13.5,-3.5,6.727686114762864,6.960873085697941,-0.23318697093507623,"[10, 0, 0]",15,0
dom_casmurro,intermediario,pt,sbert,250,80,20937,15,0.4684576392173767,2.696967372482997,2.707646449155962,0.010679076672965415,-4.44815545294587,0.9959074508239536,0.9998509067719337,0.003943455947980068,15,15.0,0,0.0,0.1695221813601254,0.050183425525858694,0.1193387558342667,6.0,13.5,-7.5,6.394290590909277,6.960873085697941,-0.5665824947886637,"[6, 0, 0]",15,0
dom_casmurro,intermediario,pt,sbert,250,81,21194,8,0.4684576392173767,2.073787557082235,2.0794415416798357,0.005653984597600914,-4.385172212978175,0.9972810081532595,1.0,0.002718991846740515,8,8.0,0,0.0,0.12207349480514984,0.0019702165700903884,0.12010327823505945,4.0,8.0,-4.0,3.472987643748536,3.7476611137390137,-0.2746734699904776,"[4, 0, 0]",8,0
dom_casmurro,intermediario,pt,sbert,250,82,21444,16,0.4684576392173767,2.772120301686943,2.7720171714939292,0.00010313019301388948,0.07362695817728393,0.9998310529978426,0.9997938566433358,3.71963545068299e-05,16,16.0,0,0.0,0.05768016594372738,0.06295840465770125,0.0,15.0,14.0,1.0,7.4376420615343,7.408727349076964,0.028914712457336122,"[15, 0, 0]",16,0
dom_casmurro,intermediario,pt,sbert,250,83,21711,15,0.4684576392173767,2.7323165838309227,2.707646449155962,0.024670134674960487,10.275850379194095,0.9643878706003682,0.9998509067719337,0.03546303617156543,17,15.0,2,0.0,0.11411798469597412,0.050183425525858694,0.06393455917011542,6.0,13.5,-7.5,6.423717969771452,6.960873085697941,-0.5371551159264882,"[6, 0, 0]",17,0
dom_casmurro,intermediario,pt,sbert,250,84,21964,16,0.4684576392173767,2.749794734820197,2.7720171714939292,0.022222436673732027,-15.86509602821989,0.9917788068469202,0.9997938566433358,0.008015049796415541,16,16.0,0,0.0,0.21176636240219904,0.06295840465770125,0.1488079577444978,9.0,14.0,-5.0,6.836364861758912,7.408727349076964,-0.5723624873180517,"[9, 0, 0]",16,0
dom_casmurro,intermediario,pt,sbert,250,85,22231,14,0.4684576392173767,2.6390555453686577,2.6388988258502115,0.00015671951844620224,0.07467838296750487,0.9999993239076012,0.9999399392490387,5.938465856247799e-05,14,14.0,0,0.0,0.02806600185239358,0.05622946110854407,0.0,13.0,13.0,0.0,6.554976221754336,6.522893453840899,0.03208276791343678,"[13, 0, 0]",14,0
dom_casmurro,intermediario,pt,sbert,250,86,22487,16,0.4684576392173767,2.774477696410611,2.7720171714939292,0.0024605249166818055,1.7566239317548618,0.9792688934743208,0.9997938566433358,0.020524963169014976,17,16.0,1,0.0,0.11575482631664358,0.06295840465770125,0.05279642165894233,9.0,14.0,-5.0,6.879791245119265,7.408727349076964,-0.5289361039576983,"[9, 0, 0]",17,0
dom_casmurro,intermediario,pt,sbert,250,87,22749,16,0.4684576392173767,2.762490511099366,2.7720171714939292,0.00952666039456318,-6.801296554785115,0.9963578402164683,0.9997938566433358,0.0034360164268674165,16,16.0,0,0.0,0.16185828482286846,0.06295840465770125,0.09889988016516721,9.0,14.0,-5.0,6.9763408345888624,7.408727349076964,-0.43238651448810117,"[9, 0, 0]",16,0
dom_casmurro,intermediario,pt,sbert,250,88,23057,13,0.4684576392173767,2.5505259142587797,2.564673916179382,0.014148001920602393,-3.6666384155316876,0.99437671423773,0.9998926133643327,0.005515899126602664,13,13.0,0,0.0,0.17636062532400826,0.062081634731514956,0.1142789905924933,7.0,12.0,-5.0,5.520596497654651,6.043156501057984,-0.5225600034033331,"[7, 0, 0]",13,0
dom_casmurro,intermediario,pt,sbert,250,89,23336,16,0.4684576392173767,2.7681015338618957,2.7720171714939292,0.0039156376320335085,-2.7954615398838896,0.9983815888949226,0.9997938566433358,0.0014122677484131874,16,16.0,0,0.0,0.10295573813977943,0.06295840465770125,0.03999733348207818,11.0,14.0,-3.0,7.17032585621793,7.408727349076964,-0.23840149285903323,"[11, 0, 0]",16,0
dom_casmurro,intermediario,pt,sbert,250,90,23592,15,0.4684576392173767,2.7052680548255355,2.707646449155962,0.0023783943304267474,-0.9906725116906124,0.9989726385886265,0.9998509067719337,0.0008782681833071626,15,15.0,0,0.0,0.07614173568736149,0.050183425525858694,0.025958310161502796,11.0,13.5,-2.5,6.824313328611062,6.960873085697941,-0.13655975708687862,"[11, 0, 0]",15,0
dom_casmurro,intermediario,pt,sbert,250,91,23846,18,0.4684576392173767,2.865353392935489,2.889645819359167,0.024292426423678126,-11.94008608944124,0.9913442397531292,0.9997488425026938,0.00840460274956456,18,18.0,0,0.0,0.19157806855742143,0.05771440351590654,0.1338636650415149,9.0,16.0,-7.0,7.0233092865287485,8.336638574052637,-1.3133292875238887,"[9, 0, 0]",18,0
dom_casmurro,intermediario,pt,sbert,250,92,24100,19,0.4684576392173767,2.944004567013934,2.943519102109517,0.00048546490441703227,0.05772448284168846,0.9998524635234148,0.9996875883441865,0.00016487517922836314,19,19.0,0,0.0,0.06019367873995263,0.06941079192536653,0.0,18.0,16.0,2.0,8.840501466390204,8.746154566378056,0.09434690001214818,"[18, 0, 0]",19,0
dom_casmurro,intermediario,pt,sbert,250,93,24352,15,0.4684576392173767,2.7010506505895036,2.707646449155962,0.006595798566458644,-2.747347758462955,0.997415280370409,0.9998509067719337,0.0024356264015246154,15,15.0,0,0.0,0.13393021655888526,0.050183425525858694,0.08374679103302657,9.0,13.5,-4.5,6.647902042017614,6.960873085697941,-0.312971043680327,"[9, 0, 0]",15,0
dom_casmurro,intermediario,pt,sbert,250,94,24609,11,0.4684576392173767,2.377348816380961,2.397796524733268,0.020447708352306915,-11.959155222619634,0.9914314621449536,0.9999588188582615,0.008527356713307954,11,11.0,0,0.0,0.20249057107777402,0.04740378292245889,0.15508678815531513,5.0,10.0,-5.0,4.53678394935962,5.129757903063682,-0.5929739537040621,"[5, 0, 0]",11,0
dom_casmurro,intermediario,pt,sbert,250,95,24867,14,0.4684576392173767,2.633336662074511,2.6388988258502115,0.005562163775700402,-2.650425426825979,0.9978323064540696,0.9999399392490387,0.002107632794969061,14,14.0,0,0.0,0.14128254257838027,0.05622946110854407,0.0850530814698362,12.0,13.0,-1.0,6.32919768857168,6.522893453840899,-0.1936957652692186,"[12, 0, 0]",14,0
dom_casmurro,intermediario,pt,sbert,250,96,25132,20,0.4684576392173767,2.9806808210204663,2.9948439628315313,0.014163141811065039,-4.87038206552124,0.994975701711933,0.9996986255412239,0.004722923829290959,20,20.0,0,0.0,0.19724302561123605,0.05862369407066742,0.13861933154056863,17.0,17.5,-0.5,8.98292238395348,9.228934183932397,-0.2460117999789162,"[17, 0, 0]",20,0
dom_casmurro,intermediario,pt,sbert,250,97,25386,21,0.4684576392173767,3.0329106168372335,3.043408811860811,0.010498195023577406,-5.704312201298257,0.9961859959570959,0.9995623379561236,0.003376341999027699,21,21.0,0,0.0,0.14019157081038205,0.06907393578014948,0.07111763503023258,11.0,18.0,-7.0,8.920455673758994,9.6713089995567,-0.7508533257977064,"[11, 0, 0]",21,0
dom_casmurro,intermediario,pt,sbert,250,98,25638,13,0.4684576392173767,2.5584106396745954,2.564673916179382,0.006263276504786752,-1.6232094375182509,0.9974507419540585,0.9998926133643327,0.002441871410274188,13,13.0,0,0.0,0.12230022110320957,0.062081634731514956,0.06021858637169461,9.0,12.0,-3.0,5.700599096741503,6.043156501057984,-0.34255740431648096,"[9, 0, 0]",13,0
dom_casmurro,intermediario,pt,sbert,250,99,25889,19,0.4684576392173767,2.9420598377280265,2.943519102109517,0.001459264381490577,-0.17351466807264554,0.9991919882003847,0.9996875883441865,0.0004956001438017887,19,19.0,0,0.0,0.05684975796856068,0.06941079192536653,0.0,13.0,16.0,-3.0,8.561663217579127,8.746154566378056,-0.1844913487989288,"[13, 0, 0]",19,0
dom_casmurro,intermediario,pt,sbert,250,100,26153,10,0.4684576392173767,2.3017762509185418,2.3025850496943616,0.0008087987758198523,-0.37276046065204893,0.9996487243498774,0.9999999811951861,0.0003512568453086784,10,10.0,0,0.0,0.052822446474387,0.03907128420038736,0.01375116227399964,6.0,9.5,-3.5,4.560512639256744,4.684251566122504,-0.12373892686576049,"[6, 0, 0]",10,0
dom_casmurro,intermediario,pt,sbert,250,101,26417,9,0.4684576392173767,2.1957055778029995,2.1972245773362196,0.0015189995332201,-2.47863913117158,0.9993086735198176,1.0,0.0006913264801824415,9,9.0,0,0.0,0.07243856606157062,0.003484248949906621,0.068954317111664,6.0,9.0,-3.0,4.101565953661368,4.21611875295639,-0.11455279929502282,"[6, 0, 0]",9,0
dom_casmurro,intermediario,pt,sbert,250,102,26669,11,0.4684576392173767,2.4095419843283774,2.397796524733268,0.01174545959510942,6.869511831778123,0.9394111339153448,0.9999588188582615,0.060547684942916735,13,11.0,2,0.0,0.20537039181344235,0.04740378292245889,0.15796660889098346,6.0,10.0,-4.0,4.23637770764242,5.129757903063682,-0.8933801954212619,"[2, 2, 0]",13,0
dom_casmurro,intermediario,pt,sbert,250,103,26928,14,0.4684576392173767,2.62028721758544,2.6388988258502115,0.018611608264771373,-8.868613325371383,0.9928875694289845,0.9999399392490387,0.007052369820054194,14,14.0,0,0.0,0.20311154852028715,0.05622946110854407,0.14688208741174308,4.0,13.0,-9.0,5.412652426427599,6.522893453840899,-1.1102410274133003,"[4, 0, 0]",14,0
dom_casmurro,intermediario,pt,sbert,250,104,27194,10,0.4684576392173767,2.2914407748331613,2.3025850496943616,0.011144274861200287,-5.136191046633509,0.9951600841181536,0.9999999811951861,0.004839897077032473,10,10.0,0,0.0,0.20477206159417313,0.03907128420038736,0.16570077739378578,2.0,9.5,-7.5,4.1297401320839136,4.684251566122504,-0.5545114340385906,"[2, 0, 0]",10,0
dom_casmurro,intermediario,pt,sbert,250,105,27454,14,0.4684576392173767,2.638736615996257,2.6388988258502115,0.00016220985395465348,-0.07729458152263863,0.9998784741750766,0.9999399392490387,6.1465073962097e-05,14,14.0,0,0.0,0.04212723866500567,0.05622946110854407,0.0,11.0,13.0,-2.0,6.484597930803416,6.522893453840899,-0.03829552303748329,"[11, 0, 0]",14,0
dom_casmurro,intermediario,pt,sbert,250,106,27720,14,0.4684576392173767,2.6381200220781005,2.6388988258502115,0.0007788037721110364,-0.37110761267563563,0.9996448324457982,0.9999399392490387,0.0002951068032405191,14,14.0,0,0.0,0.05754689003678004,0.05622946110854407,0.0013174289282359697,11.0,13.0,-2.0,6.4336327945267255,6.522893453840899,-0.08926065931417337,"[11, 0, 0]",14,0
dom_casmurro,intermediario,pt,sbert,250,107,27989,18,0.4684576392173767,2.8892753826607143,2.889645819359167,0.0003704366984527141,-0.1820751041115676,0.9996206802005815,0.9997488425026938,0.00012816230211232238,18,18.0,0,0.0,0.04638823493760641,0.05771440351590654,0.0,15.0,16.0,-1.0,8.304075916865763,8.336638574052637,-0.03256265718687423,"[15, 0, 0]",18,0
dom_casmurro,intermediario,pt,sbert,250,108,28265,15,0.4684576392173767,2.7067341159741183,2.707646449155962,0.0009123331818439162,-0.380014110020953,0.9995140100698443,0.9998509067719337,0.00033689670208936207,15,15.0,0,0.0,0.05599363821136771,0.050183425525858694,0.00581021268550902,9.0,13.5,-4.5,6.75699133011364,6.960873085697941,-0.20388175558430088,"[9, 0, 0]",15,0
dom_casmurro,intermediario,pt,sbert,250,109,28542,16,0.4684576392173767,2.759213596120782,2.7720171714939292,0.012803575373147247,-9.140759664741967,0.9738813358017397,0.9997938566433358,0.02591252084159601,17,16.0,1,0.0,0.20570303401517612,0.06295840465770125,0.14274462935747487,7.0,14.0,-7.0,6.609226122643721,7.408727349076964,-0.7995012264332431,"[5, 1, 0]",17,0
dom_casmurro,intermediario,pt,sbert,250,110,28809,14,0.4684576392173767,2.63819245652642,2.6388988258502115,0.0007063693237916446,-0.33659188977611476,0.9996722795374193,0.9999399392490387,0.0002676597116193502,14,14.0,0,0.0,0.05353044898464254,0.05622946110854407,0.0,9.0,13.0,-4.0,6.3959314759399,6.522893453840899,-0.12696197790099895,"[9, 0, 0]",14,0
dom_casmurro,intermediario,pt,sbert,250,111,29070,17,0.4684576392173767,2.8218983328055964,2.8328522578436264,0.010953925038029944,-7.673737196365036,0.9960062974874951,0.9998725524100233,0.003866254922528123,17,17.0,0,0.0,0.18990438149357847,0.04864186337367041,0.14126251811990806,12.0,16.0,-4.0,7.444360931808569,7.898878402316148,-0.4545174705075796,"[12, 0, 0]",17,0
dom_casmurro,intermediario,pt,sbert,250,112,29356,14,0.4684576392173767,2.6337139140459804,2.6388988258502115,0.005184911804231085,-2.4706611735922452,0.9979752559713976,0.9999399392490387,0.0019646832776410994,14,14.0,0,0.0,0.14081046613004114,0.05622946110854407,0.08458100502149707,11.0,13.0,-2.0,6.381070917748259,6.522893453840899,-0.14182253609263995,"[11, 0, 0]",14,0
dom_casmurro,intermediario,pt,sbert,250,113,29628,12,0.4684576392173767,2.4823515361634705,2.4846408032786127,0.002289267115142213,-0.9379124094492549,0.9989717466349298,0.9998930154944008,0.0009212688594709695,12,12.0,0,0.0,0.0836924239845469,0.04488128847683767,0.03881113550770923,9.0,11.0,-2.0,5.502822021102615,5.579095788271219,-0.07627376716860379,"[9, 0, 0]",12,0
dom_casmurro,intermediario,pt,sbert,250,114,29883,11,0.4684576392173767,2.397376954225276,2.397796524733268,0.00041957050799190654,-0.24539223395870094,0.9997838443659428,0.9999588188582615,0.00017497449231873574,11,11.0,0,0.0,0.0477672022660976,0.04740378292245889,0.00036341934363870454,10.0,10.0,0.0,5.10189302064245,5.129757903063682,-0.027864882421232195,"[10, 0, 0]",11,0
dom_casmurro,intermediario,pt,sbert,250,115,30136,14,0.4684576392173767,2.637826254581213,2.6388988258502115,0.0010725712689985123,-0.5110906974469113,0.9995335171312004,0.9999399392490387,0.00040642211783825655,14,14.0,0,0.0,0.07343712888939946,0.05622946110854407,0.01720766778085539,12.0,13.0,-1.0,6.4614130625479405,6.522893453840899,-0.06148039129295846,"[12, 0, 0]",14,0
dom_casmurro,intermediario,pt,sbert,250,116,30391,16,0.4684576392173767,2.7718803645427665,2.7720171714939292,0.00013680695116269348,-0.09766955124636273,0.9997445139658354,0.9997938566433358,4.934267750034138e-05,16,16.0,0,0.0,0.04888485407513371,0.06295840465770125,0.0,12.0,14.0,-2.0,7.377647132284167,7.408727349076964,-0.031080216792796378,"[12, 0, 0]",16,0
dom_casmurro,intermediario,pt,sbert,250,117,30648,16,0.4684576392173767,2.7656451649521934,2.7720171714939292,0.006372006541735864,-4.549118405029856,0.9974956410837672,0.9997938566433358,0.0022982155595685505,16,16.0,0,0.0,0.14378359858713688,0.06295840465770125,0.08082519392943563,9.0,14.0,-5.0,7.043848397444904,7.408727349076964,-0.3648789516320594,"[9, 0, 0]",16,0
dom_casmurro,intermediario,pt,sbert,250,118,30905,12,0.4684576392173767,2.481580590870738,2.4846408032786127,0.003060212407874907,-1.2537685855493355,0.9986614954257753,0.9998930154944008,0.0012315200686254801,12,12.0,0,0.0,0.08092401896295337,0.04488128847683767,0.0360427304861157,5.0,11.0,-6.0,5.216700459460521,5.579095788271219,-0.362395328810698,"[5, 0, 0]",12,0
dom_casmurro,intermediario,pt,sbert,250,119,31187,19,0.4684576392173767,2.943032427746444,2.943519102109517,0.00048667436307292533,-0.05786829421671189,0.9824083592940613,0.9996875883441865,0.017279229050125133,20,19.0,1,0.0,0.16248380054108352,0.06941079192536653,0.09307300861571699,12.0,16.0,-4.0,7.93180325544276,8.746154566378056,-0.8143513109352964,"[10, 1, 0]",20,0
dom_casmurro,intermediario,pt,sbert,250,120,31444,17,0.4684576392173767,2.8166639450427158,2.8328522578436264,0.016188312800910598,-11.340670823969933,0.9941587882719036,0.9998725524100233,0.005713764138119637,17,17.0,0,0.0,0.2120132198113202,0.04864186337367041,0.1633713564376498,10.0,16.0,-6.0,7.25212483234659,7.898878402316148,-0.6467535699695581,"[10, 0, 0]",17,0
dom_casmurro,intermediario,pt,sbert,250,121,31703,14,0.4684576392173767,2.6178008047987853,2.6388988258502115,0.02109802105142622,-10.053413330744364,0.9919454099848706,0.9999399392490387,0.007994529264168104,14,14.0,0,0.0,0.1960364324253287,0.05622946110854407,0.13980697131678463,6.0,13.0,-7.0,5.4799206939505565,6.522893453840899,-1.0429727598903424,"[6, 0, 0]",14,0
dom_casmurro,intermediario,pt,sbert,250,122,31963,14,0.4684576392173767,2.639057329615258,2.6388988258502115,0.00015850376504644714,0.07552859391916304,0.9999999999999998,0.9999399392490387,6.006075096109953e-05,14,14.0,0,0.0,0.0314967291413322,0.05622946110854407,0.0,14.0,13.0,1.0,6.558406949043274,6.522893453840899,0.03551349520237501,"[14, 0, 0]",14,0
dom_casmurro,intermediario,pt,sbert,250,123,32227,11,0.4684576392173767,2.392425062721078,2.397796524733268,0.005371462012190076,-3.1415817787198903,0.9977187452098736,0.9999588188582615,0.0022400736483879635,11,11.0,0,0.0,0.11297346029282579,0.04740378292245889,0.0655696773703669,9.0,10.0,-1.0,4.918090254913775,5.129757903063682,-0.21166764814990735,"[9, 0, 0]",11,0
dom_casmurro,intermediario,pt,sbert,250,124,32500,12,0.4684576392173767,2.4763792692062823,2.4846408032786127,0.008261534072330434,-3.3847493270985973,0.9965683296060858,0.9998930154944008,0.0033246858883150265,12,12.0,0,0.0,0.13815600580042428,0.04488128847683767,0.09327471732358661,7.0,11.0,-4.0,5.203637039551564,5.579095788271219,-0.37545874871965434,"[7, 0, 0]",12,0
dom_casmurro,intermediario,pt,sbert,250,125,32768,14,0.4684576392173767,2.6358125019076297,2.6388988258502115,0.0030863239425817923,-1.470663537197002,0.9987704595609896,0.9999399392490387,0.0011694796880490355,14,14.0,0,0.0,0.11610082337694524,0.05622946110854407,0.059871362268401174,13.0,13.0,0.0,6.42157876599221,6.522893453840899,-0.10131468784868858,"[13, 0, 0]",14,0
dom_casmurro,intermediario,pt,sbert,250,126,33030,15,0.4684576392173767,2.7062334450188916,2.707646449155962,0.0014130041370705726,-0.5885585664214751,0.999329127620094,0.9998509067719337,0.0005217791518397075,15,15.0,0,0.0,0.06173826967481649,0.050183425525858694,0.011554844148957799,9.0,13.5,-4.5,6.783013165940365,6.960873085697941,-0.17785991975757565,"[9, 0, 0]",15,0
dom_casmurro,intermediario,pt,sbert,250,127,33295,14,0.4684576392173767,2.6366619593595715,2.6388988258502115,0.0022368664906400326,-1.065888755219328,0.9990923386813897,0.9999399392490387,0.0008476005676489873,14,14.0,0,0.0,0.079678401397971,0.05622946110854407,0.02344894028942693,6.0,13.0,-7.0,6.230277699880846,6.522893453840899,-0.2926157539600531,"[6, 0, 0]",14,0
dom_casmurro,intermediario,pt,sbert,250,128,33565,14,0.4684576392173767,2.625703466002688,2.6388988258502115,0.013195359847523402,-6.287717993631115,0.9949399115120712,0.9999399392490387,0.005000027736967505,14,14.0,0,0.0,0.21848045503802224,0.05622946110854407,0.16225099392947817,11.0,13.0,-2.0,6.23512651508658,6.522893453840899,-0.28776693875431913,"[11, 0, 0]",14,0
dom_casmurro,intermediario,pt,sbert,250,129,33825,9,0.4684576392173767,2.182670957966624,2.1972245773362196,0.014553619369595427,-23.747979957034627,0.993376362380199,1.0,0.006623637619801004,9,9.0,0,0.0,0.169618348315556,0.003484248949906621,0.16613409936564938,5.0,9.0,-4.0,3.7877400197307756,4.21611875295639,-0.4283787332256148,"[5, 0, 0]",9,0
dom_casmurro,intermediario,pt,sbert,250,130,34076,13,0.4684576392173767,2.563079087292377,2.564673916179382,0.0015948288870051286,-0.4133206155971223,0.9992708354401934,0.9998926133643327,0.0006217779241393107,13,13.0,0,0.0,0.07267642287038206,0.062081634731514956,0.010594788138867106,10.0,12.0,-2.0,5.913281125575503,6.043156501057984,-0.12987537548248085,"[10, 0, 0]",13,0
dom_casmurro,intermediario,pt,sbert,250,131,34326,12,0.4684576392173767,2.4817846108321637,2.4846408032786127,0.0028561924464489685,-1.1701816365510929,0.9987435990981379,0.9998930154944008,0.00114941639626287,12,12.0,0,0.0,0.09226166020844123,0.04488128847683767,0.04738037173160356,11.0,11.0,0.0,5.495931432809011,5.579095788271219,-0.08316435546220724,"[11, 0, 0]",12,0
dom_casmurro,intermediario,pt,sbert,250,132,34600,13,0.4684576392173767,2.550533603159654,2.564673916179382,0.014140313019728179,-3.6646457370264947,0.9943797119190885,0.9998926133643327,0.005512901445244189,13,13.0,0,0.0,0.2165832291053952,0.062081634731514956,0.15450159437388025,9.0,12.0,-3.0,5.661905054386948,6.043156501057984,-0.38125144667103594,"[9, 0, 0]",13,0
dom_casmurro,intermediario,pt,sbert,250,133,34857,15,0.4684576392173767,2.7050017468050207,2.707646449155962,0.002644702350941497,-1.1015977826566616,0.9988742991928479,0.9998509067719337,0.0009766075790857975,15,15.0,0,0.0,0.08154017948836445,0.050183425525858694,0.03135675396250576,10.0,13.5,-3.5,6.71743856165466,6.960873085697941,-0.24343452404328048,"[10, 0, 0]",15,0
dom_casmurro,intermediario,pt,sbert,250,134,35111,17,0.4684576392173767,2.831553258667373,2.8328522578436264,0.0012989991762535347,-0.9100097236613061,0.9994140626958693,0.9998725524100233,0.00045848971415396456,17,17.0,0,0.0,0.06674309784608745,0.04864186337367041,0.018101234472417044,12.0,16.0,-4.0,7.747067708290237,7.898878402316148,-0.15181069402591163,"[12, 0, 0]",17,0
dom_casmurro,intermediario,pt,sbert,250,135,35366,14,0.4684576392173767,2.636984030087319,2.6388988258502115,0.0019147957628926626,-0.9124189041899079,0.9992143787462768,0.9999399392490387,0.0007255605027618461,14,14.0,0,0.0,0.07697647890141018,0.05622946110854407,0.020747017792866113,11.0,13.0,-2.0,6.3722458672121505,6.522893453840899,-0.15064758662874844,"[11, 0, 0]",14,0
dom_casmurro,intermediario,pt,sbert,250,136,35616,12,0.4684576392173767,2.4808378336413957,2.4846408032786127,0.0038029696372170463,-1.5580761161123917,0.9983625879278194,0.9998930154944008,0.0015304275665813938,12,12.0,0,0.0,0.10088809375908306,0.04488128847683767,0.05600680528224539,8.0,11.0,-3.0,5.387249968264726,5.579095788271219,-0.19184582000649275,"[8, 0, 0]",12,0
dom_casmurro,intermediario,pt,sbert,250,137,35879,10,0.4684576392173767,2.3017940240589407,2.3025850496943616,0.0007910256354208833,-0.36456914755858194,0.9996564431266788,0.9999999811951861,0.0003435380685072875,10,10.0,0,0.0,0.06023861669586528,0.03907128420038736,0.02116733249547792,8.0,9.5,-1.5,4.6240462473534425,4.684251566122504,-0.060205318769061655,"[8, 0, 0]",10,0
dom_casmurro,intermediario,pt,sbert,250,138,36137,11,0.4684576392173767,2.394235405998418,2.397796524733268,0.0035611187348498774,-2.0827748020693844,0.9984737169961215,0.9999588188582615,0.0014851018621400147,11,11.0,0,0.0,0.09431415227417228,0.04740378292245889,0.04691036935171339,6.0,10.0,-4.0,4.84797567430963,5.129757903063682,-0.2817822287540519,"[6, 0, 0]",11,0
dom_casmurro,intermediario,pt,sbert,250,139,36387,13,0.4684576392173767,2.549078211365195,2.564673916179382,0.015595704814187261,-4.041829419440503,0.9938122965078542,0.9998926133643327,0.006080316856478474,13,13.0,0,0.0,0.21688107695970885,0.062081634731514956,0.1547994422281939,7.0,12.0,-5.0,5.5830447436810235,6.043156501057984,-0.46011175737696064,"[7, 0, 0]",13,0
dom_casmurro,intermediario,pt,sbert,250,140,36651,16,0.4684576392173767,2.781817204111227,2.7720171714939292,0.00980003261729756,6.996463116796539,0.9624427018813828,0.9997938566433358,0.03735115476195294,18,16.0,2,0.0,0.10712540200196566,0.06295840465770125,0.04416699734426441,9.0,14.0,-5.0,6.858928076030527,7.408727349076964,-0.5497992730464363,"[5, 2, 0]",18,0
dom_casmurro,intermediario,pt,sbert,250,141,36914,16,0.4684576392173767,2.785568396097757,2.7720171714939292,0.013551224603827627,9.674523221561543,0.9637405252413995,0.9997938566433358,0.03605333140193623,18,16.0,2,0.0,0.1828371392901627,0.06295840465770125,0.11987873463246146,10.0,14.0,-4.0,6.873101524683705,7.408727349076964,-0.535625824393259,"[6, 2, 0]",18,0
dom_casmurro,intermediario,pt,sbert,250,142,37171,13,0.4684576392173767,2.56374270922456,2.564673916179382,0.0009312069548221835,-0.2413343744595647,0.9995295625492696,0.9998926133643327,0.0003630508150630485,13,13.0,0,0.0,0.0577460008083272,0.062081634731514956,0.0,6.0,12.0,-6.0,5.835090380491251,6.043156501057984,-0.20806612056673313,"[6, 0, 0]",13,0
dom_casmurro,intermediario,pt,sbert,250,143,37434,9,0.4684576392173767,2.1962109881227323,2.1972245773362196,0.0010135892134872648,-1.653931968074495,0.999538695669099,1.0,0.000461304330900969,9,9.0,0,0.0,0.06282036241514638,0.003484248949906621,0.05933611346523976,4.0,9.0,-5.0,4.080961926204937,4.21611875295639,-0.13515682675145335,"[4, 0, 0]",9,0
dom_casmurro,intermediario,pt,sbert,250,144,37703,17,0.4684576392173767,2.826087201873198,2.8328522578436264,0.006765055970428424,-4.73923835114217,0.9974847844769728,0.9998725524100233,0.002387767933050511,17,17.0,0,0.0,0.1362059114572291,0.04864186337367041,0.0875640480835587,10.0,16.0,-6.0,7.455650703906194,7.898878402316148,-0.44322769840995413,"[10, 0, 0]",17,0
dom_casmurro,intermediario,pt,sbert,250,145,37959,13,0.4684576392173767,2.550724816980283,2.564673916179382,0.013949099199098924,-3.6150901924178354,0.9944542606894464,0.9998926133643327,0.005438352674886238,13,13.0,0,0.0,0.1715138160595155,0.062081634731514956,0.10943218132800053,8.0,12.0,-4.0,5.56188914616126,6.043156501057984,-0.48126735489672434,"[8, 0, 0]",13,0
dom_casmurro,intermediario,pt,sbert,250,146,38215,14,0.4684576392173767,2.601794128438887,2.6388988258502115,0.037104697411324494,-17.68075113201335,0.9858801092502967,0.9999399392490387,0.014059829998742002,14,14.0,0,0.0,0.21848045503802224,0.05622946110854407,0.16225099392947817,10.0,13.0,-3.0,5.793771590182532,6.522893453840899,-0.7291218636583672,"[10, 0, 0]",14,0
dom_casmurro,intermediario,pt,sbert,250,147,38486,13,0.4684576392173767,2.564949357461537,2.564673916179382,0.00027544128215506447,0.07138418499239649,1.0000000000000002,0.9998926133643327,0.00010738663566756124,13,13.0,0,0.0,0.03469548529795902,0.062081634731514956,0.0,13.0,12.0,1.0,6.089949309825897,6.043156501057984,0.04679280876791303,"[13, 0, 0]",13,0
dom_casmurro,intermediario,pt,sbert,250,148,38749,13,0.4684576392173767,2.559070585309378,2.564673916179382,0.005603330870004086,-1.452175956590257,0.9977080357804894,0.9998926133643327,0.0021845775838432724,13,13.0,0,0.0,0.12875560934753008,0.062081634731514956,0.06667397461601512,9.0,12.0,-3.0,5.8353329816171104,6.043156501057984,-0.20782351944087374,"[9, 0, 0]",13,0
dom_casmurro,intermediario,pt,sbert,250,149,39010,16,0.4684576392173767,2.7676708351446297,2.7720171714939292,0.004346336349299484,-3.1029470154408005,0.9982262471690433,0.9997938566433358,0.001567609474292464,16,16.0,0,0.0,0.09629451216265647,0.06295840465770125,0.03333610750495522,10.0,14.0,-4.0,7.066548677021451,7.408727349076964,-0.3421786720555122,"[10, 0, 0]",16,0
dom_casmurro,intermediario,pt,sbert,250,150,39281,12,0.4684576392173767,2.4834236707170567,2.4846408032786127,0.001217132561555978,-0.4986590362816596,0.9994032053191736,0.9998930154944008,0.000489810175227201,12,12.0,0,0.0,0.05657388250904899,0.04488128847683767,0.011692594032211318,8.0,11.0,-3.0,5.4663881347668335,5.579095788271219,-0.11270765350438516,"[8, 0, 0]",12,0
dom_casmurro,intermediario,pt,sbert,250,151,39544,15,0.4684576392173767,2.6961898900284966,2.707646449155962,0.011456559127465571,-4.772000193971993,0.9956203503654082,0.9998509067719337,0.004230556406525476,15,15.0,0,0.0,0.1934635601218892,0.050183425525858694,0.1432801345960305,12.0,13.5,-1.5,6.689644701705029,6.960873085697941,-0.27122838399291194,"[12, 0, 0]",15,0
dom_casmurro,intermediario,pt,sbert,250,152,39795,13,0.4684576392173767,2.559503585043994,2.564673916179382,0.005170331135388118,-1.339958452679264,0.9978768499262175,0.9998926133643327,0.002015763438115159,13,13.0,0,0.0,0.10147219004801056,0.062081634731514956,0.0393905553164956,9.0,12.0,-3.0,5.715343984694271,6.043156501057984,-0.32781251636371334,"[9, 0, 0]",13,0
dom_casmurro,intermediario,pt,sbert,250,153,40048,19,0.4684576392173767,2.8860959899563277,2.943519102109517,0.057423112153189404,-6.827928078927963,0.9985206858155337,0.9996875883441865,0.0011669025286528134,18,19.0,0,0.0,0.1976987356028167,0.06941079192536653,0.12828794367745017,13.0,16.0,-3.0,8.067311665307239,8.746154566378056,-0.6788429010708175,"[13, 0, 0]",18,0
dom_casmurro,intermediario,pt,sbert,250,154,40303,16,0.4684576392173767,2.7708494832012285,2.7720171714939292,0.0011676882927007526,-0.8336388653825517,0.9993727021160399,0.9997938566433358,0.0004211545272958528,16,16.0,0,0.0,0.06271546447243492,0.06295840465770125,0.0,9.0,14.0,-5.0,7.241447649617137,7.408727349076964,-0.16727969945982668,"[9, 0, 0]",16,0
dom_casmurro,intermediario,pt,sbert,250,155,40559,14,0.4684576392173767,2.6390320714519158,2.6388988258502115,0.00013324560170424604,0.06349283210834442,0.9999904290963826,0.9999399392490387,5.048984734390416e-05,14,14.0,0,0.0,0.018644755510638295,0.05622946110854407,0.0,13.0,13.0,0.0,6.54555497541258,6.522893453840899,0.02266152157168122,"[13, 0, 0]",14,0
dom_casmurro,intermediario,pt,sbert,250,156,40812,16,0.4684576392173767,2.779657068712736,2.7720171714939292,0.007639897218806979,5.454294000323378,0.9810969846461315,0.9997938566433358,0.018696871997204267,17,16.0,1,0.0,0.1767801772595035,0.06295840465770125,0.11382177260180226,6.0,14.0,-8.0,6.498193518118938,7.408727349076964,-0.910533830958026,"[4, 1, 0]",17,0
dom_casmurro,intermediario,pt,sbert,250,157,41062,12,0.4684576392173767,2.4828640517428595,2.4846408032786127,0.001776751535753185,-0.7279348499213522,0.9991779980767829,0.9998930154944008,0.0007150174176179247,12,12.0,0,0.0,0.06593290903997628,0.04488128847683767,0.021051620563138612,8.0,11.0,-3.0,5.427978410397169,5.579095788271219,-0.15111737787404955,"[8, 0, 0]",12,0
dom_casmurro,intermediario,pt,sbert,250,158,41344,11,0.4684576392173767,2.3968280017978154,2.397796524733268,0.000968522935452576,-0.5664554639658584,0.9995549134223407,0.9999588188582615,0.00040390543592083716,11,11.0,0,0.0,0.05871173068747182,0.04740378292245889,0.011307947765012927,9.0,10.0,-1.0,5.078222430940489,5.129757903063682,-0.051535472123193315,"[9, 0, 0]",11,0
dom_casmurro,intermediario,pt,sbert,250,159,41596,18,0.4684576392173767,2.8836747688465634,2.889645819359167,0.005971050512603604,-2.934859446374501,0.9976830008003967,0.9997488425026938,0.0020658417022970665,18,18.0,0,0.0,0.11930352877670145,0.05771440351590654,0.06158912526079491,10.0,16.0,-6.0,7.867441739405361,8.336638574052637,-0.4691968346472759,"[10, 0, 0]",18,0
dom_casmurro,intermediario,pt,sbert,250,160,41854,18,0.4684576392173767,2.888090407788875,2.889645819359167,0.0015554115702918203,-0.7645077412149824,0.999210707030659,0.9997488425026938,0.0005381354720348508,18,18.0,0,0.0,0.06947011824669497,0.05771440351590654,0.01175571473078843,14.0,16.0,-2.0,8.183661101876936,8.336638574052637,-0.15297747217570112,"[14, 0, 0]",18,0
dom_casmurro,intermediario,pt,sbert,250,161,42118,10,0.4684576392173767,2.294563161433075,2.3025850496943616,0.00802188826128658,-3.697140565705407,0.9965161193888649,0.9999999811951861,0.003483861806321209,10,10.0,0,0.0,0.1569124694596765,0.03907128420038736,0.11784118525928913,8.0,9.5,-1.5,4.421218540561222,4.684251566122504,-0.26303302556128205,"[8, 0, 0]",10,0
dom_casmurro,intermediario,pt,sbert,250,162,42375,13,0.4684576392173767,2.5615397600467436,2.564673916179382,0.003134156132638566,-0.8122572601204096,0.9986706960100891,0.9998926133643327,0.0012219173542435957,13,13.0,0,0.0,0.10869921773865318,0.062081634731514956,0.046617583007138225,11.0,12.0,-1.0,5.914163380631633,6.043156501057984,-0.12899312042635103,"[11, 0, 0]",13,0
dom_casmurro,intermediario,pt,sbert,250,163,42637,13,0.4684576392173767,2.561141179652252,2.564673916179382,0.0035327365271302646,-0.9155545450884633,0.9985153009753558,0.9998926133643327,0.0013773123889768701,13,13.0,0,0.0,0.11454448860742453,0.062081634731514956,0.05246285387590957,11.0,12.0,-1.0,5.9016856037504954,6.043156501057984,-0.14147089730748874,"[11, 0, 0]",13,0
dom_casmurro,intermediario,pt,sbert,250,164,42891,13,0.4684576392173767,2.552135991572447,2.564673916179382,0.012537924606935036,-3.249365972157759,0.9950044370849603,0.9998926133643327,0.004888176279372325,13,13.0,0,0.0,0.18388054777232948,0.062081634731514956,0.12179891304081453,9.0,12.0,-3.0,5.608098508664149,6.043156501057984,-0.43505799239383514,"[9, 0, 0]",13,0
dom_casmurro,intermediario,pt,sbert,250,165,43173,12,0.4684576392173767,2.4849047266669264,2.4846408032786127,0.00026392338831371376,0.10812937442118858,0.999999226079147,0.9998930154944008,0.0001062105847462469,12,12.0,0,0.0,0.03504260347181501,0.04488128847683767,0.0,11.0,11.0,0.0,5.618172813996569,5.579095788271219,0.039077025725350545,"[11, 0, 0]",12,0
dom_casmurro,intermediario,pt,sbert,250,166,43437,17,0.4684576392173767,2.8301427331427886,2.8328522578436264,0.00270952470083774,-1.8981488744082067,0.9989162090740998,0.9998725524100233,0.0009563433359234264,17,17.0,0,0.0,0.0873590166372831,0.04864186337367041,0.03871715326361269,13.0,16.0,-3.0,7.717694059352107,7.898878402316148,-0.18118434296404118,"[13, 0, 0]",17,0
dom_casmurro,intermediario,pt,sbert,250,167,43693,14,0.4684576392173767,2.638057366022445,2.6388988258502115,0.0008414598277663998,-0.40096383585609885,0.9996210906138371,0.9999399392490387,0.00031884863520159623,14,14.0,0,0.0,0.06105154819378439,0.05622946110854407,0.0048220870852403175,12.0,13.0,-1.0,6.452627603872472,6.522893453840899,-0.07026584996842722,"[12, 0, 0]",14,0
dom_casmurro,intermediario,pt,sbert,250,168,43967,16,0.4684576392173767,2.7698059739085505,2.7720171714939292,0.002211197585378688,-1.578623557103802,0.9989963356956229,0.9997938566433358,0.0007975209477129042,16,16.0,0,0.0,0.07996730076185213,0.06295840465770125,0.017008896104150878,14.0,14.0,0.0,7.2993851951970585,7.408727349076964,-0.10934215387990509,"[14, 0, 0]",16,0
dom_casmurro,intermediario,pt,sbert,250,169,44221,10,0.4684576392173767,2.3023632063148916,2.3025850496943616,0.00022184337947006583,-0.10224352805188712,0.9999036358396354,0.9999999811951861,9.634535555069768e-05,10,10.0,0,0.0,0.02798485442293358,0.03907128420038736,0.0,8.0,9.5,-1.5,4.636916126678594,4.684251566122504,-0.047335439443910055,"[8, 0, 0]",10,0
dom_casmurro,intermediario,pt,sbert,250,170,44480,16,0.4684576392173767,2.764483261094747,2.7720171714939292,0.007533910399182275,-5.378627632329667,0.9970765728504852,0.9997938566433358,0.0027172837928505222,16,16.0,0,0.0,0.1350262820473895,0.06295840465770125,0.07206787738968826,11.0,14.0,-3.0,7.0324010531566,7.408727349076964,-0.3763262959203635,"[11, 0, 0]",16,0
dom_casmurro,intermediario,pt,sbert,250,171,44741,20,0.4684576392173767,2.9923881176523084,2.9948439628315313,0.0024558451792229263,-0.8445092533945828,0.9828760269836938,0.9996986255412239,0.0168225985575301,21,20.0,1,0.0,0.11127822343323085,0.05862369407066742,0.05265452936256343,14.0,17.5,-3.5,8.765327812253757,9.228934183932397,-0.46360637167864027,"[12, 1, 0]",21,0
dom_casmurro,intermediario,pt,sbert,250,172,45002,18,0.4684576392173767,2.888280921343603,2.889645819359167,0.0013648980155638313,-0.6708675175096864,0.9992766201970907,0.9997488425026938,0.000472222305603065,18,18.0,0,0.0,0.05419394156600493,0.05771440351590654,0.0,13.0,16.0,-3.0,8.195491800176068,8.336638574052637,-0.14114677387656904,"[13, 0, 0]",18,0
dom_casmurro,intermediario,pt,sbert,250,173,45267,18,0.4684576392173767,2.883351887523688,2.889645819359167,0.006293931835478883,-3.093560381578148,0.9975712915290917,0.9997488425026938,0.0021775509736020604,18,18.0,0,0.0,0.11344395001043309,0.05771440351590654,0.05572954649452655,13.0,16.0,-3.0,7.938787185294674,8.336638574052637,-0.3978513887579629,"[13, 0, 0]",18,0
dom_casmurro,intermediario,pt,sbert,250,174,45531,13,0.4684576392173767,2.5510912778368335,2.564673916179382,0.01358263834254858,-3.5201171027931117,0.9945971332399256,0.9998926133643327,0.005295480124407059,13,13.0,0,0.0,0.15961847100130216,0.062081634731514956,0.09753683626978721,6.0,12.0,-6.0,5.3575728100665145,6.043156501057984,-0.6855836909914697,"[6, 0, 0]",13,0
dom_casmurro,intermediario,pt,sbert,250,175,45782,19,0.4684576392173767,2.933811211114123,2.943519102109517,0.009707890995394042,-1.1543223456400786,0.9963905626411297,0.9996875883441865,0.0032970257030567884,19,19.0,0,0.0,0.19259955867019762,0.06941079192536653,0.12318876674483109,17.0,16.0,1.0,8.626314853298009,8.746154566378056,-0.11983971308004726,"[17, 0, 0]",19,0
dom_casmurro,intermediario,pt,sbert,250,176,46034,14,0.4684576392173767,2.634474338967978,2.6388988258502115,0.004424486882233403,-2.108311262706885,0.9982633986022773,0.9999399392490387,0.0016765406467613708,14,14.0,0,0.0,0.12922175958173657,0.05622946110854407,0.0729922984731925,12.0,13.0,-1.0,6.387902682175502,6.522893453840899,-0.13499077166539664,"[12, 0, 0]",14,0
dom_casmurro,intermediario,pt,sbert,250,177,46288,15,0.4684576392173767,2.7063469156539037,2.707646449155962,0.0012995335020584697,-0.5412946465775361,0.9993710288503466,0.9998509067719337,0.00047987792158710185,15,15.0,0,0.0,0.06231511714195073,0.050183425525858694,0.012131691616092038,10.0,13.5,-3.5,6.8121830918881345,6.960873085697941,-0.14868999380980608,"[10, 0, 0]",15,0
dom_casmurro,intermediario,pt,sbert,250,178,46543,18,0.4684576392173767,2.8836113216233654,2.889645819359167,0.006034497735801558,-2.966044692916244,0.9976610495676446,0.9997488425026938,0.0020877929350492375,18,18.0,0,0.0,0.1240223923440405,0.05771440351590654,0.06630798882813396,7.0,16.0,-9.0,7.699810305303673,8.336638574052637,-0.6368282687489639,"[7, 0, 0]",18,0
dom_casmurro,intermediario,pt,sbert,250,179,46802,14,0.4684576392173767,2.635150098196063,2.6388988258502115,0.003748727654148354,-1.7863053828452524,0.9985194594390396,0.9999399392490387,0.0014204798099990423,14,14.0,0,0.0,0.09575706873596651,0.05622946110854407,0.03952760762742244,8.0,13.0,-5.0,6.193158546516674,6.522893453840899,-0.32973490732422484,"[8, 0, 0]",14,0
dom_casmurro,intermediario,pt,sbert,250,180,47076,12,0.4684576392173767,2.482135811433963,2.4846408032786127,0.0025049918446495845,-1.026294800255353,0.9988849326173788,0.9998930154944008,0.0010080828770220318,12,12.0,0,0.0,0.08602862882793338,0.04488128847683767,0.04114734035109571,7.0,11.0,-4.0,5.362473735279597,5.579095788271219,-0.21662205299162185,"[7, 0, 0]",12,0
dom_casmurro,intermediario,pt,sbert,250,181,47326,12,0.4684576392173767,2.4833573168894296,2.4846408032786127,0.001283486389183075,-0.5258441899643678,0.9993765025745724,0.9998930154944008,0.0005165129198283491,12,12.0,0,0.0,0.05726943065727902,0.04488128847683767,0.012388142180441347,9.0,11.0,-2.0,5.465930278692446,5.579095788271219,-0.11316550957877247,"[9, 0, 0]",12,0
dom_casmurro,intermediario,pt,sbert,250,182,47577,13,0.4684576392173767,2.515080752002675,2.564673916179382,0.049593164176707116,-12.852712484671605,0.9805576646908087,0.9998926133643327,0.019334948673523922,13,13.0,0,0.0,0.21688107695970885,0.062081634731514956,0.1547994422281939,11.0,12.0,-1.0,5.588684964116021,6.043156501057984,-0.4544715369419636,"[11, 0, 0]",13,0
dom_casmurro,intermediario,pt,sbert,250,183,47828,13,0.4684576392173767,2.564765453963698,2.564673916179382,9.153778431603143e-05,0.02372320546246605,0.9999283013142916,0.9998926133643327,3.568794995889579e-05,13,13.0,0,0.0,0.03318888122166058,0.062081634731514956,0.0,12.0,12.0,0.0,6.056760428604237,6.043156501057984,0.013603927546252947,"[12, 0, 0]",13,0
dom_casmurro,intermediario,pt,sbert,250,184,48082,12,0.4684576392173767,2.484838569335603,2.4846408032786127,0.00019776605699028948,0.08102472524597389,0.9999726024104756,0.9998930154944008,7.958691607479196e-05,12,12.0,0,0.0,0.019649259004363595,0.04488128847683767,0.0,10.0,11.0,-1.0,5.599193959644544,5.579095788271219,0.020098171373325258,"[10, 0, 0]",12,0
dom_casmurro,intermediario,pt,sbert,250,185,48337,17,0.4684576392173767,2.83088425043779,2.8328522578436264,0.0019680074058365804,-1.3786813019496533,0.999177932144322,0.9998725524100233,0.0006946202657012179,17,17.0,0,0.0,0.07251455076649024,0.04864186337367041,0.023872687392819836,15.0,16.0,-1.0,7.782725852343275,7.898878402316148,-0.11615254997287305,"[15, 0, 0]",17,0
dom_casmurro,intermediario,pt,sbert,250,186,48606,15,0.4684576392173767,2.7080004125071646,2.707646449155962,0.0003539633512024132,0.14743634295461971,0.9999816145967216,0.9998509067719337,0.00013070782478796783,15,15.0,0,0.0,0.032222041237325943,0.050183425525858694,0.0,14.0,13.5,0.5,7.008282279070885,6.960873085697941,0.04740919337294436,"[14, 0, 0]",15,0
dom_casmurro,intermediario,pt,sbert,250,187,48864,10,0.4684576392173767,2.3025850929940455,2.3025850496943616,4.329968383842697e-08,1.9956026858892216e-05,0.9999999999999998,0.9999999811951861,1.880481370619691e-08,10,10.0,0,0.0,0.00032482605126291086,0.03907128420038736,0.0,10.0,9.5,0.5,4.684576392173767,4.684251566122504,0.0003248260512629386,"[10, 0, 0]",10,0
dom_casmurro,intermediario,pt,sbert,250,188,49120,14,0.4684576392173767,2.630321334861878,2.6388988258502115,0.00857749098833338,-4.087258327985275,0.9966897290728224,0.9999399392490387,0.003250210176216295,14,14.0,0,0.0,0.16231673702129637,0.05622946110854407,0.1060872759127523,12.0,13.0,-1.0,6.252171185490996,6.522893453840899,-0.2707222683499033,"[12, 0, 0]",14,0
dom_casmurro,intermediario,pt,sbert,250,189,49376,10,0.4684576392173767,2.2918925589692676,2.3025850496943616,0.01069249072509404,-4.927972058518023,0.995356291475476,0.9999999811951861,0.004643689719710076,10,10.0,0,0.0,0.14509492958749434,0.03907128420038736,0.10602364538710699,4.0,9.5,-5.5,4.055075270671981,4.684251566122504,-0.6291762954505229,"[4, 0, 0]",10,0
dom_casmurro,intermediario,pt,sbert,250,190,49635,12,0.4684576392173767,2.484906649788001,2.4846408032786127,0.0002658465093881013,0.108917276850141,1.0000000000000002,0.9998930154944008,0.00010698450559942785,12,12.0,0,0.0,0.038361460083766535,0.04488128847683767,0.0,12.0,11.0,1.0,5.6214916706085205,5.579095788271219,0.04239588233730185,"[12, 0, 0]",12,0
dom_casmurro,intermediario,pt,sbert,250,191,49903,14,0.4684576392173767,2.626131147698489,2.6388988258502115,0.012767678151722528,-6.083923483643686,0.9951019700209947,0.9999399392490387,0.004837969228044026,14,14.0,0,0.0,0.17852691491126113,0.05622946110854407,0.12229745380271706,10.0,13.0,-3.0,6.15046364806512,6.522893453840899,-0.3724298057757789,"[10, 0, 0]",14,0
dom_casmurro,intermediario,pt,sbert,250,192,50166,13,0.4684576392173767,2.5645864489778494,2.564673916179382,8.746720153274268e-05,-0.022668261075932283,0.9998585124175525,0.9998926133643327,3.4100946780135644e-05,13,13.0,0,0.0,0.04560486572227074,0.062081634731514956,0.0,12.0,12.0,0.0,6.043624820534456,6.043156501057984,0.00046831947647163474,"[12, 0, 0]",13,0
dom_casmurro,intermediario,pt,sbert,250,193,50421,12,0.4684576392173767,2.4847642795085383,2.4846408032786127,0.00012347622992558982,0.05058819372942674,0.9999427059847603,0.9998930154944008,4.969049035952189e-05,12,12.0,0,0.0,0.026006315216993092,0.04488128847683767,0.0,10.0,11.0,-1.0,5.581903763937149,5.579095788271219,0.0028079756659300514,"[10, 0, 0]",12,0
dom_casmurro,intermediario,pt,sbert,250,194,50673,12,0.4684576392173767,2.483402728416908,2.4846408032786127,0.0012380748617046855,-0.5072390936554639,0.9993947775176099,0.9998930154944008,0.0004982379767909384,12,12.0,0,0.0,0.061906841557713255,0.04488128847683767,0.017025553080875583,9.0,11.0,-2.0,5.500181697220523,5.579095788271219,-0.07891409105069602,"[9, 0, 0]",12,0
dom_casmurro,intermediario,pt,sbert,250,195,50943,11,0.4684576392173767,2.3941425158309793,2.397796524733268,0.00365400890228873,-2.137103038364433,0.9984349787874548,0.9999588188582615,0.0015238400708067479,11,11.0,0,0.0,0.09566061527225206,0.04740378292245889,0.048256832349793166,8.0,10.0,-2.0,4.9530161363065695,5.129757903063682,-0.17674176675711273,"[8, 0, 0]",11,0
dom_casmurro,intermediario,pt,sbert,250,196,51206,12,0.4684576392173767,2.4845771180070795,2.4846408032786127,6.368527153322034e-05,-0.02609184663295272,0.9998673866557728,0.9998930154944008,2.562883862800014e-05,12,12.0,0,0.0,0.042619911754933626,0.04488128847683767,0.0,11.0,11.0,0.0,5.578871758853587,5.579095788271219,-0.00022402941763122186,"[11, 0, 0]",12,0
dom_casmurro,intermediario,pt,sbert,250,197,51459,13,0.4684576392173767,2.5621257725885886,2.564673916179382,0.0025481435907934724,-0.6603845002797675,0.9988991654495111,0.9998926133643327,0.000993447914821588,13,13.0,0,0.0,0.07934034501825915,0.062081634731514956,0.017258710286744194,9.0,12.0,-3.0,5.859685684698084,6.043156501057984,-0.18347081635990037,"[9, 0, 0]",13,0
dom_casmurro,intermediario,pt,sbert,250,198,51709,19,0.4684576392173767,2.9273792835578276,2.943519102109517,0.016139818551689444,-1.9191143800059949,0.9942061303598684,0.9996875883441865,0.005481457984318094,19,19.0,0,0.0,0.16374394883315843,0.06941079192536653,0.0943331569077919,8.0,16.0,-8.0,7.7083276681112665,8.746154566378056,-1.0378268982667898,"[8, 0, 0]",19,0
dom_casmurro,intermediario,pt,sbert,250,199,51976,13,0.4684576392173767,2.558677593926731,2.564673916179382,0.005996322252650899,-1.5540247765630184,0.9975548197407638,0.9998926133643327,0.0023377936235688956,13,13.0,0,0.0,0.13641060562942053,0.062081634731514956,0.07432897089790558,11.0,12.0,-1.0,5.848398186334531,6.043156501057984,-0.19475831472345284,"[11, 0, 0]",13,0
dom_casmurro,intermediario,pt,sbert,250,200,52240,15,0.4684576392173767,2.7067288274087753,2.707646449155962,0.000917621747186903,-0.38221695596813304,0.9995120571646356,0.9998509067719337,0.0003388496072980196,15,15.0,0,0.0,0.06421599927792948,0.050183425525858694,0.014032573752070787,13.0,13.5,-0.5,6.890810478277991,6.960873085697941,-0.07006260741994996,"[13, 0, 0]",15,0
dom_casmurro,intermediario,pt,sbert,250,201,52498,14,0.4684576392173767,2.6352549927585485,2.6388988258502115,0.0036438330916630512,-1.736322098145617,0.9985592064203985,0.9999399392490387,0.0013807328286401521,14,14.0,0,0.0,0.1136997553989352,0.05622946110854407,0.05747029429039113,11.0,13.0,-2.0,6.365303044057936,6.522893453840899,-0.15759040978296301,"[11, 0, 0]",14,0
dom_casmurro,intermediario,pt,sbert,250,202,52770,16,0.4684576392173767,2.761537076845426,2.7720171714939292,0.01048009464850308,-7.481974655815806,0.9960139614989751,0.9997938566433358,0.003779895144360612,16,16.0,0,0.0,0.1517453754495728,0.06295840465770125,0.08878697079187156,11.0,14.0,-3.0,6.878192759249451,7.408727349076964,-0.5305345898275124,"[11, 0, 0]",16,0
dom_casmurro,intermediario,pt,sbert,250,203,53024,18,0.4684576392173767,2.8774223493687057,2.889645819359167,0.012223469990461311,-6.0080158915517385,0.995519812116873,0.9997488425026938,0.004229030385820787,18,18.0,0,0.0,0.20039349789377814,0.05771440351590654,0.1426790943778716,9.0,16.0,-7.0,7.849603501213435,8.336638574052637,-0.4870350728392019,"[9, 0, 0]",18,0
dom_casmurro,intermediario,pt,sbert,250,204,53303,14,0.4684576392173767,2.613566413987491,2.6388988258502115,0.025332411862720505,-12.071141956859735,0.9903409011461363,0.9999399392490387,0.009599038102902413,14,14.0,0,0.0,0.21848045503802224,0.05622946110854407,0.16225099392947817,11.0,13.0,-2.0,6.164296076975737,6.522893453840899,-0.3585973768651618,"[11, 0, 0]",14,0
dom_casmurro,intermediario,pt,sbert,250,205,53554,17,0.4684576392173767,2.8305792764279603,2.8328522578436264,0.00227298141566612,-1.5923298703877693,0.9990702896999332,0.9998725524100233,0.0008022627100900959,17,17.0,0,0.0,0.07444161027004517,0.04864186337367041,0.025799746896374764,13.0,16.0,-3.0,7.711852129625637,7.898878402316148,-0.18702627269051142,"[13, 0, 0]",17,0
dom_casmurro,intermediario,pt,sbert,250,206,53820,14,0.4684576392173767,2.639057329615258,2.6388988258502115,0.00015850376504644714,0.07552859391916304,0.9999999999999998,0.9999399392490387,6.006075096109953e-05,14,14.0,0,0.0,0.0314967291413322,0.05622946110854407,0.0,14.0,13.0,1.0,6.558406949043274,6.522893453840899,0.03551349520237501,"[14, 0, 0]",14,0
dom_casmurro,intermediario,pt,sbert,250,207,54080,17,0.4684576392173767,2.8286380138369616,2.8328522578436264,0.0042142440066648135,-2.9522751777310274,0.9983851091804106,0.9998725524100233,0.001487443229612695,17,17.0,0,0.0,0.10994103372075845,0.04864186337367041,0.06129917034708804,10.0,16.0,-6.0,7.5335375618490925,7.898878402316148,-0.3653408404670557,"[10, 0, 0]",17,0
dom_casmurro,intermediario,pt,sbert,250,208,54378,13,0.4684576392173767,2.564165529093984,2.564673916179382,0.00050838708539791,-0.131755114802868,0.999694407858279,0.9998926133643327,0.00019820550605365028,13,13.0,0,0.0,0.04429402625115955,0.062081634731514956,0.0,10.0,12.0,-2.0,5.96314157252155,6.043156501057984,-0.08001492853643377,"[10, 0, 0]",13,0
dom_casmurro,intermediario,pt,sbert,250,209,54630,17,0.4684576392173767,2.833213344056216,2.8328522578436264,0.00036108621258978957,0.2529577928482138,1.0,0.9998725524100233,0.00012744758997673689,17,17.0,0,0.0,0.044431199594736265,0.04864186337367041,0.0,17.0,16.0,1.0,7.963779866695404,7.898878402316148,0.06490146437925581,"[17, 0, 0]",17,0
dom_casmurro,intermediario,pt,sbert,250,210,54923,17,0.4684576392173767,2.8308920016520243,2.8328522578436264,0.0019602561916021166,-1.3732512135766277,0.9991806679828535,0.9998725524100233,0.00069188442716972,17,17.0,0,0.0,0.07251455076649024,0.04864186337367041,0.023872687392819836,14.0,16.0,-2.0,7.7485199156031275,7.898878402316148,-0.15035848671302077,"[14, 0, 0]",17,0
dom_casmurro,intermediario,pt,sbert,250,211,55179,13,0.4684576392173767,2.5416628546010944,2.564673916179382,0.023011061578287695,-5.9636154164108595,0.9909212621322518,0.9998926133643327,0.008971351232080815,13,13.0,0,0.0,0.21958744744242398,0.062081634731514956,0.15750581271090902,10.0,12.0,-2.0,5.4835775478573066,6.043156501057984,-0.5595789532006776,"[10, 0, 0]",13,0
dom_casmurro,intermediario,pt,sbert,250,212,55449,15,0.4684576392173767,2.7043232539453346,2.707646449155962,0.0033231952106276275,-1.384210391033003,0.9986237525599199,0.9998509067719337,0.0012271542120138035,15,15.0,0,0.0,0.08042421286521823,0.050183425525858694,0.03024078733935953,12.0,13.5,-1.5,6.752656281321841,6.960873085697941,-0.20821680437609924,"[12, 0, 0]",15,0
dom_casmurro,intermediario,pt,sbert,250,213,55712,16,0.4684576392173767,2.77105034370622,2.7720171714939292,0.0009668277877090681,-0.6902400452281169,0.9994451472296554,0.9997938566433358,0.00034870941368037034,16,16.0,0,0.0,0.04755554128246098,0.06295840465770125,0.0,13.0,14.0,-1.0,7.332800559230358,7.408727349076964,-0.07592678984660584,"[13, 0, 0]",16,0
dom_casmurro,intermediario,pt,sbert,250,214,55965,19,0.4684576392173767,2.9429956106308497,2.943519102109517,0.0005234914786673706,-0.06224605445864762,0.9995097984553922,0.9996875883441865,0.00017778988879424418,19,19.0,0,0.0,0.06341228796624837,0.06941079192536653,0.0,15.0,16.0,-1.0,8.726868518362433,8.746154566378056,-0.019286048015622725,"[15, 0, 0]",19,0
dom_casmurro,intermediario,pt,sbert,250,215,56217,19,0.4684576392173767,2.9431705337260867,2.943519102109517,0.0003485683834303366,-0.04144672351267421,0.9995692064093267,0.9996875883441865,0.00011838193485980142,19,19.0,0,0.0,0.06217121819364674,0.06941079192536653,0.0,15.0,16.0,-1.0,8.702314675710452,8.746154566378056,-0.043839890667603854,"[15, 0, 0]",19,0
dom_casmurro,intermediario,pt,sbert,250,216,56477,17,0.4684576392173767,2.8287164088510917,2.8328522578436264,0.004135848992534719,-2.89735580099154,0.9984127791807282,0.9998725524100233,0.001459773229295025,17,17.0,0,0.0,0.1162974695699143,0.04864186337367041,0.06765560619624389,11.0,16.0,-5.0,7.606295236394991,7.898878402316148,-0.2925831659211573,"[11, 0, 0]",17,0
dom_casmurro,intermediario,pt,sbert,250,217,56732,14,0.4684576392173767,2.6005476093647113,2.6388988258502115,0.03835121648550022,-18.274729659515963,0.9854077742766727,0.9999399392490387,0.01453216497236598,14,14.0,0,0.0,0.23422881960868835,0.05622946110854407,0.17799935850014428,3.0,13.0,-10.0,5.456760509135837,6.522893453840899,-1.0661329447050623,"[3, 0, 0]",14,0
dom_casmurro,intermediario,pt,sbert,250,218,56987,15,0.4684576392173767,2.7061974137905054,2.707646449155962,0.0014490353654568189,-0.6035666527880013,0.9993158223909768,0.9998509067719337,0.0005350843809568406,15,15.0,0,0.0,0.07495430099595873,0.050183425525858694,0.02477087547010004,13.0,13.5,-0.5,6.884593106250462,6.960873085697941,-0.07627997944747822,"[13, 0, 0]",15,0
dom_casmurro,intermediario,pt,sbert,250,219,57263,16,0.4684576392173767,2.7701450776147882,2.7720171714939292,0.0018720938791410013,-1.3365298145510116,0.999118641504457,0.9997938566433358,0.0006752151388788041,16,16.0,0,0.0,0.07530616966563716,0.06295840465770125,0.012347765007935912,10.0,14.0,-4.0,7.2146598604481476,7.408727349076964,-0.19406748862881606,"[10, 0, 0]",16,0
dom_casmurro,intermediario,pt,sbert,250,220,57530,17,0.4684576392173767,2.823501485162093,2.8328522578436264,0.009350772681533392,-6.550653933810559,0.9965721399292088,0.9998725524100233,0.003300412480814474,17,17.0,0,0.0,0.15462629839272057,0.04864186337367041,0.10598443501905017,9.0,16.0,-7.0,7.2741527412555635,7.898878402316148,-0.6247256610605847,"[9, 0, 0]",17,0
dom_casmurro,intermediario,pt,sbert,250,221,57800,13,0.4684576392173767,2.564949357461537,2.564673916179382,0.00027544128215506447,0.07138418499239649,1.0000000000000002,0.9998926133643327,0.00010738663566756124,13,13.0,0,0.0,0.03469548529795902,0.062081634731514956,0.0,13.0,12.0,1.0,6.089949309825897,6.043156501057984,0.04679280876791303,"[13, 0, 0]",13,0
dom_casmurro,intermediario,pt,sbert,250,222,58057,15,0.4684576392173767,2.7048901738589737,2.707646449155962,0.0027562752969885196,-1.1480712581788188,0.9988330987210096,0.9998509067719337,0.0010178080509241072,15,15.0,0,0.0,0.09291726739643233,0.050183425525858694,0.042733841870573636,12.0,13.5,-1.5,6.84289656092875,6.960873085697941,-0.1179765247691904,"[12, 0, 0]",15,0
dom_casmurro,intermediario,pt,sbert,250,223,58342,20,0.4684576392173767,2.991228166253146,2.9948439628315313,0.0036157965783853996,-1.2433901349616618,0.9984964920461662,0.9996986255412239,0.0012021334950577112,20,20.0,0,0.0,0.09475633677112585,0.05862369407066742,0.036132642700458434,17.0,17.5,-0.5,9.064260070311141,9.228934183932397,-0.16467411362125617,"[17, 0, 0]",20,0
dom_casmurro,intermediario,pt,sbert,250,224,58600,18,0.4684576392173767,2.8901263035521776,2.889645819359167,0.00048048419301061074,0.23616507174311935,0.9999150786249844,0.9997488425026938,0.00016623612229060836,18,18.0,0,0.0,0.04154422719114953,0.05771440351590654,0.0,16.0,16.0,0.0,8.372467941583604,8.336638574052637,0.035829367530967104,"[16, 0, 0]",18,0
dom_casmurro,intermediario,pt,sbert,250,225,58850,12,0.4684576392173767,2.4888426819020606,2.4846408032786127,0.004201878623447897,1.7215090706820004,0.9703281956276919,0.9998930154944008,0.02956481986670889,13,12.0,1,0.0,0.17510225294065418,0.04488128847683767,0.1302209644638165,7.0,11.0,-4.0,5.008788048311783,5.579095788271219,-0.5703077399594356,"[7, 0, 0]",13,0
dom_casmurro,intermediario,pt,sbert,250,226,59117,10,0.4684576392173767,2.302516229527116,2.3025850496943616,6.882016724540918e-05,-0.03171794766695306,0.9999700929763077,0.9999999811951861,2.9888218878393324e-05,10,10.0,0,0.0,0.018158902303360258,0.03907128420038736,0.0,9.0,9.5,-0.5,4.6664174898704065,4.684251566122504,-0.017834076252097653,"[9, 0, 0]",10,0
dom_casmurro,intermediario,pt,sbert,250,227,59380,11,0.4684576392173767,2.3977447516492685,2.397796524733268,5.177308399950675e-05,-0.030280280666951716,0.99993722780523,0.9999588188582615,2.159105303156661e-05,11,11.0,0,0.0,0.02788719734473677,0.04740378292245889,0.0,10.0,10.0,0.0,5.125146834046407,5.129757903063682,-0.004611069017275149,"[10, 0, 0]",11,0
dom_casmurro,intermediario,pt,sbert,250,228,59633,14,0.4684576392173767,2.631276384936651,2.6388988258502115,0.007622440913560347,-3.632167628727367,0.9970516196858287,0.9999399392490387,0.0028883195632100067,14,14.0,0,0.0,0.15806816493288364,0.05622946110854407,0.10183870382433957,8.0,13.0,-5.0,6.150638754406674,6.522893453840899,-0.37225469943422507,"[8, 0, 0]",14,0
dom_casmurro,intermediario,pt,sbert,250,229,59922,16,0.4684576392173767,2.7544428312240417,2.7720171714939292,0.01757434026988758,-12.546715740851006,0.9934552532547702,0.9997938566433358,0.006338603388565511,16,16.0,0,0.0,0.1859464947641276,0.06295840465770125,0.12298809010642636,7.0,14.0,-7.0,6.4282411318833335,7.408727349076964,-0.9804862171936302,"[7, 0, 0]",16,0
dom_casmurro,intermediario,pt,sbert,250,230,60183,16,0.4684576392173767,2.7725361825898798,2.7720171714939292,0.000519011095950539,0.37053366369585006,0.9999810503269093,0.9997938566433358,0.00018719368357356103,16,16.0,0,0.0,0.042777554523370453,0.06295840465770125,0.0,13.0,14.0,-1.0,7.460073793441884,7.408727349076964,0.05134644436492053,"[13, 0, 0]",16,0
dom_casmurro,intermediario,pt,sbert,250,231,60436,12,0.4684576392173767,2.481742703689477,2.4846408032786127,0.002898099589135672,-1.187350986912367,0.9987267344232857,0.9998930154944008,0.0011662810711150495,12,12.0,0,0.0,0.08542411667632155,0.04488128847683767,0.04054282819948388,6.0,11.0,-5.0,5.343812510074037,5.579095788271219,-0.23528327819718164,"[6, 0, 0]",12,0
dom_casmurro,intermediario,pt,sbert,250,232,60708,15,0.4684576392173767,2.7041582905106702,2.707646449155962,0.00348815864529195,-1.4529226050108643,0.998562836615822,0.9998509067719337,0.0012880701561116537,15,15.0,0,0.0,0.09314348170189807,0.050183425525858694,0.042960056176039374,8.0,13.5,-5.5,6.6141183708522515,6.960873085697941,-0.3467547148456891,"[8, 0, 0]",15,0
dom_casmurro,intermediario,pt,sbert,250,233,61009,15,0.4684576392173767,2.70262558002141,2.707646449155962,0.005020869134552353,-2.0913424543458174,0.9979968535743569,0.9998509067719337,0.0018540531975768104,15,15.0,0,0.0,0.1056668147333254,0.050183425525858694,0.055483389207466705,10.0,13.5,-3.5,6.614938481632926,6.960873085697941,-0.34593460406501464,"[10, 0, 0]",15,0
dom_casmurro,intermediario,pt,sbert,250,234,61280,14,0.4684576392173767,2.62747042726144,2.6388988258502115,0.011428398588771316,-5.445743676213025,0.9956094540941605,0.9999399392490387,0.004330485154878216,14,14.0,0,0.0,0.1354809741643795,0.05622946110854407,0.07925151305583542,6.0,13.0,-7.0,5.8016123674871505,6.522893453840899,-0.7212810863537484,"[6, 0, 0]",14,0
dom_casmurro,intermediario,pt,sbert,250,235,61540,13,0.4684576392173767,2.5630678122673416,2.564673916179382,0.001606103912040524,-0.4162426847460288,0.9712058103114436,0.9998926133643327,0.028686803052889065,14,13.0,1,0.0,0.09993747218465568,0.062081634731514956,0.03785583745314072,9.0,12.0,-3.0,5.729673040558605,6.043156501057984,-0.3134834604993788,"[7, 1, 0]",14,0
dom_casmurro,intermediario,pt,sbert,250,236,61792,17,0.4684576392173767,2.8347598830767025,2.8328522578436264,0.0019076252330760823,1.3363807636950198,0.9807596117462963,0.9998725524100233,0.01911294066372693,18,17.0,1,0.0,0.15800156037970875,0.04864186337367041,0.10935969700603834,10.0,16.0,-6.0,7.278221541799908,7.898878402316148,-0.6206568605162399,"[10, 0, 0]",18,0
dom_casmurro,intermediario,pt,sbert,250,237,62043,14,0.4684576392173767,2.628864894233398,2.6388988258502115,0.01003393161681343,-4.781266528759594,0.9961378499559362,0.9999399392490387,0.0038020892931024397,14,14.0,0,0.0,0.1694022478378858,0.05622946110854407,0.11317278672934172,8.0,13.0,-5.0,6.068593226653658,6.522893453840899,-0.4543002271872405,"[8, 0, 0]",14,0
dom_casmurro,intermediario,pt,sbert,250,238,62300,13,0.4684576392173767,2.557652558656761,2.564673916179382,0.00702135752262123,-1.8196759772937068,0.997155187963634,0.9998926133643327,0.0027374254006986565,13,13.0,0,0.0,0.13150806882261773,0.062081634731514956,0.06942643409110277,8.0,12.0,-4.0,5.684538614961084,6.043156501057984,-0.3586178860969005,"[8, 0, 0]",13,0
dom_casmurro,intermediario,pt,sbert,250,239,62572,17,0.4684576392173767,2.8331695185896213,2.8328522578436264,0.0003172607459949184,0.22225600221248015,0.9999845315331841,0.9998725524100233,0.00011197912316085468,17,17.0,0,0.0,0.034114559599764366,0.04864186337367041,0.0,16.0,16.0,0.0,7.945292768997147,7.898878402316148,0.04641436668099885,"[16, 0, 0]",17,0
dom_casmurro,intermediario,pt,sbert,250,240,62839,13,0.4684576392173767,2.561774668718156,2.564673916179382,0.00289924746122594,-0.7513776275350635,0.998762280146333,0.9998926133643327,0.0011303332179997128,13,13.0,0,0.0,0.09352848163099925,0.062081634731514956,0.03144684689948429,9.0,12.0,-3.0,5.852846564463413,6.043156501057984,-0.19030993659457085,"[9, 0, 0]",13,0
dom_casmurro,intermediario,pt,sbert,250,241,63093,15,0.4684576392173767,2.7050714200736916,2.707646449155962,0.0025750290822705857,-1.0725767783644415,0.9989000273970896,0.9998509067719337,0.0009508793748440603,15,15.0,0,0.0,0.08145099775961298,0.050183425525858694,0.03126757223375429,13.0,13.5,-0.5,6.831467417227472,6.960873085697941,-0.12940566847046853,"[13, 0, 0]",15,0
dom_casmurro,intermediario,pt,sbert,250,242,63343,20,0.4684576392173767,2.9955319130643376,2.9948439628315313,0.0006879502328063225,0.23657042487659158,0.9999331180254585,0.9996986255412239,0.00023449248423457192,20,20.0,0,0.0,0.04348854835782656,0.05862369407066742,0.0,18.0,17.5,0.5,9.317035600062376,9.228934183932397,0.08810141612997846,"[18, 0, 0]",20,0
dom_casmurro,intermediario,pt,sbert,250,243,63600,19,0.4684576392173767,2.9436246141315023,2.943519102109517,0.00010551202198527676,0.01254596747831825,0.9997234226823174,0.9996875883441865,3.5834338130924515e-05,19,19.0,0,0.0,0.059170358450600646,0.06941079192536653,0.0,13.0,16.0,-3.0,8.774590281801977,8.746154566378056,0.028435715423920982,"[13, 0, 0]",19,0
dom_casmurro,intermediario,pt,sbert,250,244,63853,15,0.4684576392173767,2.7056883731927197,2.707646449155962,0.0019580759632424893,-0.8155973161264635,0.999127849288566,0.9998509067719337,0.0007230574833676506,15,15.0,0,0.0,0.07554942507038115,0.050183425525858694,0.025365999544522455,8.0,13.5,-5.5,6.8089059295943315,6.960873085697941,-0.1519671561036091,"[8, 0, 0]",15,0
dom_casmurro,intermediario,pt,sbert,250,245,64124,19,0.4684576392173767,2.943590713989154,2.943519102109517,7.161187963689031e-05,0.008515051612896167,0.9997119094050554,0.9996875883441865,2.4321060868914834e-05,19,19.0,0,0.0,0.05091080319009966,0.06941079192536653,0.0,15.0,16.0,-1.0,8.738092809021584,8.746154566378056,-0.008061757356472299,"[15, 0, 0]",19,0
dom_casmurro,intermediario,pt,sbert,250,246,64382,13,0.4684576392173767,2.5638979614251367,2.564673916179382,0.0007759547542454115,-0.2010987506644002,0.9995900909180364,0.9998926133643327,0.00030252244629624947,13,13.0,0,0.0,0.0634172413657011,0.062081634731514956,0.0013356066341861372,12.0,12.0,0.0,6.012331094475151,6.043156501057984,-0.03082540658283328,"[12, 0, 0]",13,0
dom_casmurro,intermediario,pt,sbert,250,247,64658,16,0.4684576392173767,2.7723462383050963,2.7720171714939292,0.00032906681116706693,0.2349281780173416,0.9999125424074837,0.9997938566433358,0.00011868576414797438,16,16.0,0,0.0,0.0312504532550677,0.06295840465770125,0.0,13.0,14.0,-1.0,7.418482090378474,7.408727349076964,0.009754741301509995,"[13, 0, 0]",16,0
dom_casmurro,intermediario,pt,sbert,250,248,64941,15,0.4684576392173767,2.7074148812967858,2.707646449155962,0.0002315678591764403,-0.09645495271424577,0.9997653958537528,0.9998509067719337,8.551091818087553e-05,15,15.0,0,0.0,0.04895641358986608,0.050183425525858694,0.0,12.0,13.5,-1.5,6.919851170785902,6.960873085697941,-0.041021914912038326,"[12, 0, 0]",15,0
dom_casmurro,intermediario,pt,sbert,250,249,65232,7,0.4684576392173767,1.9236308287073594,1.945910149055313,0.022279320347953657,-7.487663193574686,0.9885506942040618,0.9999999999999999,0.011449305795938058,7,7.0,0,0.0,0.23422881960868835,0.015482306892943692,0.21874651271574466,1.0,7.0,-6.0,2.4705167135814303,3.279203474521637,-0.8086867609402066,"[1, 0, 0]",7,0
dom_casmurro,intermediario,pt,sbert,250,250,65525,4,0.4684576392173767,1.346318086284323,1.3862943611198906,0.03997627483556765,-153.86261426173886,0.9711632132707562,1.0,0.028836786729243835,4,4.0,0,0.0,0.22748751239189724,1.5799114781053135e-308,0.22748751239189724,1.0,4.0,-3.0,1.4364621461089102,1.8738305568695068,-0.4373684107605966,"[1, 0, 0]",4,0
dom_casmurro,intermediario,pt,sbert,400,0,0,23,0.4684576392173767,3.1280764466837256,3.133563065350213,0.005486618666487253,-3.3232391761192215,0.9976342583546352,0.9993841000984387,0.0017498417438035485,23,23.0,0,0.0,0.1179366357884496,0.07455690508910631,0.04337973069934328,12.0,20.0,-8.0,10.096779824750248,10.558812278406513,-0.4620324536562652,"[12, 0, 0]",23,0
dom_casmurro,intermediario,pt,sbert,400,1,413,22,0.4684576392173767,3.0903012449921228,3.08982710389927,0.000474141092852598,0.3193306489963148,0.9997602076395334,0.99952952874632,0.00023067889321348733,22,22.0,0,0.0,0.048384018834705805,0.07060806620118285,0.0,18.0,18.0,0.0,10.156052926364072,10.113874827881897,0.04217809848217513,"[18, 0, 0]",22,0
dom_casmurro,intermediario,pt,sbert,400,2,841,21,0.4684576392173767,3.0441351860958745,3.043408811860811,0.0007263742350636093,0.394683600607192,0.9998728038188354,0.9995623379561236,0.0003104658627117729,21,21.0,0,0.0,0.0475844250228975,0.06907393578014948,0.0,17.0,18.0,-1.0,9.737512082442096,9.6713089995567,0.06620308288539611,"[17, 0, 0]",21,0
dom_casmurro,intermediario,pt,sbert,400,3,1244,22,0.4684576392173767,3.0976435128738165,3.08982710389927,0.007816408974546274,5.264295772478951,0.9879283135452646,0.99952952874632,0.011601215201055393,23,22.0,1,0.0,0.07949271177575687,0.07060806620118285,0.008884645574574024,12.0,18.0,-6.0,9.610095848728278,10.113874827881897,-0.5037789791536191,"[10, 1, 0]",23,0
dom_casmurro,intermediario,pt,sbert,400,4,1648,33,0.4684576392173767,3.4667980555250195,3.4941725740335854,0.02737451850856587,-9.636800723222299,0.9915030911790735,0.9993321943705692,0.007829103191495657,33,33.0,0,0.0,0.17157701608386342,0.06391213893378131,0.1076648771500821,22.0,25.0,-3.0,14.12463209103458,15.06222385588929,-0.9375917648547087,"[22, 0, 0]",33,0
dom_casmurro,intermediario,pt,sbert,400,5,2068,22,0.4684576392173767,3.089170003079075,3.08982710389927,0.0006571008201952111,-0.44255272224249226,0.9993942333994129,0.99952952874632,0.00013529534690703837,22,22.0,0,0.0,0.06751990488107848,0.07060806620118285,0.0,21.0,18.0,3.0,10.176411960297024,10.113874827881897,0.0625371324151267,"[21, 0, 0]",22,0
dom_casmurro,intermediario,pt,sbert,400,6,2517,28,0.4684576392173767,3.3287507389401254,3.3311626117165285,0.00241187277640309,-0.4435314598965092,0.998963517627885,0.9996873245758195,0.0007238069479345022,28,28.0,0,0.0,0.08645321513242171,0.06837302368343873,0.018080191448982985,18.0,23.0,-5.0,12.663565321442107,12.852553455952723,-0.18898813451061613,"[18, 0, 0]",28,0
dom_casmurro,intermediario,pt,sbert,400,7,2953,27,0.4684576392173767,3.295195393698552,3.2941544808619265,0.0010409128366255516,0.5864955044806627,0.999805368914829,0.9994101817605473,0.00039518715428166207,27,27.0,0,0.0,0.057534665634292964,0.06048670853793439,0.0,24.0,22.0,2.0,12.536037444814905,12.373126927863995,0.16291051695091063,"[24, 0, 0]",27,0
dom_casmurro,intermediario,pt,sbert,400,8,3368,25,0.4684576392173767,3.2168041747176224,3.2173813345070705,0.0005771597894481673,-0.1733750085256095,0.99935640569463,0.9995357104646336,0.00017930477000360767,25,25.0,0,0.0,0.07447993992320384,0.07204257748455661,0.002437362438647228,20.0,21.0,-1.0,11.423801774554477,11.491409132681543,-0.06760735812706642,"[20, 0, 0]",25,0
dom_casmurro,intermediario,pt,sbert,400,9,3769,19,0.4684576392173767,2.9419281831396127,2.943519102109517,0.0015909189699043758,-0.1891691324031782,0.9991472752383076,0.9996875883441865,0.0005403131058788757,19,19.0,0,0.0,0.06365400027925466,0.06941079192536653,0.0,13.0,16.0,-3.0,8.591082677103222,8.746154566378056,-0.15507188927483462,"[13, 0, 0]",19,0
dom_casmurro,intermediario,pt,sbert,400,10,4170,19,0.4684576392173767,2.9516743843706292,2.943519102109517,0.008155282261112173,0.9697085137719785,0.9852931152852676,0.9996875883441865,0.014394473058918833,20,19.0,1,0.0,0.09762512646507426,0.06941079192536653,0.02821433453970773,10.0,16.0,-6.0,8.34352512413433,8.746154566378056,-0.4026294422437271,"[10, 0, 0]",20,0
dom_casmurro,intermediario,pt,sbert,400,11,4589,25,0.4684576392173767,3.218606167891672,3.2173813345070705,0.0012248333846014425,0.36793190097453443,0.9999162263500675,0.9995357104646336,0.00038051588543386305,25,25.0,0,0.0,0.05767686654631893,0.07204257748455661,0.0,21.0,21.0,0.0,11.61786018942937,11.491409132681543,0.1264510567478272,"[21, 0, 0]",25,0
dom_casmurro,intermediario,pt,sbert,400,12,5006,25,0.4684576392173767,3.1741097483989877,3.2173813345070705,0.043271586108082793,-12.998500151194694,0.9860926364032555,0.9995357104646336,0.013443074061378124,25,25.0,1,0.0,0.20751544951394998,0.07204257748455661,0.13547287202939337,9.0,21.0,-12.0,9.60507021596574,11.491409132681543,-1.8863389167158022,"[9, 0, 0]",25,0
dom_casmurro,intermediario,pt,sbert,400,13,5425,20,0.4684576392173767,2.9982259909413562,2.9948439628315313,0.0033820281098249083,1.1630024800225658,0.9699724401015205,0.9996986255412239,0.0297261854397034,22,20.0,2,0.0,0.15710255686640545,0.05862369407066742,0.09847886279573803,13.0,17.5,-4.5,8.536040288754691,9.228934183932397,-0.6928938951777059,"[9, 2, 0]",22,0
dom_casmurro,intermediario,pt,sbert,400,14,5839,27,0.4684576392173767,3.259490217323524,3.2941544808619265,0.03466426353840246,-19.531351729039613,0.9889719515381022,0.9994101817605473,0.010438230222445055,27,27.0,0,0.0,0.18268960689160121,0.06048670853793439,0.12220289835366682,18.0,22.0,-4.0,11.472928536304096,12.373126927863995,-0.9001983915598988,"[18, 0, 0]",27,0
dom_casmurro,intermediario,pt,sbert,400,15,6239,25,0.4684576392173767,3.213148610098626,3.2173813345070705,0.004232724408444355,-1.271482601208655,0.9982207406929688,0.9995357104646336,0.0013149697716647868,25,25.0,0,0.0,0.09929927157882529,0.07204257748455661,0.027256694094268674,13.0,21.0,-8.0,10.938872555307572,11.491409132681543,-0.5525365773739708,"[13, 0, 0]",25,0
dom_casmurro,intermediario,pt,sbert,400,16,6644,25,0.4684576392173767,3.206729041256182,3.2173813345070705,0.010652293250888345,-3.1998789017437566,0.9962263894996584,0.9995357104646336,0.003309320964975271,25,25.0,0,0.0,0.1412268669644246,0.07204257748455661,0.06918428947986799,14.0,21.0,-7.0,10.617261185256242,11.491409132681543,-0.8741479474253016,"[14, 0, 0]",25,0
dom_casmurro,intermediario,pt,sbert,400,17,7059,24,0.4684576392173767,3.172894524830612,3.1769134404841015,0.00401891565348933,-0.6178278330666132,0.9983765833454216,0.9996411672285238,0.0012645838831022438,24,24.0,0,0.0,0.09210321646528546,0.07111385143715784,0.02098936502812762,14.0,20.0,-6.0,10.575537913614317,11.089919242429271,-0.5143813288149541,"[14, 0, 0]",24,0
dom_casmurro,intermediario,pt,sbert,400,18,7462,31,0.4684576392173767,3.4212855404398628,3.4319385084200995,0.010652967980236738,-2.0328678329407324,0.9963011906309104,0.9993608292247727,0.0030596385938622683,31,31.0,0,0.0,0.1524244627991656,0.07531685819029652,0.07710760460886909,13.0,24.0,-11.0,12.939016947753542,14.17377899238641,-1.234762044632868,"[13, 0, 0]",31,0
dom_casmurro,intermediario,pt,sbert,400,19,7886,25,0.4684576392173767,3.207541181902906,3.2173813345070705,0.009840152604164487,-2.9559171876327146,0.9964786951774511,0.9995357104646336,0.0030570152871824963,25,25.0,0,0.0,0.13227138736141794,0.07204257748455661,0.06022880987686133,19.0,21.0,-2.0,10.867684565301323,11.491409132681543,-0.6237245673802203,"[19, 0, 0]",25,0
dom_casmurro,intermediario,pt,sbert,400,20,8295,24,0.4684576392173767,3.170418086257973,3.1769134404841015,0.006495354226128569,-0.9985306914925868,0.997597352185461,0.9996411672285238,0.0020438150430628355,24,24.0,0,0.0,0.1191782848979854,0.07111385143715784,0.04806443346082756,10.0,20.0,-10.0,10.296962510630356,11.089919242429271,-0.792956731798915,"[10, 0, 0]",24,0
dom_casmurro,intermediario,pt,sbert,400,21,8730,25,0.4684576392173767,3.2162843979654094,3.2173813345070705,0.0010969365416610977,-0.3295125297006245,0.9991949279674691,0.9995357104646336,0.0003407824971645157,25,25.0,0,0.0,0.0657439670314593,0.07204257748455661,0.0,12.0,21.0,-9.0,11.212822839198317,11.491409132681543,-0.27858629348322594,"[12, 0, 0]",25,0
dom_casmurro,intermediario,pt,sbert,400,22,9131,13,0.4684576392173767,2.5639270021526595,2.564673916179382,0.000746914026722667,-0.19357246902071285,0.9996014130626387,0.9998926133643327,0.00029120030169393907,13,13.0,0,0.0,0.061285856429425634,0.062081634731514956,0.0,10.0,12.0,-2.0,6.004261611843482,6.043156501057984,-0.038894889214502015,"[10, 0, 0]",13,0
dom_casmurro,intermediario,pt,sbert,400,23,9545,26,0.4684576392173767,3.1707623130198606,3.2565772579376757,0.08581494491781516,-35.27875973857458,0.9977056658831713,0.9995073163377862,0.0018016504546148893,24,26.0,0,0.0,0.2021499638086621,0.07563626467610007,0.12651369913256202,15.0,21.0,-6.0,10.549756117055082,11.914638524016057,-1.3648824069609748,"[15, 0, 0]",24,0
dom_casmurro,intermediario,pt,sbert,400,24,9950,29,0.4684576392173767,3.3578677717409664,3.3651424286614917,0.007274656920525313,-2.4113615415703094,0.9972001099037545,0.9992672810836079,0.002067171179853333,29,29.0,0,0.0,0.11162616539790057,0.08176022272498981,0.02986594267291076,15.0,22.0,-7.0,12.406571199242633,13.254350571375,-0.8477793721323668,"[15, 0, 0]",29,0
dom_casmurro,intermediario,pt,sbert,400,25,10351,26,0.4684576392173767,3.253222951674191,3.2565772579376757,0.003354306263484652,-1.3789645250300033,0.9985041614665443,0.9995073163377862,0.001003154871241918,26,26.0,0,0.0,0.08199780386723654,0.07563626467610007,0.006361539191136467,16.0,21.0,-5.0,11.457270530473426,11.914638524016057,-0.4573679935426309,"[16, 0, 0]",26,0
dom_casmurro,intermediario,pt,sbert,400,26,10760,19,0.4684576392173767,2.940819094403198,2.943519102109517,0.002700007706319063,-0.32104596459552687,0.9816695304732133,0.9996875883441865,0.018018057870973214,20,19.0,1,0.0,0.10954362450712918,0.06941079192536653,0.040132832581762645,8.0,16.0,-8.0,8.012888149977291,8.746154566378056,-0.733266416400765,"[6, 1, 0]",20,0
dom_casmurro,intermediario,pt,sbert,400,27,11164,20,0.4684576392173767,2.9898213865500667,2.9948439628315313,0.00502257628146463,-1.7271496515587184,0.9980268974447066,0.9996986255412239,0.0016717280965172776,20,20.0,0,0.0,0.1164065911251595,0.05862369407066742,0.05778289705449208,10.0,17.5,-7.5,8.74677744400607,9.228934183932397,-0.48215673992632624,"[10, 0, 0]",20,0
dom_casmurro,intermediario,pt,sbert,400,28,11569,21,0.4684576392173767,3.0392182587335825,3.043408811860811,0.00419055312722838,-2.276984117760438,0.9982577960588765,0.9995623379561236,0.0013045418972470468,21,21.0,0,0.0,0.09885975492630797,0.06907393578014948,0.029785819146158493,17.0,18.0,-1.0,9.51596657364897,9.6713089995567,-0.15534242590772962,"[17, 0, 0]",21,0
dom_casmurro,intermediario,pt,sbert,400,29,11971,26,0.4684576392173767,3.2030268902636543,3.2565772579376757,0.05355036767402144,-22.014703346758633,0.9950762516273224,0.9995073163377862,0.004431064710463839,25,26.0,0,0.0,0.2021499638086621,0.07563626467610007,0.12651369913256202,13.0,21.0,-8.0,10.641036866066484,11.914638524016057,-1.2736016579495733,"[13, 0, 0]",25,0
dom_casmurro,intermediario,pt,sbert,400,30,12373,26,0.4684576392173767,3.2300292166910163,3.2565772579376757,0.026548041246659437,-10.913972730130274,0.9913853622804222,0.9995073163377862,0.008121954057364045,26,26.0,0,0.0,0.2021499638086621,0.07563626467610007,0.12651369913256202,15.0,21.0,-6.0,10.776058735888009,11.914638524016057,-1.1385797881280482,"[15, 0, 0]",26,0
dom_casmurro,intermediario,pt,sbert,400,31,12775,31,0.4684576392173767,3.4299860955252544,3.4319385084200995,0.001952412894845157,-0.37257197974429784,0.9896847860664766,0.9993608292247727,0.009676043158296066,32,31.0,1,0.0,0.18616344810545782,0.07531685819029652,0.1108465899151613,15.0,24.0,-9.0,12.743657596759416,14.17377899238641,-1.430121395626994,"[15, 0, 0]",32,0
dom_casmurro,intermediario,pt,sbert,400,32,13186,27,0.4684576392173767,3.272188874957174,3.2941544808619265,0.021965605904752383,-12.376376448670397,0.9928248903059864,0.9994101817605473,0.006585291454560882,27,27.0,0,0.0,0.1863777840945022,0.06048670853793439,0.1258910755565678,13.0,22.0,-9.0,11.243469049368683,12.373126927863995,-1.129657878495312,"[13, 0, 0]",27,0
dom_casmurro,intermediario,pt,sbert,400,33,13601,30,0.4684576392173767,3.3876547307986824,3.3988217542794565,0.01116702348077414,-1.960032714373475,0.9960182696433646,0.9991863257473537,0.0031680561039890698,30,30.0,0,0.0,0.14356395398493108,0.08794024917028392,0.05562370481464715,15.0,23.5,-8.5,12.764984377563927,13.675391442222132,-0.9104070646582052,"[15, 0, 0]",30,0
dom_casmurro,intermediario,pt,sbert,400,34,14005,23,0.4684576392173767,3.1212501894513673,3.133563065350213,0.012312875898845554,-7.457896027597526,0.995457167037522,0.9993841000984387,0.0039269330609167374,23,23.0,0,0.0,0.1643598470255821,0.07455690508910631,0.08980294193647578,10.0,20.0,-10.0,9.65580313542197,10.558812278406513,-0.9030091429845442,"[10, 0, 0]",23,0
dom_casmurro,intermediario,pt,sbert,400,35,14419,23,0.4684576392173767,3.1267838195804307,3.133563065350213,0.006779245769782172,-4.106182057865633,0.9838674819545452,0.9993841000984387,0.01551661814389349,24,23.0,1,0.0,0.12069492123555693,0.07455690508910631,0.04613801614645062,9.0,20.0,-11.0,9.630559183779448,10.558812278406513,-0.9282530946270651,"[9, 0, 0]",24,0
dom_casmurro,intermediario,pt,sbert,400,36,14827,26,0.4684576392173767,3.2501914371328446,3.2565772579376757,0.006385820804831077,-2.6252284858188806,0.9975737057523048,0.9995073163377862,0.0019336105854814711,26,26.0,0,0.0,0.13014772070859135,0.07563626467610007,0.05451145603249127,18.0,21.0,-3.0,11.653571022429102,11.914638524016057,-0.2610675015869557,"[18, 0, 0]",26,0
dom_casmurro,intermediario,pt,sbert,400,37,15239,23,0.4684576392173767,3.129634911741345,3.133563065350213,0.003928153608868001,-2.379278524046222,0.9981312980397036,0.9993841000984387,0.0012528020587351252,23,23.0,0,0.0,0.10428118355884902,0.07455690508910631,0.02972427846974271,13.0,20.0,-7.0,9.952617863987946,10.558812278406513,-0.6061944144185674,"[13, 0, 0]",23,0
dom_casmurro,intermediario,pt,sbert,400,38,15646,26,0.4684576392173767,3.2515054592563803,3.2565772579376757,0.00507179868129537,-2.085030378929878,0.9979770155094593,0.9995073163377862,0.001530300828326947,26,26.0,0,0.0,0.09801791377485647,0.07563626467610007,0.022381649098756395,14.0,21.0,-7.0,11.244959617302836,11.914638524016057,-0.6696789067132212,"[14, 0, 0]",26,0
dom_casmurro,intermediario,pt,sbert,400,39,16057,21,0.4684576392173767,3.037796212133176,3.043408811860811,0.005612599727634837,-3.0496691131615856,0.9827740181415853,0.9995623379561236,0.01678831981453832,22,21.0,1,0.0,0.1240086569321675,0.06907393578014948,0.05493472115201803,15.0,18.0,-3.0,9.162288406822054,9.6713089995567,-0.5090205927346467,"[13, 1, 0]",22,0
dom_casmurro,intermediario,pt,sbert,400,40,16457,25,0.4684576392173767,3.2155912997255003,3.2173813345070705,0.0017900347815702489,-0.5377146869718834,0.9756524459367087,0.9995357104646336,0.023883264527924886,27,25.0,2,0.0,0.1400135007068995,0.07204257748455661,0.06797092322234288,9.0,21.0,-12.0,10.63019034527699,11.491409132681543,-0.8612187874045532,"[7, 1, 0]",27,0
dom_casmurro,intermediario,pt,sbert,400,41,16868,30,0.4684576392173767,3.37985964508797,3.3988217542794565,0.018962109191486665,-3.3282238917849316,0.9666387347008663,0.9991863257473537,0.03254759104648741,33,30.0,4,0.0,0.18021664303814722,0.08794024917028392,0.0922763938678633,15.0,23.5,-8.5,11.865111613477504,13.675391442222132,-1.810279828744628,"[9, 3, 0]",33,0
dom_casmurro,intermediario,pt,sbert,400,42,17289,26,0.4684576392173767,3.2548384563290647,3.2565772579376757,0.0017388016086110625,-0.7148261208112938,0.9990000045565267,0.9995073163377862,0.0005073117812595118,26,26.0,0,0.0,0.07082980123314611,0.07563626467610007,0.0,16.0,21.0,-5.0,11.723865428315243,11.914638524016057,-0.19077309570081447,"[16, 0, 0]",26,0
dom_casmurro,intermediario,pt,sbert,400,43,17702,21,0.4684576392173767,3.0495364729622993,3.043408811860811,0.006127661101488435,3.329533496771534,0.9865721739438027,0.9995623379561236,0.012990164012320893,22,21.0,1,0.0,0.14131074462573262,0.06907393578014948,0.07223680884558314,8.0,18.0,-10.0,8.690065210135185,9.6713089995567,-0.9812437894215158,"[8, 0, 0]",22,0
dom_casmurro,intermediario,pt,sbert,400,44,18106,22,0.4684576392173767,3.070232793218141,3.08982710389927,0.01959431068112938,-13.196628684503576,0.9932677533698814,0.99952952874632,0.006261775376438572,22,22.0,0,0.0,0.19306964415926692,0.07060806620118285,0.12246157795808407,14.0,18.0,-4.0,9.458399801151591,10.113874827881897,-0.655475026730306,"[14, 0, 0]",22,0
dom_casmurro,intermediario,pt,sbert,400,45,18515,32,0.4684576392173767,3.468203593306441,3.463834493670142,0.004369099636298834,2.034912528112823,0.9835079451168564,0.9994513692956095,0.015943424178753163,34,32.0,2,0.0,0.12594805828895697,0.06508290255022814,0.06086515573872883,19.0,25.0,-6.0,13.810658438125143,14.638820809743397,-0.8281623716182533,"[15, 2, 0]",34,0
dom_casmurro,intermediario,pt,sbert,400,46,18924,23,0.4684576392173767,3.137908902890613,3.133563065350213,0.004345837540399966,2.6322692436274715,0.9631110884136495,0.9993841000984387,0.03627301168478925,26,23.0,3,0.0,0.15980210372296355,0.07455690508910631,0.08524519863385724,8.0,20.0,-12.0,8.977874899667931,10.558812278406513,-1.5809373787385823,"[6, 1, 0]",26,0
dom_casmurro,intermediario,pt,sbert,400,47,19377,23,0.4684576392173767,3.1273392104980746,3.133563065350213,0.0062238548521382775,-3.769782361118222,0.9973991323633622,0.9993841000984387,0.001984967735076504,23,23.0,0,0.0,0.12115250085237736,0.07455690508910631,0.04659559576327105,16.0,20.0,-4.0,10.18810956904566,10.558812278406513,-0.37070270936085414,"[16, 0, 0]",23,0
dom_casmurro,intermediario,pt,sbert,400,48,19790,21,0.4684576392173767,3.0459456336587674,3.043408811860811,0.0025368217979564456,1.3784106222167705,0.9854104819393366,0.9995623379561236,0.014151856016787034,22,21.0,1,0.0,0.10528497199221346,0.06907393578014948,0.03621103621206398,12.0,18.0,-6.0,9.03398276788865,9.6713089995567,-0.6373262316680499,"[10, 1, 0]",22,0
dom_casmurro,intermediario,pt,sbert,400,49,20226,23,0.4684576392173767,3.121482530308579,3.133563065350213,0.012080535041633755,-7.317167413885847,0.9821993889785142,0.9993841000984387,0.01718471111992448,24,23.0,1,0.0,0.17004523915907874,0.07455690508910631,0.09548833406997242,10.0,20.0,-10.0,9.400016432287408,10.558812278406513,-1.158795846119105,"[8, 1, 0]",24,0
dom_casmurro,intermediario,pt,sbert,400,50,20652,22,0.4684576392173767,3.0863300635912236,3.08982710389927,0.0034970403080465395,-2.3552317400211926,0.9984754690890859,0.99952952874632,0.001054059657234041,22,22.0,0,0.0,0.09246522718976558,0.07060806620118285,0.02185716098858273,11.0,18.0,-7.0,9.749567816975802,10.113874827881897,-0.36430701090609574,"[11, 0, 0]",22,0
dom_casmurro,intermediario,pt,sbert,400,51,21070,20,0.4684576392173767,2.992939946616035,2.9948439628315313,0.0019040162154961848,-0.6547478343519397,0.9682623230762503,0.9996986255412239,0.03143630246497364,22,20.0,2,0.0,0.1744010379128818,0.05862369407066742,0.11577734384221439,9.0,17.5,-8.5,8.008854184816379,9.228934183932397,-1.2200799991160185,"[5, 2, 0]",22,0
dom_casmurro,intermediario,pt,sbert,400,52,21474,24,0.4684576392173767,3.17598206116043,3.1769134404841015,0.0009313793236715995,-0.14318092712581976,0.9993481012915099,0.9996411672285238,0.0002930659370139477,24,24.0,0,0.0,0.05768016594372738,0.07111385143715784,0.0,17.0,20.0,-3.0,10.862314712568548,11.089919242429271,-0.22760452986072366,"[17, 0, 0]",24,0
dom_casmurro,intermediario,pt,sbert,400,53,21888,25,0.4684576392173767,3.1976734909714577,3.2173813345070705,0.019707843535612835,-5.920106707841102,0.9934131246278781,0.9995357104646336,0.006122585836755512,25,25.0,0,0.0,0.18203571032074845,0.07204257748455661,0.10999313283619183,10.0,21.0,-11.0,10.39344302614868,11.491409132681543,-1.0979661065328639,"[10, 0, 0]",25,0
dom_casmurro,intermediario,pt,sbert,400,54,22323,24,0.4684576392173767,3.1773147261771144,3.1769134404841015,0.0004012856930128983,0.06168964256304747,0.9870883187322742,0.9996411672285238,0.012552848496249602,25,24.0,1,0.0,0.10387424950426927,0.07111385143715784,0.032760398067111424,14.0,20.0,-6.0,10.44061330457172,11.089919242429271,-0.6493059378575516,"[14, 0, 0]",25,0
dom_casmurro,intermediario,pt,sbert,400,55,22724,20,0.4684576392173767,2.9798060331339284,2.9948439628315313,0.01503792969760287,-5.171201706428916,0.9946836903415377,0.9996986255412239,0.00501493519968621,20,20.0,0,0.0,0.1916337696034873,0.05862369407066742,0.13301007553281988,11.0,17.5,-6.5,8.474582710300691,9.228934183932397,-0.7543514736317061,"[11, 0, 0]",20,0
dom_casmurro,intermediario,pt,sbert,400,56,23140,26,0.4684576392173767,3.2503435778281924,3.2565772579376757,0.0062336801094833305,-2.5626830277664037,0.9976204019424183,0.9995073163377862,0.0018869143953679224,26,26.0,0,0.0,0.11190087390688544,0.07563626467610007,0.036264609230785366,15.0,21.0,-6.0,11.326009809702096,11.914638524016057,-0.5886287143139608,"[15, 0, 0]",26,0
dom_casmurro,intermediario,pt,sbert,400,57,23554,24,0.4684576392173767,3.1672099551430954,3.1769134404841015,0.009703485341006068,-1.4917166316298114,0.9965878881278537,0.9996411672285238,0.0030532791006701032,24,24.0,0,0.0,0.1427273867894262,0.07111385143715784,0.07161353535226836,13.0,20.0,-7.0,10.26822898290801,11.089919242429271,-0.8216902595212616,"[13, 0, 0]",24,0
dom_casmurro,intermediario,pt,sbert,400,58,23959,30,0.4684576392173767,3.3945876776784667,3.3988217542794565,0.0042340766009898445,-0.7431638938873287,0.9980566538068841,0.9991863257473537,0.0011296719404695343,30,30.0,0,0.0,0.09403750768253916,0.08794024917028392,0.0060972585122552325,23.0,23.5,-0.5,13.347898666847762,13.675391442222132,-0.3274927753743704,"[23, 0, 0]",30,0
dom_casmurro,intermediario,pt,sbert,400,59,24392,22,0.4684576392173767,3.0782103864990322,3.08982710389927,0.011616717400237953,-7.8237764297261805,0.9958486280751847,0.99952952874632,0.0036809006711352454,22,22.0,0,0.0,0.15708149690360404,0.07060806620118285,0.0864734307024212,11.0,18.0,-7.0,9.46314965962553,10.113874827881897,-0.6507251682563666,"[11, 0, 0]",22,0
dom_casmurro,intermediario,pt,sbert,400,60,24799,24,0.4684576392173767,3.1561329684429333,3.1769134404841015,0.020780472041168174,-3.194581603161869,0.9931024258633743,0.9996411672285238,0.006538741365149536,24,24.0,0,0.0,0.19109271986319395,0.07111385143715784,0.11997886842603611,16.0,20.0,-4.0,10.1217618575963,11.089919242429271,-0.9681573848329705,"[16, 0, 0]",24,0
dom_casmurro,intermediario,pt,sbert,400,61,25208,33,0.4684576392173767,3.4882356467195463,3.4941725740335854,0.005936927314039053,-2.0900088312328498,0.9976342351327664,0.9993321943705692,0.0016979592378028041,33,33.0,0,0.0,0.10739074669094584,0.06391213893378131,0.04347860775716453,22.0,25.0,-3.0,14.466081106436512,15.06222385588929,-0.5961427494527776,"[22, 0, 0]",33,0
dom_casmurro,intermediario,pt,sbert,400,62,25620,23,0.4684576392173767,3.1312185900987455,3.133563065350213,0.002344475251467415,-1.4200462027201062,0.9986363789769782,0.9993841000984387,0.0007477211214604873,23,23.0,0,0.0,0.07886327643139854,0.07455690508910631,0.004306371342292226,18.0,20.0,-2.0,10.329028581094839,10.558812278406513,-0.22978369731167447,"[18, 0, 0]",23,0
dom_casmurro,intermediario,pt,sbert,400,63,26024,21,0.4684576392173767,3.041610526336808,3.043408811860811,0.0017982855240030737,-0.9771186411522019,0.9990435572585917,0.9995623379561236,0.0005187806975318621,21,21.0,0,0.0,0.0644022818955308,0.06907393578014948,0.0,10.0,18.0,-8.0,9.323242090888556,9.6713089995567,-0.3480669086681445,"[10, 0, 0]",21,0
dom_casmurro,intermediario,pt,sbert,400,64,26468,18,0.4684576392173767,2.9071390598549036,2.889645819359167,0.01749324049573664,8.598185864990675,0.9548752289796723,0.9997488425026938,0.04487361352302155,21,18.0,3,0.0,0.10791514715824496,0.05771440351590654,0.050200743642338425,12.0,16.0,-4.0,7.637919524048433,8.336638574052637,-0.698719050004204,"[8, 2, 0]",21,0
dom_casmurro,intermediario,pt,sbert,400,65,26898,19,0.4684576392173767,2.9276755669715366,2.943519102109517,0.015843535137980425,-1.8838846308000023,0.9772821132304607,0.9996875883441865,0.022405475113725815,20,19.0,1,0.0,0.18648661673962788,0.06941079192536653,0.11707582481426135,6.0,16.0,-10.0,7.170264642768726,8.746154566378056,-1.5758899236093304,"[6, 0, 0]",20,0
dom_casmurro,intermediario,pt,sbert,400,66,27302,20,0.4684576392173767,3.0004547737950666,2.9948439628315313,0.005610810963535329,1.929430168416671,0.9855255906862987,0.9996986255412239,0.01417303485492516,21,20.0,1,0.0,0.12148739891787505,0.05862369407066742,0.06286370484720763,10.0,17.5,-7.5,8.520682534365935,9.228934183932397,-0.7082516495664617,"[8, 1, 0]",21,0
dom_casmurro,intermediario,pt,sbert,400,67,27720,24,0.4684576392173767,3.175782329005078,3.1769134404841015,0.001131111479023339,-0.1738857478720701,0.9992852539748772,0.9996411672285238,0.0003559132536465892,24,24.0,0,0.0,0.06484146686924025,0.07111385143715784,0.0,18.0,20.0,-2.0,10.911911716010216,11.089919242429271,-0.17800752641905504,"[18, 0, 0]",24,0
dom_casmurro,intermediario,pt,sbert,400,68,28130,23,0.4684576392173767,3.133827364617029,3.133563065350213,0.00026429926681625915,0.16008578891554717,0.9994683927963725,0.9993841000984387,8.429269793375216e-05,23,23.0,0,0.0,0.05599363821136771,0.07455690508910631,0.0,16.0,20.0,-4.0,10.414455950072085,10.558812278406513,-0.14435632833442824,"[16, 0, 0]",23,0
dom_casmurro,intermediario,pt,sbert,400,69,28542,23,0.4684576392173767,3.1391956912804453,3.133563065350213,0.005632625930232393,3.4116756227488314,0.963506039384198,0.9993841000984387,0.03587806071424071,26,23.0,3,0.0,0.17668006246861143,0.07455690508910631,0.10212315737950511,9.0,20.0,-11.0,9.64950905496404,10.558812278406513,-0.9093032234424729,"[7, 1, 0]",26,0
dom_casmurro,intermediario,pt,sbert,400,70,28946,24,0.4684576392173767,3.1698285030823508,3.1769134404841015,0.007084937401750757,-1.0891673027613324,0.9974118351341159,0.9996411672285238,0.0022293320944078987,24,24.0,0,0.0,0.14804878290639825,0.07111385143715784,0.07693493146924041,15.0,20.0,-5.0,10.646384417717854,11.089919242429271,-0.44353482471141703,"[15, 0, 0]",24,0
dom_casmurro,intermediario,pt,sbert,400,71,29356,20,0.4684576392173767,2.9759544398418156,2.9948439628315313,0.01888952298971569,-6.495676963672533,0.9933979969148873,0.9996986255412239,0.006300628626336624,20,20.0,0,0.0,0.19724302561123605,0.05862369407066742,0.13861933154056863,15.0,17.5,-2.5,8.787902766370578,9.228934183932397,-0.44103141756181863,"[15, 0, 0]",20,0
dom_casmurro,intermediario,pt,sbert,400,72,29756,18,0.4684576392173767,2.88616438654278,2.889645819359167,0.00348143281638702,-1.7111756074621456,0.9985443494104554,0.9997488425026938,0.0012044930922383568,18,18.0,0,0.0,0.09359059453444696,0.05771440351590654,0.03587619101854042,13.0,16.0,-3.0,8.064190035956086,8.336638574052637,-0.2724485380965511,"[13, 0, 0]",18,0
dom_casmurro,intermediario,pt,sbert,400,73,30158,22,0.4684576392173767,3.0838327304216295,3.08982710389927,0.0059943734776406465,-4.037167842645461,0.9976675432170615,0.99952952874632,0.0018619855292584253,22,22.0,0,0.0,0.11914712771739525,0.07060806620118285,0.0485390615162124,16.0,18.0,-2.0,9.849055452109395,10.113874827881897,-0.26481937577250214,"[16, 0, 0]",22,0
dom_casmurro,intermediario,pt,sbert,400,74,30565,27,0.4684576392173767,3.294238886149032,3.2941544808619265,8.440528710540462e-05,0.047557604921272895,0.9886064544027114,0.9994101817605473,0.010803727357835857,28,27.0,1,0.0,0.093239404358991,0.06048670853793439,0.03275269582105661,12.0,22.0,-10.0,11.704436384977939,12.373126927863995,-0.6686905428860559,"[10, 1, 0]",28,0
dom_casmurro,intermediario,pt,sbert,400,75,30981,25,0.4684576392173767,3.217544602593998,3.2173813345070705,0.00016326808692745942,0.04904466056111199,0.9875534886844974,0.9995357104646336,0.011982221780136193,26,25.0,1,0.0,0.1436446925421591,0.07204257748455661,0.0716021150576025,12.0,21.0,-9.0,10.42703391822442,11.491409132681543,-1.0643752144571224,"[10, 1, 0]",26,0
dom_casmurro,intermediario,pt,sbert,400,76,31385,24,0.4684576392173767,3.178864307359818,3.1769134404841015,0.0019508668757164394,0.2999067306572727,0.9875697231936492,0.9996411672285238,0.01207144403487459,25,24.0,1,0.0,0.1948663898179387,0.07111385143715784,0.12375253838078085,15.0,20.0,-5.0,10.236991768110405,11.089919242429271,-0.8529274743188662,"[13, 1, 0]",25,0
dom_casmurro,intermediario,pt,sbert,400,77,31790,23,0.4684576392173767,3.1284501746951414,3.133563065350213,0.005112890655071478,-3.096872511284976,0.9977534510514411,0.9993841000984387,0.001630649046997612,23,23.0,0,0.0,0.11549709134752797,0.07455690508910631,0.04094018625842166,17.0,20.0,-3.0,10.286393122193351,10.558812278406513,-0.2724191562131626,"[17, 0, 0]",23,0
dom_casmurro,intermediario,pt,sbert,400,78,32227,18,0.4684576392173767,2.883002851563165,2.889645819359167,0.00664296779600182,-3.2651167071699194,0.9974505333741694,0.9997488425026938,0.002298309128524356,18,18.0,0,0.0,0.11655999429141453,0.05771440351590654,0.058845590775507994,12.0,16.0,-4.0,7.950134428690667,8.336638574052637,-0.38650414536197,"[12, 0, 0]",18,0
dom_casmurro,intermediario,pt,sbert,400,79,32629,19,0.4684576392173767,2.938036874498721,2.943519102109517,0.005482227610796198,-0.6518674177562919,0.9978256962657341,0.9996875883441865,0.0018618920784523318,19,19.0,0,0.0,0.12435588207826873,0.06941079192536653,0.05494509015290219,16.0,16.0,0.0,8.567074045098224,8.746154566378056,-0.17908052127983254,"[16, 0, 0]",19,0
dom_casmurro,intermediario,pt,sbert,400,80,33030,23,0.4684576392173767,3.134120858320145,3.133563065350213,0.0005577929699320805,0.33785461730092836,0.9995619964463568,0.9993841000984387,0.00017789634791809394,23,23.0,0,0.0,0.04949740593657828,0.07455690508910631,0.0,11.0,20.0,-9.0,10.416857397415988,10.558812278406513,-0.1419548809905251,"[11, 0, 0]",23,0
dom_casmurro,intermediario,pt,sbert,400,81,33433,21,0.4684576392173767,3.03446300476974,3.043408811860811,0.008945807091071067,-4.860804778864557,0.9966958913394623,0.9995623379561236,0.0028664466166612446,21,21.0,0,0.0,0.16760997317466478,0.06907393578014948,0.0985360373945153,13.0,18.0,-5.0,9.222982438304534,9.6713089995567,-0.4483265612521663,"[13, 0, 0]",21,0
dom_casmurro,intermediario,pt,sbert,400,82,33833,17,0.4684576392173767,2.8236289704701005,2.8328522578436264,0.009223287373525846,-6.461344508499437,0.9966171366493728,0.9998725524100233,0.0032554157606504708,17,17.0,0,0.0,0.16151723667895784,0.04864186337367041,0.11287537330528744,11.0,16.0,-5.0,7.369338185204921,7.898878402316148,-0.5295402171112276,"[11, 0, 0]",17,0
dom_casmurro,intermediario,pt,sbert,400,83,34240,18,0.4684576392173767,2.8882085057718996,2.889645819359167,0.001437313587267397,-0.7064608396948222,0.9992515661286977,0.9997488425026938,0.0004972763739961028,18,18.0,0,0.0,0.06678696536236181,0.05771440351590654,0.009072561846455274,16.0,16.0,0.0,8.281246583634434,8.336638574052637,-0.05539199041820275,"[16, 0, 0]",18,0
dom_casmurro,intermediario,pt,sbert,400,84,34663,24,0.4684576392173767,3.1756239424366695,3.1769134404841015,0.0012894980474320583,-0.1982345122612543,0.9992354163771322,0.9996411672285238,0.0004057508513916064,24,24.0,0,0.0,0.06288345800226258,0.07111385143715784,0.0,16.0,20.0,-4.0,10.817777659410329,11.089919242429271,-0.27214158301894287,"[16, 0, 0]",24,0
dom_casmurro,intermediario,pt,sbert,400,85,35064,26,0.4684576392173767,3.254267823877657,3.2565772579376757,0.0023094340600189334,-0.9494146901045765,0.9988248616641205,0.9995073163377862,0.0006824546736656778,26,26.0,0,0.0,0.08114270936277837,0.07563626467610007,0.005506444686678297,18.0,21.0,-3.0,11.740756385439422,11.914638524016057,-0.17388213857663537,"[18, 0, 0]",26,0
dom_casmurro,intermediario,pt,sbert,400,86,35466,19,0.4684576392173767,2.940932178234417,2.943519102109517,0.0025869238750999557,-0.30759966679832873,0.9988090087935815,0.9996875883441865,0.0008785795506049965,19,19.0,0,0.0,0.08411351093977562,0.06941079192536653,0.014702719014409088,11.0,16.0,-5.0,8.529021540724164,8.746154566378056,-0.21713302565389192,"[11, 0, 0]",19,0
dom_casmurro,intermediario,pt,sbert,400,87,35879,17,0.4684576392173767,2.8232151359845585,2.8328522578436264,0.009637121859067843,-6.751254935475789,0.9964710712334344,0.9998725524100233,0.003401481176588894,17,17.0,0,0.0,0.18926452003269603,0.04864186337367041,0.14062265665902562,12.0,16.0,-4.0,7.552776734855804,7.898878402316148,-0.3461016674603439,"[12, 0, 0]",17,0
dom_casmurro,intermediario,pt,sbert,400,88,36279,20,0.4684576392173767,2.9840403440792462,2.9948439628315313,0.010803618752285082,-3.7151185602583103,0.9960971380593787,0.9996986255412239,0.003601487481845189,20,20.0,0,0.0,0.17964508134636153,0.05862369407066742,0.12102138727569411,11.0,17.5,-6.5,8.665496967207263,9.228934183932397,-0.5634372167251342,"[11, 0, 0]",20,0
dom_casmurro,intermediario,pt,sbert,400,89,36681,26,0.4684576392173767,3.295243628970634,3.2565772579376757,0.038666371032958224,15.895851415399859,0.950806328407377,0.9995073163377862,0.04870098793040922,32,26.0,6,0.0,0.12613599634189715,0.07563626467610007,0.050499731665797076,15.0,21.0,-6.0,10.609424115200433,11.914638524016057,-1.3052144088156243,"[7, 4, 0]",32,0
dom_casmurro,intermediario,pt,sbert,400,90,37100,20,0.4684576392173767,2.9969503507436213,2.9948439628315313,0.0021063879120899465,0.7243388541134826,0.9843745323107639,0.9996986255412239,0.015324093230460023,21,20.0,1,0.0,0.17122599514346382,0.05862369407066742,0.1126023010727964,9.0,17.5,-8.5,8.361582781267936,9.228934183932397,-0.8673514026644611,"[7, 1, 0]",21,0
dom_casmurro,intermediario,pt,sbert,400,91,37509,21,0.4684576392173767,3.0311801256499415,3.043408811860811,0.012228686210869366,-6.644594028006489,0.9956176010042946,0.9995623379561236,0.003944736951828953,21,21.0,0,0.0,0.161546122526999,0.06907393578014948,0.09247218674684951,10.0,18.0,-8.0,8.9658458058925,9.6713089995567,-0.7054631936642011,"[10, 0, 0]",21,0
dom_casmurro,intermediario,pt,sbert,400,92,37932,19,0.4684576392173767,2.923874683744166,2.943519102109517,0.019644418365351246,-2.335830830505414,0.9930158867044695,0.9996875883441865,0.006671701639716976,19,19.0,0,0.0,0.17942420685480007,0.06941079192536653,0.11001341492943353,8.0,16.0,-8.0,7.821668844684792,8.746154566378056,-0.924485721693264,"[8, 0, 0]",19,0
dom_casmurro,intermediario,pt,sbert,400,93,38334,22,0.4684576392173767,3.0852343160994717,3.08982710389927,0.004592787799798437,-3.093209871323971,0.9981209778427553,0.99952952874632,0.0014085509035646204,22,22.0,0,0.0,0.12024405007804051,0.07060806620118285,0.049635983876857664,18.0,18.0,0.0,9.922924808933079,10.113874827881897,-0.19095001894881847,"[18, 0, 0]",22,0
dom_casmurro,intermediario,pt,sbert,400,94,38749,22,0.4684576392173767,3.0839242752512135,3.08982710389927,0.0059028286480566905,-3.9755130519429187,0.9976971593840878,0.99952952874632,0.001832369362232189,22,22.0,0,0.0,0.11532219258950852,0.07060806620118285,0.04471412638832567,13.0,18.0,-5.0,9.781870195960169,10.113874827881897,-0.3320046319217287,"[13, 0, 0]",22,0
dom_casmurro,intermediario,pt,sbert,400,95,39168,21,0.4684576392173767,3.0351662738700065,3.043408811860811,0.008242537990804433,-4.478675612809116,0.9969268862211399,0.9995623379561236,0.002635451734983696,21,21.0,0,0.0,0.13067273775851118,0.06907393578014948,0.061598801978361706,10.0,18.0,-8.0,9.136001182973724,9.6713089995567,-0.5353078165829768,"[10, 0, 0]",21,0
dom_casmurro,intermediario,pt,sbert,400,96,39575,23,0.4684576392173767,3.124975144047572,3.133563065350213,0.008587921302640744,-5.201694932561583,0.996645163040602,0.9993841000984387,0.0027389370578366767,23,23.0,0,0.0,0.14098391841125202,0.07455690508910631,0.0664270133221457,16.0,20.0,-4.0,10.110495211826278,10.558812278406513,-0.44831706658023585,"[16, 0, 0]",23,0
dom_casmurro,intermediario,pt,sbert,400,97,39986,30,0.4684576392173767,3.360505563594052,3.3988217542794565,0.03831619068540437,-6.725246648121,0.9979834660406273,0.9991863257473537,0.0012028597067264002,29,30.0,0,0.0,0.1658971864233007,0.08794024917028392,0.07795693725301678,16.0,23.5,-7.5,12.66462466414022,13.675391442222132,-1.010766778081912,"[16, 0, 0]",29,0
dom_casmurro,intermediario,pt,sbert,400,98,40404,22,0.4684576392173767,3.090592084955967,3.08982710389927,0.0007649810566969784,0.5152092931562793,0.9998542988622302,0.99952952874632,0.0003247701159102556,22,22.0,0,0.0,0.04883290333304058,0.07060806620118285,0.0,17.0,18.0,-1.0,10.19130938762823,10.113874827881897,0.07743455974633306,"[17, 0, 0]",22,0
dom_casmurro,intermediario,pt,sbert,400,99,40812,24,0.4684576392173767,3.190267764782323,3.1769134404841015,0.013354324298221698,2.052960040620827,0.9791814722345984,0.9996411672285238,0.020459694993925415,26,24.0,2,0.0,0.1941918803550888,0.07111385143715784,0.12307802891793096,12.0,20.0,-8.0,9.947097690477388,11.089919242429271,-1.142821551951883,"[8, 2, 0]",26,0
dom_casmurro,intermediario,pt,sbert,400,100,41232,18,0.4684576392173767,2.886405523418237,2.889645819359167,0.0032402959409298937,-1.5926532745308182,0.9986277770438726,0.9997488425026938,0.00112106545882118,18,18.0,0,0.0,0.08216740271840425,0.05771440351590654,0.024452999202497716,13.0,16.0,-3.0,8.088965551055928,8.336638574052637,-0.24767302299670924,"[13, 0, 0]",18,0
dom_casmurro,intermediario,pt,sbert,400,101,41643,31,0.4684576392173767,3.43711736186982,3.4319385084200995,0.005178853449720577,0.9882621077039176,0.9917424345845892,0.9993608292247727,0.007618394640183435,32,31.0,1,0.0,0.07964436459566043,0.07531685819029652,0.004327506405363918,14.0,24.0,-10.0,13.598043705965692,14.17377899238641,-0.5757352864207181,"[14, 0, 0]",32,0
dom_casmurro,intermediario,pt,sbert,400,102,42062,17,0.4684576392173767,2.8275981187848878,2.8328522578436264,0.005254139058738616,-3.6807703348286034,0.9980180718536045,0.9998725524100233,0.0018544805564187916,17,17.0,0,0.0,0.11280609591620314,0.04864186337367041,0.06416423254253273,13.0,16.0,-3.0,7.596738644571479,7.898878402316148,-0.30213975774466917,"[13, 0, 0]",17,0
dom_casmurro,intermediario,pt,sbert,400,103,42476,21,0.4684576392173767,3.0401607032096134,3.043408811860811,0.003248108651197512,-1.764896324421171,0.9985673501828184,0.9995623379561236,0.0009949877733052004,21,21.0,0,0.0,0.08094366135032124,0.06907393578014948,0.011869725570171769,17.0,18.0,-1.0,9.473560788295245,9.6713089995567,-0.19774821126145525,"[17, 0, 0]",21,0
dom_casmurro,intermediario,pt,sbert,400,104,42891,20,0.4684576392173767,2.9867237309890027,2.9948439628315313,0.008120231842528636,-2.79236288538948,0.996992874615494,0.9996986255412239,0.0027057509257298884,20,20.0,0,0.0,0.15127139587276694,0.05862369407066742,0.09264770180209952,14.0,17.5,-3.5,8.789188439845175,9.228934183932397,-0.43974574408722233,"[14, 0, 0]",20,0
dom_casmurro,intermediario,pt,sbert,400,105,43306,23,0.4684576392173767,3.124942754348306,3.133563065350213,0.008620311001906966,-5.221313339461574,0.9966348330265642,0.9993841000984387,0.002749267071874506,23,23.0,0,0.0,0.15778734548181536,0.07455690508910631,0.08323044039270905,16.0,20.0,-4.0,10.222639063529417,10.558812278406513,-0.33617321487709617,"[16, 0, 0]",23,0
dom_casmurro,intermediario,pt,sbert,400,106,43721,24,0.4684576392173767,3.175679113650914,3.1769134404841015,0.0012343268331873603,-0.18975304246109537,0.9992527764399851,0.9996411672285238,0.000388390788538695,24,24.0,0,0.0,0.06484146686924025,0.07111385143715784,0.0,19.0,20.0,-1.0,10.932518339170679,11.089919242429271,-0.15740090325859235,"[19, 0, 0]",24,0
dom_casmurro,intermediario,pt,sbert,400,107,44127,18,0.4684576392173767,2.8842114456912658,2.889645819359167,0.005434373667901227,-2.6710748570462752,0.9978686782459489,0.9997488425026938,0.001880164256744865,18,18.0,0,0.0,0.11117451579762269,0.05771440351590654,0.053460112281716154,10.0,16.0,-6.0,7.943788002977202,8.336638574052637,-0.3928505710754351,"[10, 0, 0]",18,0
dom_casmurro,intermediario,pt,sbert,400,108,44538,29,0.4684576392173767,3.360894226004324,3.3651424286614917,0.004248202657167521,-1.4081698450118563,0.9980988887506876,0.9992672810836079,0.0011683923329202095,29,29.0,0,0.0,0.10061556469418398,0.08176022272498981,0.018855341969194167,21.0,22.0,-1.0,12.90091751386002,13.254350571375,-0.3534330575149802,"[21, 0, 0]",29,0
dom_casmurro,intermediario,pt,sbert,400,109,44950,26,0.4684576392173767,3.2538056000415563,3.2565772579376757,0.0027716578961194394,-1.1394361796580441,0.9986829923761156,0.9995073163377862,0.0008243239616706477,26,26.0,0,0.0,0.07661853680113681,0.07563626467610007,0.0009822721250367372,16.0,21.0,-5.0,11.584953394946691,11.914638524016057,-0.3296851290693663,"[16, 0, 0]",26,0
dom_casmurro,intermediario,pt,sbert,400,110,45375,27,0.4684576392173767,3.295309861975858,3.2941544808619265,0.0011553811139313197,0.6509919038747932,0.9786220244240004,0.9994101817605473,0.02078815733654693,29,27.0,2,0.0,0.13058555918287826,0.06048670853793439,0.07009885064494387,16.0,22.0,-6.0,11.520230761204092,12.373126927863995,-0.8528961666599031,"[14, 1, 0]",29,0
dom_casmurro,intermediario,pt,sbert,400,111,45782,27,0.4684576392173767,3.2848777560889655,3.2941544808619265,0.009276724772961042,-5.226909674093352,0.9966748627553736,0.9994101817605473,0.002735319005173653,27,27.0,0,0.0,0.16212441450647536,0.06048670853793439,0.10163770596854096,19.0,22.0,-3.0,11.901667158244365,12.373126927863995,-0.47145976961962965,"[19, 0, 0]",27,0
dom_casmurro,intermediario,pt,sbert,400,112,46195,26,0.4684576392173767,3.2537995533645523,3.2565772579376757,0.0027777045731234296,-1.1419219851951197,0.9986811364835926,0.9995073163377862,0.0008261798541936427,26,26.0,0,0.0,0.07482752448104896,0.07563626467610007,0.0,15.0,21.0,-6.0,11.525002818768751,11.914638524016057,-0.38963570524730606,"[15, 0, 0]",26,0
dom_casmurro,intermediario,pt,sbert,400,113,46606,23,0.4684576392173767,3.130389382292791,3.133563065350213,0.00317368305742205,-1.9222965017474645,0.9983719205698339,0.9993841000984387,0.001012179528604773,23,23.0,0,0.0,0.10469719499522825,0.07455690508910631,0.030140289906121942,11.0,20.0,-9.0,10.074710079774947,10.558812278406513,-0.48410219863156634,"[11, 0, 0]",23,0
dom_casmurro,intermediario,pt,sbert,400,114,47007,20,0.4684576392173767,2.9907588318832197,2.9948439628315313,0.004085130948311644,-1.4047835410656428,0.9983398243846167,0.9996986255412239,0.0013588011566072478,20,20.0,0,0.0,0.09416927885582221,0.05862369407066742,0.035545584785154793,11.0,17.5,-6.5,8.839586460773528,9.228934183932397,-0.3893477231588687,"[11, 0, 0]",20,0
dom_casmurro,intermediario,pt,sbert,400,115,47412,20,0.4684576392173767,2.9947213892360605,2.9948439628315313,0.000122573595470854,-0.042150269272973634,0.9996625585247205,0.9996986255412239,3.606701650338273e-05,20,20.0,0,0.0,0.05762657468422486,0.05862369407066742,0.0,17.0,17.5,-0.5,9.24857360598994,9.228934183932397,0.019639422057542433,"[17, 0, 0]",20,0
dom_casmurro,intermediario,pt,sbert,400,116,47824,20,0.4684576392173767,2.9954081040928537,2.9948439628315313,0.0005641412613224261,0.19399533791426912,0.9998917895754574,0.9996986255412239,0.00019316403423352835,20,20.0,0,0.0,0.03863305886372817,0.05862369407066742,0.0,13.0,17.5,-4.5,9.246119014772031,9.228934183932397,0.017184830839633847,"[13, 0, 0]",20,0
dom_casmurro,intermediario,pt,sbert,400,117,48234,25,0.4684576392173767,3.1822536930853955,3.2173813345070705,0.035127641421675015,-10.552112677133069,0.9886226950726487,0.9995357104646336,0.01091301539198497,25,25.0,0,0.0,0.18178757335614917,0.07204257748455661,0.10974499587159256,22.0,21.0,1.0,11.076599874995257,11.491409132681543,-0.4148092576862865,"[22, 0, 0]",25,0
dom_casmurro,intermediario,pt,sbert,400,118,48640,21,0.4684576392173767,3.035604680378447,3.043408811860811,0.0078041314823638075,-4.240462511451217,0.9970708846699634,0.9995623379561236,0.0024914532861601835,21,21.0,0,0.0,0.16763697013788795,0.06907393578014948,0.09856303435773847,18.0,18.0,0.0,9.560255761869508,9.6713089995567,-0.11105323768719266,"[18, 0, 0]",21,0
dom_casmurro,intermediario,pt,sbert,400,119,49045,20,0.4684576392173767,2.9830286528890837,2.9948439628315313,0.011815309942447616,-4.0630161308781245,0.9957594272435313,0.9996986255412239,0.003939198297692625,20,20.0,0,0.0,0.16202545723285014,0.05862369407066742,0.10340176316218272,15.0,17.5,-2.5,8.678977315053846,9.228934183932397,-0.5499568688785512,"[15, 0, 0]",20,0
dom_casmurro,intermediario,pt,sbert,400,120,49483,17,0.4684576392173767,2.8252856492011293,2.8328522578436264,0.00756660864249703,-5.300763515240325,0.997201871552766,0.9998725524100233,0.0026706808572573015,17,17.0,0,0.0,0.14541975563875725,0.04864186337367041,0.09677789226508685,10.0,16.0,-6.0,7.427078993896466,7.898878402316148,-0.47179940841968193,"[10, 0, 0]",17,0
dom_casmurro,intermediario,pt,sbert,400,121,49883,21,0.4684576392173767,3.035626759021315,3.043408811860811,0.0077820528394960675,-4.228465832820682,0.9970781365931531,0.9995623379561236,0.0024842013629704507,21,21.0,0,0.0,0.13346775718036696,0.06907393578014948,0.06439382140021749,17.0,18.0,-1.0,9.429667122586757,9.6713089995567,-0.24164187696994333,"[17, 0, 0]",21,0
dom_casmurro,intermediario,pt,sbert,400,122,50305,21,0.4684576392173767,3.0443452709569816,3.043408811860811,0.0009364590961706831,0.5088355699533247,0.9999418080273457,0.9995623379561236,0.00037947007122207665,21,21.0,0,0.0,0.05838178156150328,0.06907393578014948,0.0,18.0,18.0,0.0,9.767010898365992,9.6713089995567,0.09570189880929192,"[18, 0, 0]",21,0
dom_casmurro,intermediario,pt,sbert,400,123,50711,19,0.4684576392173767,2.9413533111789616,2.943519102109517,0.002165790930555467,-0.25752461253540476,0.9989520353421105,0.9996875883441865,0.0007355530020759504,19,19.0,0,0.0,0.07343681496310847,0.06941079192536653,0.004026023037741938,13.0,16.0,-3.0,8.555261021882648,8.746154566378056,-0.19089354449540785,"[13, 0, 0]",19,0
dom_casmurro,intermediario,pt,sbert,400,124,51134,19,0.4684576392173767,2.941890597606927,2.943519102109517,0.0016285045025901113,-0.19363826171999013,0.999134510316721,0.9996875883441865,0.0005530780274655145,19,19.0,0,0.0,0.06777940644776134,0.06941079192536653,0.0,16.0,16.0,0.0,8.661091323102143,8.746154566378056,-0.08506324327591308,"[16, 0, 0]",19,0
dom_casmurro,intermediario,pt,sbert,400,125,51546,26,0.4684576392173767,3.2333599130122055,3.2565772579376757,0.02321734492547023,-9.54471431727549,0.9924076451631791,0.9995073163377862,0.007099671174607081,26,26.0,0,0.0,0.18517394179139304,0.07563626467610007,0.10953767711529297,12.0,21.0,-9.0,10.629475202793774,11.914638524016057,-1.2851633212222833,"[12, 0, 0]",26,0
dom_casmurro,intermediario,pt,sbert,400,126,51947,24,0.4684576392173767,3.1740912875411222,3.1769134404841015,0.0028221529429792724,-0.4338495225272033,0.9987531542829815,0.9996411672285238,0.0008880129455423047,24,24.0,0,0.0,0.09019256702069564,0.07111385143715784,0.019078715583537798,21.0,20.0,1.0,10.927050384162513,11.089919242429271,-0.16286885826675856,"[21, 0, 0]",24,0
dom_casmurro,intermediario,pt,sbert,400,127,52386,20,0.4684576392173767,2.990666383893677,2.9948439628315313,0.00417757893785442,-1.4365743002255114,0.9983089644875695,0.9996986255412239,0.0013896610536544562,20,20.0,0,0.0,0.08095779597722202,0.05862369407066742,0.022334101906554604,12.0,17.5,-5.5,8.787488947719694,9.228934183932397,-0.4414452362127026,"[12, 0, 0]",20,0
dom_casmurro,intermediario,pt,sbert,400,128,52789,26,0.4684576392173767,3.2481317126944322,3.2565772579376757,0.00844554524324348,-3.4719868640945095,0.9969415193163365,0.9995073163377862,0.002565797021449767,26,26.0,0,0.0,0.12157228017407101,0.07563626467610007,0.04593601549797094,15.0,21.0,-6.0,11.145821276907643,11.914638524016057,-0.768817247108414,"[15, 0, 0]",26,0
dom_casmurro,intermediario,pt,sbert,400,129,53196,24,0.4684576392173767,3.162908115861138,3.1769134404841015,0.014005324622963666,-2.1530383091487533,0.9952342800671977,0.9996411672285238,0.00440688716132609,24,24.0,0,0.0,0.19020323172390655,0.07111385143715784,0.1190893802867487,17.0,20.0,-3.0,10.73305571616085,11.089919242429271,-0.35686352626842144,"[17, 0, 0]",24,0
dom_casmurro,intermediario,pt,sbert,400,130,53609,26,0.4684576392173767,3.254399221533167,3.2565772579376757,0.002178036404508532,-0.8953967527464287,0.9988651912412146,0.9995073163377862,0.0006421250965715775,26,26.0,0,0.0,0.07534956710596644,0.07563626467610007,0.0,18.0,21.0,-3.0,11.693217135543293,11.914638524016057,-0.2214213884727645,"[18, 0, 0]",26,0
dom_casmurro,intermediario,pt,sbert,400,131,54036,23,0.4684576392173767,3.1276557407003116,3.133563065350213,0.005907324649901291,-3.5780603493582244,0.9975000830207191,0.9993841000984387,0.0018840170777195686,23,23.0,0,0.0,0.12245931458787138,0.07455690508910631,0.047902409498765064,12.0,20.0,-8.0,10.074372385629285,10.558812278406513,-0.4844398927772282,"[12, 0, 0]",23,0
dom_casmurro,intermediario,pt,sbert,400,132,54439,23,0.4684576392173767,3.1338381263150015,3.133563065350213,0.000275060964788576,0.1666041380987361,0.9994718250138256,0.9993841000984387,8.772491538688865e-05,23,23.0,0,0.0,0.049934941124174154,0.07455690508910631,0.0,17.0,20.0,-3.0,10.459265115668865,10.558812278406513,-0.09954716273764852,"[17, 0, 0]",23,0
dom_casmurro,intermediario,pt,sbert,400,133,54848,24,0.4684576392173767,3.1661125918301467,3.1769134404841015,0.010800848653954809,-1.6604142745219377,0.9962425940039877,0.9996411672285238,0.0033985732245360722,24,24.0,0,0.0,0.17512176738745208,0.07111385143715784,0.10400791595029424,18.0,20.0,-2.0,10.564498355155745,11.089919242429271,-0.5254208872735262,"[18, 0, 0]",24,0
dom_casmurro,intermediario,pt,sbert,400,134,55256,22,0.4684576392173767,3.0788720898871116,3.08982710389927,0.010955014012158593,-7.378123910795212,0.9960626993466293,0.99952952874632,0.003466829399690674,22,22.0,0,0.0,0.15106635720093023,0.07060806620118285,0.08045829099974738,16.0,18.0,-2.0,9.531667904372705,10.113874827881897,-0.582206923509192,"[16, 0, 0]",22,0
dom_casmurro,intermediario,pt,sbert,400,135,55676,26,0.4684576392173767,3.2505160740093713,3.2565772579376757,0.006061183928304459,-2.4917693735368394,0.9976733457945005,0.9995073163377862,0.0018339705432857123,26,26.0,0,0.0,0.15063601979144528,0.07563626467610007,0.0749997551153452,20.0,21.0,-1.0,11.695914044781343,11.914638524016057,-0.21872447923471405,"[20, 0, 0]",26,0
dom_casmurro,intermediario,pt,sbert,400,136,56086,31,0.4684576392173767,3.4331176484926385,3.4319385084200995,0.0011791400725389423,0.22501108878227835,0.9997467794896346,0.9993608292247727,0.00038595026486198947,31,31.0,0,0.0,0.06138069578892105,0.07531685819029652,0.0,25.0,24.0,1.0,14.278883461814917,14.17377899238641,0.10510446942850749,"[25, 0, 0]",31,0
dom_casmurro,intermediario,pt,sbert,400,137,56529,29,0.4684576392173767,3.3515789841010406,3.3651424286614917,0.01356344456045111,-4.4959327899041375,0.9670612759020483,0.9992672810836079,0.03220600518155958,32,29.0,3,0.0,0.19733964481790037,0.08176022272498981,0.11557942209291056,13.0,22.0,-9.0,11.710251976468559,13.254350571375,-1.5440985949064405,"[9, 2, 0]",32,0
dom_casmurro,intermediario,pt,sbert,400,138,56947,21,0.4684576392173767,3.0416016374473798,3.043408811860811,0.0018071744134311452,-0.9819485190794707,0.9990406376251812,0.9995623379561236,0.0005217003309423429,21,21.0,0,0.0,0.06672479947278076,0.06907393578014948,0.0,13.0,18.0,-5.0,9.436330257358538,9.6713089995567,-0.2349787421981624,"[13, 0, 0]",21,0
dom_casmurro,intermediario,pt,sbert,400,139,57361,26,0.4684576392173767,3.257614508513815,3.2565772579376757,0.001037250576139126,0.4264165629816026,0.9884028369593266,0.9995073163377862,0.011104479378459597,27,26.0,1,0.0,0.09794448078039034,0.07563626467610007,0.022308216104290263,14.0,21.0,-7.0,11.170418927915787,11.914638524016057,-0.7442195961002707,"[12, 1, 0]",27,0
dom_casmurro,intermediario,pt,sbert,400,140,57775,21,0.4684576392173767,2.990435626576791,3.043408811860811,0.05297318528401984,-28.783575317340325,0.9982319358028225,0.9995623379561236,0.0013304021533010468,20,21.0,0,0.0,0.18953211956416302,0.06907393578014948,0.12045818378401354,17.0,18.0,-1.0,9.066416206824274,9.6713089995567,-0.6048927927324268,"[17, 0, 0]",20,0
dom_casmurro,intermediario,pt,sbert,400,141,58177,28,0.4684576392173767,3.328634947843041,3.3311626117165285,0.0025276638734874624,-0.46482486924849026,0.9989287685310843,0.9996873245758195,0.0007585560447352924,28,28.0,0,0.0,0.08553038833173521,0.06837302368343873,0.01715736464829648,22.0,23.0,-1.0,12.700630834414783,12.852553455952723,-0.15192262153794012,"[22, 0, 0]",28,0
dom_casmurro,intermediario,pt,sbert,400,142,58584,25,0.4684576392173767,3.2192772893238635,3.2173813345070705,0.001895954816792944,0.5695323696058827,0.9880852981964764,0.9995357104646336,0.01145041226815724,26,25.0,1,0.0,0.1287784703481761,0.07204257748455661,0.05673589286361949,15.0,21.0,-6.0,10.994927492310055,11.491409132681543,-0.49648164037148845,"[15, 0, 0]",26,0
dom_casmurro,intermediario,pt,sbert,400,143,59011,18,0.4684576392173767,2.889998555827066,2.889645819359167,0.00035273646789901747,0.17337517957837656,0.9998708809453044,0.9997488425026938,0.00012203844261060581,18,18.0,0,0.0,0.038425521125801054,0.05771440351590654,0.0,13.0,16.0,-3.0,8.303468489918355,8.336638574052637,-0.03317008413428191,"[13, 0, 0]",18,0
dom_casmurro,intermediario,pt,sbert,400,144,59443,21,0.4684576392173767,3.040614467229117,3.043408811860811,0.0027943446316940346,-1.518338546903166,0.9987163929403561,0.9995623379561236,0.000845945015767513,21,21.0,0,0.0,0.06836455182737716,0.06907393578014948,0.0,15.0,18.0,-3.0,9.45723371371933,9.6713089995567,-0.2140752858373709,"[15, 0, 0]",21,0
dom_casmurro,intermediario,pt,sbert,400,145,59858,22,0.4684576392173767,3.0761885750572526,3.08982710389927,0.01363852884201755,-9.185452035540772,0.9951945408304163,0.99952952874632,0.004334987915903699,22,22.0,0,0.0,0.1606797150523092,0.07060806620118285,0.09007164885112637,11.0,18.0,-7.0,9.213170731062096,10.113874827881897,-0.9007040968198012,"[11, 0, 0]",22,0
dom_casmurro,intermediario,pt,sbert,400,146,60271,23,0.4684576392173767,3.1327114333190877,3.133563065350213,0.0008516320311251491,-0.5158326287117506,0.9991124899558339,0.9993841000984387,0.00027161014260479455,23,23.0,0,0.0,0.07763571642580147,0.07455690508910631,0.0030788113366951586,14.0,20.0,-6.0,10.367811446047577,10.558812278406513,-0.19100083235893628,"[14, 0, 0]",23,0
dom_casmurro,intermediario,pt,sbert,400,147,60676,21,0.4684576392173767,3.040529994247172,3.043408811860811,0.002878817613638951,-1.564237890600463,0.9986886470512477,0.9995623379561236,0.000873690904875879,21,21.0,0,0.0,0.08244741550402848,0.06907393578014948,0.013373479723879006,10.0,18.0,-8.0,9.203097331670605,9.6713089995567,-0.46821166788609503,"[10, 0, 0]",21,0
dom_casmurro,intermediario,pt,sbert,400,148,61085,22,0.4684576392173767,3.1297716877278114,3.08982710389927,0.03994458382854127,26.902392705753627,0.9606135518711187,0.99952952874632,0.03891597687520121,26,22.0,4,0.0,0.16456528236051945,0.07060806620118285,0.09395721615933661,11.0,18.0,-7.0,8.755895784939366,10.113874827881897,-1.3579790429425316,"[5, 3, 0]",26,0
dom_casmurro,intermediario,pt,sbert,400,149,61486,20,0.4684576392173767,2.9982729562873836,2.9948439628315313,0.003428993455852236,1.1791527934236357,0.9699876341167228,0.9996986255412239,0.029710991424501065,22,20.0,2,0.0,0.09050883929393988,0.05862369407066742,0.03188514522327246,14.0,17.5,-3.5,8.751674114679947,9.228934183932397,-0.47726006925245024,"[10, 2, 0]",22,0
dom_casmurro,intermediario,pt,sbert,400,150,61897,26,0.4684576392173767,3.248073065652754,3.2565772579376757,0.008504192284921608,-3.4960968241337813,0.9969235189161046,0.9995073163377862,0.0025837974216815773,26,26.0,0,0.0,0.12642947479276784,0.07563626467610007,0.050793210116667764,16.0,21.0,-5.0,11.294658494087585,11.914638524016057,-0.6199800299284721,"[16, 0, 0]",26,0
dom_casmurro,intermediario,pt,sbert,400,151,62300,23,0.4684576392173767,3.1306901457318226,3.133563065350213,0.0028729196183903127,-1.7401244019367557,0.9984678427493436,0.9993841000984387,0.0009162573490950621,23,23.0,0,0.0,0.08371294997991632,0.07455690508910631,0.009156044890810011,17.0,20.0,-3.0,10.304975238604715,10.558812278406513,-0.25383703980179817,"[17, 0, 0]",23,0
dom_casmurro,intermediario,pt,sbert,400,152,62713,23,0.4684576392173767,3.133473409374284,3.133563065350213,8.965597592869301e-05,-0.054304530657347944,0.9993555062086866,0.9993841000984387,2.8593889752071e-05,23,23.0,0,0.0,0.055123091246805644,0.07455690508910631,0.0,17.0,20.0,-3.0,10.485685407464816,10.558812278406513,-0.07312687094169767,"[17, 0, 0]",23,0
dom_casmurro,intermediario,pt,sbert,400,153,63143,30,0.4684576392173767,3.399658079165159,3.3988217542794565,0.0008363248857023997,0.14679150076504752,0.9995474233558759,0.9991863257473537,0.0003610976085222095,30,30.0,0,0.0,0.0740419089531471,0.08794024917028392,0.0,26.0,23.5,2.5,13.856671172405237,13.675391442222132,0.18127973018310506,"[26, 0, 0]",30,0
dom_casmurro,intermediario,pt,sbert,400,154,63550,29,0.4684576392173767,3.363567014929821,3.3651424286614917,0.001575413731670583,-0.5222091056821807,0.998892638115295,0.9992672810836079,0.0003746429683127994,29,29.0,0,0.0,0.06952944320168558,0.08176022272498981,0.0,15.0,22.0,-7.0,12.950788442084306,13.254350571375,-0.30356212929069315,"[15, 0, 0]",29,0
dom_casmurro,intermediario,pt,sbert,400,155,63964,24,0.4684576392173767,3.1727437622473538,3.1769134404841015,0.0041696782367477425,-0.6410045623520857,0.998329144695447,0.9996411672285238,0.0013120225330768287,24,24.0,0,0.0,0.10457731093755504,0.07111385143715784,0.0334634595003972,13.0,20.0,-7.0,10.580618790749577,11.089919242429271,-0.5093004516796942,"[13, 0, 0]",24,0
dom_casmurro,intermediario,pt,sbert,400,156,64364,22,0.4684576392173767,3.090361696077008,3.08982710389927,0.0005345921777379914,0.3600440241076031,0.9997797644996534,0.99952952874632,0.00025023575333349424,22,22.0,0,0.0,0.05099793591767948,0.07060806620118285,0.0,18.0,18.0,0.0,10.181881946357787,10.113874827881897,0.06800711847589014,"[18, 0, 0]",22,0
dom_casmurro,intermediario,pt,sbert,400,157,64783,24,0.4684576392173767,3.1775764128940795,3.1769134404841015,0.0006629724099780354,0.1019187369817159,0.9998497767881377,0.9996411672285238,0.0002086095596138815,24,24.0,0,0.0,0.05114712881064071,0.07111385143715784,0.0,17.0,20.0,-3.0,11.065827463344341,11.089919242429271,-0.02409177908493021,"[17, 0, 0]",24,0
dom_casmurro,intermediario,pt,sbert,400,158,65232,9,0.4684576392173767,2.1735030731735216,2.1972245773362196,0.023721504162697915,-38.70774623825576,0.9892038781982603,1.0,0.010796121801739722,9,9.0,0,0.0,0.23422881960868835,0.003484248949906621,0.23074457065878173,1.0,9.0,-8.0,2.9359196440446693,4.21611875295639,-1.280199108911721,"[1, 0, 0]",9,0
hamlet,intermediario,en,sbert,150,0,0,22,0.5012147426605225,2.4680709297763297,3.012391640959831,0.5443207111835013,-7.051978341510573,0.7984590852496548,0.9820957044995964,0.18363661924994157,22,21.0,2,0.0,0.25060737133026123,0.1592127344944769,0.09139463683578433,2.0,14.0,-12.0,3.2776184493341467,9.589449296581137,-6.3118308472469895,"[2, 0, 0]",22,0
hamlet,intermediario,en,sbert,150,1,152,23,0.5012147426605225,2.880840489098774,3.036092702228088,0.15525221312931414,-2.1955342091328895,0.9784004727156306,0.9835583082499707,0.005157835534340127,19,22.0,0,0.0,0.1900919819301406,0.16763247131082676,0.02245951061931384,12.0,15.0,-3.0,8.341638915925307,9.849212403863184,-1.5075734879378775,"[12, 0, 0]",19,0
hamlet,intermediario,en,sbert,150,2,302,40,0.5012147426605225,3.3136087610336777,3.5418439410286653,0.22823517999498755,-3.5019804685107476,0.9320068538227827,0.9814805599633014,0.049473706140518714,35,37.0,5,0.0,0.21835411357053425,0.17782337510140273,0.04053073846913152,15.0,21.0,-6.0,11.467091863087735,15.849197399423979,-4.382105536336244,"[11, 2, 0]",35,0
hamlet,intermediario,en,sbert,150,3,459,19,0.5012147426605225,2.676512407081063,2.8856070466787616,0.2090946395976987,-2.69206249769368,0.965347794143408,0.9918326660170051,0.02648487187359716,16,18.5,0,0.0,0.2302271447757413,0.18837628169607465,0.04185086307966665,6.0,12.0,-6.0,6.306899493952294,8.447101503646785,-2.140202009694491,"[6, 0, 0]",16,0
hamlet,intermediario,en,sbert,150,4,609,27,0.5012147426605225,2.964685127609619,3.1927902192798854,0.22810509167026627,-2.9721566420293906,0.9737767378145837,0.9833198180210749,0.009543080206491195,21,26.0,0,0.0,0.2319972445852964,0.1778234179980221,0.05417382658727432,10.0,16.5,-6.5,8.835952423122292,11.295978921238222,-2.46002649811593,"[10, 0, 0]",21,0
hamlet,intermediario,en,sbert,150,5,772,10,0.5012147426605225,2.0788956754957644,2.2922366760924264,0.21334100059666206,-2.986257307604254,0.9997374938544171,0.9981144160353004,0.0016230778191167472,8,10.0,0,0.0,0.2251918952766298,0.1745416361003182,0.05065025917631161,6.0,8.0,-2.0,3.9558789025394603,4.742057235937338,-0.7861783333978778,"[6, 0, 0]",8,0
hamlet,intermediario,en,sbert,150,6,968,4,0.5012147426605225,1.3848289691024591,1.3862943611198906,0.001465392017431455,-0.021362901143636846,0.9989429431017467,1.0,0.0010570568982533057,4,4.0,0,0.0,0.060132394895642594,0.047589021890454275,0.012543373005188319,3.0,4.0,-1.0,1.9447265757464471,2.00485897064209,-0.060132394895642705,"[3, 0, 0]",4,0
hamlet,intermediario,en,sbert,150,7,1123,10,0.5012147426605225,2.2970865959618014,2.2922366760924264,0.004849919869374997,0.06788713191890201,0.9976120330801348,0.9981144160353004,0.0005023829551655812,10,10.0,0,0.0,0.1612960083780175,0.1745416361003182,0.0,9.0,8.0,1.0,4.850851418227207,4.742057235937338,0.10879418228986903,"[9, 0, 0]",10,0
hamlet,intermediario,en,sbert,150,8,1274,15,0.5012147426605225,2.6717877447425256,2.6232998822292077,0.048487862513317825,0.5257135302651142,0.9866093854741226,0.9882708359371232,0.001661450463000591,15,14.0,0,0.0,0.15120787097006033,0.18132209168395133,0.0,6.0,10.0,-4.0,6.203390238293468,6.4617408642977665,-0.25835062600429826,"[6, 0, 0]",15,0
hamlet,intermediario,en,sbert,150,9,1424,10,0.5012147426605225,2.1967244131940595,2.2922366760924264,0.0955122628983669,-1.3369403548702088,0.9997723654890269,0.9981144160353004,0.0016579494537265482,9,10.0,0,0.0,0.19514622175925106,0.1745416361003182,0.02060458565893286,8.0,8.0,0.0,4.461700609491298,4.742057235937338,-0.2803566264460402,"[8, 0, 0]",9,0
hamlet,intermediario,en,sbert,150,10,1577,10,0.5012147426605225,2.29479788528504,2.2922366760924264,0.0025612091926134894,0.03585072558183591,0.9966180586625443,0.9981144160353004,0.0014963573727561075,10,10.0,0,0.0,0.15530821376020873,0.1745416361003182,0.0,6.0,8.0,-2.0,4.606800776330274,4.742057235937338,-0.13525645960706445,"[6, 0, 0]",10,0
hamlet,intermediario,en,sbert,150,11,1745,7,0.5012147426605225,1.9397020919934007,1.9455975963190888,0.0058955043256880835,-0.09055239549266375,0.9968096897665464,0.9998393796669511,0.003029689900404753,7,7.0,0,0.0,0.13987253630430643,0.16709041308364395,0.0,4.0,6.0,-2.0,3.2954174524442847,3.469904529518759,-0.17448707707447442,"[4, 0, 0]",7,0
hamlet,intermediario,en,sbert,150,12,1943,14,0.5012147426605225,2.6322962067829563,2.5626794256325436,0.0696167811504127,1.080051120047952,0.9974380538245875,0.9965019660616112,0.0009360877629762676,14,14.0,0,0.0,0.15736385368491884,0.1778234179980221,0.0,6.0,11.0,-5.0,6.508100348201944,6.350405081217002,0.15769526698494207,"[6, 0, 0]",14,0
hamlet,intermediario,en,sbert,150,13,2136,17,0.5012147426605225,2.6965991813260604,2.7583225454860463,0.061723364159985916,-0.9180929869512213,0.9725925665410865,0.9898995007011202,0.017306934160033705,16,16.0,0,0.0,0.15756800697458445,0.1778234179980221,0.0,10.0,11.0,-1.0,7.021075668745235,7.431287473035049,-0.41021180428981374,"[10, 0, 0]",16,0
hamlet,intermediario,en,sbert,150,14,2287,10,0.5012147426605225,2.1952994859174577,2.2922366760924264,0.09693719017496871,-1.3568858856432717,0.9991238531379001,0.9981144160353004,0.0010094371025997084,9,10.0,0,0.0,0.18869609476760016,0.1745416361003182,0.01415445866728196,7.0,8.0,-1.0,4.372224845742853,4.742057235937338,-0.3698323901944853,"[7, 0, 0]",9,0
hamlet,intermediario,en,sbert,150,15,2496,7,0.5012147426605225,1.944547873360304,1.9455975963190888,0.0010497229587846935,-0.016123290438007875,0.9992999287784842,0.9998393796669511,0.0005394508884669635,7,7.0,0,0.0,0.0637296897699402,0.16709041308364395,0.0,4.0,6.0,-2.0,3.3753197618424977,3.469904529518759,-0.09458476767626145,"[4, 0, 0]",7,0
hamlet,intermediario,en,sbert,150,16,2654,16,0.5012147426605225,2.7080325230269633,2.694861392488364,0.013171130538599307,0.13955975264109086,0.9999934720282365,0.986410704051331,0.013582767976905497,15,15.0,0,0.0,0.24502184299488322,0.17802556815150922,0.066996274843374,13.0,10.0,3.0,7.502103984716768,6.85681298835606,0.6452909963607079,"[13, 0, 0]",15,0
hamlet,intermediario,en,sbert,150,17,2843,12,0.5012147426605225,2.484097234088359,2.469603497634327,0.014493736454032291,0.23671398812558092,0.9996742671602129,0.9977419433743375,0.0019323237858753783,12,12.0,0,0.0,0.1713552821591877,0.1612960083780175,0.010059273781170192,10.0,9.0,1.0,5.92368692239957,5.507751665326734,0.4159352570728361,"[10, 0, 0]",12,0
hamlet,intermediario,en,sbert,150,18,2996,24,0.5012147426605225,2.823974866822179,3.098190536025733,0.2742156692035538,-4.468037148967867,0.9770282521988403,0.984943192402278,0.007914940203437748,18,23.0,0,0.0,0.2252856369667841,0.15950248959291552,0.06578314737386859,8.0,15.0,-7.0,7.607924023636702,10.494011340817991,-2.886087317181289,"[8, 0, 0]",18,0
hamlet,intermediario,en,sbert,150,19,3152,28,0.5012147426605225,2.874135867520668,3.2297419447495326,0.3556060772288645,-5.561807945119723,0.9594101224909972,0.9849436767428297,0.025533554251832458,20,26.0,1,0.0,0.2488808584110888,0.14612983857115286,0.10275101983993595,6.0,17.5,-11.5,7.713423249022025,11.863969570797886,-4.150546321775861,"[4, 1, 0]",20,0
hamlet,intermediario,en,sbert,150,20,3310,11,0.5012147426605225,2.295098427085062,2.356458489683468,0.061360062598406095,-0.5644003722518447,0.996748582307875,0.9951405388814686,0.0016080434264064136,10,11.0,0,0.0,0.17782346465549637,0.1802187320908738,0.0,8.0,8.0,0.0,4.732324974096314,4.955046023569474,-0.22272104947315974,"[8, 0, 0]",10,0
hamlet,intermediario,en,sbert,150,21,3464,37,0.5012147426605225,3.167874348787136,3.487718201639838,0.3198438528527019,-4.357678816958666,0.9841555005983641,0.9854292338711343,0.00127373327277025,25,34.0,0,0.0,0.2268983194738677,0.15534669281151423,0.07155162666235348,13.0,20.0,-7.0,10.66261608599583,15.240789427493233,-4.578173341497402,"[13, 0, 0]",25,0
hamlet,intermediario,en,sbert,150,22,3619,27,0.5012147426605225,2.9893418763157014,3.1927902192798854,0.20344834296418401,-2.6508849031961073,0.9978668329961582,0.9833198180210749,0.014547014975083261,20,26.0,0,0.0,0.20704320353190478,0.1778234179980221,0.029219785533882686,12.0,16.5,-4.5,9.413722748299222,11.295978921238222,-1.882256172939,"[12, 0, 0]",20,0
hamlet,intermediario,en,sbert,150,23,3780,17,0.5012147426605225,2.632346112527121,2.7583225454860463,0.12597643295892524,-1.873813606804324,0.997456964267951,0.9898995007011202,0.0075574635668308465,14,16.0,0,0.0,0.1823312973772144,0.1778234179980221,0.004507879379192309,11.0,11.0,0.0,6.7221208308599785,7.431287473035049,-0.7091666421750702,"[11, 0, 0]",14,0
hamlet,intermediario,en,sbert,150,24,3934,4,0.5012147426605225,1.3836782223849446,1.3862943611198906,0.0026161387349459275,-0.03813881371528846,0.998112854810408,1.0,0.0018871451895919877,4,4.0,0,0.0,0.0748656967967824,0.047589021890454275,0.027276674906328124,2.0,4.0,-2.0,1.8717356050058944,2.00485897064209,-0.13312336563619542,"[2, 0, 0]",4,0
hamlet,intermediario,en,sbert,150,25,4087,11,0.5012147426605225,2.3918173449583877,2.356458489683468,0.035358855274919776,0.3252368109559624,0.9974653072179879,0.9951405388814686,0.0023247683365192895,11,11.0,0,0.0,0.16996416744773724,0.1802187320908738,0.0,9.0,8.0,1.0,5.26275892066882,4.955046023569474,0.30771289709934635,"[9, 0, 0]",11,0
hamlet,intermediario,en,sbert,150,26,4240,14,0.5012147426605225,2.637179547320051,2.5626794256325436,0.07450012168750764,1.1558124139415822,0.999288464758179,0.9965019660616112,0.002786498696567774,14,14.0,0,0.0,0.1984001293991488,0.1778234179980221,0.020576711401126713,8.0,11.0,-3.0,6.767079880084224,6.350405081217002,0.4166747988672217,"[8, 0, 0]",14,0
hamlet,intermediario,en,sbert,150,27,4428,17,0.5012147426605225,2.64616494015512,2.7583225454860463,0.11215760533092611,-1.6682679612321,0.9771476684878656,0.9898995007011202,0.0127518322132546,15,16.0,1,0.0,0.18855966270244462,0.1778234179980221,0.010736244704422526,8.0,11.0,-3.0,6.063311128036348,7.431287473035049,-1.3679763449987004,"[6, 1, 0]",15,0
hamlet,intermediario,en,sbert,150,28,4581,19,0.5012147426605225,2.6985238926626858,2.8856070466787616,0.18708315401607578,-2.408667882858875,0.9732867594162096,0.9918326660170051,0.01854590660079558,16,18.5,0,0.0,0.21833799814739288,0.18837628169607465,0.029961716451318232,9.0,12.0,-3.0,7.159235576346566,8.447101503646785,-1.2878659273002189,"[9, 0, 0]",16,0
hamlet,intermediario,en,sbert,150,29,4737,9,0.5012147426605225,2.1955022615026536,2.185017824700791,0.010484436801862618,0.13425639846306925,0.9992161402838239,0.9975202064508077,0.0016959338330161389,9,9.0,0,0.0,0.12705778016323532,0.19028658156753733,0.0,7.0,7.0,0.0,4.381446247377928,4.194005293003206,0.18744095437472197,"[7, 0, 0]",9,0
hamlet,intermediario,en,sbert,150,30,4915,25,0.5012147426605225,2.938914227333602,3.121979393788898,0.1830651664552958,-2.435233282087199,0.998123665706123,0.9861826216485363,0.01194104405758667,19,24.0,0,0.0,0.19969713629410016,0.15478241004943055,0.044914726244669606,12.0,16.0,-4.0,9.003710797984525,10.609207537450612,-1.605496739466087,"[12, 0, 0]",19,0
hamlet,intermediario,en,sbert,150,31,5081,4,0.5012147426605225,1.3811427637976883,1.3862943611198906,0.005151597322202273,-0.07510144931656779,0.996283908045301,1.0,0.003716091954699019,4,4.0,0,0.0,0.11328737154467872,0.047589021890454275,0.06569834965422444,2.0,4.0,-2.0,1.849677421016913,2.00485897064209,-0.15518154962517694,"[2, 0, 0]",4,0
hamlet,intermediario,en,sbert,150,32,5240,11,0.5012147426605225,2.3919391938248844,2.356458489683468,0.035480704141416464,0.3263575977136177,0.9975161221421753,0.9951405388814686,0.0023755832607067484,11,11.0,0,0.0,0.16853621275989134,0.1802187320908738,0.0,7.0,8.0,-1.0,5.177634431349215,4.955046023569474,0.22258840777974154,"[7, 0, 0]",11,0
hamlet,intermediario,en,sbert,150,33,5390,19,0.5012147426605225,2.764313651401258,2.8856070466787616,0.12129339527750371,-1.5616344889221025,0.9970153990845644,0.9918326660170051,0.005182733067559231,16,18.5,0,0.0,0.18225721421926153,0.18837628169607465,0.0,10.0,12.0,-2.0,7.3799494447859555,8.447101503646785,-1.0671520588608292,"[10, 0, 0]",16,0
hamlet,intermediario,en,sbert,150,34,5544,25,0.5012147426605225,2.921870418123013,3.121979393788898,0.20010897566588515,-2.6619593832174604,0.9753443069385663,0.9861826216485363,0.010838314709969987,20,24.0,0,0.0,0.21648301257125746,0.15478241004943055,0.06170060252182691,9.0,16.0,-7.0,8.357193982069441,10.609207537450612,-2.25201355538117,"[9, 0, 0]",20,0
hamlet,intermediario,en,sbert,150,35,5696,26,0.5012147426605225,2.871657079831144,3.1518310719197618,0.28017399208861793,-4.254049165823339,0.9935251657459306,0.9849940918538158,0.008531073892114827,18,25.0,0,0.0,0.23291412713096635,0.1614053849220352,0.07150874220893114,7.0,15.0,-8.0,7.90725714380265,10.988022784475941,-3.080765640673291,"[7, 0, 0]",18,0
hamlet,intermediario,en,sbert,150,36,5885,15,0.5012147426605225,2.4786806296952966,2.6232998822292077,0.14461925253391117,-1.567986169178366,0.9663663036795322,0.9882708359371232,0.021904532257590925,13,14.0,0,0.0,0.1778234179980221,0.18132209168395133,0.0,6.0,10.0,-4.0,5.687426504349077,6.4617408642977665,-0.7743143599486899,"[6, 0, 0]",13,0
hamlet,intermediario,en,sbert,150,37,6039,9,0.5012147426605225,2.1940352737515774,2.185017824700791,0.009017449050786386,0.11547117463359824,0.9985484853858185,0.9975202064508077,0.0010282789350107846,9,9.0,0,0.0,0.10628119257265045,0.19028658156753733,0.0,5.0,7.0,-2.0,4.265823465164338,4.194005293003206,0.07181817216113195,"[5, 0, 0]",9,0
hamlet,intermediario,en,sbert,150,38,6239,7,0.5012147426605225,1.872896521248284,1.9455975963190888,0.07270107507080481,-1.1166570557617226,0.9624784176995658,0.9998393796669511,0.037360961967385364,7,7.0,0,0.0,0.24194957701643133,0.16709041308364395,0.07485916393278738,5.0,6.0,-1.0,3.088956863762588,3.469904529518759,-0.380947665756171,"[5, 0, 0]",7,0
hamlet,intermediario,en,sbert,150,39,6394,19,0.5012147426605225,2.8753225030396248,2.8856070466787616,0.010284543639136778,-0.13241197521889472,0.9598062311584614,0.9918326660170051,0.03202643485854373,20,18.5,2,0.0,0.14578673621687988,0.18837628169607465,0.0,10.0,12.0,-2.0,7.782344912560961,8.447101503646785,-0.6647565910858235,"[6, 2, 0]",20,0
hamlet,intermediario,en,sbert,150,40,6551,34,0.5012147426605225,3.238549245902531,3.3928471692983546,0.1542979233958235,-2.326631373611782,0.952179154130673,0.9850583724506687,0.03287921831999574,30,31.0,4,0.0,0.2322243312657933,0.17718399190400586,0.055040339361787455,7.0,19.0,-12.0,9.505231189044839,13.712167838170648,-4.20693664912581,"[5, 1, 0]",30,0
hamlet,intermediario,en,sbert,150,41,6711,18,0.5012147426605225,2.5614551147483633,2.8119416416419374,0.2504865268935741,-3.241190474445884,0.9986376952422048,0.9876645450010608,0.01097315024114398,13,17.0,0,0.0,0.23607024667656124,0.1809458541262671,0.05512439255029414,8.0,12.0,-4.0,6.2905753050265645,7.889367106556339,-1.5987918015297744,"[8, 0, 0]",13,0
hamlet,intermediario,en,sbert,150,42,6864,36,0.5012147426605225,3.2322525968991807,3.4592560779987265,0.22700348109954582,-3.8996877491037574,0.9503278505170399,0.9831357580859938,0.03280790756895391,30,34.0,2,0.0,0.23805706274509905,0.14987518459210833,0.08818187815299072,9.0,19.0,-10.0,9.77885012609626,14.814252513047155,-5.035402386950894,"[7, 1, 0]",30,0
hamlet,intermediario,en,sbert,150,43,7014,12,0.5012147426605225,2.3922329735879333,2.469603497634327,0.07737052404639355,-1.2636275930967864,0.9976386378193117,0.9977419433743375,0.00010330555502580108,11,12.0,0,0.0,0.15950255764390595,0.1612960083780175,0.0,7.0,9.0,-2.0,5.154809053779365,5.507751665326734,-0.35294261154736883,"[7, 0, 0]",11,0
hamlet,intermediario,en,sbert,150,44,7197,18,0.5012147426605225,2.695018644167118,2.8119416416419374,0.11692299747481938,-1.5129344893670076,0.9951878451404674,0.9876645450010608,0.007523300139406608,15,17.0,0,0.0,0.17718991300901185,0.1809458541262671,0.0,10.0,12.0,-2.0,6.967715725876701,7.889367106556339,-0.9216513806796378,"[10, 0, 0]",15,0
hamlet,intermediario,en,sbert,150,45,7372,14,0.5012147426605225,2.3827408131793177,2.5626794256325436,0.17993861245322584,-2.7916099639839325,0.9936800994643242,0.9965019660616112,0.002821866597287004,11,14.0,0,0.0,0.2468656381675408,0.1778234179980221,0.06904222016951872,7.0,11.0,-4.0,5.078339973395108,6.350405081217002,-1.272065107821894,"[7, 0, 0]",11,0
hamlet,intermediario,en,sbert,150,46,7526,18,0.5012147426605225,2.624622963514494,2.8119416416419374,0.1873186781274434,-2.423825036667229,0.9466326334164138,0.9876645450010608,0.04103191158464703,16,17.0,0,0.0,0.22415755295121562,0.1809458541262671,0.04321169882494852,3.0,12.0,-9.0,6.049069401194423,7.889367106556339,-1.840297705361916,"[3, 0, 0]",16,0
hamlet,intermediario,en,sbert,150,47,7681,20,0.5012147426605225,2.5753135489528742,2.9214159541612315,0.3461024052083572,-4.831260536476329,0.9288480214521171,0.9802154855526938,0.05136746410057669,16,19.0,0,0.0,0.25060737133026123,0.17352171571469993,0.0770856556155613,7.0,12.0,-5.0,5.518651248245515,8.614119362043361,-3.095468113797846,"[7, 0, 0]",16,0
hamlet,intermediario,en,sbert,150,48,7834,16,0.5012147426605225,2.3932128528729826,2.694861392488364,0.3016485396153814,-3.1962325063817842,0.9630997015832202,0.986410704051331,0.023311002468110797,12,15.0,0,0.0,0.22405725944175625,0.17802556815150922,0.046031691290247034,8.0,10.0,-2.0,5.283528220661594,6.85681298835606,-1.5732847676944655,"[8, 0, 0]",12,0
hamlet,intermediario,en,sbert,150,49,7987,9,0.5012147426605225,2.1959854824831258,2.185017824700791,0.010967657782334772,0.14044418992254554,0.9994360636296012,0.9975202064508077,0.0019158571787935008,9,9.0,0,0.0,0.15185917625953482,0.19028658156753733,0.0,6.0,7.0,-1.0,4.359438837414398,4.194005293003206,0.16543354441119185,"[6, 0, 0]",9,0
hamlet,intermediario,en,sbert,150,50,8145,14,0.5012147426605225,2.6233992013545815,2.5626794256325436,0.060719775722037905,0.9420208848202213,0.9940667722201549,0.9965019660616112,0.0024351938414562957,14,14.0,0,0.0,0.14679315370118245,0.1778234179980221,0.0,10.0,11.0,-1.0,6.513548103359909,6.350405081217002,0.16314302214290688,"[10, 0, 0]",14,0
hamlet,intermediario,en,sbert,150,51,8296,6,0.5012147426605225,1.791434347097352,1.7899953705500318,0.0014389765473201699,0.017860211419435786,0.9998185458839277,0.9999709368336545,0.00015239094972674394,6,6.0,0,0.0,0.05114904970762166,0.19400901963653328,0.0,5.0,5.0,0.0,2.9736380548432577,2.9408534705228755,0.032784584320382226,"[5, 0, 0]",6,0
hamlet,intermediario,en,sbert,150,52,8455,21,0.5012147426605225,2.753453799714242,2.948381056878265,0.19492725716402326,-2.7523654535425917,0.9526296374132918,0.9830224404478952,0.030392803034603455,18,20.0,0,0.0,0.22229656168533388,0.17782346465549637,0.04447309702983751,7.0,14.0,-7.0,7.073941517484213,8.962978460321498,-1.8890369428372846,"[7, 0, 0]",18,0
hamlet,intermediario,en,sbert,150,53,8641,16,0.5012147426605225,2.6268298635547533,2.694861392488364,0.06803152893361064,-0.7208540923609745,0.9953667296563475,0.986410704051331,0.008956025605016515,14,15.0,0,0.0,0.1701588284768382,0.17802556815150922,0.0,8.0,10.0,-2.0,6.515120913553746,6.85681298835606,-0.3416920748023138,"[8, 0, 0]",14,0
hamlet,intermediario,en,sbert,150,54,8807,10,0.5012147426605225,2.300800369723726,2.2922366760924264,0.008563693631299607,0.11987097001996803,0.9992249045319758,0.9981144160353004,0.001110488496675388,10,10.0,0,0.0,0.13044200122921215,0.1745416361003182,0.0,9.0,8.0,1.0,4.916894041054668,4.742057235937338,0.17483680511733013,"[9, 0, 0]",10,0
hamlet,intermediario,en,sbert,150,55,8972,15,0.5012147426605225,2.7047583222392593,2.6232998822292077,0.08145844001005154,0.8831860562179062,0.9987844099560595,0.9882708359371232,0.010513574018936378,15,14.0,0,0.0,0.1847244745462166,0.18132209168395133,0.0034023828622652685,10.0,10.0,0.0,7.210558079930361,6.4617408642977665,0.7488172156325943,"[10, 0, 0]",15,0
hamlet,intermediario,en,sbert,150,56,9163,17,0.5012147426605225,2.6379780275545146,2.7583225454860463,0.12034451793153167,-1.790042708051089,0.9995910274291384,0.9898995007011202,0.009691526728018207,14,16.0,0,0.0,0.19043557072297562,0.1778234179980221,0.01261215272495353,9.0,11.0,-2.0,6.799535673137951,7.431287473035049,-0.6317517998970974,"[9, 0, 0]",14,0
hamlet,intermediario,en,sbert,150,57,9361,14,0.5012147426605225,2.476707422914799,2.5626794256325436,0.08597200271774463,-1.3337898749935984,0.9967003883731805,0.9965019660616112,0.0001984223115693018,12,14.0,0,0.0,0.20352639693218594,0.1778234179980221,0.025702978934163845,10.0,11.0,-1.0,5.8041309111878805,6.350405081217002,-0.5462741700291218,"[10, 0, 0]",12,0
hamlet,intermediario,en,sbert,150,58,9542,29,0.5012147426605225,3.0277272601483607,3.246660167004516,0.21893290685615518,-2.767891986170777,0.9795165565774855,0.983792058232024,0.004275501654538494,22,27.0,0,0.0,0.1994545042943794,0.17170885820502982,0.027745646089349568,13.0,15.5,-2.5,9.578945905694246,11.944577706001212,-2.365631800306966,"[13, 0, 0]",22,0
hamlet,intermediario,en,sbert,150,59,9693,28,0.5012147426605225,2.9371004105789082,3.2297419447495326,0.29264153417062433,-4.577019668802471,0.9647162964498167,0.9849436767428297,0.020227380293012964,21,26.0,1,0.0,0.23207848889473767,0.14612983857115286,0.08594865032358481,15.0,17.5,-2.5,8.898649866387128,11.863969570797886,-2.965319704410758,"[13, 1, 0]",21,0
hamlet,intermediario,en,sbert,150,60,9849,12,0.5012147426605225,2.3913245159962093,2.469603497634327,0.07827898163811753,-1.2784646656668563,0.9972597815773275,0.9977419433743375,0.0004821617970099945,11,12.0,0,0.0,0.16192627414328592,0.1612960083780175,0.0006302657652684229,10.0,9.0,1.0,5.331152566612049,5.507751665326734,-0.17659909871468482,"[10, 0, 0]",11,0
hamlet,intermediario,en,sbert,150,61,10004,31,0.5012147426605225,3.098779979036433,3.3191573946748187,0.22037741563838553,-3.5507363286080893,0.9626901277446188,0.9861198649250766,0.02342973718045782,25,29.0,1,0.0,0.23700065934519157,0.15995742661932744,0.07704323272586414,11.0,19.0,-8.0,9.666866501160358,12.930979460850764,-3.264112959690406,"[11, 0, 0]",25,0
hamlet,intermediario,en,sbert,150,62,10156,28,0.5012147426605225,2.9752438071162866,3.2297419447495326,0.254498137633246,-3.9804431210431153,0.9931607818834232,0.9849436767428297,0.008217105140593484,20,26.0,0,0.0,0.23207848889473767,0.14612983857115286,0.08594865032358481,12.0,17.5,-5.5,9.006895922389305,11.863969570797886,-2.8570736484085817,"[12, 0, 0]",20,0
hamlet,intermediario,en,sbert,150,63,10325,21,0.5012147426605225,2.7875562369657874,2.948381056878265,0.16082481991247777,-2.2708403372589494,0.983885044454484,0.9830224404478952,0.0008626040065887741,17,20.0,0,0.0,0.22229656168533388,0.17782346465549637,0.04447309702983751,10.0,14.0,-4.0,7.244299490593361,8.962978460321498,-1.7186789697281366,"[10, 0, 0]",17,0
hamlet,intermediario,en,sbert,150,64,10483,20,0.5012147426605225,2.924535486921398,2.9214159541612315,0.0031195327601665213,0.04354571158603918,0.9932403108415998,0.9802154855526938,0.013024825288906028,19,19.0,0,0.0,0.14231832996749882,0.17352171571469993,0.0,11.0,12.0,-1.0,8.584537969612168,8.614119362043361,-0.02958139243119362,"[11, 0, 0]",19,0
hamlet,intermediario,en,sbert,150,65,10639,8,0.5012147426605225,2.0450329439655017,2.0765110612130178,0.031478117247516035,-0.3241728341051451,0.9834529622378624,0.9998096302374492,0.016356667999586794,8,8.0,0,0.0,0.23009291689909392,0.15417131123112254,0.07592160566797138,7.0,6.0,1.0,3.685189903533483,3.872884013980758,-0.1876941104472749,"[7, 0, 0]",8,0
hamlet,intermediario,en,sbert,150,66,10798,14,0.5012147426605225,2.3837485346260503,2.5626794256325436,0.1789308910064933,-2.7759759363938277,0.9941003519491446,0.9965019660616112,0.0024016141124666435,11,14.0,0,0.0,0.25060737133026123,0.1778234179980221,0.07278395333223914,9.0,11.0,-2.0,5.233212277699504,6.350405081217002,-1.117192803517498,"[9, 0, 0]",11,0
hamlet,intermediario,en,sbert,150,67,10960,22,0.5012147426605225,2.8322692928715467,3.012391640959831,0.1801223480882843,-2.333585460635528,0.9996667913531291,0.9820957044995964,0.017571086853532702,17,21.0,0,0.0,0.21176540190069815,0.1592127344944769,0.05255266740622125,13.0,14.0,-1.0,8.365416231844268,9.589449296581137,-1.2240330647368687,"[13, 0, 0]",17,0
hamlet,intermediario,en,sbert,150,68,11140,19,0.5012147426605225,2.687364652779599,2.8856070466787616,0.19824239389916265,-2.552341442591567,0.9923614605393238,0.9918326660170051,0.0005287945223186874,15,18.5,0,0.0,0.23276745510830574,0.18837628169607465,0.04439117341223109,12.0,12.0,0.0,7.056884597659227,8.447101503646785,-1.3902169059875575,"[12, 0, 0]",15,0
hamlet,intermediario,en,sbert,150,69,11297,22,0.5012147426605225,2.860026914559099,3.012391640959831,0.15236472640073195,-1.9739699932636217,0.9895014047054097,0.9820957044995964,0.007405700205813326,18,21.0,0,0.0,0.22345312455688426,0.1592127344944769,0.06424039006240737,13.0,14.0,-1.0,8.098260810522493,9.589449296581137,-1.4911884860586433,"[13, 0, 0]",18,0
hamlet,intermediario,en,sbert,150,70,11447,24,0.5012147426605225,2.8272385300463068,3.098190536025733,0.27095200597942615,-4.414859412737565,0.9978911528062495,0.984943192402278,0.012947960403971503,17,23.0,0,0.0,0.2252856369667841,0.15950248959291552,0.06578314737386859,10.0,15.0,-5.0,8.011650734365698,10.494011340817991,-2.4823606064522927,"[10, 0, 0]",17,0
hamlet,intermediario,en,sbert,150,71,11598,20,0.5012147426605225,2.951638413962942,2.9214159541612315,0.030222459801710677,0.4218768062803433,0.9852811080681994,0.9802154855526938,0.0050656225155055745,20,19.0,0,0.0,0.14168409588261222,0.17352171571469993,0.0,11.0,12.0,-1.0,8.848131020669399,8.614119362043361,0.2340116586260379,"[11, 0, 0]",20,0
hamlet,intermediario,en,sbert,150,72,11753,9,0.5012147426605225,2.1925010906656635,2.185017824700791,0.007483265964872476,0.09582549412731042,0.9978502485730054,0.9975202064508077,0.00033004212219767126,9,9.0,0,0.0,0.14380099752709147,0.19028658156753733,0.0,8.0,7.0,1.0,4.36713168641761,4.194005293003206,0.17312639341440406,"[8, 0, 0]",9,0
hamlet,intermediario,en,sbert,150,73,11962,8,0.5012147426605225,2.078405503152935,2.0765110612130178,0.0018944419399171686,0.01950963610312681,0.9995017707850234,0.9998096302374492,0.00030785945242572943,8,8.0,0,0.0,0.05914006582536119,0.15417131123112254,0.0,4.0,6.0,-2.0,3.847120357345203,3.872884013980758,-0.0257636566355548,"[4, 0, 0]",8,0
hamlet,intermediario,en,sbert,150,74,12114,6,0.5012147426605225,1.7851505479078276,1.7899953705500318,0.004844822642204205,-0.060132708097697656,0.99631149078114,0.9999709368336545,0.003659446052514448,6,6.0,0,0.0,0.1432245459011443,0.19400901963653328,0.0,4.0,5.0,-1.0,2.8533794996876396,2.9408534705228755,-0.08747397083523589,"[4, 0, 0]",6,0
hamlet,intermediario,en,sbert,150,75,12264,11,0.5012147426605225,2.3912919806921655,2.356458489683468,0.03483349100869759,0.32040442039332107,0.9972462133016764,0.9951405388814686,0.002105674420207815,11,11.0,0,0.0,0.15953545457344553,0.1802187320908738,0.0,9.0,8.0,1.0,5.2966184594520005,4.955046023569474,0.3415724358825267,"[9, 0, 0]",11,0
hamlet,intermediario,en,sbert,150,76,12431,19,0.5012147426605225,2.819856665599256,2.8856070466787616,0.0657503810795057,-0.8465264124119302,0.9952856785441233,0.9918326660170051,0.00345301252711816,17,18.5,0,0.0,0.16558397486675397,0.18837628169607465,0.0,10.0,12.0,-2.0,7.75548024545801,8.447101503646785,-0.6916212581887748,"[10, 0, 0]",17,0
hamlet,intermediario,en,sbert,150,77,12583,18,0.5012147426605225,2.689932820369708,2.8119416416419374,0.12200882127222945,-1.5787429136814994,0.9933098061752592,0.9876645450010608,0.0056452611741983905,15,17.0,0,0.0,0.19259431980066213,0.1809458541262671,0.011648465674395037,10.0,12.0,-2.0,7.010154742522712,7.889367106556339,-0.8792123640336271,"[10, 0, 0]",15,0
hamlet,intermediario,en,sbert,150,78,12744,12,0.5012147426605225,2.4832697422176255,2.469603497634327,0.013666244583298681,0.223199260471736,0.9993412599340444,0.9977419433743375,0.0015993165597069092,12,12.0,0,0.0,0.15427275716181182,0.1612960083780175,0.0,10.0,9.0,1.0,5.901249261613124,5.507751665326734,0.39349759628639003,"[10, 0, 0]",12,0
hamlet,intermediario,en,sbert,150,79,12895,12,0.5012147426605225,2.4674436033338925,2.469603497634327,0.002159894300434395,-0.03527573413571317,0.9929723531241715,0.9977419433743375,0.004769590250165989,12,12.0,0,0.0,0.12265423644246261,0.1612960083780175,0.0,4.0,9.0,-5.0,5.174934410423821,5.507751665326734,-0.33281725490291336,"[4, 0, 0]",12,0
hamlet,intermediario,en,sbert,150,80,13051,13,0.5012147426605225,2.5569867932043744,2.5420460399640374,0.014940753240336946,0.18081716644871673,0.9968956251576668,0.9962711155636926,0.0006245095939741985,13,13.0,0,0.0,0.14954924137209225,0.19305347759354635,0.0,8.0,10.0,-2.0,6.037651309205558,5.979901943062053,0.05774936614350512,"[8, 0, 0]",13,0
hamlet,intermediario,en,sbert,150,81,13227,20,0.5012147426605225,2.7621199412679327,2.9214159541612315,0.15929601289329876,-2.223620896959994,0.9962241854019404,0.9802154855526938,0.016008699849246577,16,19.0,0,0.0,0.1792851140906967,0.17352171571469993,0.005763398375996764,7.0,12.0,-5.0,7.143713905510691,8.614119362043361,-1.4704054565326699,"[7, 0, 0]",16,0
hamlet,intermediario,en,sbert,150,82,13378,8,0.5012147426605225,2.0614303231606588,2.0765110612130178,0.015080738052358988,-0.15530679793805952,0.9913384347873386,0.9998096302374492,0.008471195450110547,8,8.0,0,0.0,0.19528281386853097,0.15417131123112254,0.041111502637408426,3.0,6.0,-3.0,3.5032594441911113,3.872884013980758,-0.36962456978964653,"[3, 0, 0]",8,0
hamlet,intermediario,en,sbert,150,83,13543,12,0.5012147426605225,2.4537662130716837,2.469603497634327,0.015837284562643106,-0.25865702759207865,0.9874681663719749,0.9977419433743375,0.01027377700236265,12,12.0,0,0.0,0.18220965209172307,0.1612960083780175,0.020913643713705576,8.0,9.0,-1.0,5.2907799440611525,5.507751665326734,-0.2169717212655815,"[8, 0, 0]",12,0
hamlet,intermediario,en,sbert,150,84,13709,4,0.5012147426605225,1.380562043759298,1.3862943611198906,0.005732317360592543,-0.08356735101705977,0.9958650070855357,1.0,0.004134992914464286,4,4.0,0,0.0,0.11432178384522251,0.047589021890454275,0.06673276195476824,3.0,4.0,-1.0,1.8905371867968674,2.00485897064209,-0.1143217838452224,"[3, 0, 0]",4,0
hamlet,intermediario,en,sbert,150,85,13864,28,0.5012147426605225,2.9371051307289093,3.2297419447495326,0.29263681402062325,-4.5769458439455315,0.9975092543980629,0.9849436767428297,0.012565577655233251,19,26.0,0,0.0,0.23207848889473767,0.14612983857115286,0.08594865032358481,7.0,17.5,-10.5,8.658722303482893,11.863969570797886,-3.205247267314993,"[7, 0, 0]",19,0
hamlet,intermediario,en,sbert,150,86,14023,16,0.5012147426605225,2.5630670166882004,2.694861392488364,0.13179437580016362,-1.3964777307653837,0.9992661294587121,0.986410704051331,0.01285542540738105,13,15.0,0,0.0,0.19432049490946965,0.17802556815150922,0.016294926757960432,11.0,10.0,1.0,6.353269534248333,6.85681298835606,-0.503543454107727,"[11, 0, 0]",13,0
hamlet,intermediario,en,sbert,150,87,14179,23,0.5012147426605225,2.8623300669430147,3.036092702228088,0.1737626352850734,-2.4573035214621792,0.9902982407447959,0.9835583082499707,0.006739932494825185,18,22.0,0,0.0,0.2074100770966512,0.16763247131082676,0.039777605785824455,12.0,15.0,-3.0,8.027355861922139,9.849212403863184,-1.8218565419410453,"[12, 0, 0]",18,0
hamlet,intermediario,en,sbert,150,88,14332,9,0.5012147426605225,2.1921611063971898,2.185017824700791,0.007143281696398773,0.0914718922808792,0.9976955150642051,0.9975202064508077,0.00017530861339731807,9,9.0,0,0.0,0.14983833090161808,0.19028658156753733,0.0,5.0,7.0,-2.0,4.323049584450735,4.194005293003206,0.12904429144752871,"[5, 0, 0]",9,0
hamlet,intermediario,en,sbert,150,89,14487,13,0.5012147426605225,2.5625805526713137,2.5420460399640374,0.020534512707276242,0.24851440502414196,0.9990764711266785,0.9962711155636926,0.0028053555629858895,13,13.0,0,0.0,0.19325529481362652,0.19305347759354635,0.00020181722008016934,7.0,10.0,-3.0,6.246140851641865,5.979901943062053,0.2662389085798118,"[7, 0, 0]",13,0
hamlet,intermediario,en,sbert,150,90,14683,11,0.5012147426605225,2.3978952727983707,2.356458489683468,0.04143678311490273,0.3811426329212636,1.0,0.9951405388814686,0.004859461118531416,11,11.0,0,0.0,0.25060737133026123,0.1802187320908738,0.07038863923938743,11.0,8.0,3.0,5.513362169265747,4.955046023569474,0.5583161456962733,"[11, 0, 0]",11,0
hamlet,intermediario,en,sbert,150,91,14849,11,0.5012147426605225,2.397890565872429,2.356458489683468,0.041432076188961275,0.3810993378097363,0.9999980370594184,0.9951405388814686,0.004857498177949782,11,11.0,0,0.0,0.24793918395496145,0.1802187320908738,0.06772045186408765,10.0,8.0,2.0,5.508025794515148,4.955046023569474,0.5529797709456741,"[10, 0, 0]",11,0
hamlet,intermediario,en,sbert,150,92,15057,20,0.5012147426605225,2.919038150234004,2.9214159541612315,0.0023778039272275286,-0.03319188224126042,0.991373287369118,0.9802154855526938,0.011157801816424229,19,19.0,0,0.0,0.1595025050791559,0.17352171571469993,0.0,10.0,12.0,-2.0,8.464522589480106,8.614119362043361,-0.149596772563255,"[10, 0, 0]",19,0
hamlet,intermediario,en,sbert,150,93,15209,12,0.5012147426605225,2.391034447996261,2.469603497634327,0.07856904963806599,-1.2832021019596425,0.9971388138256334,0.9977419433743375,0.0006031295487041177,11,12.0,0,0.0,0.15950255764390595,0.1612960083780175,0.0,4.0,9.0,-5.0,5.075713644094485,5.507751665326734,-0.4320380212322492,"[4, 0, 0]",11,0
hamlet,intermediario,en,sbert,150,94,15359,10,0.5012147426605225,2.302519740900189,2.2922366760924264,0.010283064807762532,0.14393800226335607,0.9999716179462571,0.9981144160353004,0.0018572019109567295,10,10.0,0,0.0,0.1796861561066404,0.1745416361003182,0.005144520006322206,7.0,8.0,-1.0,4.976379851194811,4.742057235937338,0.2343226152574731,"[7, 0, 0]",10,0
hamlet,intermediario,en,sbert,150,95,15513,30,0.5012147426605225,3.1666058798691674,3.3052455988220006,0.13863971895283322,-2.1661026064675046,0.9837614285722956,0.9863669116017155,0.002605483029419875,25,29.0,0,0.0,0.1829368506326197,0.1461298358726585,0.036807014759961204,14.0,18.0,-4.0,11.075829311344572,12.759584572841518,-1.6837552614969464,"[14, 0, 0]",25,0
hamlet,intermediario,en,sbert,150,96,15663,36,0.5012147426605225,3.075435877853706,3.4592560779987265,0.3838202001450206,-6.593638675116704,0.9677104423108513,0.9831357580859938,0.0154253157751425,24,34.0,0,0.0,0.2309699155970465,0.14987518459210833,0.08109473100493816,13.0,19.0,-6.0,9.87329108854031,14.814252513047155,-4.940961424506845,"[13, 0, 0]",24,0
hamlet,intermediario,en,sbert,150,97,15818,11,0.5012147426605225,2.3941080152532006,2.356458489683468,0.03764952556973267,0.34630678892453476,0.9984205909289982,0.9951405388814686,0.003280052047529569,11,11.0,0,0.0,0.19697228679855083,0.1802187320908738,0.016753554707677032,9.0,8.0,1.0,5.301296774750615,4.955046023569474,0.3462507511811408,"[9, 0, 0]",11,0
hamlet,intermediario,en,sbert,150,98,15969,23,0.5012147426605225,2.8851109388895306,3.036092702228088,0.1509817633385575,-2.135142679666053,0.9981798815352171,0.9835583082499707,0.014621573285246381,18,22.0,0,0.0,0.1901646799535854,0.16763247131082676,0.02253220864275865,10.0,15.0,-5.0,8.597055590626699,9.849212403863184,-1.2521568132364855,"[10, 0, 0]",18,0
hamlet,intermediario,en,sbert,150,99,16119,8,0.5012147426605225,2.056576034763405,2.0765110612130178,0.01993502644961298,-0.2052979843526703,0.9890040155214176,0.9998096302374492,0.010805614716031586,8,8.0,0,0.0,0.2120277733854527,0.15417131123112254,0.05785646215433016,4.0,6.0,-2.0,3.544303453060209,3.872884013980758,-0.32858056092054877,"[4, 0, 0]",8,0
hamlet,intermediario,en,sbert,150,100,16270,13,0.5012147426605225,2.468074865738101,2.5420460399640374,0.07397117422593658,-0.895219799648907,0.9932263918037583,0.9962711155636926,0.0030447237599343646,12,13.0,0,0.0,0.1979960787639629,0.19305347759354635,0.004942601170416561,9.0,10.0,-1.0,5.606444525901736,5.979901943062053,-0.3734574171603171,"[9, 0, 0]",12,0
hamlet,intermediario,en,sbert,150,101,16424,7,0.5012147426605225,1.945910149055313,1.9455975963190888,0.0003125527362242142,0.004800674788680779,0.9999999999999999,0.9998393796669511,0.00016062033304875545,7,7.0,0,0.0,0.03521149053722533,0.16709041308364395,0.0,7.0,6.0,1.0,3.5085031986236572,3.469904529518759,0.038598669104898065,"[7, 0, 0]",7,0
hamlet,intermediario,en,sbert,150,102,16583,11,0.5012147426605225,2.395825941834846,2.356458489683468,0.039367452151378046,0.36210857205712205,0.999137021959633,0.9951405388814686,0.00399648307816447,11,11.0,0,0.0,0.1998297392758081,0.1802187320908738,0.019611007184934304,5.0,8.0,-3.0,5.319263169463687,4.955046023569474,0.36421714589421317,"[5, 0, 0]",11,0
hamlet,intermediario,en,sbert,150,103,16734,25,0.5012147426605225,3.03381178025844,3.121979393788898,0.08816761353045788,-1.1728539679557453,0.9964819909578357,0.9861826216485363,0.010299369309299422,21,24.0,0,0.0,0.15950248959291552,0.15478241004943055,0.004720079543484967,15.0,16.0,-1.0,9.97114831794589,10.609207537450612,-0.6380592195047221,"[15, 0, 0]",21,0
hamlet,intermediario,en,sbert,150,104,16884,27,0.5012147426605225,3.161084319253844,3.1927902192798854,0.031705900026041345,-0.4131205518644818,0.9946604079100058,0.9833198180210749,0.01134058988893083,24,26.0,0,0.0,0.14612983857115286,0.1778234179980221,0.0,14.0,16.5,-2.5,10.995802993083677,11.295978921238222,-0.30017592815454464,"[14, 0, 0]",24,0
hamlet,intermediario,en,sbert,150,105,17042,23,0.5012147426605225,2.8274389394965156,3.036092702228088,0.20865376273157255,-2.9507242744417073,0.997961888548981,0.9835583082499707,0.014403580299010343,17,22.0,0,0.0,0.2074100770966512,0.16763247131082676,0.039777605785824455,11.0,15.0,-4.0,8.076571892936702,9.849212403863184,-1.7726405109264824,"[11, 0, 0]",17,0
hamlet,intermediario,en,sbert,150,106,17197,28,0.5012147426605225,2.8726763639107964,3.2297419447495326,0.3570655808387362,-5.584635110607366,0.9938778138358755,0.9849436767428297,0.008934137093045802,18,26.0,0,0.0,0.2488808584110888,0.14612983857115286,0.10275101983993595,8.0,17.5,-9.5,8.108335842920674,11.863969570797886,-3.7556337278772123,"[8, 0, 0]",18,0
hamlet,intermediario,en,sbert,150,107,17365,26,0.5012147426605225,2.979404788268436,3.1518310719197618,0.17242628365132573,-2.6180513139882535,0.9945497515149494,0.9849940918538158,0.009555659661133586,20,25.0,0,0.0,0.21579215108757224,0.1614053849220352,0.05438676616553703,13.0,15.0,-2.0,9.278119468933856,10.988022784475941,-1.7099033155420855,"[13, 0, 0]",20,0
hamlet,intermediario,en,sbert,150,108,17526,25,0.5012147426605225,2.8543205644742446,3.121979393788898,0.26765882931465335,-3.5605445973836423,0.9693936891442363,0.9861826216485363,0.016788932504300025,19,24.0,0,0.0,0.24179663437026166,0.15478241004943055,0.08701422432083111,8.0,16.0,-8.0,7.744912864328338,10.609207537450612,-2.8642946731222736,"[8, 0, 0]",19,0
hamlet,intermediario,en,sbert,150,109,17680,17,0.5012147426605225,2.6733995918839573,2.7583225454860463,0.08492295360208901,-1.2631710729695858,0.9872045912575219,0.9898995007011202,0.0026949094435982923,15,16.0,0,0.0,0.209836742181327,0.1778234179980221,0.03201332418330491,8.0,11.0,-3.0,6.481409957356172,7.431287473035049,-0.9498775156788763,"[8, 0, 0]",15,0
hamlet,intermediario,en,sbert,150,110,17837,18,0.5012147426605225,2.567877712191994,2.8119416416419374,0.24406392944994337,-3.1580847604833084,0.9730283928945032,0.9876645450010608,0.014636152106557665,14,17.0,0,0.0,0.2463060755457187,0.1809458541262671,0.06536022141945161,10.0,12.0,-2.0,6.05063727412133,7.889367106556339,-1.8387298324350088,"[10, 0, 0]",14,0
hamlet,intermediario,en,sbert,150,111,17989,13,0.5012147426605225,2.5619583972117415,2.5420460399640374,0.019912357247704016,0.24098490597674907,0.9988339106029153,0.9962711155636926,0.0025627950392226317,13,13.0,0,0.0,0.17960913422200203,0.19305347759354635,0.0,10.0,10.0,0.0,6.328175280781518,5.979901943062053,0.34827333771946467,"[10, 0, 0]",13,0
hamlet,intermediario,en,sbert,150,112,18152,11,0.5012147426605225,2.3978952727983707,2.356458489683468,0.04143678311490273,0.3811426329212636,1.0,0.9951405388814686,0.004859461118531416,11,11.0,0,0.0,0.25060737133026123,0.1802187320908738,0.07038863923938743,11.0,8.0,3.0,5.513362169265747,4.955046023569474,0.5583161456962733,"[11, 0, 0]",11,0
hamlet,intermediario,en,sbert,150,113,18311,11,0.5012147426605225,2.3919827220260403,2.356458489683468,0.035524232342572404,0.3267579775681276,0.9975342748119979,0.9951405388814686,0.0023937359305292727,11,11.0,0,0.0,0.17898531396372103,0.1802187320908738,0.0,4.0,8.0,-4.0,5.11959327020603,4.955046023569474,0.1645472466365563,"[4, 0, 0]",11,0
hamlet,intermediario,en,sbert,150,114,18480,17,0.5012147426605225,2.822490743553583,2.7583225454860463,0.0641681980675366,0.9544582255497673,0.9962153924888402,0.9898995007011202,0.006315891787719963,17,16.0,0,0.0,0.21105400917953077,0.1778234179980221,0.03323059118150867,14.0,11.0,3.0,8.167059231851724,7.431287473035049,0.735771758816675,"[14, 0, 0]",17,0
hamlet,intermediario,en,sbert,150,115,18631,8,0.5012147426605225,2.0549636214575684,2.0765110612130178,0.02154743975544937,-0.22190318939056297,0.9882286086280198,0.9998096302374492,0.01158102160942942,8,8.0,0,0.0,0.21554125666580998,0.15417131123112254,0.061369945434687434,4.0,6.0,-2.0,3.571766834905941,3.872884013980758,-0.30111717907481683,"[4, 0, 0]",8,0
hamlet,intermediario,en,sbert,150,116,18796,26,0.5012147426605225,3.0827910867318136,3.1518310719197618,0.06903998518794818,-1.0482753563519582,0.9973305553867312,0.9849940918538158,0.012336463532915398,22,25.0,0,0.0,0.15619239618711322,0.1614053849220352,0.0,7.0,15.0,-8.0,10.089571027792314,10.988022784475941,-0.8984517566836274,"[7, 0, 0]",22,0
hamlet,intermediario,en,sbert,150,117,18946,28,0.5012147426605225,3.0232764267341454,3.2297419447495326,0.20646551801538715,-3.2291955397381784,0.9930215620269284,0.9849436767428297,0.008077885284098696,21,26.0,0,0.0,0.21609401009489498,0.14612983857115286,0.06996417152374212,11.0,17.5,-6.5,9.341476596037884,11.863969570797886,-2.5224929747600022,"[11, 0, 0]",21,0
hamlet,intermediario,en,sbert,150,118,19101,15,0.5012147426605225,2.4626150162547575,2.6232998822292077,0.1606848659744502,-1.7421722421441657,0.9601027829617436,0.9882708359371232,0.02816805297537961,13,14.0,0,0.0,0.2164703449569946,0.18132209168395133,0.03514825327304327,7.0,10.0,-3.0,5.4240090500259335,6.4617408642977665,-1.037731814271833,"[7, 0, 0]",13,0
hamlet,intermediario,en,sbert,150,119,19256,11,0.5012147426605225,2.378677784025173,2.356458489683468,0.022219294341704998,0.20437687750920522,0.9919856846997448,0.9951405388814686,0.0031548541817237874,11,11.0,0,0.0,0.16548985360908985,0.1802187320908738,0.0,8.0,8.0,0.0,5.086976118710768,4.955046023569474,0.1319300951412945,"[8, 0, 0]",11,0
hamlet,intermediario,en,sbert,150,120,19417,9,0.5012147426605225,2.132710226135183,2.185017824700791,0.05230759856560807,-0.6698146908971723,0.9706382534282181,0.9975202064508077,0.026881953022589666,9,9.0,0,0.0,0.1778234179980221,0.19028658156753733,0.0,7.0,7.0,0.0,4.0156833006433335,4.194005293003206,-0.1783219923598729,"[7, 0, 0]",9,0
hamlet,intermediario,en,sbert,150,121,19579,15,0.5012147426605225,2.3855608988325385,2.6232998822292077,0.2377389833966692,-2.577605894852021,0.9948561665283081,0.9882708359371232,0.006585330591184935,11,14.0,0,0.0,0.23081081960779812,0.18132209168395133,0.04948872792384679,8.0,10.0,-2.0,5.184090934487388,6.4617408642977665,-1.2776499298103783,"[8, 0, 0]",11,0
hamlet,intermediario,en,sbert,150,122,19729,20,0.5012147426605225,2.889236058226759,2.9214159541612315,0.03217989593447257,-0.4492007537553463,0.9812518033722984,0.9802154855526938,0.0010363178196046707,19,19.0,0,0.0,0.1703486740733312,0.17352171571469993,0.0,14.0,12.0,2.0,8.84879177606895,8.614119362043361,0.2346724140255887,"[14, 0, 0]",19,0
hamlet,intermediario,en,sbert,150,123,19889,24,0.5012147426605225,2.8797838153599047,3.098190536025733,0.21840672066582822,-3.5586928506072466,0.9963368232797962,0.984943192402278,0.011393630877518213,18,23.0,0,0.0,0.2166374709497804,0.15950248959291552,0.05713498135686487,13.0,15.0,-2.0,8.489738240954335,10.494011340817991,-2.0042730998636564,"[13, 0, 0]",18,0
hamlet,intermediario,en,sbert,150,124,20040,12,0.5012147426605225,2.4846940873459094,2.469603497634327,0.015090589711582503,0.24646188959795445,0.9999144585805229,0.9977419433743375,0.0021725152061853326,12,12.0,0,0.0,0.2036045062292001,0.1612960083780175,0.0423084978511826,10.0,9.0,1.0,5.973792744530842,5.507751665326734,0.46604107920410787,"[10, 0, 0]",12,0
hamlet,intermediario,en,sbert,150,125,20193,8,0.5012147426605225,2.0677951927399114,2.0765110612130178,0.008715868473106347,-0.0897591098729873,0.9943992900466363,0.9998096302374492,0.005410340190812879,8,8.0,0,0.0,0.16630057991634842,0.15417131123112254,0.012129268685225875,6.0,6.0,0.0,3.7846848678877008,3.872884013980758,-0.08819914609305712,"[6, 0, 0]",8,0
hamlet,intermediario,en,sbert,150,126,20344,9,0.5012147426605225,2.196125265749552,2.185017824700791,0.011107441048761046,0.14223415711586787,0.9994996817357649,0.9975202064508077,0.0019794752849571218,9,9.0,0,0.0,0.14534119655114608,0.19028658156753733,0.0,7.0,7.0,0.0,4.404430386386402,4.194005293003206,0.21042509338319526,"[7, 0, 0]",9,0
hamlet,intermediario,en,sbert,150,127,20503,14,0.5012147426605225,2.484906649788001,2.5626794256325436,0.07777277584454279,-1.2065851404225514,1.0000000000000002,0.9965019660616112,0.003498033938388989,12,14.0,0,0.0,0.1803073443360854,0.1778234179980221,0.002483926338063297,12.0,11.0,1.0,6.0145769119262695,6.350405081217002,-0.3358281692907328,"[12, 0, 0]",12,0
hamlet,intermediario,en,sbert,150,128,20662,20,0.5012147426605225,2.8256757159631216,2.9214159541612315,0.09574023819810984,-1.3364427048142418,0.9973395480051273,0.9802154855526938,0.017124062452433475,17,19.0,0,0.0,0.16463521334063214,0.17352171571469993,0.0,12.0,12.0,0.0,8.020192387510168,8.614119362043361,-0.5939269745331934,"[12, 0, 0]",17,0
hamlet,intermediario,en,sbert,150,129,20819,12,0.5012147426605225,2.476148992907002,2.469603497634327,0.006545495272675339,0.10690206042907976,0.996475659606068,0.9977419433743375,0.0012662837682695383,12,12.0,0,0.0,0.14045844686587736,0.1612960083780175,0.0,9.0,9.0,0.0,5.683998544046684,5.507751665326734,0.17624687871995004,"[9, 0, 0]",12,0
hamlet,intermediario,en,sbert,150,130,20984,22,0.5012147426605225,2.896737187156934,3.012391640959831,0.11565445380289718,-1.4983679411057969,0.9837993613224715,0.9820957044995964,0.0017036568228750992,19,21.0,0,0.0,0.22345312455688426,0.1592127344944769,0.06424039006240737,8.0,14.0,-6.0,8.095022193938822,9.589449296581137,-1.4944271026423142,"[8, 0, 0]",19,0
hamlet,intermediario,en,sbert,150,131,21141,21,0.5012147426605225,2.6347325649457978,2.948381056878265,0.31364849193246735,-4.428704770745555,0.9983612464113877,0.9830224404478952,0.015338805963492463,14,20.0,0,0.0,0.23829901520507688,0.17782346465549637,0.06047555054958051,7.0,14.0,-7.0,6.586006346772847,8.962978460321498,-2.376972113548651,"[7, 0, 0]",14,0
hamlet,intermediario,en,sbert,150,132,21301,23,0.5012147426605225,3.024139892770506,3.036092702228088,0.011952809457582259,-0.16903335244252257,0.9933051749921875,0.9835583082499707,0.009746866742216809,21,22.0,0,0.0,0.16805488200660154,0.16763247131082676,0.0004224106957747831,12.0,15.0,-3.0,9.640905171764313,9.849212403863184,-0.20830723209887125,"[12, 0, 0]",21,0
hamlet,intermediario,en,sbert,150,133,21454,32,0.5012147426605225,3.0947142563653314,3.351729789650995,0.2570155332856636,-4.399516320790602,0.9869940887287736,0.9840261478836156,0.002967940845157946,23,30.0,0,0.0,0.22258606951683294,0.15259486336753555,0.06999120614929738,13.0,17.5,-4.5,10.059960586161543,13.259921293634665,-3.1999607074731227,"[13, 0, 0]",23,0
hamlet,intermediario,en,sbert,150,134,21604,25,0.5012147426605225,2.9021630473051703,3.121979393788898,0.21981634648372772,-2.9241176421987713,0.9856421096988608,0.9861826216485363,0.0005405119496755262,19,24.0,0,0.0,0.23409473510098264,0.15478241004943055,0.07931232505155209,7.0,16.0,-9.0,7.801725018370979,10.609207537450612,-2.807482519079633,"[7, 0, 0]",19,0
hamlet,intermediario,en,sbert,150,135,21766,12,0.5012147426605225,2.4780555989610464,2.469603497634327,0.008452101326719585,0.13804105100397937,0.997242934326109,0.9977419433743375,0.000499009048228527,12,12.0,0,0.0,0.12537666518102375,0.1612960083780175,0.0,9.0,9.0,0.0,5.71335764593687,5.507751665326734,0.20560598061013557,"[9, 0, 0]",12,0
hamlet,intermediario,en,sbert,150,136,21919,24,0.5012147426605225,2.8088465208641815,3.098190536025733,0.2893440151615514,-4.714536599342439,0.9717942037008681,0.984943192402278,0.013148988701409903,18,23.0,0,0.0,0.2366266338110956,0.15950248959291552,0.07712414421818009,10.0,15.0,-5.0,7.681725460612469,10.494011340817991,-2.812285880205522,"[10, 0, 0]",18,0
hamlet,intermediario,en,sbert,150,137,22086,18,0.5012147426605225,2.7074823671117887,2.8119416416419374,0.1044592745301487,-1.3516591481924176,0.9765178460816224,0.9876645450010608,0.011146698919438425,16,17.0,0,0.0,0.1878922733471353,0.1809458541262671,0.006946419220868194,12.0,12.0,0.0,7.444895426060644,7.889367106556339,-0.4444716804956945,"[12, 0, 0]",16,0
hamlet,intermediario,en,sbert,150,138,22286,5,0.5012147426605225,1.6070289205173376,1.6094379124341005,0.002408991916762915,-0.04438672577392499,0.9985032091650436,1.0000000000000002,0.001496790834956574,5,5.0,0,0.0,0.08260157096472426,0.0948355066929252,0.0,4.0,5.0,-1.0,2.423472142337888,2.5060737133026123,-0.08260157096472431,"[4, 0, 0]",5,0
hamlet,intermediario,en,sbert,150,139,22449,16,0.5012147426605225,2.560034770111104,2.694861392488364,0.13482662237725984,-1.4286070594517992,0.9980839437097907,0.986410704051331,0.011673239658459678,13,15.0,0,0.0,0.1850237081671817,0.17802556815150922,0.006998140015672477,7.0,10.0,-3.0,6.063780261609165,6.85681298835606,-0.7930327267468948,"[7, 0, 0]",13,0
hamlet,intermediario,en,sbert,150,140,22613,25,0.5012147426605225,2.9272005764106037,3.121979393788898,0.19477881737829428,-2.5910546933080125,0.9771235574859684,0.9861826216485363,0.009059064162567965,20,24.0,0,0.0,0.23715243234950875,0.15478241004943055,0.0823700223000782,10.0,16.0,-6.0,7.952928517587743,10.609207537450612,-2.6562790198628683,"[10, 0, 0]",20,0
hamlet,intermediario,en,sbert,150,141,22764,14,0.5012147426605225,2.478167678904309,2.5626794256325436,0.0845117467282348,-1.3111351200485335,0.9972880386133353,0.9965019660616112,0.0007860725517240263,12,14.0,0,0.0,0.19131214539176677,0.1778234179980221,0.013488727393744682,11.0,11.0,0.0,5.8232647665345025,6.350405081217002,-0.5271403146824998,"[11, 0, 0]",12,0
hamlet,intermediario,en,sbert,150,142,22920,13,0.5012147426605225,2.562269177411704,2.5420460399640374,0.020223137447666684,0.24474605471146627,0.9989550748664742,0.9962711155636926,0.0026839593027815356,13,13.0,0,0.0,0.18571082532986166,0.19305347759354635,0.0,11.0,10.0,1.0,6.37200717908112,5.979901943062053,0.39210523601906644,"[11, 0, 0]",13,0
hamlet,intermediario,en,sbert,150,143,23070,13,0.5012147426605225,2.5420955482130028,2.5420460399640374,4.950824896532424e-05,0.0005991626492819084,0.9910899569295388,0.9962711155636926,0.005181158634153804,13,13.0,0,0.0,0.1775036835027043,0.19305347759354635,0.0,11.0,10.0,1.0,6.15730272991035,5.979901943062053,0.1774007868482972,"[11, 0, 0]",13,0
hamlet,intermediario,en,sbert,150,144,23245,24,0.5012147426605225,3.082295007950797,3.098190536025733,0.015895528074935772,-0.2589998235606089,0.983033230388981,0.984943192402278,0.001909962013296962,23,23.0,1,0.0,0.1419628795985745,0.15950248959291552,0.0,11.0,15.0,-4.0,9.56167666443893,10.494011340817991,-0.9323346763790603,"[11, 0, 0]",23,0
hamlet,intermediario,en,sbert,150,145,23427,29,0.5012147426605225,3.030252465283987,3.246660167004516,0.21640770172052903,-2.7359667029472314,0.995312902850502,0.983792058232024,0.011520844618478021,21,27.0,0,0.0,0.1994545042943794,0.17170885820502982,0.027745646089349568,12.0,15.5,-3.5,9.584569224724808,11.944577706001212,-2.360008481276404,"[12, 0, 0]",21,0
hamlet,intermediario,en,sbert,150,146,23591,16,0.5012147426605225,2.7725013786782124,2.694861392488364,0.07763998618984846,0.822664177229031,0.9999684974692178,0.986410704051331,0.013557793417886765,16,15.0,0,0.0,0.24270638522595483,0.17802556815150922,0.06468081707444562,13.0,10.0,3.0,7.971445638723798,6.85681298835606,1.1146326503677386,"[13, 0, 0]",16,0
hamlet,intermediario,en,sbert,150,147,23765,22,0.5012147426605225,2.8300457910492787,3.012391640959831,0.18234584991055236,-2.362392166628491,0.9988819927685352,0.9820957044995964,0.016786288268938798,17,21.0,0,0.0,0.19271175006031327,0.1592127344944769,0.03349901556583637,12.0,14.0,-2.0,8.176808765480056,9.589449296581137,-1.412640531101081,"[12, 0, 0]",17,0
hamlet,intermediario,en,sbert,150,148,23918,13,0.5012147426605225,2.5544662775581797,2.5420460399640374,0.012420237594142236,0.15031318249266382,0.9959129485840095,0.9962711155636926,0.000358166979683161,13,13.0,0,0.0,0.14749791667486095,0.19305347759354635,0.0,6.0,10.0,-4.0,6.009931709942228,5.979901943062053,0.030029766880174336,"[6, 0, 0]",13,0
hamlet,intermediario,en,sbert,150,149,24085,24,0.5012147426605225,3.0064862149697706,3.098190536025733,0.09170432105596227,-1.4942191829846225,0.9726447502211826,0.984943192402278,0.012298442181095437,22,23.0,1,0.0,0.19347686925424742,0.15950248959291552,0.033974379661331905,10.0,15.0,-5.0,8.535344402560213,10.494011340817991,-1.9586669382577782,"[8, 1, 0]",22,0
hamlet,intermediario,en,sbert,150,150,24254,10,0.5012147426605225,2.3007853057366323,2.2922366760924264,0.008548629644205885,0.11966011068484504,0.9992183623255055,0.9981144160353004,0.00110394629020516,10,10.0,0,0.0,0.11709838451212079,0.1745416361003182,0.0,7.0,8.0,-1.0,4.886655849917907,4.742057235937338,0.14459861398056884,"[7, 0, 0]",10,0
hamlet,intermediario,en,sbert,150,151,24407,12,0.5012147426605225,2.3940379009235753,2.469603497634327,0.07556559671075158,-1.2341492353764194,0.9983913509824415,0.9977419433743375,0.0006494076081039468,11,12.0,0,0.0,0.17352171571469993,0.1612960083780175,0.012225707336682434,9.0,9.0,0.0,5.358682191729383,5.507751665326734,-0.14906947359735057,"[9, 0, 0]",11,0
hamlet,intermediario,en,sbert,150,152,24561,6,0.5012147426605225,1.7908932349589053,1.7899953705500318,0.0008978644088735166,0.011144064994201569,0.9995165454493047,0.9999709368336545,0.00045439138434977266,6,6.0,0,0.0,0.05114904970762166,0.19400901963653328,0.0,4.0,5.0,-1.0,2.922471953744618,2.9408534705228755,-0.01838151677825728,"[4, 0, 0]",6,0
hamlet,intermediario,en,sbert,150,153,24714,22,0.5012147426605225,2.9251405613349584,3.012391640959831,0.08725107962487266,-1.1303863901305586,0.976435907560162,0.9820957044995964,0.005659796939434414,20,21.0,0,0.0,0.17746872959732674,0.1592127344944769,0.018255995102849837,12.0,14.0,-2.0,8.747215134074452,9.589449296581137,-0.8422341625066849,"[12, 0, 0]",20,0
hamlet,intermediario,en,sbert,150,154,24874,16,0.5012147426605225,2.6365941753769477,2.694861392488364,0.05826721711141625,-0.6173925908123878,0.9990666537590263,0.986410704051331,0.012655949707695235,14,15.0,0,0.0,0.17701266809330227,0.17802556815150922,0.0,9.0,10.0,-1.0,6.785299327015379,6.85681298835606,-0.07151366134068038,"[9, 0, 0]",14,0
hamlet,intermediario,en,sbert,150,155,25047,12,0.5012147426605225,2.301128420109853,2.469603497634327,0.16847507752447388,-2.7515615194927556,0.9993673750044569,0.9977419433743375,0.0016254316301194116,10,12.0,0,0.0,0.1933857249949687,0.1612960083780175,0.0320897166169512,8.0,9.0,-1.0,4.904359935002986,5.507751665326734,-0.6033917303237484,"[8, 0, 0]",10,0
hamlet,intermediario,en,sbert,150,156,25216,19,0.5012147426605225,2.6253805421342276,2.8856070466787616,0.260226504544534,-3.350377681312707,0.9948175481723905,0.9918326660170051,0.0029848821553853933,14,18.5,0,0.0,0.2355409433612149,0.18837628169607465,0.047164661665140245,11.0,12.0,-1.0,6.560586637017767,8.447101503646785,-1.8865148666290175,"[11, 0, 0]",14,0
hamlet,intermediario,en,sbert,150,157,25366,9,0.5012147426605225,2.1972245773362196,2.185017824700791,0.012206752635428586,0.1563111759585477,1.0,0.9975202064508077,0.002479793549192255,9,9.0,0,0.0,0.20895507631219418,0.19028658156753733,0.018668494744656844,9.0,7.0,2.0,4.510932683944702,4.194005293003206,0.3169273909414958,"[9, 0, 0]",9,0
hamlet,intermediario,en,sbert,150,158,25533,11,0.5012147426605225,2.3025850929940455,2.356458489683468,0.05387339668942248,-0.4955367360849332,0.9999999999999998,0.9951405388814686,0.004859461118531194,10,11.0,0,0.0,0.22614788253189774,0.1802187320908738,0.04592915044102394,10.0,8.0,2.0,5.012147426605225,4.955046023569474,0.05710140303575084,"[10, 0, 0]",10,0
hamlet,intermediario,en,sbert,150,159,25701,12,0.5012147426605225,2.4378042229809207,2.469603497634327,0.03179927465340615,-0.5193507655242549,0.9810445890146021,0.9977419433743375,0.016697354359735406,12,12.0,0,0.0,0.181724091643848,0.1612960083780175,0.02042808326583051,8.0,9.0,-1.0,5.192065962564746,5.507751665326734,-0.3156857027619884,"[8, 0, 0]",12,0
hamlet,intermediario,en,sbert,150,160,25854,12,0.5012147426605225,2.3870832103308572,2.469603497634327,0.08252028730346961,-1.3477343382657254,0.9954910197329445,0.9977419433743375,0.00225092364139301,11,12.0,0,0.0,0.15950255764390595,0.1612960083780175,0.0,5.0,9.0,-4.0,4.808672394644461,5.507751665326734,-0.6990792706822733,"[5, 0, 0]",11,0
hamlet,intermediario,en,sbert,150,161,26005,18,0.5012147426605225,2.8202391788264585,2.8119416416419374,0.008297537184521087,0.1073666468905805,0.9954206889301238,0.9876645450010608,0.007756143929062986,17,17.0,0,0.0,0.15264897533530253,0.1809458541262671,0.0,12.0,12.0,0.0,7.864062368503225,7.889367106556339,-0.02530473805311395,"[12, 0, 0]",17,0
hamlet,intermediario,en,sbert,150,162,26162,21,0.5012147426605225,2.8149059739620266,2.948381056878265,0.13347508291623855,-1.8846630916181177,0.9935383016133972,0.9830224404478952,0.01051586116550196,17,20.0,0,0.0,0.1948763309275729,0.17782346465549637,0.017052866272076528,10.0,14.0,-4.0,7.637399767839869,8.962978460321498,-1.3255786924816286,"[10, 0, 0]",17,0
hamlet,intermediario,en,sbert,150,163,26323,25,0.5012147426605225,2.939901690948056,3.121979393788898,0.18207770284084202,-2.4220974993201634,0.9984590313297412,0.9861826216485363,0.012276409681204914,19,24.0,0,0.0,0.19969713629410016,0.15478241004943055,0.044914726244669606,12.0,16.0,-4.0,9.091096447101528,10.609207537450612,-1.518111090349084,"[12, 0, 0]",19,0
hamlet,intermediario,en,sbert,150,164,26476,19,0.5012147426605225,2.7003450423165867,2.8856070466787616,0.18526200436217488,-2.3852208509531923,0.9971547208458369,0.9918326660170051,0.005322054828831746,15,18.5,0,0.0,0.2117816449475058,0.18837628169607465,0.02340536325143114,13.0,12.0,1.0,7.185546549922854,8.447101503646785,-1.2615549537239303,"[13, 0, 0]",15,0
hamlet,intermediario,en,sbert,150,165,26641,14,0.5012147426605225,2.4795199228714204,2.5626794256325436,0.08315950276112316,-1.2901560890286776,0.9666935199552386,0.9965019660616112,0.029808446106372677,13,14.0,0,0.0,0.17306569541796724,0.1778234179980221,0.0,9.0,11.0,-2.0,5.703244237348389,6.350405081217002,-0.6471608438686136,"[9, 0, 0]",13,0
hamlet,intermediario,en,sbert,150,166,26806,14,0.5012147426605225,2.6253272642671304,2.5626794256325436,0.06264783863458678,0.9719333064204404,0.9947973599534764,0.9965019660616112,0.0017046061081348318,14,14.0,0,0.0,0.14645045377038235,0.1778234179980221,0.0,9.0,11.0,-2.0,6.409176015348155,6.350405081217002,0.05877093413115286,"[9, 0, 0]",14,0
hamlet,intermediario,en,sbert,150,167,26971,18,0.5012147426605225,2.6351683456355457,2.8119416416419374,0.1767732960063917,-2.287372220206299,0.97308696292373,0.9876645450010608,0.014577582077330842,15,17.0,0,0.0,0.19259431980066213,0.1809458541262671,0.011648465674395037,8.0,12.0,-4.0,6.716426639240545,7.889367106556339,-1.1729404673157937,"[8, 0, 0]",15,0
hamlet,intermediario,en,sbert,150,168,27124,20,0.5012147426605225,2.6338943945373186,2.9214159541612315,0.2875215596239129,-4.013527625041752,0.9980436442134084,0.9802154855526938,0.017828158660714633,14,19.0,0,0.0,0.2291209498418588,0.17352171571469993,0.055599234127158864,6.0,12.0,-6.0,6.449011015580663,8.614119362043361,-2.1651083464626986,"[6, 0, 0]",14,0
hamlet,intermediario,en,sbert,150,169,27279,30,0.5012147426605225,2.934343725510932,3.3052455988220006,0.3709018733110687,-5.794959197775896,0.9965714169229052,0.9863669116017155,0.01020450532118966,19,29.0,0,0.0,0.2341953492198567,0.1461298358726585,0.08806551334719823,13.0,18.0,-5.0,8.88499259927588,12.759584572841518,-3.8745919735656393,"[13, 0, 0]",19,0
hamlet,intermediario,en,sbert,150,170,27439,24,0.5012147426605225,2.8111887086407745,3.098190536025733,0.2870018273849584,-4.676373273278428,0.9922262700542311,0.984943192402278,0.007283077651953129,17,23.0,0,0.0,0.2366266338110956,0.15950248959291552,0.07712414421818009,11.0,15.0,-4.0,7.9560971408123615,10.494011340817991,-2.5379142000056296,"[11, 0, 0]",17,0
hamlet,intermediario,en,sbert,150,171,27590,20,0.5012147426605225,2.828073811594763,2.9214159541612315,0.09334214256646867,-1.3029675696707297,0.9981859705439283,0.9802154855526938,0.017970484991234548,17,19.0,0,0.0,0.17363580568525205,0.17352171571469993,0.00011408997055212255,10.0,12.0,-2.0,7.998026462672241,8.614119362043361,-0.6160928993711199,"[10, 0, 0]",17,0
hamlet,intermediario,en,sbert,150,172,27744,14,0.5012147426605225,2.555392553679188,2.5626794256325436,0.007286871953355423,-0.11305024571393697,0.9682974769069274,0.9965019660616112,0.028204489154683876,14,14.0,0,0.0,0.15363697871476767,0.1778234179980221,0.0,11.0,11.0,0.0,6.240699865905583,6.350405081217002,-0.1097052153114193,"[11, 0, 0]",14,0
hamlet,intermediario,en,sbert,150,173,27898,21,0.5012147426605225,2.8696321624441725,2.948381056878265,0.07874889443409261,-1.1119313927589223,0.9928245924091481,0.9830224404478952,0.009802151961252892,18,20.0,0,0.0,0.17766478066775454,0.17782346465549637,0.0,9.0,14.0,-5.0,8.086286951398474,8.962978460321498,-0.8766915089230238,"[9, 0, 0]",18,0
hamlet,intermediario,en,sbert,150,174,28055,12,0.5012147426605225,2.385936533058646,2.469603497634327,0.08366696457568068,-1.3664620522033228,0.960171495078981,0.9977419433743375,0.037570448295356496,12,12.0,0,0.0,0.15950255764390595,0.1612960083780175,0.0,5.0,9.0,-4.0,5.017433389007717,5.507751665326734,-0.4903182763190168,"[5, 0, 0]",12,0
hamlet,intermediario,en,sbert,150,175,28220,25,0.5012147426605225,2.990523857030843,3.121979393788898,0.1314555367580552,-1.748693672458038,0.9822636942912603,0.9861826216485363,0.0039189273572760586,21,24.0,1,0.0,0.1795425406461911,0.15478241004943055,0.02476013059676055,12.0,16.0,-4.0,9.087205209298535,10.609207537450612,-1.5220023281520767,"[10, 1, 0]",21,0
hamlet,intermediario,en,sbert,150,176,28378,15,0.5012147426605225,2.702596560596596,2.6232998822292077,0.0792966783673883,0.8597478742513561,0.997986137589549,0.9882708359371232,0.009715301652425845,15,14.0,0,0.0,0.17939251513944118,0.18132209168395133,0.0,12.0,10.0,2.0,7.207672621232621,6.4617408642977665,0.7459317569348549,"[12, 0, 0]",15,0
hamlet,intermediario,en,sbert,150,177,28559,17,0.5012147426605225,2.634486299489178,2.7583225454860463,0.12383624599686849,-1.8419797839502134,0.9982679307210249,0.9898995007011202,0.008368430019904727,14,16.0,0,0.0,0.17782344132675923,0.1778234179980221,2.3328737136507627e-08,10.0,11.0,-1.0,6.703786309675866,7.431287473035049,-0.7275011633591824,"[10, 0, 0]",14,0
hamlet,intermediario,en,sbert,150,178,28747,15,0.5012147426605225,2.393852885822706,2.6232998822292077,0.22944699640650157,-2.487702782453199,0.9983141936924764,0.9882708359371232,0.010043357755353255,11,14.0,0,0.0,0.2164703449569946,0.18132209168395133,0.03514825327304327,7.0,10.0,-3.0,5.3056133027308165,6.4617408642977665,-1.15612756156695,"[7, 0, 0]",11,0
hamlet,intermediario,en,sbert,150,179,28947,16,0.5012147426605225,2.4791731802545716,2.694861392488364,0.21568821223379242,-2.285406970854328,0.9394161894224572,0.986410704051331,0.04699451462887383,14,15.0,0,0.0,0.20424022576205692,0.17802556815150922,0.026214657610547698,9.0,10.0,-1.0,5.718248478300663,6.85681298835606,-1.1385645100553967,"[9, 0, 0]",14,0
hamlet,intermediario,en,sbert,150,180,29125,22,0.5012147426605225,2.8700028556360695,3.012391640959831,0.14238878532376154,-1.8447261137536528,0.9929528434519022,0.9820957044995964,0.010857138952305778,18,21.0,0,0.0,0.19271175006031327,0.1592127344944769,0.03349901556583637,14.0,14.0,0.0,8.371771634555937,9.589449296581137,-1.2176776620251992,"[14, 0, 0]",18,0
hamlet,intermediario,en,sbert,150,181,29303,20,0.5012147426605225,2.71335481735626,2.9214159541612315,0.20806113680497162,-2.904335665668439,0.9786358847930138,0.9802154855526938,0.00157960075968,16,19.0,1,0.0,0.2131014905824856,0.17352171571469993,0.03957977486778566,5.0,12.0,-7.0,6.476284539723002,8.614119362043361,-2.137834822320359,"[5, 0, 0]",16,0
hamlet,intermediario,en,sbert,150,182,29467,16,0.5012147426605225,2.5586395041089762,2.694861392488364,0.13622188837938776,-1.4433911341790855,0.9975399696160843,0.986410704051331,0.011129265564753243,13,15.0,0,0.0,0.18010079786550726,0.17802556815150922,0.002075229713998039,8.0,10.0,-2.0,6.098630483852436,6.85681298835606,-0.7581825045036235,"[8, 0, 0]",13,0
hamlet,intermediario,en,sbert,150,183,29621,24,0.5012147426605225,2.8227839168549647,3.098190536025733,0.27540661917076825,-4.487442344562749,0.976616211787789,0.984943192402278,0.008326980614488999,18,23.0,1,0.0,0.2366266338110956,0.15950248959291552,0.07712414421818009,8.0,15.0,-7.0,7.023797436740828,10.494011340817991,-3.4702139040771636,"[6, 1, 0]",18,0
hamlet,intermediario,en,sbert,150,184,29771,17,0.5012147426605225,2.6973350986988525,2.7583225454860463,0.06098744678719381,-0.9071467174448355,0.9960432408531436,0.9898995007011202,0.006143740152023347,15,16.0,0,0.0,0.15494844347499387,0.1778234179980221,0.0,10.0,11.0,-1.0,6.915585161033878,7.431287473035049,-0.5157023120011708,"[10, 0, 0]",15,0
hamlet,intermediario,en,sbert,150,185,29923,21,0.5012147426605225,2.702537111642385,2.948381056878265,0.24584394523588005,-3.471307151572332,0.997964184911498,0.9830224404478952,0.014941744463602746,15,20.0,0,0.0,0.22229656168533388,0.17782346465549637,0.04447309702983751,11.0,14.0,-3.0,7.134358528612163,8.962978460321498,-1.8286199317093352,"[11, 0, 0]",15,0
hamlet,intermediario,en,sbert,150,186,30124,22,0.5012147426605225,2.8153431070959667,3.012391640959831,0.19704853386386434,-2.5528736358626785,0.9936925904299656,0.9820957044995964,0.011596885930369227,17,21.0,0,0.0,0.22345312455688426,0.1592127344944769,0.06424039006240737,12.0,14.0,-2.0,8.026186132792382,9.589449296581137,-1.5632631637887542,"[12, 0, 0]",17,0
hamlet,intermediario,en,sbert,150,187,30285,18,0.5012147426605225,2.7672272692885995,2.8119416416419374,0.04471437235333786,-0.5785852019260163,0.9767098108209717,0.9876645450010608,0.010954734180089076,17,17.0,0,0.0,0.16466111093648506,0.1809458541262671,0.0,12.0,12.0,0.0,7.705309304593683,7.889367106556339,-0.18405780196265553,"[12, 0, 0]",17,0
hamlet,intermediario,en,sbert,150,188,30437,12,0.5012147426605225,2.443878813776802,2.469603497634327,0.02572468385752469,-0.42013959122944433,0.9834891841853703,0.9977419433743375,0.014252759188967179,12,12.0,0,0.0,0.1919260215740819,0.1612960083780175,0.0306300131960644,5.0,9.0,-4.0,5.100861335527462,5.507751665326734,-0.4068903297992721,"[5, 0, 0]",12,0
hamlet,intermediario,en,sbert,150,189,30608,27,0.5012147426605225,2.9748816505674767,3.1927902192798854,0.2179085687124087,-2.839298303739383,0.962420185247008,0.9833198180210749,0.020899632774066923,22,26.0,0,0.0,0.22593886605318775,0.1778234179980221,0.048115448055165655,12.0,16.5,-4.5,9.133556993157791,11.295978921238222,-2.1624219280804304,"[12, 0, 0]",22,0
hamlet,intermediario,en,sbert,150,190,30758,21,0.5012147426605225,2.829928945091753,2.948381056878265,0.11845211178651205,-1.6725393109390836,0.9611097275627344,0.9830224404478952,0.021912712885160834,19,20.0,1,0.0,0.19949949095375083,0.17782346465549637,0.021676026298254464,8.0,14.0,-6.0,7.227646745035146,8.962978460321498,-1.7353317152863523,"[6, 1, 0]",19,0
hamlet,intermediario,en,sbert,150,191,30914,35,0.5012147426605225,3.245559561987859,3.422200189874742,0.17664062788688284,-3.2188997111777042,0.9961520550765398,0.9837388695843097,0.012413185492230139,26,33.0,0,0.0,0.1905880662362578,0.1455483695666915,0.04503969666956628,13.0,18.0,-5.0,11.758446137897144,14.354941314568958,-2.596495176671814,"[13, 0, 0]",26,0
hamlet,intermediario,en,sbert,150,192,31065,33,0.5012147426605225,3.4230678013737537,3.3848393210586005,0.038228480315153135,0.5989744338012921,0.955225257676053,0.9866144090751634,0.03138915139911036,36,31.0,5,0.0,0.158024602211245,0.1686211593485835,0.0,13.0,19.0,-6.0,11.92837640679311,13.702312124096654,-1.7739357173035444,"[5, 4, 0]",36,0
hamlet,intermediario,en,sbert,150,193,31228,25,0.5012147426605225,3.182929031660405,3.121979393788898,0.06094963787150709,0.8107855227176819,0.9769290119295473,0.9861826216485363,0.009253609718989031,26,24.0,2,0.0,0.14500676506289709,0.15478241004943055,0.0,15.0,16.0,-1.0,11.05742469307741,10.609207537450612,0.4482171556267982,"[13, 1, 0]",26,0
hamlet,intermediario,en,sbert,150,194,31393,16,0.5012147426605225,2.670978634345565,2.694861392488364,0.023882758142799165,-0.25305890098258094,0.9863106057850934,0.986410704051331,0.00010009826623758045,15,15.0,0,0.0,0.1746788301045449,0.17802556815150922,0.0,10.0,10.0,0.0,6.578531128420314,6.85681298835606,-0.2782818599357455,"[10, 0, 0]",15,0
hamlet,intermediario,en,sbert,150,195,31546,19,0.5012147426605225,2.8313052841092787,2.8856070466787616,0.054301762569482825,-0.6991271457423819,0.9993265385570274,0.9918326660170051,0.007493872540022206,17,18.5,0,0.0,0.17782341987843933,0.18837628169607465,0.0,15.0,12.0,3.0,8.342564434752592,8.447101503646785,-0.10453706889419223,"[15, 0, 0]",17,0
hamlet,intermediario,en,sbert,150,196,31702,10,0.5012147426605225,2.3025850929940455,2.2922366760924264,0.010348416901619029,0.1448527732979926,0.9999999999999998,0.9981144160353004,0.0018855839646994,10,10.0,0,0.0,0.19558233408595738,0.1745416361003182,0.02104069798563918,10.0,8.0,2.0,5.012147426605225,4.742057235937338,0.27009019066788653,"[10, 0, 0]",10,0
hamlet,intermediario,en,sbert,150,197,31858,6,0.5012147426605225,1.7917594692280547,1.7899953705500318,0.0017640986780229628,0.021895544727892634,0.9999999999999999,0.9999709368336545,2.9063166345433267e-05,6,6.0,0,0.0,0.0664349854402593,0.19400901963653328,0.0,6.0,5.0,1.0,3.0072884559631348,2.9408534705228755,0.06643498544025928,"[6, 0, 0]",6,0
hamlet,intermediario,en,sbert,250,0,0,26,0.5012147426605225,2.7539774004913773,3.1518310719197618,0.39785367142838446,-6.040850067640626,0.8355927530570197,0.9849940918538158,0.14940133879679607,27,25.0,3,0.0,0.25060737133026123,0.1614053849220352,0.08920198640822602,3.0,15.0,-12.0,5.0167348270041465,10.988022784475941,-5.9712879574717945,"[3, 0, 0]",27,0
hamlet,intermediario,en,sbert,250,1,252,64,0.5012147426605225,3.7286982518541585,3.9911984995324215,0.26250024767826297,-5.2355101910227075,0.9531381197606419,0.9792132995120495,0.026075179751407607,50,59.0,5,1.0,0.21615018828445345,0.13333036222805644,0.08281982605639701,23.0,30.0,-7.0,17.662612804210784,24.63687150328417,-6.974258699073385,"[19, 2, 0]",50,0
hamlet,intermediario,en,sbert,250,2,520,41,0.5012147426605225,3.3252582414255527,3.5748744268894956,0.24961618546394293,-4.1365140948336565,0.95946671491596,0.984574755053197,0.025108040137236998,32,38.0,1,0.0,0.22975836252101056,0.1333303864262646,0.09642797609474596,11.0,21.0,-10.0,12.069666607591396,16.587395130287938,-4.517728522696542,"[11, 0, 0]",32,0
hamlet,intermediario,en,sbert,250,3,772,11,0.5012147426605225,2.184752056568644,2.356458489683468,0.17170643311482392,-1.5793852004733853,0.9943235111712174,0.9951405388814686,0.0008170277102511614,9,11.0,0,0.0,0.22129663108874292,0.1802187320908738,0.04107789899786912,6.0,8.0,-2.0,4.234595970378432,4.955046023569474,-0.7204500531910414,"[6, 0, 0]",9,0
hamlet,intermediario,en,sbert,250,4,1024,13,0.5012147426605225,2.5606558724064405,2.5420460399640374,0.018609832442403107,0.22522138718120238,0.9983260936351019,0.9962711155636926,0.002054978071409308,13,13.0,0,0.0,0.16995936714125248,0.19305347759354635,0.0,12.0,10.0,2.0,6.3544956462087745,5.979901943062053,0.37459370314672125,"[12, 0, 0]",13,0
hamlet,intermediario,en,sbert,250,5,1274,23,0.5012147426605225,3.016296138240226,3.036092702228088,0.019796563987862115,-0.2799575773031784,0.9907288252720832,0.9835583082499707,0.007170517022112466,21,22.0,0,0.0,0.16047785715731772,0.16763247131082676,0.0,11.0,15.0,-4.0,9.193527348457764,9.849212403863184,-0.6556850554054208,"[11, 0, 0]",21,0
hamlet,intermediario,en,sbert,250,6,1566,16,0.5012147426605225,2.7672012490187554,2.694861392488364,0.07233985653039143,0.7665046256953328,0.998056879775276,0.986410704051331,0.011646175723944996,16,15.0,0,0.0,0.1736670311371855,0.17802556815150922,0.0,8.0,10.0,-2.0,7.431139562154823,6.85681298835606,0.5743265737987633,"[8, 0, 0]",16,0
hamlet,intermediario,en,sbert,250,7,1872,17,0.5012147426605225,2.826416068661329,2.7583225454860463,0.06809352317528283,1.0128447620253933,0.9976008600237793,0.9898995007011202,0.00770135932265914,17,16.0,0,0.0,0.15736385368491884,0.1778234179980221,0.0,7.0,11.0,-4.0,7.893584964270259,7.431287473035049,0.46229749123521025,"[7, 0, 0]",17,0
hamlet,intermediario,en,sbert,250,8,2136,25,0.5012147426605225,2.986513806247597,3.121979393788898,0.1354655875413009,-1.8020375680735068,0.9809465580686597,0.9861826216485363,0.005236063579876604,21,24.0,0,0.0,0.1795425406461911,0.15478241004943055,0.02476013059676055,13.0,16.0,-3.0,9.371520622326152,10.609207537450612,-1.2376869151244598,"[13, 0, 0]",21,0
hamlet,intermediario,en,sbert,250,9,2391,8,0.5012147426605225,2.0718787134217473,2.0765110612130178,0.004632347791270419,-0.04770556320916366,0.9963630483923203,0.9998096302374492,0.0034465818451289154,8,8.0,0,0.0,0.158817030172679,0.15417131123112254,0.004645718941556465,5.0,6.0,-1.0,3.7542742005732763,3.872884013980758,-0.11860981340748156,"[5, 0, 0]",8,0
hamlet,intermediario,en,sbert,250,10,2644,21,0.5012147426605225,2.9935022031619365,2.948381056878265,0.045121146283671365,0.6371088685196965,0.9992555842150044,0.9830224404478952,0.01623314376710916,20,20.0,0,0.0,0.22338291313723724,0.17782346465549637,0.04555944848174087,16.0,14.0,2.0,9.855914598510765,8.962978460321498,0.8929361381892669,"[16, 0, 0]",20,0
hamlet,intermediario,en,sbert,250,11,2907,35,0.5012147426605225,3.2504638801437986,3.422200189874742,0.17173630973094323,-3.129528944754778,0.9862332428135201,0.9837388695843097,0.0024943732292104226,27,33.0,0,0.0,0.1905880662362578,0.1455483695666915,0.04503969666956628,14.0,18.0,-4.0,11.861074740180419,14.354941314568958,-2.493866574388539,"[14, 0, 0]",27,0
hamlet,intermediario,en,sbert,250,12,3167,30,0.5012147426605225,2.9814280993263873,3.3052455988220006,0.32381749949561334,-5.059314422844938,0.9645380625837615,0.9863669116017155,0.02182884901795401,22,29.0,1,0.0,0.2341953492198567,0.1461298358726585,0.08806551334719823,6.0,18.0,-12.0,8.63867990003639,12.759584572841518,-4.120904672805128,"[4, 1, 0]",22,0
hamlet,intermediario,en,sbert,250,13,3419,58,0.5012147426605225,3.569623777952635,3.887072945735248,0.317449167782613,-6.230281707000207,0.9813166262489676,0.9812357929215134,8.083332745423277e-05,38,53.0,0,1.0,0.2142388428297378,0.14402403415128445,0.07021480867845334,15.0,27.0,-12.0,15.614243898704602,22.08572136551674,-6.4714774668121375,"[15, 0, 0]",38,0
hamlet,intermediario,en,sbert,250,14,3676,29,0.5012147426605225,3.2073271800323773,3.246660167004516,0.039332986972138606,-0.4972731646224028,0.9964122117583407,0.983792058232024,0.012620153526316735,25,27.0,0,0.0,0.14502634372197226,0.17170885820502982,0.0,12.0,15.5,-3.5,11.343703126531272,11.944577706001212,-0.6008745794699397,"[12, 0, 0]",25,0
hamlet,intermediario,en,sbert,250,15,3934,11,0.5012147426605225,2.3953726649299365,2.356458489683468,0.03891417524646856,0.35793925339885324,0.9989479908080012,0.9951405388814686,0.0038074519265326456,11,11.0,0,0.0,0.2059489509143217,0.1802187320908738,0.025730218823447892,8.0,8.0,0.0,5.290921962797673,4.955046023569474,0.3358759392281989,"[8, 0, 0]",11,0
hamlet,intermediario,en,sbert,250,16,4191,19,0.5012147426605225,2.934824089756531,2.8856070466787616,0.04921704307776942,0.6336621358250047,0.9967345597996969,0.9918326660170051,0.004901893782691791,19,18.5,0,0.0,0.19181836703189895,0.18837628169607465,0.0034420853358242964,11.0,12.0,-1.0,8.990785212369296,8.447101503646785,0.5436837087225115,"[11, 0, 0]",19,0
hamlet,intermediario,en,sbert,250,17,4450,31,0.5012147426605225,3.179603514488882,3.3191573946748187,0.13955388018593684,-2.2485018745637593,0.9759083186711631,0.9861198649250766,0.010211546253913517,26,29.0,1,0.0,0.18724087174404205,0.15995742661932744,0.027283445124714617,14.0,19.0,-5.0,10.97216849302834,12.930979460850764,-1.9588109678224246,"[12, 1, 0]",26,0
hamlet,intermediario,en,sbert,250,18,4714,26,0.5012147426605225,3.0371253074278672,3.1518310719197618,0.11470576449189451,-1.7416461753435386,0.9825569701018277,0.9849940918538158,0.0024371217519880695,22,25.0,0,0.0,0.175672566856361,0.1614053849220352,0.014267181934325801,12.0,15.0,-3.0,9.77141067796102,10.988022784475941,-1.216612106514921,"[12, 0, 0]",22,0
hamlet,intermediario,en,sbert,250,19,4968,15,0.5012147426605225,2.55604560683539,2.6232998822292077,0.06725427539381768,-0.7291821233199335,0.9965286836559774,0.9882708359371232,0.008257847718854183,13,14.0,0,0.0,0.16237236534756305,0.18132209168395133,0.0,9.0,10.0,-1.0,5.9966913050606605,6.4617408642977665,-0.465049559237106,"[9, 0, 0]",13,0
hamlet,intermediario,en,sbert,250,20,5224,27,0.5012147426605225,3.1296819330899948,3.1927902192798854,0.06310828618989062,-0.8222863882298191,0.9847793964985624,0.9833198180210749,0.0014595784774874554,24,26.0,0,0.0,0.16311150833273022,0.1778234179980221,0.0,14.0,16.5,-2.5,10.811931521283286,11.295978921238222,-0.4840473999549353,"[14, 0, 0]",24,0
hamlet,intermediario,en,sbert,250,21,5490,42,0.5012147426605225,3.4093536046664172,3.5877283123623247,0.17837470769590746,-2.380553267088206,0.9750739973336395,0.9823180877329231,0.0072440903992835315,33,39.0,1,0.0,0.21733633161125646,0.15181928889743537,0.06551704271382108,14.0,22.5,-8.5,12.961785679233895,16.555694869964093,-3.593909190730198,"[12, 1, 0]",33,0
hamlet,intermediario,en,sbert,250,22,5749,28,0.5012147426605225,2.929655523528384,3.2297419447495326,0.3000864212211485,-4.693460400836066,0.9622709582390426,0.9849436767428297,0.022672718503787048,21,26.0,1,0.0,0.2436399664861953,0.14612983857115286,0.09751012791504243,3.0,17.5,-14.5,8.270627696087683,11.863969570797886,-3.5933418747102035,"[3, 0, 0]",21,0
hamlet,intermediario,en,sbert,250,23,6039,12,0.5012147426605225,2.478549181416789,2.469603497634327,0.008945683782461966,0.1461023174647126,0.9974415665185032,0.9977419433743375,0.0003003768558342834,12,12.0,0,0.0,0.12215751173459072,0.1612960083780175,0.0,7.0,9.0,-2.0,5.544675627588722,5.507751665326734,0.03692396226198813,"[7, 0, 0]",12,0
hamlet,intermediario,en,sbert,250,24,6327,25,0.5012147426605225,3.147011062288606,3.121979393788898,0.025031668499707838,0.33298498789800135,0.9659047930481721,0.9861826216485363,0.0202778286003642,26,24.0,2,0.0,0.13947611299489993,0.15478241004943055,0.0,10.0,16.0,-6.0,9.913113336487442,10.609207537450612,-0.6960942009631701,"[6, 2, 0]",26,0
hamlet,intermediario,en,sbert,250,25,6581,44,0.5012147426605225,3.4141189394491636,3.630651178821447,0.21653223937228328,-3.386567836445867,0.9602769912825114,0.9822896510417911,0.022012659759279685,35,41.0,4,1.0,0.22829881767141214,0.15948917728411216,0.06880964038729998,7.0,22.0,-15.0,11.750522570276473,17.55915430663422,-5.808631736357746,"[5, 1, 0]",35,0
hamlet,intermediario,en,sbert,250,26,6832,48,0.5012147426605225,3.513155075459191,3.721852740593633,0.20869766513444166,-3.1446973368718,0.9460312099387959,0.9846658633229749,0.03863465338417904,41,44.0,5,0.0,0.23019270465586952,0.1333303864262646,0.09686231822960492,19.0,24.0,-5.0,13.435142828910072,19.080775005346275,-5.645632176436203,"[11, 4, 0]",41,0
hamlet,intermediario,en,sbert,250,27,7109,24,0.5012147426605225,3.0319486256924333,3.098190536025733,0.06624191033329963,-1.079337723651663,0.9958700215589832,0.984943192402278,0.010926829156705176,21,23.0,0,0.0,0.1442241368340759,0.15950248959291552,0.0,13.0,15.0,-2.0,9.67276494604818,10.494011340817991,-0.8212463947698119,"[13, 0, 0]",21,0
hamlet,intermediario,en,sbert,250,28,7372,23,0.5012147426605225,2.848712144502518,3.036092702228088,0.18738055772557027,-2.6498844449336265,0.9509234752553319,0.9835583082499707,0.03263483299463876,20,22.0,3,0.0,0.23163712177437953,0.16763247131082676,0.06400465046355278,9.0,15.0,-6.0,7.4374216336548855,9.849212403863184,-2.411790770208299,"[9, 0, 0]",20,0
hamlet,intermediario,en,sbert,250,29,7629,36,0.5012147426605225,3.159230456434023,3.4592560779987265,0.30002562156470347,-5.154133474808,0.9585518291334851,0.9831357580859938,0.024583928952508716,27,34.0,0,0.0,0.2338374861129393,0.14987518459210833,0.08396230152083098,5.0,19.0,-14.0,9.571681798319563,14.814252513047155,-5.2425707147275915,"[5, 0, 0]",27,0
hamlet,intermediario,en,sbert,250,30,7918,22,0.5012147426605225,2.8265215750535084,3.012391640959831,0.1858700659063226,-2.4080503500530024,0.9976380991510059,0.9820957044995964,0.015542394651409497,17,21.0,0,0.0,0.19271175006031327,0.1592127344944769,0.03349901556583637,9.0,14.0,-5.0,7.793240008339234,9.589449296581137,-1.7962092882419025,"[9, 0, 0]",17,0
hamlet,intermediario,en,sbert,250,31,8176,16,0.5012147426605225,2.754010742212915,2.694861392488364,0.059149349724551215,0.6267395644017064,0.9932994100863766,0.986410704051331,0.006888706035045544,16,15.0,0,0.0,0.14612983857115286,0.17802556815150922,0.0,10.0,10.0,0.0,7.296262557130008,6.85681298835606,0.4394495687739486,"[10, 0, 0]",16,0
hamlet,intermediario,en,sbert,250,32,8455,29,0.5012147426605225,2.9813110654901256,3.246660167004516,0.2653491015143903,-3.3547156622821226,0.9508265237244794,0.983792058232024,0.03296553450754458,23,27.0,1,0.0,0.22444687451201215,0.17170885820502982,0.05273801630698233,12.0,15.5,-3.5,8.90078336607759,11.944577706001212,-3.043794339923622,"[10, 1, 0]",23,0
hamlet,intermediario,en,sbert,250,33,8716,18,0.5012147426605225,2.8309882119226217,2.8119416416419374,0.01904657028068435,0.2464546214529428,0.9992146259870396,0.9876645450010608,0.011550080985978761,17,17.0,0,0.0,0.20298067855498314,0.1809458541262671,0.022034824428716043,13.0,12.0,1.0,8.230634441356527,7.889367106556339,0.3412673348001878,"[13, 0, 0]",17,0
hamlet,intermediario,en,sbert,250,34,8972,21,0.5012147426605225,2.9925469494669765,2.948381056878265,0.0441658925887114,0.6236207226973585,0.9989367126978822,0.9830224404478952,0.015914272249986983,20,20.0,0,0.0,0.1847244745462166,0.17782346465549637,0.006901009890720233,12.0,14.0,-2.0,9.591847980452144,8.962978460321498,0.628869520130646,"[12, 0, 0]",20,0
hamlet,intermediario,en,sbert,250,35,9230,19,0.5012147426605225,2.7659065526871727,2.8856070466787616,0.11970049399158889,-1.5411261209285956,0.9975899167810182,0.9918326660170051,0.005757250764013011,16,18.5,0,0.0,0.19591015435575324,0.18837628169607465,0.0075338726596785865,9.0,12.0,-3.0,7.5978560950061205,8.447101503646785,-0.8492454086406642,"[9, 0, 0]",16,0
hamlet,intermediario,en,sbert,250,36,9481,43,0.5012147426605225,3.3190338718602144,3.6186729221876703,0.29963905032745597,-4.418750633848841,0.9856674433839531,0.9818655974664765,0.003801845917476565,29,40.0,0,0.0,0.21573665073397874,0.14502637121926898,0.07071027951470976,14.0,22.0,-8.0,12.794661873791904,17.082061531601283,-4.287399657809379,"[14, 0, 0]",29,0
hamlet,intermediario,en,sbert,250,37,9743,32,0.5012147426605225,3.172088659827877,3.351729789650995,0.1796411298231182,-3.0750440350375383,0.9981230114911502,0.9840261478836156,0.014096863607534593,24,30.0,0,0.0,0.18930986200961858,0.15259486336753555,0.036714998642083024,21.0,17.5,3.5,11.578943921113078,13.259921293634665,-1.6809773725215873,"[21, 0, 0]",24,0
hamlet,intermediario,en,sbert,250,38,10004,52,0.5012147426605225,3.5564690350061485,3.8132596887377,0.25679065373155163,-5.008657193105477,0.9777002877297238,0.980963598467991,0.0032633107382671334,38,49.0,1,1.0,0.215834650490435,0.1333303864262646,0.08250426406417039,19.0,25.0,-6.0,15.708542066728898,20.627833448897277,-4.91929138216838,"[19, 0, 0]",38,0
hamlet,intermediario,en,sbert,250,39,10259,35,0.5012147426605225,3.2652304624959227,3.422200189874742,0.1569697273788191,-2.8604393913663424,0.9907136169802264,0.9837388695843097,0.006974747395916747,27,33.0,0,0.0,0.20572383506936703,0.1455483695666915,0.060175465502675524,16.0,18.0,-2.0,12.048120717055442,14.354941314568958,-2.306820597513516,"[16, 0, 0]",27,0
hamlet,intermediario,en,sbert,250,40,10514,20,0.5012147426605225,2.8709336891903003,2.9214159541612315,0.05048226497093111,-0.7046844254063324,0.9932748897601973,0.9802154855526938,0.013059404207503511,18,19.0,0,0.0,0.17058490646067861,0.17352171571469993,0.0,10.0,12.0,-2.0,8.166098235070365,8.614119362043361,-0.44802112697299634,"[10, 0, 0]",18,0
hamlet,intermediario,en,sbert,250,41,10788,30,0.5012147426605225,3.0369568259736126,3.3052455988220006,0.26828877284838804,-4.191735344981276,0.997515008706762,0.9863669116017155,0.011148097105046495,21,29.0,0,0.0,0.22326795164511126,0.1461298358726585,0.07713811577245278,19.0,18.0,1.0,10.245359704304729,12.759584572841518,-2.5142248685367896,"[19, 0, 0]",21,0
hamlet,intermediario,en,sbert,250,42,11056,27,0.5012147426605225,3.076352676306076,3.1927902192798854,0.11643754297380937,-1.5171542826910986,0.9952476301202916,0.9833198180210749,0.011927812099216673,22,26.0,0,0.0,0.18427971188831346,0.1778234179980221,0.00645629389029137,18.0,16.5,1.5,10.482864554140658,11.295978921238222,-0.8131143670975636,"[18, 0, 0]",22,0
hamlet,intermediario,en,sbert,250,43,11326,41,0.5012147426605225,3.346744491900438,3.5748744268894956,0.22812993498905776,-3.7804547400714736,0.9938967827230912,0.984574755053197,0.009322027669894206,29,38.0,0,0.0,0.2141877307232552,0.1333303864262646,0.0808573442969906,18.0,21.0,-3.0,13.1745404483511,16.587395130287938,-3.412854681936837,"[18, 0, 0]",29,0
hamlet,intermediario,en,sbert,250,44,11576,30,0.5012147426605225,3.2615404650011706,3.3052455988220006,0.04370513382083008,-0.6828476355864428,0.9895940234916003,0.9863669116017155,0.0032271118898847817,27,29.0,0,0.0,0.14316630357352841,0.1461298358726585,0.0,14.0,18.0,-4.0,12.052579803894588,12.759584572841518,-0.7070047689469305,"[14, 0, 0]",27,0
hamlet,intermediario,en,sbert,250,45,11832,10,0.5012147426605225,2.3009724152797606,2.2922366760924264,0.008735739187334168,0.12227919111911048,0.9992996229675976,0.9981144160353004,0.001185206932297178,10,10.0,0,0.0,0.1223489545607806,0.1745416361003182,0.0,6.0,8.0,-2.0,4.806629331039401,4.742057235937338,0.06457209510206319,"[6, 0, 0]",10,0
hamlet,intermediario,en,sbert,250,46,12090,17,0.5012147426605225,2.8265622280287968,2.7583225454860463,0.06823968254275048,1.0150187830314659,0.9976524478675872,0.9898995007011202,0.007752947166467017,17,16.0,0,0.0,0.17526022574001474,0.1778234179980221,0.0,13.0,11.0,2.0,8.144165052061737,7.431287473035049,0.7128775790266886,"[13, 0, 0]",17,0
hamlet,intermediario,en,sbert,250,47,12376,27,0.5012147426605225,3.1249555388572166,3.1927902192798854,0.06783468042266882,-0.8838702130753752,0.9966389103770646,0.9833198180210749,0.013319092355989715,23,26.0,0,0.0,0.14862062937745096,0.1778234179980221,0.0,13.0,16.5,-3.5,10.608185664523202,11.295978921238222,-0.68779325671502,"[13, 0, 0]",23,0
hamlet,intermediario,en,sbert,250,48,12627,22,0.5012147426605225,3.078131036753506,3.012391640959831,0.06573939579367494,0.8516905305936459,0.9958229572063035,0.9820957044995964,0.01372725270670716,22,21.0,0,0.0,0.20344334262146035,0.1592127344944769,0.044230608126983456,15.0,14.0,1.0,10.425912304608255,9.589449296581137,0.8364630080271187,"[15, 0, 0]",22,0
hamlet,intermediario,en,sbert,250,49,12891,20,0.5012147426605225,2.9833991366393295,2.9214159541612315,0.06198318247809809,0.8652262998616556,0.9958830977575877,0.9802154855526938,0.015667612204893877,20,19.0,0,0.0,0.167948702360763,0.17352171571469993,0.0,10.0,12.0,-2.0,9.06874163348336,8.614119362043361,0.4546222714399981,"[10, 0, 0]",20,0
hamlet,intermediario,en,sbert,250,50,13148,27,0.5012147426605225,2.984174347783185,3.1927902192798854,0.20861587149670058,-2.718216606045586,0.996141869594677,0.9833198180210749,0.012822051573602056,20,26.0,0,0.0,0.20704320353190478,0.1778234179980221,0.029219785533882686,6.0,16.5,-10.5,8.71550108200521,11.295978921238222,-2.580477839233012,"[6, 0, 0]",20,0
hamlet,intermediario,en,sbert,250,51,13401,17,0.5012147426605225,2.832931451964318,2.7583225454860463,0.07460890647827156,1.1097566494310847,0.9801270179952021,0.9898995007011202,0.009772482705918129,18,16.0,1,0.0,0.15950254528439967,0.1778234179980221,0.0,9.0,11.0,-2.0,7.817756446676959,7.431287473035049,0.38646897364191,"[7, 1, 0]",18,0
hamlet,intermediario,en,sbert,250,52,13675,17,0.5012147426605225,2.69926267470561,2.7583225454860463,0.059059870780436174,-0.8784753376893087,0.9967550356367015,0.9898995007011202,0.006855534935581331,15,16.0,0,0.0,0.15647999795913076,0.1778234179980221,0.0,8.0,11.0,-3.0,6.960392958352473,7.431287473035049,-0.47089451468257604,"[8, 0, 0]",15,0
hamlet,intermediario,en,sbert,250,53,13925,33,0.5012147426605225,3.1177692718142627,3.3848393210586005,0.26707004924433786,-4.184527614298123,0.9943470014950627,0.9866144090751634,0.00773259241989932,23,31.0,0,0.0,0.23055729351635515,0.1686211593485835,0.06193613416777166,12.0,19.0,-7.0,10.414032706234124,13.702312124096654,-3.2882794178625296,"[12, 0, 0]",23,0
hamlet,intermediario,en,sbert,250,54,14179,30,0.5012147426605225,3.188775666906871,3.3052455988220006,0.11646993191512944,-1.8197225513872046,0.9906488601614317,0.9863669116017155,0.004281948559716198,25,29.0,0,0.0,0.18890369808404214,0.1461298358726585,0.042773862211383656,13.0,18.0,-5.0,10.799970229780449,12.759584572841518,-1.9596143430610695,"[13, 0, 0]",25,0
hamlet,intermediario,en,sbert,250,55,14429,15,0.5012147426605225,2.705904067429917,2.6232998822292077,0.08260418520070933,0.8956084175624499,0.9992074985643105,0.9882708359371232,0.010936662627187288,15,14.0,0,0.0,0.19756226863320153,0.18132209168395133,0.0162401769492502,8.0,10.0,-2.0,7.21259733898438,6.4617408642977665,0.7508564746866133,"[8, 0, 0]",15,0
hamlet,intermediario,en,sbert,250,56,14683,19,0.5012147426605225,2.890347606971151,2.8856070466787616,0.00474056029238934,0.06103401122932271,0.9999916443533785,0.9918326660170051,0.008158978336373357,18,18.5,0,0.0,0.24260230429775767,0.18837628169607465,0.05422602260168302,17.0,12.0,5.0,9.006751943396988,8.447101503646785,0.5596504397502038,"[17, 0, 0]",18,0
hamlet,intermediario,en,sbert,250,57,14946,19,0.5012147426605225,2.8808959109280474,2.8856070466787616,0.004711135750714135,-0.06065517461587317,0.9967215819410669,0.9918326660170051,0.00488891592406171,18,18.5,0,0.0,0.15950254528439967,0.18837628169607465,0.0,13.0,12.0,1.0,8.448625052954299,8.447101503646785,0.0015235493075138606,"[13, 0, 0]",18,0
hamlet,intermediario,en,sbert,250,58,15197,22,0.5012147426605225,2.970859355660639,3.012391640959831,0.04153228529919195,-0.5380739155901828,0.9758047169729955,0.9820957044995964,0.006290987526600844,21,21.0,1,0.0,0.16453943134493967,0.1592127344944769,0.005326696850462775,7.0,14.0,-7.0,8.745732691216382,9.589449296581137,-0.8437166053647545,"[7, 0, 0]",21,0
hamlet,intermediario,en,sbert,250,59,15465,46,0.5012147426605225,3.5718813265202325,3.6801997695009874,0.10831844298075488,-1.4498876682067157,0.9618451621137322,0.9838218506770189,0.021976688563286717,41,42.0,3,0.0,0.1738170085353475,0.1637589118168266,0.010058096718520898,21.0,23.0,-2.0,15.80721596266733,18.3527675100047,-2.5455515473373698,"[15, 3, 0]",41,0
hamlet,intermediario,en,sbert,250,60,15718,35,0.5012147426605225,3.2884215158058163,3.422200189874742,0.13377867406892552,-2.437831774454296,0.976576363300704,0.9837388695843097,0.007162506283605707,29,33.0,0,0.0,0.18185194986848333,0.1455483695666915,0.036303580301791816,19.0,18.0,1.0,12.670190563887319,14.354941314568958,-1.6847507506816388,"[19, 0, 0]",29,0
hamlet,intermediario,en,sbert,250,61,15969,29,0.5012147426605225,3.1659851993367267,3.246660167004516,0.08067496766778914,-1.0199453325624273,0.9962025089392845,0.983792058232024,0.012410450707260545,24,27.0,0,0.0,0.14900974731190555,0.17170885820502982,0.0,13.0,15.5,-2.5,11.178272013430101,11.944577706001212,-0.7663056925711107,"[13, 0, 0]",24,0
hamlet,intermediario,en,sbert,250,62,16232,20,0.5012147426605225,2.93255549389667,2.9214159541612315,0.011139539735438575,0.15549738432454793,0.9959640918511633,0.9802154855526938,0.015748606298469525,19,19.0,0,0.0,0.12992126731470127,0.17352171571469993,0.0,10.0,12.0,-2.0,8.871974868087555,8.614119362043361,0.25785550604419427,"[10, 0, 0]",19,0
hamlet,intermediario,en,sbert,250,63,16516,22,0.5012147426605225,3.0324988954175165,3.012391640959831,0.020107254457685464,0.2605006938547991,0.996050762458858,0.9820957044995964,0.013955057959261663,21,21.0,0,0.0,0.14612983857115286,0.1592127344944769,0.0,10.0,14.0,-4.0,9.80501838729877,9.589449296581137,0.21556909071763286,"[10, 0, 0]",21,0
hamlet,intermediario,en,sbert,250,64,16774,38,0.5012147426605225,3.444851581724654,3.5110682197475067,0.0662166380228526,-1.0625999429967323,0.9852264069693129,0.983414925358284,0.0018114816110288423,33,36.0,1,0.0,0.1503403564791623,0.1629203690632013,0.0,17.0,21.0,-4.0,14.219348054580843,15.633769782622926,-1.4144217280420825,"[15, 1, 0]",33,0
hamlet,intermediario,en,sbert,250,65,17025,45,0.5012147426605225,3.443974829347515,3.6530117579257997,0.2090369285782847,-3.4790760540121615,0.9766371887691165,0.9814221651697946,0.004784976400678098,34,41.0,2,1.0,0.20752559752909736,0.1333303864262646,0.07419521110283275,18.0,22.5,-4.5,14.09164654157508,17.823377628605243,-3.7317310870301625,"[16, 1, 0]",34,0
hamlet,intermediario,en,sbert,250,66,17277,38,0.5012147426605225,3.237856965738639,3.5110682197475067,0.2732112540088676,-4.3843099197469915,0.9937879151072873,0.983414925358284,0.010372989749003247,26,36.0,0,0.0,0.2286576551011443,0.1629203690632013,0.06573728603794302,13.0,21.0,-8.0,11.701677311327668,15.633769782622926,-3.932092471295258,"[13, 0, 0]",26,0
hamlet,intermediario,en,sbert,250,67,17527,32,0.5012147426605225,3.144398966794205,3.351729789650995,0.20733082285679005,-3.549028057956189,0.9768624631311942,0.9840261478836156,0.007163684752421462,25,30.0,0,0.0,0.22172262569836682,0.15259486336753555,0.06912776233083126,7.0,17.5,-10.5,10.112477799846426,13.259921293634665,-3.1474434937882396,"[7, 0, 0]",25,0
hamlet,intermediario,en,sbert,250,68,17781,32,0.5012147426605225,3.1777589672224402,3.351729789650995,0.17397082242855477,-2.9779813804681194,0.9872263299726873,0.9840261478836156,0.0032001820890716903,25,30.0,0,0.0,0.1999585103265486,0.15259486336753555,0.047363646959013045,15.0,17.5,-2.5,11.190924441101856,13.259921293634665,-2.068996852532809,"[15, 0, 0]",25,0
hamlet,intermediario,en,sbert,250,69,18034,18,0.5012147426605225,2.8570460966978564,2.8119416416419374,0.04510445505591898,0.5836327082950482,0.9884701125011804,0.9876645450010608,0.0008055675001196194,18,17.0,0,0.0,0.15711511849179843,0.1809458541262671,0.0,14.0,12.0,2.0,8.198419412217596,7.889367106556339,0.3090523056612575,"[14, 0, 0]",18,0
hamlet,intermediario,en,sbert,250,70,18291,15,0.5012147426605225,2.6993128024373374,2.6232998822292077,0.07601292020812966,0.8241448180439068,0.9967735462727698,0.9882708359371232,0.008502710335646646,15,14.0,0,0.0,0.15322416444285825,0.18132209168395133,0.0,4.0,10.0,-6.0,6.710925978700717,6.4617408642977665,0.24918511440295088,"[4, 0, 0]",15,0
hamlet,intermediario,en,sbert,250,71,18547,23,0.5012147426605225,3.1194026939467996,3.036092702228088,0.08330999171871145,1.1781470492060404,0.9948679471642458,0.9835583082499707,0.011309638914275055,23,22.0,0,0.0,0.19990170891996759,0.16763247131082676,0.03226923760914083,11.0,15.0,-4.0,10.600832499402678,9.849212403863184,0.7516200955394936,"[11, 0, 0]",23,0
hamlet,intermediario,en,sbert,250,72,18800,46,0.5012147426605225,3.541772720288473,3.6801997695009874,0.13842704921251459,-1.8529039568555137,0.9883504960111575,0.9838218506770189,0.004528645334138659,36,42.0,1,0.0,0.1738170085353475,0.1637589118168266,0.010058096718520898,11.0,23.0,-12.0,15.077800967128809,18.3527675100047,-3.274966542875891,"[9, 1, 0]",36,0
hamlet,intermediario,en,sbert,250,73,19055,25,0.5012147426605225,2.9897286855764764,3.121979393788898,0.13225070821242157,-1.7592714794113422,0.9672234305058588,0.9861826216485363,0.018959191142677523,22,24.0,1,0.0,0.1959211910806873,0.15478241004943055,0.04113878103125676,7.0,16.0,-9.0,8.826996443920518,10.609207537450612,-1.782211093530094,"[7, 0, 0]",22,0
hamlet,intermediario,en,sbert,250,74,19308,17,0.5012147426605225,2.7884906676469052,2.7583225454860463,0.030168122160858957,0.4487302622323341,0.9842148574857116,0.9898995007011202,0.005684643215408625,17,16.0,0,0.0,0.15740678141283734,0.1778234179980221,0.0,14.0,11.0,3.0,7.750148607670803,7.431287473035049,0.31886113463575416,"[14, 0, 0]",17,0
hamlet,intermediario,en,sbert,250,75,19579,33,0.5012147426605225,3.2068412227549654,3.3848393210586005,0.1779980983036351,-2.788923579231729,0.984268325180554,0.9866144090751634,0.002346083894609441,26,31.0,0,0.0,0.19261055809354663,0.1686211593485835,0.023989398744963142,18.0,19.0,-1.0,11.740822436848461,13.702312124096654,-1.9614896872481928,"[18, 0, 0]",26,0
hamlet,intermediario,en,sbert,250,76,19846,30,0.5012147426605225,3.1699172585460014,3.3052455988220006,0.13532834027599927,-2.1143657302168304,0.9974397627490615,0.9863669116017155,0.011072851147346019,24,29.0,0,0.0,0.1852934942639108,0.1461298358726585,0.039163658391252326,17.0,18.0,-1.0,11.483242809934964,12.759584572841518,-1.2763417629065543,"[17, 0, 0]",24,0
hamlet,intermediario,en,sbert,250,77,20102,17,0.5012147426605225,2.7927369128626305,2.7583225454860463,0.03441436737658421,0.5118902666567173,0.9857135957380333,0.9898995007011202,0.004185904963086906,17,16.0,0,0.0,0.14718699838213312,0.1778234179980221,0.0,8.0,11.0,-3.0,7.555098501606492,7.431287473035049,0.12381102857144377,"[8, 0, 0]",17,0
hamlet,intermediario,en,sbert,250,78,20359,17,0.5012147426605225,2.564132742905976,2.7583225454860463,0.19418980258007013,-2.888441003055094,0.9996816254663333,0.9898995007011202,0.009782124765213118,13,16.0,0,0.0,0.209836742181327,0.1778234179980221,0.03201332418330491,11.0,11.0,0.0,6.4092893570284915,7.431287473035049,-1.0219981160065572,"[11, 0, 0]",13,0
hamlet,intermediario,en,sbert,250,79,20613,28,0.5012147426605225,3.2112012133493057,3.2297419447495326,0.01854073140022683,-0.28998375959628303,0.9976157478770685,0.9849436767428297,0.01267207113423885,25,26.0,0,0.0,0.14612983857115286,0.14612983857115286,0.0,17.0,17.5,-0.5,11.781180834739907,11.863969570797886,-0.08278873605797976,"[17, 0, 0]",25,0
hamlet,intermediario,en,sbert,250,80,20884,31,0.5012147426605225,3.2707242223781425,3.3191573946748187,0.04843317229667621,-0.7803586582834426,0.9815496655114279,0.9861198649250766,0.004570199413648779,28,29.0,0,0.0,0.19178030226019868,0.15995742661932744,0.031822875640871245,9.0,19.0,-10.0,11.134006320303897,12.930979460850764,-1.7969731405468679,"[9, 0, 0]",28,0
hamlet,intermediario,en,sbert,250,81,21141,33,0.5012147426605225,3.1930493277099177,3.3848393210586005,0.19178999334868285,-3.0050188165404377,0.9919765475391271,0.9866144090751634,0.005362138463963717,25,31.0,0,0.0,0.22081464978905307,0.1686211593485835,0.052193490440469587,11.0,19.0,-8.0,10.899265181257778,13.702312124096654,-2.8030469428388756,"[11, 0, 0]",25,0
hamlet,intermediario,en,sbert,250,82,21392,46,0.5012147426605225,3.497967588408835,3.6801997695009874,0.18223218109215233,-2.4392539704699083,0.9919483739654167,0.9838218506770189,0.008126523288397802,34,42.0,0,0.0,0.20352239378190487,0.1637589118168266,0.03976348196507826,14.0,23.0,-9.0,15.16952754982481,18.3527675100047,-3.1832399601798897,"[14, 0, 0]",34,0
hamlet,intermediario,en,sbert,250,83,21644,30,0.5012147426605225,3.1470702132830373,3.3052455988220006,0.15817538553896338,-2.4713272464979212,0.9659229481254515,0.9863669116017155,0.020443963476263982,26,29.0,2,0.0,0.22036039253957174,0.1461298358726585,0.07423055666691325,10.0,18.0,-8.0,9.53008960098807,12.759584572841518,-3.2294949718534482,"[8, 1, 0]",26,0
hamlet,intermediario,en,sbert,250,84,21901,39,0.5012147426605225,3.277651843831737,3.5344417179961756,0.25678987416443855,-4.855126314977074,0.9836286559912859,0.9836921436043466,6.348761306074202e-05,28,37.0,0,0.0,0.225991612688727,0.1353135944454959,0.0906780182432311,13.0,21.0,-8.0,12.073886377854198,15.994478354079494,-3.920591976225296,"[13, 0, 0]",28,0
hamlet,intermediario,en,sbert,250,85,22156,10,0.5012147426605225,2.3009053053308635,2.2922366760924264,0.008668629238437031,0.12133981437133798,0.9992704774871107,0.9981144160353004,0.001156061451810353,10,10.0,0,0.0,0.13068760717485003,0.1745416361003182,0.0,8.0,8.0,0.0,4.9173852529459445,4.742057235937338,0.17532801700860645,"[8, 0, 0]",10,0
hamlet,intermediario,en,sbert,250,86,22421,28,0.5012147426605225,3.1147024809900987,3.2297419447495326,0.11503946375943386,-1.7992589117866653,0.9933689129983326,0.9849436767428297,0.008425236255502955,23,26.0,0,0.0,0.18880868782314925,0.14612983857115286,0.04267884925199639,12.0,17.5,-5.5,10.24847264784664,11.863969570797886,-1.6154969229512464,"[12, 0, 0]",23,0
hamlet,intermediario,en,sbert,250,87,22672,31,0.5012147426605225,3.1289596751269486,3.3191573946748187,0.19019771954787013,-3.0644789551629703,0.9845521322665507,0.9861198649250766,0.0015677326585259443,24,29.0,0,0.0,0.22618206624922885,0.15995742661932744,0.06622463962990141,13.0,19.0,-6.0,10.155716107786215,12.930979460850764,-2.775263353064549,"[13, 0, 0]",24,0
hamlet,intermediario,en,sbert,250,88,22927,18,0.5012147426605225,2.8849445159466818,2.8119416416419374,0.07300287430474439,0.9446265383536594,0.9981223031484943,0.9876645450010608,0.010457758147433438,18,17.0,0,0.0,0.1776835468117102,0.1809458541262671,0.0,13.0,12.0,1.0,8.573325294253129,7.889367106556339,0.6839581876967902,"[13, 0, 0]",18,0
hamlet,intermediario,en,sbert,250,89,23179,32,0.5012147426605225,3.3494058772290756,3.351729789650995,0.0023239124219194274,-0.0397800494686787,0.9847725672399026,0.9840261478836156,0.0007464193562869426,30,30.0,1,0.0,0.1293822651428128,0.15259486336753555,0.0,14.0,17.5,-3.5,12.484461382228314,13.259921293634665,-0.775459911406351,"[14, 0, 0]",30,0
hamlet,intermediario,en,sbert,250,90,23432,38,0.5012147426605225,3.3560007608958133,3.5110682197475067,0.15506745885169337,-2.4884179846097094,0.9867115560508122,0.983414925358284,0.0032966306925281685,30,36.0,0,0.0,0.18984290790574446,0.1629203690632013,0.02692253884254317,19.0,21.0,-2.0,13.441066764182633,15.633769782622926,-2.1927030184402927,"[19, 0, 0]",30,0
hamlet,intermediario,en,sbert,250,91,23689,30,0.5012147426605225,3.213916045645143,3.3052455988220006,0.09132955317685765,-1.4269300650501722,0.986439784131391,0.9863669116017155,7.287252967547175e-05,26,29.0,1,0.0,0.16676830028658257,0.1461298358726585,0.020638464413924085,13.0,18.0,-5.0,11.38639569175191,12.759584572841518,-1.3731888810896091,"[11, 1, 0]",26,0
hamlet,intermediario,en,sbert,250,92,23946,25,0.5012147426605225,3.1370091071707993,3.121979393788898,0.015029713381901288,0.19993349339223002,0.9870849502971909,0.9861826216485363,0.0009023286486545823,24,24.0,1,0.0,0.16234119309749706,0.15478241004943055,0.007558783048066509,11.0,16.0,-5.0,10.595218233887321,10.609207537450612,-0.013989303563290534,"[9, 1, 0]",24,0
hamlet,intermediario,en,sbert,250,93,24204,22,0.5012147426605225,3.044087511181809,3.012391640959831,0.03169587022197806,0.4106376732105765,0.9708477520759023,0.9820957044995964,0.01124795242369403,23,21.0,2,0.0,0.16678864745326447,0.1592127344944769,0.007575912958787567,9.0,14.0,-5.0,9.312234457591641,9.589449296581137,-0.2772148389894955,"[9, 0, 0]",23,0
hamlet,intermediario,en,sbert,250,94,24459,14,0.5012147426605225,2.481201299273421,2.5626794256325436,0.08147812635912244,-1.2640708199858657,0.9985088572583218,0.9965019660616112,0.002006891196710603,12,14.0,0,0.0,0.17306569541796724,0.1778234179980221,0.0,7.0,11.0,-4.0,5.756015220261075,6.350405081217002,-0.5943898609559275,"[7, 0, 0]",12,0
hamlet,intermediario,en,sbert,250,95,24709,33,0.5012147426605225,3.3536534726222276,3.3848393210586005,0.031185848436372954,-0.48862852396424317,0.9766062809558538,0.9866144090751634,0.010008128119309623,31,31.0,1,0.0,0.14905913928137146,0.1686211593485835,0.0,19.0,19.0,0.0,13.358164983969793,13.702312124096654,-0.34414714012686076,"[17, 1, 0]",31,0
hamlet,intermediario,en,sbert,250,96,24961,18,0.5012147426605225,2.634951034072429,2.8119416416419374,0.17699060756950846,-2.2901841405802053,0.9984440294279517,0.9876645450010608,0.010779484426890917,14,17.0,0,0.0,0.19259431980066213,0.1809458541262671,0.011648465674395037,8.0,12.0,-4.0,6.624613359149722,7.889367106556339,-1.2647537474066173,"[8, 0, 0]",14,0
hamlet,intermediario,en,sbert,250,97,25216,26,0.5012147426605225,2.93409473895086,3.1518310719197618,0.2177363329689017,-3.3060208719973425,0.9964868552927156,0.9849940918538158,0.011492763438899822,19,25.0,0,0.0,0.2170912869782095,0.1614053849220352,0.0556859020561743,16.0,15.0,1.0,9.06666035032038,10.988022784475941,-1.9213624341555615,"[16, 0, 0]",19,0
hamlet,intermediario,en,sbert,250,98,25466,14,0.5012147426605225,2.5612879930252994,2.5626794256325436,0.0013914326072441696,-0.021587012801961448,0.9985725392879254,0.9965019660616112,0.0020705732263142096,13,14.0,0,0.0,0.17558769415077857,0.1778234179980221,0.0,11.0,11.0,0.0,6.348430727736886,6.350405081217002,-0.0019743534801159868,"[11, 0, 0]",13,0
hamlet,intermediario,en,sbert,250,99,25718,20,0.5012147426605225,2.9135750146999646,2.9214159541612315,0.00784093946126685,-0.10945206048283126,0.9895178794042412,0.9802154855526938,0.009302393851547408,19,19.0,0,0.0,0.1531147392018513,0.17352171571469993,0.0,14.0,12.0,2.0,8.621129327454305,8.614119362043361,0.007009965410944119,"[14, 0, 0]",19,0
hamlet,intermediario,en,sbert,250,100,25974,30,0.5012147426605225,3.199917903405239,3.3052455988220006,0.10532769541676146,-1.6456365989394555,0.9941103905542124,0.9863669116017155,0.0077434789524968295,25,29.0,0,0.0,0.17047493618790038,0.1461298358726585,0.024345100315241897,13.0,18.0,-5.0,10.897329236165586,12.759584572841518,-1.8622553366759327,"[13, 0, 0]",25,0
hamlet,intermediario,en,sbert,250,101,26226,37,0.5012147426605225,3.3232863992346355,3.487718201639838,0.16443180240520228,-2.2402837377821125,0.9973236603835881,0.9854292338711343,0.01189442651245376,28,34.0,0,0.0,0.1808279119361345,0.15534669281151423,0.025481219124620286,16.0,20.0,-4.0,13.2053625798336,15.240789427493233,-2.0354268476596324,"[16, 0, 0]",28,0
hamlet,intermediario,en,sbert,250,102,26476,27,0.5012147426605225,3.1283704558951455,3.1927902192798854,0.06441976338473987,-0.8393746330690701,0.9977280264151618,0.9833198180210749,0.014408208394086852,23,26.0,0,0.0,0.15003500985402057,0.1778234179980221,0.0,15.0,16.5,-1.5,10.873620512910447,11.295978921238222,-0.42235840832777427,"[15, 0, 0]",23,0
hamlet,intermediario,en,sbert,250,103,26742,21,0.5012147426605225,2.932695171676852,2.948381056878265,0.015685885201413008,-0.22148410214522024,0.9789576984453439,0.9830224404478952,0.004064742002551358,20,20.0,0,0.0,0.14068021264364583,0.17782346465549637,0.0,8.0,14.0,-6.0,8.424709596507858,8.962978460321498,-0.5382688638136397,"[8, 0, 0]",20,0
hamlet,intermediario,en,sbert,250,104,26993,37,0.5012147426605225,3.222921806631247,3.487718201639838,0.26479639500859076,-3.6076905372552566,0.9672040826995307,0.9854292338711343,0.018225151171603615,28,34.0,2,0.0,0.2268983194738677,0.15534669281151423,0.07155162666235348,11.0,20.0,-9.0,11.150247297765333,15.240789427493233,-4.0905421297279005,"[7, 2, 0]",28,0
hamlet,intermediario,en,sbert,250,105,27279,39,0.5012147426605225,3.2101829979545853,3.5344417179961756,0.3242587200415903,-6.130759827105082,0.9972994214792454,0.9836921436043466,0.013607277874898793,25,37.0,0,0.0,0.2319972445852964,0.1353135944454959,0.09668365013980051,16.0,21.0,-5.0,11.659810098969624,15.994478354079494,-4.33466825510987,"[16, 0, 0]",25,0
hamlet,intermediario,en,sbert,250,106,27531,40,0.5012147426605225,3.406524605131916,3.5418439410286653,0.1353193358967495,-2.076304237290103,0.9920027077219853,0.9814805599633014,0.010522147758683875,31,37.0,0,0.0,0.18390193430408092,0.17782337510140273,0.006078559202678191,14.0,21.0,-7.0,13.527369890959172,15.849197399423979,-2.321827508464807,"[14, 0, 0]",31,0
hamlet,intermediario,en,sbert,250,107,27783,29,0.5012147426605225,3.2037643465319308,3.246660167004516,0.04289582047258511,-0.5423168194825009,0.9833239467107548,0.983792058232024,0.00046811152126913225,26,27.0,0,0.0,0.15633046812478585,0.17170885820502982,0.0,15.0,15.5,-0.5,11.678253138273117,11.944577706001212,-0.26632456772809476,"[15, 0, 0]",26,0
hamlet,intermediario,en,sbert,250,108,28034,25,0.5012147426605225,3.081001582301272,3.121979393788898,0.040977811487625804,-0.54510933070454,0.9694617356320714,0.9861826216485363,0.01672088601646493,24,24.0,1,0.0,0.14612983857115286,0.15478241004943055,0.0,3.0,16.0,-13.0,9.437985710616468,10.609207537450612,-1.1712218268341434,"[3, 0, 0]",24,0
hamlet,intermediario,en,sbert,250,109,28284,28,0.5012147426605225,3.2077580643274577,3.2297419447495326,0.021983880422074886,-0.34383585834323693,0.9845497292340536,0.9849436767428297,0.0003939475087760824,26,26.0,0,0.0,0.14612983857115286,0.14612983857115286,0.0,15.0,17.5,-2.5,11.489859165149714,11.863969570797886,-0.3741104056481728,"[15, 0, 0]",26,0
hamlet,intermediario,en,sbert,250,110,28559,25,0.5012147426605225,2.9409257030094413,3.121979393788898,0.18105369077945666,-2.408475529059899,0.981705117300242,0.9861826216485363,0.004477504348294303,20,24.0,0,0.0,0.19969713629410016,0.15478241004943055,0.044914726244669606,14.0,16.0,-2.0,9.186453005436443,10.609207537450612,-1.422754532014169,"[14, 0, 0]",20,0
hamlet,intermediario,en,sbert,250,111,28811,19,0.5012147426605225,2.634041989094314,2.8856070466787616,0.2515650575844477,-3.2388628352990847,0.9726710339498973,0.9918326660170051,0.01916163206710786,15,18.5,0,0.0,0.2302271447757413,0.18837628169607465,0.04185086307966665,11.0,12.0,-1.0,6.735605927629342,8.447101503646785,-1.7114955760174428,"[11, 0, 0]",15,0
hamlet,intermediario,en,sbert,250,112,29070,28,0.5012147426605225,3.0266476744493076,3.2297419447495326,0.20309427030022498,-3.176468003490005,0.9941288777994747,0.9849436767428297,0.009185201056644998,21,26.0,0,0.0,0.21942772856478884,0.14612983857115286,0.07329788999363598,14.0,17.5,-3.5,9.698532691835242,11.863969570797886,-2.1654368789626446,"[14, 0, 0]",21,0
hamlet,intermediario,en,sbert,250,113,29322,22,0.5012147426605225,2.8248296686635688,3.012391640959831,0.18756197229626226,-2.4299699407879864,0.9970409304296708,0.9820957044995964,0.014945225930074413,17,21.0,0,0.0,0.19271175006031327,0.1592127344944769,0.03349901556583637,6.0,14.0,-8.0,7.700238416996608,9.589449296581137,-1.889210879584529,"[6, 0, 0]",17,0
hamlet,intermediario,en,sbert,250,114,29574,45,0.5012147426605225,3.3423953035218004,3.6530117579257997,0.3106164544039993,-5.169700281423749,0.9733278269517961,0.9814221651697946,0.008094338217998542,31,41.0,1,1.0,0.2236993774367706,0.1333303864262646,0.090368991010506,14.0,22.5,-8.5,12.129621661324917,17.823377628605243,-5.693755967280326,"[12, 1, 0]",31,0
hamlet,intermediario,en,sbert,250,115,29840,29,0.5012147426605225,3.085550206596986,3.246660167004516,0.16110996040752967,-2.036856746241824,0.998223173300204,0.983792058232024,0.014431115068180067,22,27.0,0,0.0,0.181533322734321,0.17170885820502982,0.009824464529291171,15.0,15.5,-0.5,10.372749110988234,11.944577706001212,-1.5718285950129776,"[15, 0, 0]",22,0
hamlet,intermediario,en,sbert,250,116,30124,34,0.5012147426605225,3.2369129616909396,3.3928471692983546,0.15593420760741505,-2.351304616770527,0.9821217169693155,0.9850583724506687,0.0029366554813532453,27,31.0,0,0.0,0.20132439865298257,0.17718399190400586,0.024140406748976717,17.0,19.0,-2.0,11.916721464088155,13.712167838170648,-1.795446374082493,"[17, 0, 0]",27,0
hamlet,intermediario,en,sbert,250,117,30377,21,0.5012147426605225,3.0116343193920945,2.948381056878265,0.06325326251382934,0.8931336597037829,0.9891976101329307,0.9830224404478952,0.006175169685035509,21,20.0,0,0.0,0.1333303864262646,0.17782346465549637,0.0,7.0,14.0,-7.0,8.878956337407395,8.962978460321498,-0.08402212291410294,"[7, 0, 0]",21,0
hamlet,intermediario,en,sbert,250,118,30643,44,0.5012147426605225,3.4427567940709483,3.630651178821447,0.18789438475049858,-2.938671312361967,0.9534298140690398,0.9822896510417911,0.028859836972751296,37,41.0,3,1.0,0.20517359276755573,0.15948917728411216,0.04568441548344357,15.0,22.0,-7.0,13.222586377147746,17.55915430663422,-4.336567929486474,"[9, 3, 0]",37,0
hamlet,intermediario,en,sbert,250,119,30894,52,0.5012147426605225,3.6904206788111873,3.8132596887377,0.12283900992651287,-2.3959535976943056,0.975220862541716,0.980963598467991,0.0057427359262749444,44,49.0,4,1.0,0.17057424804939453,0.1333303864262646,0.037243861623129926,20.0,25.0,-5.0,17.429016325274677,20.627833448897277,-3.1988171236226,"[14, 3, 0]",44,0
hamlet,intermediario,en,sbert,250,120,31144,43,0.5012147426605225,3.6746875743361267,3.6186729221876703,0.056014652148456356,0.8260431322797249,0.9544277140710137,0.9818655974664765,0.027437883395462825,47,40.0,6,0.0,0.1266761553257596,0.14502637121926898,0.0,16.0,22.0,-6.0,16.13311121087251,17.082061531601283,-0.9489503207287733,"[10, 3, 0]",47,0
hamlet,intermediario,en,sbert,250,121,31408,30,0.5012147426605225,3.287785302333026,3.3052455988220006,0.017460296488974514,-0.2727991229362645,0.9975570503035655,0.9863669116017155,0.011190138701849928,27,29.0,0,0.0,0.13949460607581216,0.1461298358726585,0.0,17.0,18.0,-1.0,12.654030349461408,12.759584572841518,-0.10555422338011056,"[17, 0, 0]",27,0
hamlet,intermediario,en,sbert,250,122,31661,17,0.5012147426605225,2.7080052875975507,2.7583225454860463,0.050317257888495615,-0.7484349276605338,0.9999834148182921,0.9898995007011202,0.01008391411717191,15,16.0,0,0.0,0.18133817382287587,0.1778234179980221,0.003514755824853777,14.0,11.0,3.0,7.499329836934807,7.431287473035049,0.06804236389975848,"[14, 0, 0]",15,0
hamlet,intermediario,en,sbert,400,0,0,71,0.5012147426605225,3.792976431094332,4.105264630913078,0.3122881998187461,-5.8273611058524954,0.9226691346943315,0.9773843769946524,0.05471524230032088,61,66.0,5,3.0,0.23038809539202082,0.12970077975056277,0.10068731564145805,20.0,33.5,-13.5,17.33980982497255,27.314307107211622,-9.97449728223907,"[16, 2, 0]",61,0
hamlet,intermediario,en,sbert,400,1,403,64,0.5012147426605225,3.702531366712709,3.9911984995324215,0.28866713281971235,-5.757403008408888,0.9616595906786054,0.9792132995120495,0.017553708833444093,47,59.0,3,1.0,0.2273989305910191,0.13333036222805644,0.09406856836296265,16.0,30.0,-14.0,17.17233436918195,24.63687150328417,-7.464537134102219,"[16, 0, 0]",47,0
hamlet,intermediario,en,sbert,400,2,818,15,0.5012147426605225,2.6070285137447966,2.6232998822292077,0.01627136848441113,-0.17641690362891968,0.987863539184603,0.9882708359371232,0.00040729675252015873,14,14.0,0,0.0,0.15689904543750782,0.18132209168395133,0.0,5.0,10.0,-5.0,6.134733488503728,6.4617408642977665,-0.3270073757940386,"[5, 0, 0]",14,0
hamlet,intermediario,en,sbert,400,3,1229,33,0.5012147426605225,3.3802664312980504,3.3848393210586005,0.004572889760550147,-0.07164930524521895,0.9938460053871156,0.9866144090751634,0.007231596311952249,30,31.0,0,0.0,0.13174201591190973,0.1686211593485835,0.0,16.0,19.0,-3.0,13.541317205401185,13.702312124096654,-0.16099491869546867,"[16, 0, 0]",30,0
hamlet,intermediario,en,sbert,400,4,1644,24,0.5012147426605225,3.1331164659440236,3.098190536025733,0.03492592991829069,0.5690789034427238,0.9733573571674862,0.984943192402278,0.011585835234791841,25,23.0,2,0.0,0.17734079086999088,0.15950248959291552,0.017838301277075364,12.0,15.0,-3.0,10.694699429615412,10.494011340817991,0.2006880887974205,"[8, 2, 0]",25,0
hamlet,intermediario,en,sbert,400,5,2054,31,0.5012147426605225,3.242054719867392,3.3191573946748187,0.07710267480742683,-1.242283687185142,0.9836817936313276,0.9861198649250766,0.0024380712937490667,27,29.0,0,0.0,0.16116257090498715,0.15995742661932744,0.0012051442856597094,14.0,19.0,-5.0,11.658473278453364,12.930979460850764,-1.2725061823974002,"[14, 0, 0]",27,0
hamlet,intermediario,en,sbert,400,6,2496,27,0.5012147426605225,3.2524243573279783,3.1927902192798854,0.05963413804809292,0.7770190406251272,0.9868280772255025,0.9833198180210749,0.003508259204427544,27,26.0,1,0.0,0.1783431481434971,0.1778234179980221,0.000519730145475017,16.0,16.5,-0.5,12.211801381490924,11.295978921238222,0.9158224602527021,"[14, 1, 0]",27,0
hamlet,intermediario,en,sbert,400,7,2907,60,0.5012147426605225,3.6991965810796152,3.9253686001997843,0.22617201912016904,-3.5798008899703846,0.9607934457984422,0.9813025688171069,0.0205091230186647,47,55.0,6,1.0,0.20943717026313177,0.14612983857115286,0.06330733169197891,22.0,27.5,-5.5,17.084382119776745,23.25204301414686,-6.167660894370115,"[14, 4, 0]",47,0
hamlet,intermediario,en,sbert,400,8,3310,68,0.5012147426605225,3.748728143608629,4.046884987094533,0.2981568434859039,-5.595925331830028,0.9847808030479775,0.9782250499616467,0.006555753086330829,45,62.0,0,3.0,0.20677672630481675,0.1419504776449432,0.06482624865987355,20.0,30.5,-10.5,18.997924178418184,25.78838284948045,-6.7904586710622645,"[20, 0, 0]",45,0
hamlet,intermediario,en,sbert,400,9,3737,31,0.5012147426605225,3.3230835072699234,3.3191573946748187,0.003926112595104669,0.06325780062925716,0.9972627721745684,0.9861198649250766,0.01114290724949174,28,29.0,0,0.0,0.14039079298750062,0.15995742661932744,0.0,17.0,19.0,-2.0,13.093050930280977,12.930979460850764,0.162071469430213,"[17, 0, 0]",28,0
hamlet,intermediario,en,sbert,400,10,4161,39,0.5012147426605225,3.505098902827592,3.5344417179961756,0.029342815168583503,-0.5547846251494724,0.9781164723905984,0.9836921436043466,0.005575671213748246,36,37.0,3,0.0,0.1435237152937269,0.1353135944454959,0.008210120848231,19.0,21.0,-2.0,15.167292023691477,15.994478354079494,-0.8271863303880167,"[15, 2, 0]",36,0
hamlet,intermediario,en,sbert,400,11,4581,47,0.5012147426605225,3.596899286309312,3.7003290512271807,0.10342976491786882,-1.4845895176919093,0.9888148701829967,0.9810642855187037,0.007750584664293014,38,43.0,0,1.0,0.15528906664770595,0.14392290960453447,0.011366157043171482,17.0,24.0,-7.0,16.891316136478302,18.374842836260015,-1.483526699781713,"[17, 0, 0]",38,0
hamlet,intermediario,en,sbert,400,12,5008,24,0.5012147426605225,3.0400523449843315,3.098190536025733,0.05813819104140139,-0.947296695703944,0.9985317589768088,0.984943192402278,0.01358856657453078,21,23.0,0,0.0,0.1591585051929391,0.15950248959291552,0.0,14.0,15.0,-1.0,10.013859062001956,10.494011340817991,-0.4801522788160355,"[14, 0, 0]",21,0
hamlet,intermediario,en,sbert,400,13,5417,66,0.5012147426605225,3.77172577773284,4.0432985504475045,0.2715727727146646,-4.712344672553506,0.9691418125250826,0.9752129656545452,0.006071153129462603,49,63.5,4,3.0,0.21682209024864493,0.13193043990788791,0.08489165034075702,18.0,32.0,-14.0,18.249707546623103,25.43978231006819,-7.190074763445086,"[14, 2, 0]",49,0
hamlet,intermediario,en,sbert,400,14,5825,25,0.5012147426605225,3.0235081345146253,3.121979393788898,0.0984712592742727,-1.3099187166899142,0.9393056144495494,0.9861826216485363,0.04687700719898691,25,24.0,4,0.0,0.1795425406461911,0.15478241004943055,0.02476013059676055,14.0,16.0,-2.0,9.182694766994675,10.609207537450612,-1.4265127704559362,"[6, 4, 0]",25,0
hamlet,intermediario,en,sbert,400,15,6239,46,0.5012147426605225,3.7678071159556583,3.6801997695009874,0.08760734645467094,1.1726609778863673,0.958284386926126,0.9838218506770189,0.02553746375089283,51,42.0,9,0.0,0.13442080067006604,0.1637589118168266,0.0,22.0,23.0,-1.0,16.898678852169546,18.3527675100047,-1.454088657835154,"[8, 7, 0]",51,0
hamlet,intermediario,en,sbert,400,16,6641,73,0.5012147426605225,3.830087016735921,4.104434907657479,0.2743478909215584,-5.478246608899878,0.9646865016807383,0.9760358664459516,0.01134936476521331,53,67.0,4,3.0,0.2261792773848924,0.1132742907226544,0.11290498666223801,19.0,32.0,-13.0,18.65298260908337,27.198900299693683,-8.545917690610313,"[15, 2, 0]",53,0
hamlet,intermediario,en,sbert,400,17,7049,33,0.5012147426605225,3.293484023052212,3.3848393210586005,0.09135529800638853,-1.4313801502707129,0.9780797973623367,0.9866144090751634,0.008534611712826656,29,31.0,2,0.0,0.16643987375824518,0.1686211593485835,0.0,14.0,19.0,-5.0,12.127460633048353,13.702312124096654,-1.5748514910483014,"[10, 2, 0]",29,0
hamlet,intermediario,en,sbert,400,18,7455,49,0.5012147426605225,3.496408544236207,3.7559228619362517,0.25951431770004474,-4.550233502110144,0.9543741533406357,0.9838340127457749,0.029459859405139177,39,45.0,3,1.0,0.22765057339545816,0.14427490024044334,0.08337567315501482,12.0,26.0,-14.0,13.07441233250811,19.840620511239507,-6.766208178731397,"[6, 3, 0]",39,0
hamlet,intermediario,en,sbert,400,19,7857,33,0.5012147426605225,3.2765366927902213,3.3848393210586005,0.10830262826837922,-1.6969156218467483,0.9832939973477032,0.9866144090751634,0.0033204117274602263,28,31.0,0,0.0,0.17375585226748716,0.1686211593485835,0.005134692918903672,13.0,19.0,-6.0,12.065682574378332,13.702312124096654,-1.6366295497183216,"[13, 0, 0]",28,0
hamlet,intermediario,en,sbert,400,20,8274,34,0.5012147426605225,3.206790121371376,3.3928471692983546,0.18605704792697875,-2.8055216522779007,0.9623629376825873,0.9850583724506687,0.022695434768081446,28,31.0,1,0.0,0.2072008142569871,0.17718399190400586,0.030016822352981254,12.0,19.0,-7.0,11.090070363402909,13.712167838170648,-2.62209747476774,"[10, 1, 0]",28,0
hamlet,intermediario,en,sbert,400,21,8699,33,0.5012147426605225,3.4261375103239096,3.3848393210586005,0.04129818926530904,0.6470714851409335,0.997714116653963,0.9866144090751634,0.011099707578799634,31,31.0,0,0.0,0.1509333488123959,0.1686211593485835,0.0,17.0,19.0,-2.0,14.398669643952374,13.702312124096654,0.6963575198557201,"[17, 0, 0]",31,0
hamlet,intermediario,en,sbert,400,22,9101,29,0.5012147426605225,3.1791510944152868,3.246660167004516,0.06750907258922911,-0.85349353688671,0.9757694584292043,0.983792058232024,0.008022599802819719,26,27.0,1,0.0,0.16250277561198276,0.17170885820502982,0.0,10.0,15.5,-5.5,11.20126451833787,11.944577706001212,-0.7433131876633414,"[10, 0, 0]",26,0
hamlet,intermediario,en,sbert,400,23,9503,65,0.5012147426605225,3.767922412788182,4.006128241781377,0.23820582899319476,-4.749220190750841,0.9786436268351488,0.9772538254728944,0.001389801362254417,47,60.0,3,2.0,0.1968759326518655,0.1276982793248522,0.06917765332701331,23.0,31.0,-8.0,19.88065930860521,24.92120233627518,-5.040543027669969,"[21, 1, 0]",47,0
hamlet,intermediario,en,sbert,400,24,9913,67,0.5012147426605225,3.8064523847052927,4.038019204590507,0.23156681988521388,-4.294786204849544,0.9832742794755023,0.9787738253396032,0.004500454135899057,48,62.0,1,2.0,0.207434752762961,0.127803467241697,0.079631285521264,22.0,31.5,-9.5,20.215513691830417,25.777441192721014,-5.561927500890597,"[22, 0, 0]",48,0
hamlet,intermediario,en,sbert,400,25,10325,46,0.5012147426605225,3.55915577398227,3.6801997695009874,0.12104399551871747,-1.6202245119442755,0.993201329505367,0.9838218506770189,0.009379478828348109,36,42.0,0,0.0,0.18769036286107177,0.1637589118168266,0.023931451044245156,18.0,23.0,-5.0,16.022130247566515,18.3527675100047,-2.3306372624381844,"[18, 0, 0]",36,0
hamlet,intermediario,en,sbert,400,26,10730,39,0.5012147426605225,3.3613393411496286,3.5344417179961756,0.17310237684654695,-3.2728467496914075,0.998231076466819,0.9836921436043466,0.01453893286247232,29,37.0,0,0.0,0.19304631178530376,0.1353135944454959,0.057732717339807865,24.0,21.0,3.0,14.124012787301872,15.994478354079494,-1.8704655667776215,"[24, 0, 0]",29,0
hamlet,intermediario,en,sbert,400,27,11140,55,0.5012147426605225,3.646671539706612,3.8617971399432456,0.21512560023663374,-3.5789093050175222,0.9953897032302219,0.9790030622730108,0.016386640957211096,39,51.0,0,2.0,0.19321039667224477,0.1333303864262646,0.059880010245980164,25.0,27.0,-2.0,18.068201475484674,21.44271964620213,-3.3745181707174545,"[25, 0, 0]",39,0
hamlet,intermediario,en,sbert,400,28,11540,39,0.5012147426605225,3.4680601160163884,3.5344417179961756,0.06638160197978715,-1.255076991065527,0.9918640400599733,0.9836921436043466,0.00817189645562666,33,37.0,0,0.0,0.14608206778800678,0.1353135944454959,0.010768473342510881,16.0,21.0,-5.0,14.933518235627293,15.994478354079494,-1.0609601184522006,"[16, 0, 0]",33,0
hamlet,intermediario,en,sbert,400,29,11962,24,0.5012147426605225,3.1731022078726316,3.098190536025733,0.07491167184689873,1.2206017755126013,0.9857796263397507,0.984943192402278,0.0008364339374726804,25,23.0,1,0.0,0.15950246487391212,0.15950248959291552,0.0,13.0,15.0,-2.0,11.179530814179767,10.494011340817991,0.6855194733617758,"[13, 0, 0]",25,0
hamlet,intermediario,en,sbert,400,30,12376,42,0.5012147426605225,3.583723447476038,3.5877283123623247,0.0040048648862867076,-0.05344812789013696,0.985192732244616,0.9823180877329231,0.0028746445116929475,38,39.0,2,0.0,0.12612886099324427,0.15181928889743537,0.0,20.0,22.5,-2.5,16.340507459752885,16.555694869964093,-0.21518741021120746,"[20, 0, 0]",38,0
hamlet,intermediario,en,sbert,400,31,12780,30,0.5012147426605225,3.402818102934771,3.3052455988220006,0.09757250411277019,1.5244697340315376,0.9818457604302369,0.9863669116017155,0.004521151171478666,32,29.0,2,0.0,0.17220015895159863,0.1461298358726585,0.02607032307894014,15.0,18.0,-3.0,13.646772383840055,12.759584572841518,0.8871878109985367,"[13, 1, 0]",32,0
hamlet,intermediario,en,sbert,400,32,13180,34,0.5012147426605225,3.3253326192512715,3.3928471692983546,0.06751455004708307,-1.0180400802404974,0.9776946898701278,0.9850583724506687,0.007363682580540987,30,31.0,2,0.0,0.1513842559349011,0.17718399190400586,0.0,12.0,19.0,-7.0,11.990789889263494,13.712167838170648,-1.7213779489071541,"[8, 2, 0]",30,0
hamlet,intermediario,en,sbert,400,33,13585,33,0.5012147426605225,3.2805606989029394,3.3848393210586005,0.10427862215566108,-1.63386637785096,0.9845016081352255,0.9866144090751634,0.002112800939937931,28,31.0,1,0.0,0.17010000952161386,0.1686211593485835,0.0014788501730303716,15.0,19.0,-4.0,12.066222507766039,13.702312124096654,-1.6360896163306151,"[13, 1, 0]",28,0
hamlet,intermediario,en,sbert,400,34,13986,52,0.5012147426605225,3.597376486061629,3.8132596887377,0.2158832026760713,-4.210764450502645,0.9889460560110056,0.980963598467991,0.007982457543014632,38,49.0,0,1.0,0.20830961789181274,0.1333303864262646,0.07497923146554814,23.0,25.0,-2.0,16.405727437038617,20.627833448897277,-4.22210601185866,"[23, 0, 0]",38,0
hamlet,intermediario,en,sbert,400,35,14391,27,0.5012147426605225,3.2491135250059555,3.1927902192798854,0.05632330572607014,0.7338796604188751,0.9972428646878028,0.9833198180210749,0.013923046666727834,26,26.0,0,0.0,0.15950254528439967,0.1778234179980221,0.0,11.0,16.5,-5.5,11.939372531510575,11.295978921238222,0.6433936102723532,"[11, 0, 0]",26,0
hamlet,intermediario,en,sbert,400,36,14806,32,0.5012147426605225,3.348874452658278,3.351729789650995,0.002855336992717117,-0.04887681900087254,0.9945293261244973,0.9840261478836156,0.01050317824088165,29,30.0,0,0.0,0.14090523260649623,0.15259486336753555,0.0,16.0,17.5,-1.5,13.258304666513354,13.259921293634665,-0.001616627121311609,"[16, 0, 0]",29,0
hamlet,intermediario,en,sbert,400,37,15209,41,0.5012147426605225,3.5064895615469087,3.5748744268894956,0.06838486534258692,-1.1332396528580624,0.9785045430951768,0.984574755053197,0.006070211958020266,36,38.0,1,0.0,0.17163106569675,0.1333303864262646,0.03830067927048539,13.0,21.0,-8.0,15.454011964336978,16.587395130287938,-1.13338316595096,"[13, 0, 0]",36,0
hamlet,intermediario,en,sbert,400,38,15611,65,0.5012147426605225,3.8564871313412254,4.006128241781377,0.14964111044015116,-2.983464284113071,0.9808387989650246,0.9772538254728944,0.0035849734921301613,51,60.0,1,2.0,0.17745258211352702,0.1276982793248522,0.04975430278867482,26.0,31.0,-5.0,21.53821671136196,24.92120233627518,-3.3829856249132177,"[24, 1, 0]",51,0
hamlet,intermediario,en,sbert,400,39,16015,37,0.5012147426605225,3.42338653464496,3.487718201639838,0.06433166699487769,-0.8764800074251272,0.9969130141701342,0.9854292338711343,0.01148378029899988,31,34.0,0,0.0,0.16618566190262993,0.15534669281151423,0.010838969091115702,19.0,20.0,-1.0,14.493966055082897,15.240789427493233,-0.7468233724103364,"[19, 0, 0]",31,0
hamlet,intermediario,en,sbert,400,40,16424,34,0.5012147426605225,3.4736351590990675,3.3928471692983546,0.08078798980071289,1.2181879544754457,0.9934585005279326,0.9850583724506687,0.008400128077263869,33,31.0,1,0.0,0.18331574156821542,0.17718399190400586,0.006131749664209568,20.0,19.0,1.0,15.351920811227679,13.712167838170648,1.6397529730570302,"[18, 1, 0]",33,0
hamlet,intermediario,en,sbert,400,41,16832,70,0.5012147426605225,3.9527357038340023,4.053523781076644,0.10078807724264127,-1.8520104616550321,0.9776615338224685,0.9784946444044124,0.0008331105819439077,57,62.5,4,2.0,0.1703565644156868,0.1333303864262646,0.037026177989422204,28.0,33.0,-5.0,22.73382090505572,26.56933526450274,-3.8355143594470213,"[24, 2, 0]",57,0
hamlet,intermediario,en,sbert,400,42,17236,63,0.5012147426605225,3.6913066662828538,3.9751954512677656,0.2838887849849119,-5.664325240152439,0.9754549912607753,0.9789890507827959,0.0035340595220205717,44,58.0,2,2.0,0.21821172803351468,0.14478768665163846,0.07342404138187622,18.0,30.5,-12.5,17.95357727763494,24.233542011859008,-6.27996473422407,"[16, 1, 0]",44,0
hamlet,intermediario,en,sbert,400,43,17639,46,0.5012147426605225,3.542665220991779,3.6801997695009874,0.13753454850920832,-1.8409574616144448,0.9885995530745173,0.9838218506770189,0.004777702397498418,36,42.0,0,0.0,0.20352239378190487,0.1637589118168266,0.03976348196507826,17.0,23.0,-6.0,15.897405012640824,18.3527675100047,-2.4553624973638755,"[17, 0, 0]",36,0
hamlet,intermediario,en,sbert,400,44,18051,28,0.5012147426605225,3.271663772907184,3.2297419447495326,0.04192182815765122,0.6556725878762417,0.9926655674780253,0.9849436767428297,0.00772189073519558,27,26.0,0,0.0,0.16005883683028674,0.14612983857115286,0.013928998259133879,14.0,17.5,-3.5,12.240324430815754,11.863969570797886,0.37635486001786767,"[14, 0, 0]",27,0
hamlet,intermediario,en,sbert,400,45,18455,37,0.5012147426605225,3.598316677504911,3.487718201639838,0.1105984758650731,1.5068372618907189,0.9965102404861689,0.9854292338711343,0.011081006615034528,37,34.0,0,0.0,0.18914715345876382,0.15534669281151423,0.03380046064724959,15.0,20.0,-5.0,17.065041447327843,15.240789427493233,1.82425201983461,"[15, 0, 0]",37,0
hamlet,intermediario,en,sbert,400,46,18879,60,0.5012147426605225,3.730661537397916,3.9253686001997843,0.19470706280186834,-3.0817804935070825,0.9744087134457075,0.9813025688171069,0.0068938553713994155,46,55.0,3,1.0,0.1954568053844087,0.14612983857115286,0.04932696681325585,13.0,27.5,-14.5,17.76122485627628,23.25204301414686,-5.4908181578705815,"[9, 2, 0]",46,0
hamlet,intermediario,en,sbert,400,47,19286,28,0.5012147426605225,3.1403030730158115,3.2297419447495326,0.08943887173372111,-1.398856373005699,0.9881214229376344,0.9849436767428297,0.003177746194804709,24,26.0,0,0.0,0.1776824352591766,0.14612983857115286,0.03155259668802374,13.0,17.5,-4.5,10.649844575331588,11.863969570797886,-1.2141249954662978,"[13, 0, 0]",24,0
hamlet,intermediario,en,sbert,400,48,19691,53,0.5012147426605225,3.7034965078995947,3.817379150994062,0.11388264309446727,-2.229611594351,0.9846581925930503,0.9817194496870036,0.0029387429060466763,43,49.0,1,1.0,0.1699593584147405,0.13322465068785333,0.03673470772688717,25.0,27.0,-2.0,19.158422306701684,21.11658749029726,-1.9581651835955753,"[25, 0, 0]",43,0
hamlet,intermediario,en,sbert,400,49,20102,25,0.5012147426605225,3.132751585366448,3.121979393788898,0.01077219157755005,0.14329760248012718,0.9732440006425911,0.9861826216485363,0.012938621005945228,25,24.0,2,0.0,0.1589628879158127,0.15478241004943055,0.0041804778663821485,14.0,16.0,-2.0,10.493346308318703,10.609207537450612,-0.11586122913190877,"[10, 2, 0]",25,0
hamlet,intermediario,en,sbert,400,50,20503,40,0.5012147426605225,3.490451585637855,3.5418439410286653,0.05139235539081044,-0.7885507607255541,0.998267992926609,0.9814805599633014,0.016787432963307536,33,37.0,0,0.0,0.15148026823130412,0.17782337510140273,0.0,24.0,21.0,3.0,15.770697570354585,15.849197399423979,-0.07849982906939346,"[24, 0, 0]",33,0
hamlet,intermediario,en,sbert,400,51,20914,53,0.5012147426605225,3.655317614069919,3.817379150994062,0.16206153692414293,-3.1728652576554612,0.9602421081177774,0.9817194496870036,0.021477341569226205,45,49.0,5,1.0,0.22676043456897063,0.13322465068785333,0.0935357838811173,12.0,27.0,-15.0,15.956392695706304,21.11658749029726,-5.160194794590955,"[12, 0, 0]",45,0
hamlet,intermediario,en,sbert,400,52,21314,63,0.5012147426605225,3.8193919455692673,3.9751954512677656,0.15580350569849832,-3.108688248741995,0.9866167979413517,0.9789890507827959,0.007627747158555853,48,58.0,1,2.0,0.18202264634116797,0.14478768665163846,0.0372349596895295,18.0,30.5,-12.5,19.977575067594547,24.233542011859008,-4.255966944264461,"[16, 1, 0]",48,0
hamlet,intermediario,en,sbert,400,53,21715,55,0.5012147426605225,3.672880270442172,3.8617971399432456,0.18891686950107367,-3.142891136101233,0.97651817437661,0.9790030622730108,0.002484887896400778,43,51.0,2,2.0,0.1925789277225832,0.1333303864262646,0.059248541296318596,17.0,27.0,-10.0,17.693028636979097,21.44271964620213,-3.7496910092230316,"[15, 1, 0]",43,0
hamlet,intermediario,en,sbert,400,54,22117,29,0.5012147426605225,3.29198610274917,3.246660167004516,0.04532593574465427,0.573039914898444,0.998831628077567,0.983792058232024,0.015039569845543,27,27.0,0,0.0,0.18519448668663374,0.17170885820502982,0.013485628481603923,12.0,15.5,-3.5,12.584187809897937,11.944577706001212,0.6396101038967252,"[12, 0, 0]",27,0
hamlet,intermediario,en,sbert,400,55,22519,43,0.5012147426605225,3.4483322010005217,3.6186729221876703,0.1703407211871486,-2.5119995838106295,0.9862218629249144,0.9818655974664765,0.0043562654584379246,33,40.0,0,0.0,0.19822426978727592,0.14502637121926898,0.05319789856800694,16.0,22.0,-6.0,13.96774679634034,17.082061531601283,-3.114314735260944,"[16, 0, 0]",33,0
hamlet,intermediario,en,sbert,400,56,22920,39,0.5012147426605225,3.5916504713459223,3.5344417179961756,0.05720875334974673,1.0816459361537127,0.9946641153954694,0.9836921436043466,0.010971971791122748,37,37.0,0,0.0,0.14422221773404642,0.1353135944454959,0.008908623288550521,21.0,21.0,0.0,16.756035126633954,15.994478354079494,0.7615567725544601,"[21, 0, 0]",37,0
hamlet,intermediario,en,sbert,400,57,23326,55,0.5012147426605225,3.7299616187639693,3.8617971399432456,0.13183552117927633,-2.193264646147861,0.9856698473384532,0.9790030622730108,0.006666785065442382,44,51.0,1,2.0,0.16782256096005088,0.1333303864262646,0.03449217453378628,24.0,27.0,-3.0,19.189693290789343,21.44271964620213,-2.2530263554127856,"[22, 1, 0]",44,0
hamlet,intermediario,en,sbert,400,58,23737,41,0.5012147426605225,3.5330063951435093,3.5748744268894956,0.0418680317459863,-0.6938160004261114,0.9937160396227016,0.984574755053197,0.009141284569504582,35,38.0,1,0.0,0.1461298358726585,0.1333303864262646,0.012799449446393885,14.0,21.0,-7.0,15.713978065062417,16.587395130287938,-0.8734170652255209,"[14, 0, 0]",35,0
hamlet,intermediario,en,sbert,400,59,24140,39,0.5012147426605225,3.5399915933817394,3.5344417179961756,0.0055498753855638405,0.10493149746255086,0.9731705141653643,0.9836921436043466,0.010521629438982383,38,37.0,3,0.0,0.13596649166802074,0.1353135944454959,0.0006528972225248453,15.0,21.0,-6.0,14.405637256099691,15.994478354079494,-1.5888410979798024,"[13, 1, 0]",38,0
hamlet,intermediario,en,sbert,400,60,24540,39,0.5012147426605225,3.484821074420614,3.5344417179961756,0.04962064357556173,-0.9381775398025831,0.9801631272525103,0.9836921436043466,0.0035290163518363338,35,37.0,1,0.0,0.1477496693738551,0.1353135944454959,0.012436074928359214,20.0,21.0,-1.0,15.197685714613058,15.994478354079494,-0.7967926394664353,"[18, 1, 0]",35,0
hamlet,intermediario,en,sbert,400,61,24950,35,0.5012147426605225,3.210030944652832,3.422200189874742,0.21216924522190972,-3.8663331892306525,0.9972521834650983,0.9837388695843097,0.01351331388078858,25,33.0,0,0.0,0.20674750061230845,0.1455483695666915,0.061199131045616945,15.0,18.0,-3.0,11.727648178029398,14.354941314568958,-2.62729313653956,"[15, 0, 0]",25,0
hamlet,intermediario,en,sbert,400,62,25354,27,0.5012147426605225,3.0864489533525106,3.1927902192798854,0.1063412659273748,-1.3856021254656625,0.9985139317640834,0.9833198180210749,0.015194113743008497,22,26.0,0,0.0,0.1695678351609287,0.1778234179980221,0.0,17.0,16.5,0.5,10.59013488386418,11.295978921238222,-0.7058440373740424,"[17, 0, 0]",22,0
hamlet,intermediario,en,sbert,400,63,25755,38,0.5012147426605225,3.459566469792089,3.5110682197475067,0.051501749955417786,-0.8264653446762431,0.9894348600639383,0.983414925358284,0.006019934705654317,33,36.0,0,0.0,0.1672343270414485,0.1629203690632013,0.004313957978247213,15.0,21.0,-6.0,13.927864512581323,15.633769782622926,-1.7059052700416029,"[15, 0, 0]",33,0
hamlet,intermediario,en,sbert,400,64,26162,63,0.5012147426605225,3.7862894491769685,3.9751954512677656,0.1889060020907971,-3.7691698025903393,0.9946480570189504,0.9789890507827959,0.01565900623615457,45,58.0,0,2.0,0.1928951447304123,0.14478768665163846,0.04810745807877384,23.0,30.5,-7.5,20.46870117987016,24.233542011859008,-3.764840831988849,"[23, 0, 0]",45,0
hamlet,intermediario,en,sbert,400,65,26589,31,0.5012147426605225,3.2857975440683287,3.3191573946748187,0.03335985060649005,-0.5374962453492478,0.9860731938975633,0.9861198649250766,4.667102751332308e-05,28,29.0,0,0.0,0.1438713329064736,0.15995742661932744,0.0,13.0,19.0,-6.0,12.173570428749688,12.930979460850764,-0.7574090321010765,"[13, 0, 0]",28,0
hamlet,intermediario,en,sbert,400,66,26993,56,0.5012147426605225,3.5842055555710997,3.86822818216827,0.28402262659717037,-4.6206067006483185,0.978339086871274,0.9799773702249186,0.0016382833536445762,39,51.0,2,1.5,0.21724541038742018,0.1439166445532586,0.07332876583416159,15.0,26.0,-11.0,16.240466440042802,21.879352853709253,-5.638886413666452,"[11, 2, 0]",39,0
hamlet,intermediario,en,sbert,400,67,27396,63,0.5012147426605225,3.786323894566974,3.9751954512677656,0.18887155670079148,-3.7684825267896196,0.9889471231333061,0.9789890507827959,0.009958072350510272,46,58.0,0,2.0,0.1928951447304123,0.14478768665163846,0.04810745807877384,23.0,30.5,-7.5,20.226278072668592,24.233542011859008,-4.007263939190416,"[23, 0, 0]",46,0
hamlet,intermediario,en,sbert,400,68,27804,39,0.5012147426605225,3.4861857956032627,3.5344417179961756,0.048255922392912876,-0.9123747555298586,0.9805469774857494,0.9836921436043466,0.0031451661185972757,35,37.0,1,0.0,0.14306247783368936,0.1353135944454959,0.0077488833881934616,16.0,21.0,-5.0,15.178551025957143,15.994478354079494,-0.8159273281223509,"[14, 1, 0]",35,0
hamlet,intermediario,en,sbert,400,69,28220,51,0.5012147426605225,3.723307239487124,3.7770547274310156,0.0537474879438915,-0.9244291075440441,0.9617964112418739,0.9836639344213374,0.0218675231794635,48,47.0,6,1.0,0.1479867154036185,0.14068021688588683,0.007306498517731658,22.0,26.0,-4.0,18.25625511672686,20.111693578253096,-1.8554384615262371,"[16, 3, 0]",48,0
hamlet,intermediario,en,sbert,400,70,28633,32,0.5012147426605225,3.08764946220248,3.351729789650995,0.26408032744851484,-4.520449389796762,0.9715535440960206,0.9840261478836156,0.012472603787595071,24,30.0,0,0.0,0.21192524339741947,0.15259486336753555,0.05933038002988392,16.0,17.5,-1.5,10.667727764311874,13.259921293634665,-2.592193529322792,"[16, 0, 0]",24,0
hamlet,intermediario,en,sbert,400,71,29039,46,0.5012147426605225,3.4949560290701482,3.6801997695009874,0.18524374043083913,-2.4795649519341687,0.9607898962681984,0.9838218506770189,0.023031954408820443,38,42.0,5,0.0,0.20352239378190487,0.1637589118168266,0.03976348196507826,19.0,23.0,-4.0,14.511738609996833,18.3527675100047,-3.841028900007867,"[13, 3, 0]",38,0
hamlet,intermediario,en,sbert,400,72,29442,51,0.5012147426605225,3.503805755517454,3.7770547274310156,0.27324897191356134,-4.699741567588731,0.9777556127628564,0.9836639344213374,0.005908321658480986,36,47.0,1,1.0,0.2238578825986165,0.14068021688588683,0.08317766571272966,15.0,26.0,-11.0,14.240663597289444,20.111693578253096,-5.871029980963652,"[13, 1, 0]",36,0
hamlet,intermediario,en,sbert,400,73,29848,47,0.5012147426605225,3.515651332458795,3.7003290512271807,0.1846777187683859,-2.650790182618249,0.9888346433755381,0.9810642855187037,0.007770357856834331,35,43.0,1,1.0,0.1986529397794779,0.14392290960453447,0.054730030174943434,20.0,24.0,-4.0,15.612585280734468,18.374842836260015,-2.7622575555255473,"[18, 1, 0]",35,0
hamlet,intermediario,en,sbert,400,74,30251,40,0.5012147426605225,3.532705958934747,3.5418439410286653,0.00913798209391814,-0.14021078965655107,0.9783401463003063,0.9814805599633014,0.003140413662995112,37,37.0,0,0.0,0.12643605433534,0.17782337510140273,0.0,17.0,21.0,-4.0,15.635588057723574,15.849197399423979,-0.2136093417004048,"[17, 0, 0]",37,0
hamlet,intermediario,en,sbert,400,75,30671,78,0.5012147426605225,4.0315153174717935,4.19071228989669,0.15919697242489672,-3.926553890923313,0.9693745259640754,0.9755125557252509,0.006138029761175501,64,73.5,7,4.0,0.18778988693251783,0.1203889250982971,0.06740096183422073,25.0,38.0,-13.0,23.424852059850434,29.648700821633902,-6.223848761783469,"[13, 6, 0]",64,0
hamlet,intermediario,en,sbert,400,76,31073,66,0.5012147426605225,4.072707182499538,4.0432985504475045,0.029408632052033035,0.5103000908087749,0.9523088941618283,0.9752129656545452,0.022904071492716893,72,63.5,12,3.0,0.11877432900221238,0.13193043990788791,0.0,21.0,32.0,-11.0,23.031184481292737,25.43978231006819,-2.408597828775452,"[11, 5, 0]",72,0
hamlet,intermediario,en,sbert,400,77,31495,38,0.5012147426605225,3.4924939829746746,3.5110682197475067,0.018574236772832098,-0.2980668231631995,0.9988521178858477,0.983414925358284,0.015437192527563703,33,36.0,0,0.0,0.16539501106915697,0.1629203690632013,0.0024746420059556795,21.0,21.0,0.0,15.742353528037519,15.633769782622926,0.10858374541459348,"[21, 0, 0]",33,0
